# 3D point list with one line of data per point:
#   POINT3D_ID, X, Y, Z, R, G, B, ERROR, TRACK[] as (IMAGE_ID, POINT2D_IDX)
# Number of points: 5213, mean track length: 4.057932092844811
5598 2.2011101113227225 1.9366637259534445 3.0777780501321237 192 205 214 0.72828004440783489 42 783 43 589 48 1137
5589 2.2446133946595923 2.284950378789246 3.2155511585569796 57 76 82 0.77573962263037843 42 471 43 341 44 478 45 722 48 947
5567 2.1813901243342144 1.9073866001266371 3.0961658280945654 161 188 205 0.37654443008532978 42 96 43 119 45 78 48 91
5565 1.0628998451732912 0.83021652565847193 3.0277322228746226 223 184 44 1.2356330136177609 42 124 43 116 45 214 48 207
5538 1.819631333039609 1.0147605478982478 2.9575359701614508 145 90 93 0.78305354576795949 44 284 48 198 42 224
5526 0.78419502591175982 1.3255247574898632 4.6434852090574932 122 53 11 1.8163065336990754 41 51 42 54
5516 0.23537213955151098 0.86810434931941782 3.342420797583658 62 10 0 1.0235885767171207 40 140 42 113 43 191
5512 0.84636756532126378 0.49663522245342812 3.3011682626690169 68 2 2 1.6674203539819008 39 27 41 31 42 48
5442 1.4202134599730096 1.0520094116290915 3.012179023200432 154 31 34 1.2708464975401317 34 30 35 18 38 16 37 15 39 16 41 13
5424 0.038831275017835218 2.6751991451804558 5.0931148675375288 80 6 7 1.3323172402337413 36 61 34 65 38 65 35 65
5365 0.33370891101392058 0.64862754782971555 3.4529328028728923 157 71 12 1.6335347333843753 33 317 36 160 34 165 35 307
5357 -0.11250742529007454 0.82726011146879785 3.0963678105312336 45 0 0 1.4511878687713251 33 100 36 118 34 170 35 127
5335 1.5140362774212024 0.55627979809333428 3.675120388712025 204 175 37 0.92092324315014584 33 25 36 35 34 41
5320 1.8294148401479062 0.90032638975056956 3.2697518506440852 31 10 7 0.99735609790161361 30 213 33 305 36 277 34 210
5310 1.053455233935819 0.46445995153362979 3.4316829281474917 170 67 17 1.6575908776881092 31 99 33 125 36 142 34 139 35 169
5300 0.74535549179913096 0.51350200614326758 3.5106154756627181 223 188 35 1.2211211944520401 33 34 36 41 34 39 35 73 38 66 37 47 40 52
5289 1.1392646117130663 0.34956605662370405 3.2590271191796178 214 173 37 1.3887114225944082 32 49 31 37 33 44 36 40 34 48 35 55
5284 0.33267693737572052 0.71035580849789337 3.1592304259906228 98 10 6 1.4088087292308153 30 786 32 703
5267 2.1459314042243127 0.82530729220480381 3.0278764974040242 236 255 255 1.3722783320572525 30 216 32 188 31 148
5261 2.309831459669855 0.80602268324511595 3.0229309512965385 230 254 255 0.81897586049952664 30 148 32 88 31 103
5245 1.6677605122949872 0.82819557896089302 3.1226099669197254 156 114 116 0.50191786847221864 29 1146 30 1457 32 977
5238 2.6044052497025749 3.2894932519502844 4.280315403148049 116 119 112 0.31504471102038273 29 767 30 982 32 678
5208 0.94632717712810177 2.1020595312536483 2.8631627431802626 0 33 118 0.54977222922139524 27 608 29 841 32 1035
5205 1.8638590897858693 0.83761509258391864 3.1023738055916228 159 162 166 0.81733920622853362 27 1188 29 758 30 1500 32 852
5185 2.1860847851465417 1.9523306331634942 2.9407749624610373 16 22 22 1.3804190108923013 27 285 29 231 30 179
5183 0.9546297093842997 2.1032416013240209 2.8242095055764476 41 95 167 1.0844864816451678 27 119 29 180 30 203 32 233
5158 0.25939797446637791 2.4364015395114307 4.0300011725784435 223 247 249 1.5325775693479795 50 27 47 48 49 25
5129 0.36208052824401349 2.2154598720549394 4.7964916734847431 94 30 21 2.3911540978358401 54 175 51 67
5108 -0.43542762170975674 3.0688081032183456 4.8556139174283892 172 197 209 0.9421478907575912 53 90 54 89 51 75 52 76 50 108
5093 0.092356149050510872 2.6852643228414879 4.336784429619275 179 213 250 1.1669486722301226 53 13 54 14 51 12 52 13 50 22 49 19 47 20
5090 0.90747680801613384 2.0493386996186449 2.9730988410838211 20 20 42 0.64943371857949261 25 335 27 224 29 303 30 208 32 237
5087 0.30307840121948837 1.9650899648230988 3.1625780747277572 181 137 40 1.4576559603777928 26 45 27 31 28 25 29 46
5085 3.0150435876297697 2.7533147488836129 4.3363429887881093 99 91 80 1.5673089327853855 27 10 28 6 29 24 30 18
5084 2.4732804249224025 2.1839022624034619 2.9200104917573118 157 137 102 1.0048839030449939 24 996 26 886 27 1678
5083 2.290467588878049 1.8908776718295044 2.8979631959669967 17 17 19 2.1720287898428134 24 398 26 784 27 1067 29 1135
5082 1.5494616708228703 0.89520180773798719 3.2533433650321415 97 52 52 1.1077760559759886 24 202 26 146
5081 2.2405107349019113 1.0455059970287419 2.9645593945904745 116 109 117 1.6138385775508048 24 193 26 139 28 181 27 130
5080 2.2297489666107877 1.5772487709222247 3.3703538397268828 112 29 55 0.26306263677491082 25 246 26 137
5079 1.9405407893215898 0.95724435034682076 3.0248552939007376 195 97 98 2.0295686172277225 24 113 27 102
5078 2.234179286646532 1.9166590250871305 2.9001728739277262 34 34 26 0.50244130037646462 24 118 26 92 27 54
5077 0.20251905661653677 2.4765925174150607 3.6347150087366251 11 7 14 0.097675925523738188 24 143 26 87
5076 2.0873884205193494 1.1474025913254025 2.9791492468480798 69 9 34 2.0969649386876119 24 114 26 70 27 55 28 77
5075 1.8285329300342577 1.9247634924687598 3.272675622433697 197 108 152 1.2170415701292716 24 124 26 64 27 65
5074 0.08570686981642725 2.2440015677584948 3.190712960136155 1 55 119 0.19073711616726807 24 88 26 57
5073 0.28227460614239869 1.9844982370821882 3.3777204903896725 5 15 50 0.78944579675806148 24 69 26 47
5072 1.9409743228352281 1.268137290734682 3.0678162836592966 193 158 182 0.75986228976721437 24 41 26 31 27 40
5071 2.2997729406443415 1.8980403520579623 2.9809447765251749 22 31 33 1.4094801224298066 24 44 26 29 27 30 28 22 29 28
5070 0.96010103168823335 2.2428129251432067 2.9043629277869396 66 24 25 1.2629422968612118 24 30 26 21 27 16
5069 0.44669833075603743 2.1627330116574117 3.273016561659249 20 32 84 1.8774186430972768 24 18 26 14 27 11 28 7
5068 1.5456930980131725 1.8863996254844915 3.2432325639203126 103 17 10 0.14958499312179835 24 8 26 7
5067 2.176866333687216 0.91549152916102938 3.0227594952418939 161 181 191 1.6855081018521192 24 4 26 4 27 6
5066 0.54399976971549024 2.2462997810528758 3.489108271650621 203 160 55 1.3877844526160519 25 46 24 39 26 33
5064 2.3223152102712246 2.2116077291155638 2.8358455855624438 159 144 119 1.137461739536352 25 882 24 369 29 1154
5063 3.2254923904614072 2.8600957042100039 5.6266961036980909 208 213 216 1.9452590652027273 25 512 26 210
5062 1.9845104535588927 1.4867338385166902 3.0113158383102148 210 93 154 1.1045959947698523 25 280 26 144
5061 2.405904811129274 2.2240513821764525 3.1013755739936704 106 81 46 1.8427999228434984 25 161 24 190 26 136 27 191
5060 2.1299470574142703 2.431604294118165 4.7235151688135542 21 11 9 0.31092061061339854 21 238 24 189 26 132
5059 2.3475149929867616 2.0092077012237994 2.9369478341553736 121 108 56 1.3761817873115889 25 87 24 101 26 72
5058 1.3180599045278392 2.2197718748989472 3.2269406231128528 171 162 155 1.2327721402357348 25 24 24 33 26 24
5057 2.3907299299299303 3.625841040442757 4.2811542682876871 179 169 159 1.4629866473639395 25 7 24 7 26 8
5056 2.4106663989647803 1.9943490320010016 2.8277535915516325 72 47 33 2.4706116571506125 21 821 25 880
5055 2.0908092488160155 1.1668214901151872 3.271174072173908 149 168 175 0.3442898826336287 22 382 25 662
5054 3.6810209753740106 2.3051853825180975 4.0016049598550829 176 181 184 0.028704609344559911 22 517 24 231
5053 0.060004224775745053 0.87555457303552364 3.099766588786192 66 5 0 1.096808314480886 21 202 25 155
5052 -0.20592269738176988 1.8119207151056773 3.3442673864512091 142 128 115 3.3952276854865753 22 18 25 48
5051 1.950268281964848 1.6195903347472744 3.1328169615586972 209 93 156 1.5817936080999448 22 29 25 25 26 17 24 36
5050 0.62311756416989406 1.4350916335173334 3.8435983056028067 84 7 1 2.7489782182650515 22 17 25 12
5049 2.1133580025553522 1.0408806020974894 3.8427268251248115 41 21 14 2.5999395292236436 21 6 25 1
5048 0.35491301555323312 2.0146204894196296 3.218284802766465 40 49 113 0.91809864842785982 22 3321 23 5578 25 4007
5047 0.94795589757664767 1.7621480745301026 3.499358549543671 128 132 143 0.38572537285877839 22 2936 23 4335 25 3415
5046 0.22619143729159019 2.2298500203189286 3.0613069720017911 141 154 173 0.15759299580962061 21 1869 25 3017
5045 2.3046817832354556 1.9441664458192758 2.9206222529191774 208 216 218 2.2798695145138121 21 2804 22 2490 25 2829
5044 2.2882211131138823 1.9620579377291132 2.9240223609802376 0 8 10 1.2712249342987294 21 2806 22 1432 25 2623
5043 2.0990572785418875 1.4332049235733579 3.1193618808614452 126 132 144 0.62797529762909565 21 2091 22 3580 25 2566
5042 2.2868231510420736 2.9993970197051794 4.2227900634482749 114 35 38 1.1533204745005738 22 3393 24 769
5041 1.6108460984752604 0.8592190848744119 3.0038921583085934 234 125 128 1.3517231545842474 21 2085 22 2210 25 2390
5040 1.3328519013668245 2.1457605940417497 3.2982296117554948 163 156 151 0.52597327995443344 21 2087 22 1564 25 2202
5039 2.3535637056205685 2.8916228535913482 4.1503158805241043 178 70 68 1.8199875781166588 21 1148 22 2358 25 1966
5038 0.97104746164773259 0.94799644909785896 3.0501700788112931 168 97 19 1.0880507338010086 21 950 22 1202 25 1765
5037 0.27967561120732493 1.9315948499348523 3.1589452457376281 113 66 0 0.62083211836411856 21 1421 23 2078 25 1697
5036 0.12265234477745719 2.0913849470263393 3.0987621088785806 117 167 243 1.7370116989276649 21 1411 25 1662 27 1998
5035 0.20936400142887479 2.0497652564950593 3.0800191008217856 0 42 118 1.7589509231127529 22 1747 23 2079 25 1649 27 1735
5034 1.6695825549172245 1.9017428929004163 2.1513367007885735 151 138 127 2.0143157703267809 21 877 24 400
5033 2.026324639862934 0.8170286114065648 3.1494107377194993 231 235 236 1.0742942207075572 21 2054 22 2173 25 1541
5032 0.21398681597722652 3.0182227566521482 4.492585059180457 162 76 79 0.7837853967905013 21 729 22 757 25 1428
5031 1.9981685372951785 1.6642068988524652 3.1145798563880449 188 73 134 0.80676124594640797 22 986 23 1602 25 1401
5030 2.1803779792164391 0.94079027642849666 2.984193495162248 204 227 243 0.13239258747098173 23 3591 25 1396
5029 1.2877230317982233 2.3729569014314125 3.3904769012359477 93 88 84 1.2473811267641515 21 1210 22 1984 25 1313
5028 0.24613495327674353 1.9711726979428155 3.0662302628912896 63 106 193 1.4861332331326391 21 1063 27 473
5027 1.7654941206494144 0.93836281762736939 2.9665720722378928 255 168 173 1.6010706476801335 21 1177 22 1552 25 1088
5026 1.1874746998405117 2.0849332454973495 2.6068490484281095 123 63 28 2.1752312727729239 21 1568 25 1046 27 711
5025 1.0153120186176989 2.0799976350606104 2.9444029321098393 172 142 87 0.73940864427290531 22 1461 25 1035 27 633
5024 1.0339532064403965 2.1995244867006547 2.9142045221273092 128 101 85 0.43243958564144674 21 1579 22 1036 25 1034
5023 2.5119223682205436 3.0006718406468869 4.1338831709212185 61 62 67 0.30731082911863394 23 1476 25 865
5022 0.91634984219468496 2.0673051889246201 3.0069636874717145 206 183 113 0.6305531315173174 21 768 25 835 27 330 29 307
5021 0.98554760623569382 2.1405625327244495 2.8386506316277984 50 8 25 1.3394601404108044 21 526 22 1467 25 832
5020 0.9794253580268667 0.92412298034914608 3.053136258814114 167 94 14 0.34773714818169327 21 794 22 747 25 806
5019 1.6570012658991866 1.9859478242411932 2.2280261698458368 112 85 20 2.4063901279487063 21 876 22 1055 25 783
5018 1.8424785163178303 1.5933417360454096 3.1836510817891561 255 143 195 0.32912102519227809 22 706 25 734 24 324
5017 1.8081827277189275 1.8307543171729244 3.245483203645505 122 6 15 1.6578907588664693 22 514 25 727 24 480 26 597
5016 1.8390357570892506 0.84176861148074755 3.1600287717652491 53 58 57 0.49223567690747982 21 662 22 1099 25 705
5015 2.212163470598103 3.0682264462650592 4.0775423680041989 80 69 67 1.1047318795077965 21 815 22 660 25 686
5014 2.2008287957890231 1.3886688622441774 3.1017952119214067 98 4 41 0.70525735202924089 22 976 26 518
5012 0.096227809041940365 2.104705604546985 3.2669919150593794 0 39 114 0.22991551267992316 21 576 27 360
5011 0.98273098707304918 2.1075861795517987 2.7258470603003824 224 204 117 1.798655817044408 21 487 25 567 24 251
5010 1.4521529417627204 0.7784983742529531 3.0020862545621645 248 251 255 1.0385878868174412 21 537 22 317 25 566
5009 2.4751221552088021 3.0544047653092363 4.2140339625079806 59 68 77 1.3457892188046763 22 699 25 470 24 304 26 217
5008 0.16780642294865378 3.4245995076959623 4.6508080030522612 69 70 75 1.7294001592224422 21 478 22 532 25 394
5007 1.3908440235540165 0.79355591159049332 3.2879018777952025 75 15 5 0.0084667086729646006 21 996 24 269
5005 0.78554655411598084 2.2115722004736229 3.1365130941046075 1 24 55 1.0677713139565774 21 362 22 407 24 213
5004 1.5603637785060398 0.77236092261762712 3.0998289763924798 96 16 18 2.0694143904900835 21 738 22 326 25 328
5003 1.6086105168109992 0.98609195763834789 3.0144473372253318 153 47 49 0.47003641640736821 21 461 25 323
5002 1.0971074552417377 2.0616630293202318 3.5790291900653814 27 23 24 1.1480913961900139 22 384 24 229 26 173
5001 0.13771555166473062 0.84189287931972545 2.894688799501417 61 5 0 1.378577903641814 21 343 23 153 25 223
5000 1.1526178954612398 0.91090841766893249 3.2113141719968663 167 56 56 0.17213662924841355 21 189 25 207
4999 1.5375120151928796 0.49246911837565849 3.8703168648961452 145 120 98 1.3091014011867956 20 205 22 183 25 184
4998 2.4206168374416275 2.8348082181734622 4.4023620578983511 153 153 145 0.72650992978900297 22 165 25 160 26 109 27 76
4997 0.30961396037707212 1.8052219166982979 2.9026136417856847 0 0 0 1.3653702493950828 21 192 23 164
4996 2.1851630496950278 2.9591287167427431 3.8962260291039352 175 189 190 1.9386980775467055 22 129 25 121 24 121 26 54
4995 2.2871876760168486 1.8681825293846777 3.5141570331842167 55 0 1 0.78483830593309811 21 162 25 120 24 120
4994 2.0161372998172316 1.0232735106418462 3.0124928241906823 169 72 81 0.76650626197796579 22 96 25 98 27 53
4993 1.9720409089117212 1.9912092508076926 3.1935391395925374 80 21 25 1.0516205965371568 22 95 25 90
4992 0.24118375500146666 2.0644560431006194 3.0203107546622388 19 61 135 0.7916099607456023 22 72 25 74 21 66
4991 1.1734308017942148 2.1291961178255168 2.8176278365273775 164 158 162 1.3789289514528165 22 61 25 55 24 72
4990 0.17831010638426845 2.1294431963099472 3.2876217968601886 188 143 53 0.82630583624018861 22 53 25 45 24 68
4989 0.51394045213721973 0.48140883069651486 3.2395426748654352 221 181 34 0.48334276422599642 21 41 22 41 25 39
576 -0.3646587376192082 1.2749284748688485 2.8174800050013573 94 19 42 1.276438702409262 8 3016 10 1592 12 1909
5663 -0.13478166318474158 2.7011146762753402 4.7300252833742071 154 34 43 0.13666406825537766 45 105 46 93
575 0.91838570716785417 1.1276806027088666 3.2395479528907929 56 10 10 1.7639764912070237 8 2997 10 1602 4 1777 61 1362 60 1473 57 1206
5662 0.16768698948290306 2.4996137034178338 3.8086333029378263 165 156 139 0.90514136008916923 44 72 45 103 48 106
574 0.42885739643733051 1.2589052078318608 3.1467283342026211 48 0 1 0.02181297287396184 8 2984 10 1462
5661 2.3042754955707783 2.2968751561748553 3.2194935731418433 127 149 181 0.93414512865656896 44 110 45 81 48 89
570 0.17984850286689799 1.1755496354484247 2.727669932884683 109 37 48 1.8669823067759215 8 2957 10 2471 11 2320 12 2722 17 3093
5657 0.8393116539531269 0.50197871928407445 3.587124535442066 218 175 36 0.81539239819520171 44 51 45 55 48 79
553 0.64973676701711347 2.0992117597071371 3.3583951098116356 19 63 120 1.8477564701637057 8 2629 10 1974 7 2146 9 1474 2 1694
5640 1.6356537562842492 0.86503170478676128 3.4633148784302343 123 122 118 1.5577367737689454 43 1108 44 1301 48 1177
547 0.67826040802484333 1.4646828270225316 3.3100621697241412 114 80 96 0.5856738089162068 8 2551 10 1451 12 3317 61 2172 58 1435 60 2997
5634 2.2264663288405195 2.2694227772587836 3.2259153764898523 156 154 148 1.1764239028517898 42 615 44 869 45 1249 48 1541
5344 0.28501704115793042 0.77753523300925276 3.1125988721102225 150 100 107 0.99412656263454469 33 190 36 75 34 117
257 -0.17099921044103017 2.4161609546378258 4.1254268415235327 161 138 122 1.1759876213585538 8 463 10 334
5343 -0.0099511661109041149 0.96243296213223561 3.3282614557349062 130 69 23 1.3749213275766219 33 55 36 72 34 52 38 59
256 0.40397272909861959 2.3568885560629682 3.3220802824691886 52 97 177 1.7336603934537789 8 461 7 466 12 922 13 1823 4 341 3 415 2 322
5342 0.26438679378209839 1.0993849876265311 4.1480919509217653 218 184 33 1.7866472753227427 33 91 36 63 34 43 35 68 38 48 37 21
255 0.27538100344069255 2.4390821553907385 3.5199098686347221 154 143 98 2.3866255557100122 8 454 7 613 12 924 9 408 5 386 10 507 4 504 3 394 13 1743 60 260 59 282 2 263
5341 0.32047160540427122 2.2423268368098781 4.6089679170291342 44 27 19 1.183262830652239 33 135 36 62 34 45
254 1.3914808396597902 2.3240684588515745 3.3312879005778293 123 39 35 1.5742072014128539 8 451 10 510 11 454 12 454 13 453 14 438 15 390 5 487 6 387 17 581 4 553 61 429 3 511 58 322 59 387
5340 0.75864066217703585 0.57276543488882847 3.6559781792999577 126 37 0 1.3724949327172038 33 59 36 56 34 40 35 38 38 46
253 1.0182075562449193 2.2049148020346849 2.8155867673252537 7 22 62 1.2852236557678312 8 447 10 337 11 382 12 371 13 332 14 330 17 402
5339 0.61288263956453903 0.45402975133615087 3.2186911615952125 228 197 41 2.3510730150775596 33 46 36 52 34 64 35 44 38 42 37 27
252 1.7137553271821584 2.1633182373903481 3.3421463390851152 110 11 6 0.58642557106595294 8 446 10 513 12 332
5338 0.21661494339656412 0.97457667886940336 3.0069518123261623 81 7 6 0.95660985144721966 33 49 36 48 35 46
251 -0.10947397534905727 0.74691966240086183 2.8684139305605201 49 34 45 2.2640863608930295 7 309 12 293 18 254 17 386
5337 0.8098277833572185 1.8088199220997709 4.9478308447946509 128 61 16 2.0269666757690574 31 68 33 65 34 66 35 64
250 0.72762273091222096 0.80800676874455757 3.0325295125119291 220 174 45 0.55031485140039815 8 442 10 570
5336 0.94748210766304797 1.9319877578485427 3.0449098397830139 244 226 212 1.0474231386711361 33 48 36 38 34 35
249 -0.23193221091974708 0.93600275823898804 2.717593644711386 66 82 93 1.4792865438740157 8 441 10 304 7 571 12 477 9 307
5334 1.1669622424574693 0.4372784880032034 3.4124923128912856 147 54 10 0.68393417904343023 33 27 36 32 34 29
247 0.086129832480902904 1.7850523107522933 3.1666884654327321 37 106 202 1.9531300774928306 8 433 10 379 7 376 9 350 5 280 6 358 61 205 60 192 59 215 57 217 2 258
5333 0.72915450186102759 2.0755086962895142 5.4383857840590526 107 92 72 0.81686548388029401 33 24 35 27
246 2.1144522700231541 1.9462147410664783 2.9680027368738351 140 166 183 2.3281145419507356 8 430 10 345 7 388
5332 0.27121874794445155 0.63439575008955917 3.5523730382455763 228 198 38 1.6891894342800158 33 29 36 25 34 19 38 17 37 13 39 13 41 18 42 11 35 20 43 17
245 0.80378936787835664 2.1973098196374918 2.9240019945389624 0 38 140 1.6958292901648453 8 427 10 500 7 457 11 427 12 638 13 605 9 380 14 807 5 426 17 520 61 421 4 397 58 561 60 560
5331 2.1950621728829374 2.10204654097633 4.8836397869701216 90 74 58 1.5738801120116432 36 17 35 22 38 18 37 17
244 0.22005826035018605 2.2426383815371786 3.2504589298408852 2 4 19 1.8822359331860004 8 426 10 987 7 664
5330 0.89263201955889837 0.63097733789673516 3.2790442846418242 99 10 8 1.3060677007956443 33 9 36 12 34 12
243 1.7608715455987876 3.4245604226365201 4.2953208096713889 141 133 122 0.4999971892232179 8 424 10 479
5329 0.07413513575087545 0.51295191855594457 3.1803926244256253 65 10 7 2.4056486664611967 33 1 34 2
242 -0.20537356073817775 3.4035409720407088 4.7038883727645358 180 198 212 1.8425400571811319 8 423 10 477 7 349 11 360 12 428 13 435 9 253 14 423 15 580 5 348 6 351 17 372 4 258 61 200 3 281 59 304 60 179 2 254
5328 1.1093660331452104 1.8891475697378717 2.6546984492812613 115 65 21 0.67368985404777182 30 1214 33 915
241 -0.047600381246626411 3.2784600813831513 4.8442258306155246 144 131 115 1.150437649024642 8 421 10 354 7 346 11 396 13 432 9 410 14 427 5 382 6 349 15 380 3 410
240 -0.24981469912561291 3.1884780669993047 4.752230049844556 136 125 112 1.2812268972484311 8 420 10 473 11 449 12 867 9 518 6 561
5326 1.7129249424816539 0.78864310896203094 3.1519418576036506 46 60 71 0.64239797371654461 31 399 33 672
239 -0.35872342813135105 3.1833914834326076 4.9500395403350108 144 129 113 1.6508249242349324 8 419 10 471 7 635 12 430 13 828 9 331 14 568 15 751 5 630 6 560 4 748 61 861 58 534 60 540 59 779 2 391
5325 0.97150139604483987 0.90363963361482247 3.0881114620276993 121 67 2 1.6016673530490046 31 310 33 569 36 420 34 389
238 -0.3068009324305534 2.7483750833826717 4.8818965459618529 139 54 52 1.6240856311729515 8 416 10 618 7 426 11 452 12 288 13 386 9 498 6 416 2 329
5324 1.8462674807638462 0.8298334405494423 3.1890977368038076 78 91 103 1.5198920848689952 32 204 33 412 30 254
237 0.32848401977386038 2.6810647140410104 3.965975846708131 85 14 20 2.1249707364940447 8 415 10 358 7 339 11 390 9 327 5 394 6 339
5323 1.4196095400338065 0.80652616380830011 4.187866025454241 130 65 0 0.98468174431252631 31 186 33 392 36 328 34 281
236 -0.065167677989526093 2.6340740390597661 4.4491961588640665 111 15 22 2.1682619725404191 8 412 10 464 7 325 5 298 6 324
5322 1.6005098001556852 0.78794524447077097 3.1145882649673147 137 137 145 0.6137683214299664 31 167 33 313 36 272
235 -0.095518069427293073 1.6124876683460911 3.3142979446166341 10 24 99 1.5854838149813208 8 410 10 446 7 421 11 523 12 510 13 490 9 400 15 631 14 1338 17 678
5321 1.1314683164482904 0.52638940253228039 3.6012261133087127 188 114 53 1.2615313808253956 31 159 33 307 36 232 34 215 35 377
234 0.2108719415708476 1.6159362083465545 3.1979443170180768 54 112 199 1.2526126883473292 8 409 10 370 7 420 11 400 5 406 6 403 3 576
5319 0.78733266989231299 2.121880786924363 2.9810989306494409 2 11 77 1.1833577021257313 31 197 33 293 36 265 34 234
232 -0.18122939649844044 1.4956605121859219 3.1535693244449385 113 65 0 1.4338508021681757 8 405 10 289 7 409 11 314 12 278 13 442 15 375 6 451 17 348 60 426 18 409
5318 0.98334282082706459 2.0465138407601988 2.9281257360697803 216 187 95 0.27615498085081636 31 198 33 292 36 177
231 1.3837745683030283 1.3516399828684476 3.2142546174686788 48 9 12 1.516468010477062 8 403 10 451 7 399 12 415 13 368 14 486 15 443 5 540 6 278 17 326 61 494 4 475 3 585 60 496
5317 0.88851793975074977 2.0523933107202317 2.9959790508766249 23 36 36 1.1955540571768999 31 144 33 291 36 263 34 236
230 1.7527839192385846 1.4536942349705391 3.2273102754816936 204 105 192 1.5128495655312746 8 402 10 447 13 339 15 571 5 562 58 416
5316 1.8997618099723228 1.0090225758205713 3.3166638141376259 102 86 89 1.8224904822228081 31 127 33 225 36 275 34 277
229 -0.07600493062589278 1.4618738322479505 3.224418488013677 135 98 27 1.5442830545292592 10 701 13 1047 15 974 5 566
228 1.9504872536176276 1.4557271190736931 3.1071811471228092 223 122 202 1.5300211046287493 10 359 7 401 11 488 12 385 13 350 9 295 14 410 15 345 5 310
5314 1.8478110435247881 0.86731304617541416 3.1434890304583005 135 152 159 0.43791591734525187 31 162 33 176
227 -0.47026404105528219 1.3935105147477236 3.3155435695165449 125 69 12 1.8092402076756566 8 399 10 540 7 404 9 449
5313 1.4986630364377285 0.77885488377606205 3.032681814871041 159 144 153 1.4319220031034718 31 110 33 166 36 186 34 158
226 0.066534341240091555 1.3780451802053606 3.3483050331685416 143 112 94 1.3632190261743311 8 398 10 456 7 402 11 213 12 486 9 367 15 609 6 288
5312 0.88057591902916266 0.50654379920574388 3.6966155147864148 158 83 17 1.4805197809902628 31 115 32 74 33 154 36 228 34 197 35 249
225 0.42520108668948631 1.3956141653174123 3.134726413817607 106 29 35 1.7314365871381483 8 397 10 454 7 398 11 499 12 604 13 1106 9 369 14 1375 4 481 3 591 58 415 57 499
5311 0.84018474675819355 0.48399189935090592 3.7407289707391675 223 170 37 0.28929393238078099 31 79 33 130 36 132
224 -0.38806131305793334 1.3889117814194885 3.1775228515864233 205 219 253 1.8895285097090317 8 396 10 541 7 697 11 498 12 555 13 747 15 606 5 350 9 372 6 468 17 595 17 1300 61 344 58 413 60 353 59 525 18 640
5309 0.89089615208912853 0.63835950797658148 3.4649583714727306 167 49 49 1.9763142400973965 31 106 33 123 36 155
222 -0.045492733471461377 1.8645102264178883 3.3085617624670984 23 97 204 1.352722872262258 8 387 10 672 7 393 6 392
5308 0.69344037886127696 0.46367532086917979 3.4196473920579895 143 61 1 0.84453269768512529 31 48 36 144
221 0.36920976837326025 1.6771278656344977 3.3316946727659227 15 20 77 0.67226762452782907 8 386 10 440 7 383 11 490 9 397
5307 0.90249997704620089 0.81397467690514957 3.2655598433683761 127 20 14 1.2638984918549534 31 89 33 117 36 154
220 0.31992866143440291 1.8156791006808095 3.2213047109402506 205 174 58 0.86925487106071242 8 385 10 392 7 656 11 409 12 382 13 342 15 355 5 645 17 321 18 442
5306 1.0461255867795238 0.99915627859953549 3.1570584058270628 168 153 140 0.99409372781280714 31 88 33 113 36 110
219 0.60246200073558775 1.6532324545838213 3.8877699450134786 8 8 7 1.618023563111239 8 383 10 378 7 378 11 407 12 380 13 589 5 276 3 499 4 392 2 188
5305 0.72010653411722048 0.53423085200875298 3.3314968607046151 176 107 37 2.0058670317739633 31 50 33 102 36 83 34 67
218 0.25066865617275003 1.750095096249356 3.1759305634012711 0 32 109 1.1700925248639571 8 382 10 488 7 545 11 405 12 418 13 553 9 348 14 283 15 498 6 571 17 363
5304 0.97020750060260963 0.51187228118782369 3.6508603729083591 137 56 3 1.4841359306242907 31 78 33 89 36 86 34 88
217 1.9130850414266427 1.7366060863234218 3.2696077087620523 200 94 173 0.54348778873260084 8 381 10 668
5303 1.1154798031976705 2.1765907680275971 2.8176105061131285 159 143 120 1.2706997191019247 30 69 36 78
216 0.59616061790102504 1.6414655757842966 3.5776507616447959 147 126 102 0.39028779373099809 10 249 3 418
5302 1.1985621167149749 2.0240757203687774 5.1331992006677289 45 28 14 2.2970153525897858 31 44 36 58
215 0.18735062956904186 1.7199958973444744 3.1741425023886403 29 92 185 1.6880119016098238 8 379 10 376 7 384 11 403 13 369 14 517 5 413 6 297 61 310 4 191 3 138 58 289 59 315
5301 1.0134815519938765 0.9570746848762911 4.1438644900023887 115 50 6 1.2816648738064118 31 42 36 43
214 -0.074265433232780398 1.6750972618374791 3.342833888524062 10 87 177 1.417316588410114 8 378 10 638 12 679 9 464
5299 0.99983756083564268 0.5376906641696847 3.5161900465487976 224 188 29 1.2223550486243742 31 26 33 26 36 31 34 20 35 19
212 1.4551127722785087 1.1916029550691276 2.8969672985792827 152 121 127 1.1084137206023938 8 375 61 566
5298 3.0978915413213666 3.059243635323015 4.422383681115984 102 88 74 1.7036985274370353 31 17 36 28 34 21 33 22
211 -0.34588516710145945 1.2145267141546647 2.7610924339351772 80 14 30 2.2794808273982423 8 372 10 280 12 466 4 291 3 375 58 195 59 226
5297 3.3720854069538766 2.5402631297049578 4.6205222682900349 141 126 107 1.7796518887420891 31 5 33 5 36 5 34 11
210 1.839267884776024 1.1186955743248361 2.9875173466106917 148 152 163 1.4512995561047306 8 371 10 271 12 284 13 390 14 492 15 363 17 299
209 0.74029062896695652 0.88665880603817571 3.4352229227971836 239 177 38 1.5395843761447132 8 369 10 329 7 280 11 152 9 249
5295 0.88493662804069029 0.61878547939816553 3.553845265441502 89 9 0 1.3427957678997322 31 64 33 58 36 59 34 61
208 0.62472290374829176 2.0216724860681041 3.421645456435642 3 5 19 0.40155546772453077 10 349 6 381
5294 1.6760496600534032 0.77279649101439396 3.1317063055928758 177 184 194 0.37878708100823438 30 1412 31 711 33 1580
207 -0.10821412678243403 1.3176759156624136 2.849531948585152 180 86 89 1.25954062731062 8 355 10 398 7 506 11 468 12 553 13 527 14 555
5293 2.2715335707309028 0.80589306868349908 3.092164603753917 135 155 164 1.1235202967746343 30 396 31 179 33 248
206 -0.26362130191768302 1.3233062287099835 2.9001034736033686 134 126 115 1.7213236910809222 8 354 10 399 7 508 12 502 13 358 61 228 4 195 58 204 60 137 59 157
578 -0.060829830401441631 1.0928883145307284 2.5541976749886812 148 174 191 0.19656220775738537 8 3028 10 1557
5665 1.2292922236460286 0.34842316994730999 3.3641526886347726 140 71 8 2.3591454152586002 44 87 45 127 48 210
5292 1.0498947584622935 0.45843466465467558 3.5596211504100213 142 52 2 1.1612813174350247 32 73 33 413 36 398
205 0.25430072946205162 1.3108745224688081 2.974215606624377 108 106 109 1.1877234724955494 8 353 10 404 7 283 6 486 61 361 4 281 3 325 58 430 60 495 59 361 57 479
577 1.1710958226353008 0.83072930470591821 3.4095147160426857 123 25 0 1.3752707070077586 8 3026 10 1615
5664 2.3281849231464147 2.199795624718782 3.2661628976713666 134 150 176 2.3765919639852306 44 175 45 120 48 136
5291 1.1180177681175982 0.34465350173837073 3.3146948960811731 162 65 12 1.5693900514846981 32 134 33 219 36 162 34 152
204 0.7802542043089542 1.2939485545086147 3.1816625109554972 179 210 221 1.4447174192299483 8 350 10 409 12 401 13 550 15 366 17 417 61 380 4 293 58 420 60 350 18 172
203 -0.26739954601001426 1.3356764339101208 3.0468636769390969 188 218 245 1.358946956474451 8 349 10 402 7 706 11 476 12 268 13 459 9 280 14 254 15 721 17 681
201 -0.4085925847151769 1.323328727358708 3.2506820753848031 88 78 68 2.0274395696261491 7 293 12 505 13 739 15 460 5 536 11 318 6 280
573 -0.11609702241675661 1.3028652305266841 2.8412781202379334 112 23 17 0.26863856775504324 8 2982 10 1606 7 2690
5660 -0.11338696736581427 2.1259985787659255 4.1936855302042471 107 22 29 0.24990644494571718 44 98 45 75 48 99 46 92
5287 2.1320865675977916 1.3957300588908899 5.5245408932864599 112 96 80 1.1463654130949186 31 12 33 14 35 13
200 0.25248522382220451 0.98871591723877328 2.7286910355990033 222 194 49 1.7064564514650176 8 345 10 302 7 321 11 243 12 286 13 266 9 194 14 202 15 266 6 189 17 269 61 529 58 479 60 306
572 1.1182096186222463 1.0798416575633931 3.1506831174818788 253 146 145 0.36562322082851728 8 2972 10 1587 7 2602 13 3223
5659 0.037696476345992845 3.14719809033544 4.7656466851107737 179 161 148 0.83260234002194489 44 94 45 74 48 112
5286 2.6953808325558963 1.5221415348579761 5.3380719891390394 148 132 115 1.5670504098006575 33 4 36 6 34 7 38 5 37 5 41 8
199 0.77030032496966705 2.0877145285467797 3.1251516200235985 19 86 185 1.0361452189148481 8 344 10 333 7 327 11 372
571 1.7152022962951132 1.1433036600732456 2.903483316227951 154 133 140 1.7043297454113755 8 2969 10 2158 11 1968 13 1323 12 2004 14 1929
5658 0.11692219990928264 0.70843065206264455 2.7680059912430792 218 188 43 1.8175101523363724 44 88 45 73 48 171
5285 1.9945428857207352 3.6022224637548446 5.4967923091037783 42 23 9 0.40461383431885201 30 0 33 0
198 1.1091427696332725 2.1066506348231702 2.6961103854201722 30 52 40 1.4592517859798955 8 343 10 338 7 257 12 368 13 328 11 313 15 431 61 315
569 -0.19739214599066784 2.6647200559749553 4.5291558220801118 165 134 122 1.6553166337833476 8 2925 10 1715
5656 0.33421461167577204 1.1331607166450313 4.1644663978644259 215 185 39 1.259630652891107 44 44 45 45 48 48 46 35
5283 1.9381288023003489 2.5150418646858754 4.672142562757478 0 0 0 0.90112367848648045 29 73 30 109
196 1.1740054714210488 1.9284010497499364 3.3837020806974776 149 181 194 2.1120068546557111 8 339 10 240
568 0.14700807469693747 3.0311193316250349 4.5994919268014689 156 129 120 0.59369548314942833 8 2905 10 2109 7 2696 5 2055
5655 1.1038160769353862 0.81241140344670959 3.4068289468634392 82 6 0 1.6628804020269241 44 55 45 41 48 76
5282 1.6613008651306778 0.81794821108802707 3.1101396610054524 72 1 3 1.0442073909958021 30 1453 32 1368 33 1586 36 1374
195 2.0619354824064202 1.9311981924279134 3.08381403470809 195 220 225 1.0908201974536118 8 338 10 239 7 205 11 184 12 215 13 336 15 273 6 359
567 -0.44859483007781392 3.144099345007092 4.8493741658761316 52 59 67 1.1693521279630432 8 2893 10 2110 5 2770 6 1829 4 2617
5654 0.91326016711699143 0.95428115911409017 3.0776597108768762 217 168 39 1.2052071735786891 44 37 45 38 48 40
5281 1.8874278842606038 0.93286421626523164 3.3026934826669092 158 139 142 0.80006762389200847 30 1341 32 1332 33 1400
194 0.18746063267171051 3.4097741653855502 4.5907437467971421 180 201 208 2.4116146618022363 8 337 10 351 7 350 11 380 12 340 9 252 14 340 5 289 6 260 4 152
566 0.19371862750894284 0.77318450343368816 2.6670148362505439 131 97 51 1.7076621340089826 8 2845 10 2099 12 1405
5653 0.39995366318854114 0.86123137793579985 3.4887227484541454 95 15 8 0.97882814629059245 44 32 45 36 48 29
5280 2.6541782655943287 3.352990088512549 4.309562924771785 140 132 113 1.1109675653628115 29 765 32 1217 31 532
193 2.1862038343334294 1.8673391538422903 3.0088831536023166 152 177 184 1.1176488382252092 8 333 10 386 7 371 11 378 12 370 13 333 14 316
565 0.79737409974548779 1.7219244236605022 3.8116273212237091 150 152 149 1.6469256940769963 8 2819 10 1876 7 2648 12 3054
5652 1.9039652929296891 0.89369167774328317 3.0263667229537612 171 99 111 2.6413662225240091 42 24 43 27 45 34
5279 1.565887854251272 0.7492600089172986 3.0450758852875435 110 38 51 1.050380574938389 30 856 32 994 33 869
192 0.37021893896627833 1.7409425468527346 3.361495858478623 15 14 78 2.1041062831408395 8 329 10 203 7 370 11 291 12 114 13 142 5 279 6 357 3 463 4 730
564 0.1498047308665745 0.86957810376853739 2.6565989674760755 96 29 0 0.62316993233933693 8 2815 10 2088
5651 -0.32629653436993572 1.1183147410539784 3.2570603984722517 160 123 52 1.8757047800281981 44 38 45 28 48 53
5278 1.789755529016664 0.78286684810835094 3.0806910988952882 185 153 155 1.5501369127382842 30 768 32 987 33 855
191 0.11262923225285788 0.77122472204380976 2.6132341234728971 228 204 42 2.0111546565557639 8 328 10 312 7 302 11 228 61 260 12 175 13 256 4 317 3 200 58 228 59 159 57 167
563 0.16463456983208583 0.82550478426811491 2.6352859709318968 252 207 87 0.054489255121597871 8 2808 10 1545
5277 0.70339529525709754 0.54363501603428355 3.5960187769903382 105 43 0 1.5695325966261131 32 448 31 286
190 2.0856865259642823 1.7395790114730685 3.0689797781545134 208 122 190 1.0230899385707701 8 327 10 178 7 212 11 180 9 106
562 0.92551621478596524 1.4940014573654645 3.2955779424180363 78 99 102 1.4213459965346524 8 2791 10 1882 7 1568 11 1336 13 2047 9 903 15 4896
5649 1.3701105531681819 0.85788198954026518 3.2698208968495406 131 23 27 1.3145466416394047 43 9 45 23 48 22
5276 2.2188009194843579 0.78219144990588185 3.0454379833580503 155 168 184 0.75902013554858871 30 394 32 440 33 698
189 2.1135310653249886 2.7549886046617238 4.388542584999243 75 1 2 1.0933735593196989 8 320 10 262 14 343
561 0.30561567937869488 2.5690657420275631 3.7490823291934765 78 8 0 1.4172630714965129 8 2778 10 2130 11 2303
5648 -0.13690153929967869 0.99488943006082298 2.7293223938453623 20 39 54 2.1981350139333991 44 19 45 21 48 24 46 30 47 38
5275 1.8891532990301712 0.83618956597627203 3.1780104114321008 57 73 82 1.4441613662798058 30 433 32 431 33 560
188 2.3923787588626713 2.9166852192809225 4.2486689451206283 157 41 41 2.3494896138674992 8 319 10 355 7 341 11 278 12 341 13 304 14 221 6 342
560 0.36912168969360021 1.8875739480575731 3.7164042104368065 29 5 3 1.3640994318549973 8 2751 10 973 7 1438
5647 0.47366812463562818 0.51583951267985728 3.4931927517129293 140 57 13 2.1914449700441603 44 20 45 20
5274 2.5088086221696599 3.1802514462119182 4.2316026311800288 82 89 95 1.4861986370635483 30 712 32 419 31 270
187 -0.10680317135167532 2.5218837306078434 4.3745997126161598 146 40 48 1.7882404595336221 10 508 12 484 11 384 13 329
559 0.29799774958347469 1.9175068313547199 3.1389383566427451 129 80 0 1.7111218181481151 8 2742 7 1907 11 1043 12 1360 13 1928 17 2103
5646 -0.42566950392821068 1.4237105959205041 3.338246607100424 203 159 62 2.8306406271745366 44 11 45 18 48 19 46 15
5273 1.7341436472282523 0.75712834464735734 3.0998362108569553 79 96 112 0.8441546215583966 30 563 32 362 33 558 36 546
186 1.523907109720098 3.0126897419147864 4.5837592439364334 46 27 21 1.9485453819097989 8 316 10 258 7 238 5 401 6 307 61 401 4 359 3 403 58 270 60 372 59 295 57 319 2 331 56 212 55 256
558 0.8962947816279041 2.0364186250190124 3.0384649951447793 226 245 246 0.99192413501447518 8 2733 10 2049 7 2075
5645 -0.066190382897783048 2.5585527960451029 4.4818711501149959 129 26 29 2.2510835759592793 44 27 45 15 48 17 46 25
5272 0.88554928745226147 0.50178555451687967 3.7872780940525588 128 70 7 1.1939749696171049 32 313 33 377
185 1.8753275886506986 1.4234561102614522 3.1863298972692129 217 114 195 1.5219274341824383 8 315 10 286 7 352 11 402 12 354 13 249 14 429 5 248
5271 1.0862516611217294 0.47896655963304335 3.5429830083701819 195 114 52 0.5504427278106645 30 416 32 251 33 517 36 409
184 -0.15302816665766714 3.0264457516369876 4.6970354313005851 194 98 100 1.1868456819658699 8 314 10 357 7 342 11 393 12 327 13 419 9 306 14 431 15 389 5 402 6 344 17 535 4 249 3 275 2 249
556 0.42568322766321293 1.8658945918463672 3.3137412264436916 28 15 50 0.48027482418954159 8 2682 10 1775 11 1393
5643 0.96991497489862133 0.59721366095790618 3.4502152744645964 211 176 30 0.6924672228725588 44 7 45 8
5270 0.93003356461984488 0.50219935192937215 3.7070315829111404 238 172 94 1.1140961256665929 30 280 32 211 33 420 36 338 34 286 35 421
183 1.4978284201025911 2.4074801762477933 3.448277219529269 103 12 7 2.1896619588422896 8 312 10 362 7 332 11 270 13 289 14 319 6 332 17 374 3 398 61 632 58 566 60 588 16 231
555 1.5417942487744252 2.387082258924822 3.5039431133239249 82 64 70 1.384515943817215 8 2681 10 1652 7 1782 13 3086 12 2215 15 2291
5642 0.88096424391387362 0.87580704495104988 3.2883629393438025 162 78 74 0.98677170106012524 44 10 45 6 48 9
5269 1.9017069929735391 0.82153870920446415 3.0980112785516081 52 67 74 1.7674981697304375 30 271 32 208 33 258
182 -0.45708336174908554 3.0574581223320636 4.8087828692482866 171 197 206 0.92170083863459273 8 310 10 261 7 343 11 273 12 247 13 287 9 246 14 211 15 272 5 291 6 226 17 317 4 154 61 197 3 170 58 153 60 175 59 193 57 153 2 257 18 314
554 0.55127808822160274 2.1783936196384386 3.3480790467127171 169 173 142 1.6692627447940658 8 2655 10 1307 7 1967 9 1447
5641 0.11971568438468065 0.94341380153810817 3.419347841724115 67 15 2 1.088697675183645 43 82 44 106 45 101
5268 2.2542766725800676 0.82754168864611344 3.0591572769307289 3 10 16 0.59194955044249231 30 221 32 191 31 177 33 450 36 397
181 0.15609478250417649 2.3946689157152456 3.6363063530107462 130 101 31 2.0593722600386766 8 309 10 342 7 333 9 321 5 384 6 427 4 348 3 395 2 323
552 0.35155579374592832 2.1104799858763719 3.0222207827026271 189 157 76 0.5282118932019797 8 2627 10 2034 7 2685
5266 0.82199382118431297 0.49836103068573823 3.6920838440962975 133 53 2 1.5008589721157943 30 167 32 180 31 160 33 236 36 221 34 196 35 250 38 162 40 131
179 -0.11636615742074906 2.3682930098557722 4.037527876292466 40 21 23 1.7697585067761226 8 307 10 336 7 244 9 228 5 300 6 230 4 110 3 113 2 182
5265 0.85965165930405829 0.48655220660179183 3.741579275593542 242 206 112 0.15953680557536615 30 244 32 174
178 0.14380238155534178 3.0501000760967831 4.6043160625729174 254 233 224 1.326489877573845 8 306 10 260 7 269 11 163 12 244 13 294 9 258 14 325 15 267 6 345 17 278 5 292
550 1.4046551892898875 1.431781612100435 3.2817575753122208 149 120 119 1.2506132575699793 8 2583 10 1510 7 2255 11 1143
5637 -0.045705775386247746 0.86284722805427272 2.8104937963649532 223 191 86 0.21538570482464994 43 888 45 1540
5264 0.85664700595143484 2.1457697636579662 2.8774641073116523 8 85 177 0.71367294950339877 32 144 33 74 31 96
177 1.7062313865177734 2.3640904522360096 3.5045197840961189 62 2 5 0.7936634144239898 8 305 10 364
549 1.2175175966872542 1.4246115330757207 3.3128846542004564 65 18 27 1.3353678448683526 8 2582 10 1922 12 1309 15 1222 17 2376 4 3707
5636 1.7712050766873306 0.76658102589679611 3.1616356191596537 148 154 164 0.48449770472473236 43 616 44 876 48 1903
5263 1.0443059285289591 1.119549844525908 4.348920371953561 129 89 71 2.1369280991516018 30 225 32 112 36 92 34 93
176 1.3447312131663691 2.3653464435397407 3.38885559337854 88 3 0 1.8511552089511245 8 304 10 228 7 319 11 265 12 321 13 286 9 263 14 321 15 276 5 313 6 330 17 368 4 233 61 324 3 263 1 213
548 -0.25485886634192262 1.4483837689081347 3.1159384445664648 219 197 174 1.4180662492795875 8 2572 10 2355 7 1554 13 2104 15 3379 17 2669 61 1611 4 1569 58 1951 60 1491 59 1405
5635 2.2235988856454991 2.2443398725400123 3.189171129819707 146 168 187 0.66211536055772824 42 728 44 875 48 1145
5262 0.84572852959345857 0.54581537983537531 3.8169353820578626 118 51 2 1.3945751506006243 30 246 32 90 31 128 33 82 36 96 34 91 35 106 38 92 40 99 41 112 43 243 42 205
175 2.2166323282684903 2.2924434670957954 3.0268267959170574 161 185 197 1.4056845802272127 8 303 10 226 7 252 11 272 13 282 12 334 14 337 15 283
546 0.72421757091537009 1.3151512646429979 3.1771717420334484 97 100 111 0.74072701579343536 8 2523 10 2224
5633 2.0948386233152285 0.85643463292534894 3.0131310065899157 199 222 248 2.0153796375171726 43 344 44 834 48 984
5260 0.80759439577268433 0.73287107563785137 3.5627992867016722 194 111 19 2.5115024968259601 30 99 31 164
173 1.0025201424366608 2.2589621849800832 2.7980179495882487 223 184 81 1.6012070973731203 8 301 10 232 7 253 11 262 12 373 13 334 9 230 14 247 15 290 6 238 17 316 61 333 4 396 5 427 3 301 58 302 60 406 59 330 18 316 16 241
545 0.07483620754204276 1.6798191703128345 3.2261613416680395 0 55 141 1.2244821689574641 8 2492 10 1892 11 1346 12 1815
5632 0.19636744577316251 0.84375112429233501 3.0486866890982975 149 99 110 0.81955201149430557 43 420 45 682
5259 1.5841301575110287 0.84190140972328309 3.4254163525102941 131 118 115 1.6867388826287553 30 106 32 57 31 60
172 0.32870909053353425 2.1626596854152389 3.1091066482307399 0 2 50 1.6743664458920193 8 298 10 237 7 251 11 296 12 223 13 215 9 232 5 266 6 377 17 181 4 267 14 366
544 -0.18340873276811437 1.0303984705050726 2.6597940494152952 14 32 44 1.5231146086130913 8 2490 10 1554 11 1110 13 2057
5631 1.9704465344860591 1.6639918133671838 3.1182080030441854 191 119 182 2.6646172909495491 43 335 44 588 46 147
5258 0.84705637542984025 0.47428611841105106 3.6227646123222659 238 202 126 1.0742731711332019 30 67 32 46 31 59 33 67 36 64 34 62 35 72 38 76
171 0.76740340508923666 2.3965558711456936 3.0218311231219346 19 58 135 1.3530769940111871 8 295 10 460 7 467 11 455 13 388 9 262 5 284 6 233 61 323 58 301 57 371 2 270
543 0.17883517561636256 1.6744019980656737 3.1367241856520325 104 168 254 0.51935008867154075 8 2487 10 1894 12 3353 13 1953 15 4245
5630 2.2134702684109282 2.170915685379339 2.9620274368218316 160 150 138 1.2226710636589146 43 355 44 584 48 1567
5257 2.1338580523678297 0.85581893597911729 2.98019199888624 237 252 253 2.0559898453276095 30 36 32 23 31 31 33 36 36 37 34 36 35 51 38 39 37 32 40 38 39 32
170 0.94074349187338113 1.1070129243985112 3.1336622648800381 41 3 0 1.3300659124196534 8 293 10 218 7 194 61 280 58 385 60 250 59 444 57 528
542 0.73636320661643462 1.4892527507509299 3.3055722635920182 104 121 141 1.2604267635679245 10 2275 13 3404 13 4188
5629 0.97371474784927925 0.50768330147880203 3.6683652141116934 120 55 0 1.2651210611404655 43 385 44 463 48 1027
5256 1.4573041272289011 0.3985165977088248 3.6538535946809754 170 120 5 1.680442995049628 30 28 32 19 31 28
169 0.10467887780191577 1.1849071691990525 2.7179957557197247 86 7 2 1.971203360206625 8 292 10 268 7 275 13 464 9 189 14 594 5 164 6 216
168 -0.17430817557224243 1.1732315030333575 2.6881457470143619 117 25 27 2.1245953982720716 8 291 10 332 7 529 11 357 12 308 13 422 15 324 14 302 61 462 4 333 58 194 60 139 18 393
5255 2.2292402281910939 2.248986124000691 4.8970998514280843 86 64 50 1.4690786302008854 30 12 31 14
166 -0.21198546482247788 1.1505061783519011 2.6674954573954208 61 6 8 1.55978373665389 8 286 10 186 7 278 11 247 13 253 9 191 14 299 15 264 61 273 17 438 4 221 3 250 58 249 60 247 57 162 18 543
5253 1.8179976104813504 1.2328521624362949 2.7886429816145557 149 133 117 1.9022148114343516 29 1 32 1
165 1.1291497229283496 0.95964237156314158 3.2920330391617805 117 16 6 1.8206817879374921 8 285 10 219 13 149 14 170 15 234 17 236 2 313
5252 0.91785764932820613 2.0333761448409877 2.9389426413968671 95 112 121 0.52013901754557967 29 1475 30 2024 32 1943
164 0.88999427530483755 1.0059657302380955 3.0395140934343345 219 173 51 1.3984435890012368 8 283 10 331 7 281 11 239
5251 1.244411166977694 0.89463450041099646 3.2651770889627141 116 6 7 0.86628999216585756 29 1202 30 1884 32 1356
163 0.18903897122158078 1.091670481300598 2.7453859118998167 145 55 57 1.2805367837001826 8 282 10 327 7 526 11 342 12 177 9 311
5250 0.97203675562330394 2.1133103615830331 2.8814989872919838 36 57 108 1.3391785776035718 29 850 30 1825 32 1729
162 0.32849113211423275 1.5817411426971364 3.3727543859735825 5 6 34 1.4588902812868969 8 280 10 233 7 419 11 285 9 244 6 388
5249 0.76730987059849109 2.0670759204750211 3.0972277528102374 93 162 231 1.863110333391041 27 1270 29 1460 30 1815
161 0.49319629117123032 0.76646674629164979 3.4960933745502771 144 86 2 1.4183492033441749 8 276 10 190 7 261 11 246 13 179 14 303 17 235
5248 1.1286193640781943 2.1048834267750363 2.6762130304141669 10 9 27 1.6585755576420613 27 1300 29 1709 30 1789
160 1.1143261786927532 0.79746704585329808 3.3204281175256223 131 22 0 1.6629674868407662 8 274 10 319 7 476 11 359 9 438
5247 0.90850991186014307 0.75810075033191693 3.151655226985822 255 161 154 0.3478279409199716 29 888 30 1764 32 1408
159 0.14353201896303003 0.90767726059230502 2.8726467506037618 75 17 16 1.4422991234607074 8 273 10 121 7 481 11 157 12 136 13 122 15 150
5246 0.13544060332492319 0.86238589417641831 3.0806316399884235 93 21 22 0.15785413982836546 29 1449 32 1940
157 0.0031162755268946936 0.88528757010310222 2.6670171729382823 168 109 5 1.7330573922527526 13 168 15 183 17 195 8 180 58 138 61 172 57 173 18 261
5244 1.3328669650718299 0.85701791634743762 3.3406875830736893 255 194 190 1.2210753207914831 29 1107 30 1441 32 973
156 0.11780129563057491 0.84924488139466947 2.7112492995816502 111 46 2 2.1788791255522546 8 267 10 199 7 473 11 234 12 191 13 260 6 302 17 256 9 304 4 601 61 261 58 229 60 317 59 460 18 265
5243 2.4690004254914015 3.0834830897481633 4.224730064802559 70 84 92 0.45309330566196887 29 759 30 1366 32 1212
155 1.057313831287561 1.544257133942905 3.4900422356516372 118 76 27 1.5354629830642332 8 263 10 372 4 126 3 136 58 285 59 201
5242 0.82860690897724465 2.1061223705010463 3.0789527138780741 30 83 149 1.379189425647773 29 859 30 1302 33 1315
154 0.79568409364778281 1.5104856380392515 3.3926531138611122 82 36 0 1.6992490159845635 8 262 10 284 7 362 11 287 12 350 13 245 14 281 15 293 5 286 9 245 6 294 17 246 3 203 2 213
5241 0.97323680851542194 0.95007725954506184 3.1080234668036564 221 147 76 1.0063080134955267 29 519 30 1277 32 1072
153 1.0824802999587153 1.4851602339755898 3.3909482988610722 77 34 1 1.2814328952935568 8 261 10 377 7 361 12 351 11 491 13 341 14 482 15 357 5 238 6 293 17 328 3 333 2 212
152 -0.23346979550663097 1.493861076039775 3.128777597214405 164 130 32 1.6786192116915217 8 255 10 181 7 270 12 198 13 229 9 247 14 174 5 272 6 199 4 202 3 133 59 249 2 166 18 371
5239 2.5720272919307248 3.2345165567669252 4.3141851460421528 101 100 95 0.68644011852305964 29 766 30 984 32 1218
150 2.0297954746431732 1.4807380819703628 3.076901566308142 222 109 191 1.7876955989210856 8 253 10 246 12 229 13 210 14 239 15 209 6 200 5 154 17 213 7 224
5237 0.89275809633390157 2.0556704535991308 2.9531400484689945 12 48 84 0.40926376886147087 29 530 30 878 32 486
149 -0.35935397221018528 1.4285703562557974 3.1642289934952696 129 75 8 1.8503816182258399 8 252 10 293 7 355 11 324 12 271 13 233 14 472 15 246 6 290 17 231 61 244 4 457 3 322 58 292 60 216 59 238 57 271 18 416
5236 1.1318301692922699 2.1535289426378017 2.7229841669099861 137 85 36 1.7458208707431215 29 655 30 876 32 1030
148 1.6901423857215929 1.3013845151250332 3.4948623116763362 50 5 13 2.2937148053828795 7 292 11 341 9 285 6 263 4 137 3 129 5 235 1 103
147 -0.14412375250054815 1.3725697325277737 3.0002688915245037 177 140 36 1.5633770450670665 8 248 10 296 7 291 12 270 13 455 9 213 14 256 5 156 6 197 61 238 4 196 58 209 60 142 59 225 57 187
5234 0.91397024630527579 2.1626843789466794 2.8394763587763703 32 116 206 1.2886292883950374 29 555 30 782 32 821
146 0.88485279102483849 1.3295477263785356 3.2015559690653812 40 30 45 2.1047874101404722 8 247 10 283 11 329 12 194 6 277 4 299 3 221 58 206
5233 1.3965890147159752 0.8202412760532567 3.0745063419486534 183 150 159 1.3066700622945442 29 1079 32 456
145 0.0023449777172891159 1.3820825534497541 2.8667264506902623 139 30 25 1.7605835787207877 10 211 11 321 9 214 5 253 6 210 61 156 4 193 3 206 58 128 60 138 59 190 57 192 7 289
5232 1.1253405723113994 2.0923775369316036 2.6654577869660994 17 5 15 0.55955977623606568 29 384 30 701 32 371
144 0.46436401746788419 1.3164392200917974 3.0843654277352446 53 11 15 1.4874318118588068 8 244 10 295 7 528 12 277 13 441 14 450 15 374 5 251 17 352 61 377 4 278 3 313 58 422 60 332 57 480 23 593
5231 0.7626021697907629 2.1584347604684231 3.0083287440166666 57 120 212 1.8879729018103582 29 529 30 665 32 1040
143 0.52898997480227949 1.2609314369570261 3.0645464179162389 76 8 6 1.1999126877294359 8 240 10 204 11 204 13 231 15 235
5230 0.92915720810571889 2.0547919486779382 2.9459977750633577 143 146 129 1.1415259376178719 29 533 30 652 32 494
142 0.83195362115129534 1.1840439964058387 3.2569263514465154 153 51 49 1.6977342753561997 8 237 10 270 7 512 11 323 12 199 13 227 14 259 15 238 17 239 61 253 57 306 18 239
5229 1.5803371599581542 0.79441508643200254 3.1393289907015891 94 82 79 1.135784056710855 29 600 30 634 32 473
141 1.0827181846139129 1.1654968069693845 3.2469328694407662 172 66 63 1.4973883178335681 8 236 10 214 7 271 11 325 12 196 13 225 14 264 15 240 5 321 6 487 17 241 61 231 4 421 3 580 58 199 60 203 59 229 57 302 56 281
5228 1.6290222843037112 1.9871264540201603 2.2642712413845332 148 79 24 0.73826315757627325 29 328 30 403 32 330
140 1.3806322122464787 1.1868042603589479 3.0806634253359864 190 67 69 1.5375722507550658 8 234 10 400 7 273 59 278
5227 1.0386218196952033 2.2821042916607777 2.8824863308439901 23 5 3 2.5943079450334747 29 177 30 341 32 523
139 0.54800462003266848 2.1297906925876755 3.4640412548933908 209 172 65 1.3055583279600662 8 227 10 238 7 254 11 253 12 365 13 318 9 233 14 370 15 415 6 239 5 430
5226 2.1792805459845246 0.84765698082420315 2.9586561538275582 233 253 253 0.94999066285713918 29 263 30 320 32 287
5225 2.2612199654639311 2.0306112029680059 2.8758142957877846 235 210 137 0.77493596813063881 29 215 30 312 32 357
138 2.0061406902254668 1.5340033087806129 3.1077668495747695 219 113 188 0.88070276910675371 8 224 10 245 11 292 6 282
137 0.72854500864246996 1.9669830683805942 3.4563872636942752 10 9 14 1.6760226640174354 8 222 10 241
5224 0.82061076063630645 2.0872365843356357 3.1049003409473688 19 36 83 0.80365013663287554 27 225 29 298 30 308
136 0.23391457026193405 1.6838106277401825 3.1813414504060247 4 55 136 2.0107769636959221 8 213 10 247 7 211 11 288 9 239 5 282 6 234
5223 1.670069742668491 0.81854383739896464 3.174801949980989 126 106 96 0.34726108480358286 29 239 32 244
135 -0.10976211887127579 1.5412076621188884 3.3568225656081614 138 120 100 2.2072697161423909 8 209 10 150 11 138 12 119 13 154 9 207 14 178 15 163 5 145 4 127 3 135 2 110
5222 1.6410106536396467 0.79813529375845849 3.1324057082987711 98 8 10 0.97972235692954324 29 148 30 242 32 177 33 310
134 -0.1733522351697539 1.4525273213043308 3.1104081924568829 132 85 7 2.0495534067468015 7 223 8 208 13 150 15 233 4 200 3 292 60 185 61 245 59 248 57 267 1 186
5221 1.4837760368059794 0.8003999572607382 3.1456577596188446 161 64 65 1.3741433372631402 29 168 30 237 31 165 33 172 36 299 34 259
133 0.46803918084156815 2.1625160873699825 3.5050603472194894 54 15 18 1.6050675991141574 10 236 11 195 12 222
5220 1.5194455488328151 0.73630943222062695 3.063246186917985 59 12 20 1.2147035953464824 29 153 30 188 32 132
132 1.7647239875203826 2.3318620114867219 3.4409124993642748 158 63 60 1.5509766347885179 8 204 10 227 7 248 11 269 12 248 9 225 5 185 6 165 61 218
5219 0.97921003144433616 2.1319066778252531 2.8711538633891238 1 21 77 0.81722138969310276 29 121 30 159 32 145
131 2.1476220309881811 2.5965454526464553 4.4769371021360671 27 7 0 1.8931898880376172 10 170 7 336 6 336
5218 2.4362091987663921 3.0621106546418719 4.1834667295708439 171 190 196 0.86568387549862935 29 118 30 143 32 168 31 153
130 2.0872142861839262 2.8176381780571766 4.2456820533923727 130 49 47 1.0308113640544125 8 199 10 265 7 340 11 275 12 243 13 301 6 341
5217 2.572778544077456 3.1779746390124006 4.4331100956873577 132 119 102 2.2384181738716764 29 133 32 80 31 118
129 -0.091051148429487735 2.9392996585603175 4.726335569103596 196 85 92 1.8933564605407796 8 197 10 259 7 240 11 392 12 323 13 443 9 260 14 434 5 296 6 228 4 248 61 297 3 169 58 273 2 178
128 2.2263101204793694 3.0297398629644841 4.3770565076448928 135 129 103 1.630643478285166 8 196 10 158 7 237 11 177 12 139 13 128 9 159 14 133 15 126 6 229 17 93
5215 1.4673784346927643 0.75493609995730604 3.0820516298467084 78 11 0 1.1400998586202153 30 108 32 48 31 76 33 83 36 67 34 72 35 89 38 135
59 0.90090367092549439 1.7277886560751632 3.5877842701633922 166 195 201 1.1359415189917847 8 100 10 72 7 107 11 119 12 103 13 101 9 115 14 83 15 100 5 142 6 121 17 92 2 82 18 102 16 64
5146 0.14042998776238252 3.1811820156517574 5.0165200139549091 135 91 86 0.9992491903676548 51 305 52 560 50 445
2416 1.8018112609355588 3.3159750296127788 4.1452170406030193 182 208 217 0.9910546202570375 13 1604 14 3970 15 2315
58 1.2443894607655885 1.5866518941095582 3.6450831002529913 7 2 0 1.3812422221067591 8 99 10 78 11 96
5145 0.020264564909884878 2.1451996815443355 3.8820481640631943 209 194 204 0.64426117587669296 54 345 52 419 50 365
2415 -0.50053246059209366 3.323333850096629 4.9398495632983543 169 161 148 0.82431491247337041 13 1639 15 2301 17 1044
57 1.3690716855048601 2.2135823644423445 3.2869190727309876 148 168 174 2.4230356076384458 8 97 10 104 11 107 14 128 9 70
5144 0.050806129118674229 1.9750534261871895 4.1006199488861883 64 21 24 0.89262139856670952 54 477 52 414 50 483
2414 1.1450447421815175 0.6611459726131762 3.7451765165118505 157 74 19 1.3863907959410722 14 3183 15 2190
5143 0.061611221795767508 2.8145186535738338 4.3140466966808493 232 250 255 0.46030189341288225 54 162 52 303 50 249
56 1.8128319431124353 2.2347293116955003 3.3953988041100063 9 13 14 2.0406068062270188 8 95 10 103 7 100 11 118 12 99 13 123 9 108 14 90 15 68 6 111 5 83 17 63 61 139 60 122 57 214 2 143
2413 0.18214007059237253 1.2567136444311424 2.7593481639490167 125 37 36 0.72114161889696748 13 2092 15 2186 17 3082 8 2769
55 1.8549507616367402 2.3509538338321949 3.4483429988158738 29 11 9 1.9865264506393143 8 92 10 169 7 123 11 170 12 143 13 132 9 172 14 140 15 132 6 108
5142 -0.027417278415036959 2.5373372079852001 5.074967789169154 170 156 169 0.80971383732642799 54 419 52 302 50 357
2412 0.91596700956472199 0.97532231335413866 3.0350779554346676 145 72 17 1.0093143691330304 13 3040 15 2182 17 1814 18 1107
54 0.70879123683390699 2.5198359454247119 3.2104640174730523 218 183 99 1.3436341452276697 8 89 10 100 7 95 11 115 9 103 5 78 6 104
5141 0.064202379848907115 2.0469702518587272 3.8431117911427202 168 152 167 0.36507080106414119 54 319 52 291 50 362
2411 -0.3395700430305118 1.3091452469415032 2.8782191769198389 93 22 19 1.4975303599937713 13 1503 15 2159 17 1835
53 -0.17614542741694039 2.5884999744032555 4.396031324936871 164 143 124 1.5028132900286426 8 88 10 102 7 94 11 121 9 105
5140 0.070783388836854838 1.5809112781139556 3.2660377749958531 0 41 127 1.6611444842391834 54 258 52 265 50 315
2410 0.33312646678671859 1.1164295833141367 2.8073270314210088 114 118 127 0.50877695528655165 12 2725 15 2154
5139 0.03537161751497625 2.0450789917863168 3.9281444758816209 126 33 43 1.5963677409920647 54 474 52 262 50 484 49 421
52 2.1346373971570718 2.9298643961505411 4.2411508788018297 65 9 4 1.4506598232981709 8 87 10 97 7 78 11 110 12 95 13 86 9 161 14 85 15 85 6 101 17 91 61 130 4 109 3 110 60 114 57 90
2409 -0.10910085635258457 1.5517981349011665 3.3944750677293674 143 130 106 2.0002040665602663 13 1825 15 2141 17 1285
51 -0.070627951151488955 3.1829128070299713 4.8416233252220877 71 19 7 1.6321940085682674 8 86 10 68 7 92 11 72 12 65 13 62 9 68 15 67 5 119 6 99 4 105 3 104 2 130 1 78
5138 0.30734601866792793 0.77082197898201188 3.9307989484994432 182 138 1 1.4178004645664861 51 128 52 221 50 306
2408 -0.30934642550353303 1.4760988623361864 3.1342269273758925 210 184 147 0.24248870664495922 8 2548 12 2863 15 2117 59 1096
50 0.37586897093589361 1.8463403963072889 3.2663634960753196 7 12 47 1.8964055465751932 8 83 10 107 7 105 11 70 12 72 9 113 6 118 1 140
2407 0.62747233838017979 0.40047311773032812 3.1952657252028014 124 98 49 1.3931239671998643 8 2826 15 2069 61 2644 58 2135
49 0.25631114915904951 3.182903856988335 4.660599894382802 54 20 18 1.3211511120113606 8 80 10 159 7 161 9 98 5 174 6 151 3 172 4 153 58 279 60 275 59 300 2 181 1 167
5136 -0.16384918600407644 2.9004081098608703 4.8100749877057005 127 27 35 2.0303458138398116 51 108 52 166 50 205 49 209
2406 0.22271297199758516 1.6263547716094595 3.1714881075283063 107 163 242 0.41107331995178215 13 3210 15 2060 17 2931
48 0.42694031883678196 0.80581995921564709 3.2347149267848301 129 70 6 1.4698013436002335 8 74 7 109 11 102 9 87
5135 -0.0098040335515107851 3.2967532510274116 4.7931391870458651 106 98 91 0.96448019933712448 51 105 52 119 50 152
2405 -0.0082817409229806929 1.8953349223033304 3.2310406419042557 1 43 104 0.48089694291835422 13 1915 15 2059 17 1641
47 -0.39977575671239135 1.5103963653138599 3.2304042114141751 154 137 131 2.0335893847357678 8 72 10 75 5 59 6 72 61 50 11 60 59 46 1 60
5134 -0.10246339936946648 2.9141611235600409 4.7723806254284087 174 64 73 0.83434537359929928 51 150 52 118 50 154
2404 -0.3953345904407955 1.2674027483962533 2.7865888644011352 192 137 142 0.74098584585295357 13 1416 15 2016 17 1211 18 1458
46 0.93213321515594771 1.3556010878128391 3.2234437747001143 7 12 15 1.7192300479131983 8 71 10 74 7 83 11 87 12 50 9 79 5 62 6 77 4 93 61 67 3 63 58 58 60 65 59 75 57 68 2 75 56 118
5133 0.22532403219277242 3.2392797941706344 4.8741689908033878 123 55 59 1.2953018307214892 51 73 52 116 50 156
2403 -0.27555207872459331 1.1248554293852246 2.6680982102562929 96 118 142 1.3357410902971061 13 1997 15 2000 59 880 4 872
45 2.0107207789597372 1.3319187427652783 3.1922775988944849 65 0 24 1.4190884516280133 10 50 11 59 12 62 13 57 14 53 15 76 17 57 18 56
5132 -0.21807714226843802 2.4066269018227078 4.2194202356014383 158 48 57 1.4970787401312673 51 70 52 112 50 168
2402 0.23808672936188957 0.97910153595996774 2.8942273266311536 151 73 69 0.48506807940833269 14 1887 15 1990 17 2724
44 0.74496684736217611 1.160637526981289 3.2144687259952525 74 0 1 2.0707631298742957 11 38 14 51 13 48 17 30 18 47 16 47
5131 -0.11672168334998326 3.063191259193478 5.0326651434385479 128 115 106 1.5337761383301802 51 44 52 74 50 111 49 93 47 104
2401 0.18563499116798901 1.8995447752934775 3.1934599964324346 194 245 255 0.96258265824833178 12 1354 15 1970 17 826
43 0.65959413812132184 1.0767723055515477 3.2086076673480228 167 64 51 2.0311602889637941 8 67 10 82 7 147 11 97 13 115 14 100 15 115 6 145 17 161 18 185
5130 0.038211151950542373 1.39192057980984 3.0564091437008627 189 153 57 0.59296306275133681 51 32 52 55 50 105
2400 0.76094127264049127 1.5663552296937229 3.5123199666357325 105 53 14 1.12276539958941 12 1009 15 1946 5 706
41 0.69210387867129697 0.90317130857343486 3.0912042472795549 133 29 1 2.1739179562077253 7 79 11 100 9 85 8 63 6 89 1 65
5128 0.0094953124277631466 1.7379190179623825 3.399124872076277 75 134 214 0.60482026962353652 54 536 51 263 52 349
2398 1.2412062211467045 1.5128812150856101 3.3386500005673465 92 41 0 1.94565774736785 12 3045 13 2618 15 1901
40 -0.39582952104531222 2.8286042779494696 4.907276636927703 158 142 126 1.7424033870471631 8 62 10 69 7 70 11 116 12 100 13 135 14 144 15 144 5 73 6 58 4 71 61 42 3 53 58 50 59 39 2 53
5127 0.13256573696731491 0.96091388443978931 2.7683633852241609 167 136 11 1.0236871907407887 54 246 51 196 52 246
2397 0.078168413358258873 1.6670982618154351 3.1827302708377458 3 60 139 0.62959036455809114 13 1290 15 1884 17 2758
39 -0.12710363365110711 2.0476177531924069 3.2965948319982465 148 133 112 0.58940393308151462 8 59 10 70
5126 0.29369559296642389 0.69280503395540538 3.9938903072198952 158 149 125 1.5910814013379959 54 241 51 130 52 145
2396 0.29089840987092214 1.6152753511299176 3.2261928973264231 147 125 76 0.68171000240221657 13 1946 15 1868 17 1691
38 -0.04329342214781124 2.1792562651862357 3.3348277179243522 15 91 189 1.1114697002695193 8 58 10 62 7 66 11 48 12 33 9 60
5125 0.28783372749315661 0.71806375852107152 3.8954131746709866 226 187 58 0.64165211986834059 51 120 52 84
2395 1.1322000110627832 1.3154066487975815 3.1910547141238341 152 76 85 0.72324586691078618 14 1877 15 1867 61 1628
2394 0.83803734899438909 1.3978149919470391 3.2468710282050752 80 19 17 1.0656196558588484 13 1284 15 1862 17 2792
36 0.99028874334809314 2.3408068014441081 2.8885913745602187 208 175 69 2.0912611398882874 8 55 10 64 7 68 11 75 12 68
5123 0.10690080477702041 1.1923015270640378 2.7725516723885999 116 51 57 0.10998855314802833 54 96 52 147
2393 0.032497666810908141 1.6133238589702419 3.226834358404532 57 111 197 0.96572560858294776 11 637 12 1797 15 1860 17 1613
35 0.4036981016423275 2.4589833452380239 3.4704197051143448 92 23 26 1.5856649791469339 8 54 7 69 11 84 12 101 9 65 5 51 6 60 4 50 2 35 1 29
5122 -0.10853935675202829 1.0524752566407214 2.6535583137943668 189 211 225 0.63563403644557426 54 121 51 86 52 87
2392 0.25235261763636496 2.1024964012586826 3.1947072315581613 174 139 37 2.2921348880373382 12 2971 15 1856 17 853
34 1.9983171295464974 1.9456546534472512 3.2227388534612249 14 16 15 1.3781722787287805 8 53 10 61 7 63 11 76 12 93 13 91 14 145 15 200 6 31
5121 -0.04832440724105342 2.5923487963059233 5.1023260920025715 140 135 138 1.3843286088929521 54 67 51 71 52 71 50 114 49 89 47 68
2391 1.2156711275136725 1.1975871379523337 3.2276259240545633 213 118 114 1.8017722874677851 13 3264 15 1855 17 2793
33 1.7506092836469431 2.6840530523484416 3.7929609478034814 158 168 178 2.0137590739762108 8 52 10 53 11 50 12 41 13 63 9 67 14 44 15 40 17 39
5120 -0.16657077614105331 1.0886205994375382 2.6825464870573339 166 189 205 0.88404833071091993 54 98 51 53 52 85
2390 1.4423348187675651 1.1894503053173939 2.8863467861302343 140 35 44 2.4489799005978967 10 1249 14 1495 15 1836
32 0.84605725962982981 1.988233391345031 3.1842413310076596 215 193 55 0.95313444395229341 8 51 10 60 7 65 11 78 9 44 5 56 6 65
5119 -0.1488477959771469 2.7087841512176989 5.2500030462869312 38 25 32 1.2649192605984694 54 26 52 34 50 47 49 42 47 43
2389 0.24446681512603233 1.725029344939653 3.1661982350822235 100 168 241 1.1562915030906233 12 1013 13 2660 15 1830 17 1704
31 1.0383780595218544 1.797662887730421 3.6266259515896357 1 6 8 2.4117846490784718 8 49 10 45 11 46 12 32 13 61 9 61 14 54 15 48 17 56
5118 -0.35182158474984265 2.9755219749237036 4.923372761779981 151 56 54 2.2047145277800508 54 18 51 19 52 16 50 26
2388 0.35876843994655694 1.651405632352273 3.4233648213360337 0 3 30 0.38671976937017372 15 1829 17 1648
30 0.6590890147208881 1.5233701820269498 3.4418263048958355 113 65 2 1.8475045400706542 8 48 10 52 7 71 6 46 61 97 4 66 3 66 58 54 60 60 59 61 57 61
2387 0.7786683334312513 1.504408840656285 3.3780362337443699 112 61 34 1.1943648179707516 12 1305 15 1822 3 1041 4 1245 60 1449 58 1411
13 0.76644865826316233 1.1368539962712165 3.1584307230936677 91 8 2 1.6835694163363357 8 21 10 22 7 33 12 22 9 23
2370 -0.23484441123692298 1.3154103522181018 2.8801650854983358 167 126 116 0.45786775737135549 13 2138 15 1390 17 1864
12 1.0118050549382891 1.0959711096057974 3.1690681225104362 67 8 0 1.5118307248817513 8 20 10 21 7 23 11 20 12 14 13 24 9 22 14 24 15 21 6 20 17 13 18 14 16 23
5099 -0.53247896489628743 1.0167248336896 2.835698342513842 25 43 48 1.627853067201426 55 29 53 24 58 37 60 41 59 69 56 63 54 22
2369 0.18789227812070641 1.1674090001496875 2.6927393164366702 188 132 142 0.64178630674388659 13 3487 15 1360 17 1840
11 1.4557482884283286 1.475218864427833 3.9663799791418355 147 132 109 1.4764429099092999 8 18 10 12 9 14 7 24 11 19
5098 -0.066529108209780696 2.5767569970247419 4.6542358396165335 143 24 28 1.6727969135517609 55 232 53 98 54 114 52 172
2368 0.42434246387497632 0.92128146618152273 3.3881026725597527 227 168 69 1.4239331972780178 13 1009 15 1357 17 1096
10 0.16902561796447063 1.5109693046462611 3.2090269257133217 5 3 11 1.4363996319035008 8 15 10 10 7 16 11 6 13 16 9 13 14 17 6 18 4 30 3 29
5097 -0.19487213546724319 2.4284538583137567 4.266343114042618 162 52 55 0.5150253669142163 53 95 54 70
2367 0.25797879534030094 1.8990000555071203 3.1523802719995877 7 59 109 0.51052780039427403 13 1340 15 1324 17 1150
1118 0.33192346484798091 0.74559711903065717 3.5319231474110846 198 137 20 2.1309439360342228 10 577 12 575 13 707 11 544
9 0.45970962945929866 1.6059781196932696 3.6778310173898512 138 121 101 1.2604772478578721 8 14 10 11 11 9 12 8 9 16
5096 -0.39969028451825939 1.1634254336715271 2.667344088637476 101 34 43 0.038392086606451992 55 114 53 79
2366 0.62831296292194394 1.6345626092573651 3.7630676588304528 139 123 98 2.2448095250099889 14 1783 15 1304 17 2072
1117 -0.087510069887613645 1.7854330891869579 3.3743821864017791 39 85 162 1.7623841965729259 10 678 11 534 12 672 9 472
8 0.6952256912146495 1.7457111779205789 3.7707098980617149 6 7 12 1.5284185355055264 10 17 11 18 9 19 13 26
5095 0.081533775746060896 1.6357232356603444 3.2126618160089881 50 114 204 1.2585655700696203 55 121 53 71 54 39 51 45
2365 0.28839165378136855 1.8372754977401535 3.1849269324687626 162 159 168 1.1480587436917193 8 2713 13 716 15 1297 17 829
1116 0.056734777361453249 1.6858585075043218 3.2228959012204128 80 147 228 0.53127215960687446 10 738 11 532 12 1007
7 0.49505493759644781 1.9602820418000717 3.6347598564289254 14 3 1 1.4664837382273361 8 12 7 25 9 10 6 22
2364 1.7504408503247206 1.4267194128103626 3.1936321309345961 163 71 139 1.1154350791069916 12 1058 13 1939 14 3543 15 1288
1115 0.070769215504756094 1.6288890096651061 3.4172405957449916 11 62 143 1.6858820286816636 10 444 11 528 13 624
1114 0.75563922715539278 1.496359138452426 3.3729208765067953 72 35 23 1.536059529468085 8 518 12 539 14 652 15 496 5 569 6 638 17 656
5 1.5361909462512995 2.1508517967173715 3.1541889336190501 62 5 1 1.7381021403629966 8 10 10 30 11 32 12 28 9 28
5092 -0.53238065043170979 1.2519726957016519 2.7751984678778836 142 46 50 0.7694456185943247 55 25 53 9 56 23
2362 0.71834333622965263 1.465392697214398 3.3201288414346197 16 9 4 1.1328483907595128 12 1031 15 1254 17 905
1113 0.4134246903194449 1.4764482806796839 3.4101698034010224 71 48 33 0.30109314181568747 10 561 11 522 12 515
4 -0.11280654678208686 1.2468588361855675 2.625638781224866 121 26 24 2.0689411711493579 12 13 11 10 13 18 9 9
5091 2.1936056151009482 0.81630177537203674 2.9184223759983206 220 238 248 1.3094453157926589 26 168 27 274
1111 1.7578745455524978 1.170766306256916 2.9904486901837211 93 119 136 1.5637651828848211 7 778 11 513 5 880 61 794 60 738
2 0.47178285734174347 2.8565113347924291 4.0844394615681026 37 19 10 1.2318760148284136 8 6 10 5 11 5 9 5 5 2 6 5
5089 2.2626581025357608 1.9942678033657517 2.8597755041595172 230 198 105 1.0107030815988858 26 107 27 100 28 112
2359 1.9759726341700767 1.1177020775966928 3.0378569801511288 216 211 218 1.0656416584563766 12 1231 14 1724 15 1197
1110 -0.57218472882327753 3.1242133099410685 4.8481181216391755 148 134 119 0.96971192271679596 8 590 11 509 6 545
1 0.17976515997173204 1.2349561815225343 3.2000825709606939 58 6 8 1.6091328941467982 8 2 10 2 7 1 11 0 12 1 13 4 9 2 14 3 6 2 15 1
5088 1.9100362132919639 2.1024609094301723 3.2988623804825363 186 83 131 0.33881888033146951 26 66 28 116
2358 0.75387583543209324 2.5898571012846241 3.268303637179522 19 0 0 0.40821651537980252 10 615 5 388
14 0.08036577562394423 1.2955700064806908 2.7639178543869125 101 13 9 1.9565921097625343 8 22 10 23 11 27 12 20 13 22 9 24 14 23 15 25 17 28 18 45
5101 -0.21895659745656537 0.9022869604078364 2.8065814143839933 29 43 56 0.73008150481539058 53 4 54 5 51 5
2371 0.52338316022045472 1.3531733228232452 3.1585143014675841 162 156 156 0.40860633916907663 13 1487 15 1400 17 1101
15 1.8684729986456101 1.760190542087452 3.3569113509971129 211 167 47 1.8931737428368649 8 23 7 27 11 23 9 25 10 26
5102 0.17220691620652681 1.8814274272508136 4.1361766014912345 17 16 22 1.8260143713021797 53 20 54 13 51 16
2372 0.44468402730063467 1.4494271461664445 3.1895408259169131 37 10 9 1.3571989989833935 13 1029 15 1428 17 1132
16 2.0377624846544347 2.3019333705821374 3.6117251461108717 89 72 54 1.1655365402917455 8 25 10 31 11 30 9 29
5103 -0.33132922661544434 2.8561393166914426 5.2239899645467913 152 144 136 1.1907924640950862 53 14 54 15 51 9 52 10
2373 -0.5715620623355111 3.2934229863879372 4.8638951089799622 143 128 109 1.0341950964383553 14 1417 15 1515 17 1362
17 1.5063464606024808 2.5772621454828712 3.6844098315578298 107 18 14 1.9907223794956035 8 26 12 29 13 32 9 30 14 29 15 38 5 35 6 27 7 29
5104 -0.043198369498405872 2.3147847004501041 3.9636236283376673 21 20 26 1.7464832912358568 53 11 54 19 52 33 50 46
2374 2.1795572114861907 2.2856494760997048 3.035554566696022 8 2 1 2.1425476956286431 7 1972 10 2063 15 1535
18 -0.29845057523045976 3.0104910842429695 4.7919054642258585 86 14 9 1.4409671111335776 10 41 11 49 12 39 13 33 14 31 15 46 17 66
5105 -0.24372628936326199 1.1253335425896975 2.7313921703638613 109 126 144 1.7182036145933817 53 40 54 36 51 24
2375 -0.11729593925547228 3.1750216905325752 4.6842681499286956 55 56 65 1.7539235597989118 12 1638 15 1536 17 1045
19 0.31808677618868952 2.0060194749386207 3.1372859109677016 188 154 33 1.3263643168331167 10 46 11 47 12 30 13 39 14 37 15 30 17 33 18 26 16 35
5106 -0.58888038629944117 1.0589879101397357 2.8787819044666136 178 84 89 1.7973625785911802 53 117 55 153 54 45
2376 1.2207278910879196 1.8313933630934336 3.7560855061568219 4 4 8 1.5146504631224438 14 2251 15 1649 17 1556 16 718
20 2.1296203773901374 1.92805747959649 3.1285903582143431 141 169 183 1.530284554994096 8 30 10 47 11 34 12 36 9 43
5107 -0.18526651406060121 2.725767585369292 4.7562517514766069 111 10 10 2.0833587676701995 53 85 52 73 50 112
2377 0.98097672991520168 1.9622907687695454 2.9332084033289174 217 189 106 0.3520825073684164 14 893 17 2136
2378 0.80927715024914582 2.4068898670048542 3.0350023653017222 202 175 127 1.4494761491024148 12 1654 15 1680 60 857 57 1012
22 1.0197689500016571 1.631763443257799 3.6570539292845652 16 10 14 1.6674131119291624 8 34 10 43 11 44 12 44 13 59 9 35 14 61 15 55 17 54 18 52 16 103
5109 -0.062812487746180062 2.3081592267911897 4.0515066283270542 156 55 59 1.3724549977456679 53 206 54 137 51 153
2379 2.1279002465681716 1.8946808082388469 3.1002822428721437 154 182 194 0.5579041578813223 12 2320 14 1609 15 1699
2380 2.2953646203160072 2.3283777593326258 3.1114304718480352 63 41 0 0.94829026457548427 13 2294 14 2605 15 1765
24 0.56366780871416522 0.64382592508014347 3.2219875809091971 162 97 13 2.0456270512839523 8 38 10 19 7 30 12 17 9 21 14 27 5 24 3 35 2 23 1 42
2381 1.744818706844109 2.6495102478834953 3.652729495369599 76 88 88 1.5088311044736409 13 2322 15 1766 17 1374
25 0.24032301418143667 1.0610760080160695 2.8178911451071382 64 9 6 1.869753070849822 8 43 10 57 7 53 11 66 12 58 13 67 9 56 15 81 5 66 6 48 17 86 18 80 16 78 19 74 23 81 20 150
5112 0.010581817630817315 2.015155854665728 3.845649344422164 175 183 198 0.17069784261277304 54 320 52 413
2382 0.15530539181767478 1.1746660052767781 2.6488031966587249 116 116 120 1.1075240117285499 12 1376 15 1775
26 1.8933300864268598 1.3725992934611435 3.1578126817634762 215 115 195 1.5794153462015774 10 51 7 55 11 58 12 69 14 47 6 45
5113 -0.0306743582164225 2.1143407425512892 3.8920315352787154 200 217 235 0.69471551341785398 54 324 52 420 50 372
2383 0.65592819560919602 1.5145015495939442 3.4296818978974932 240 187 139 1.7183622254068958 12 1294 15 1788 17 1190
27 0.41409016121779724 1.3734242700046884 3.2275898246267434 104 32 36 1.0774435977721768 8 45 10 48 12 52 13 55
5114 0.12870462103991678 2.8596123273064227 4.346246850710437 119 35 50 0.22725166040031416 55 475 54 339
2384 0.25235164697715534 1.6582966609551253 3.1630253536799269 109 162 238 0.52486281040761606 12 1809 15 1809 17 1687
28 -0.04357312017651431 1.4392230102092269 2.963351950142342 177 134 27 1.7007623270393355 8 46 10 54 7 57 11 93 12 84 13 113 9 52 14 171 15 162 6 34 4 22 3 22
5115 -0.032105438709614756 2.6003549300558366 5.0720975863894102 181 168 183 1.3223033735783194 53 444 54 904 52 831
2385 0.26615907161846186 1.7438447808197837 3.1906487517222764 170 158 137 1.1588565266320938 13 2669 15 1815 17 2884 15 4073
29 1.72036731425802 1.4480558476632266 3.3058905736783029 216 170 58 1.9503911098581739 8 47 10 66 7 59 11 42 12 73 9 40 14 131 15 107 5 43 6 44 17 210 61 49 58 28 60 36 13 98 59 31 57 38 56 48
5116 -0.23310790406922535 3.1784381873335397 4.9999066396663823 143 125 121 0.24992046108175592 53 231 54 211
2386 1.7768682365029882 1.1986649815265293 2.9988281497987468 58 41 66 0.765295374446333 8 1465 14 2474 15 1818
60 2.1744741728301009 1.794160887890536 3.0300554765803289 26 27 48 1.433989278241238 8 101 10 117 7 89 11 125 9 114
5147 -0.32221577803459012 2.7836133616889427 4.8302281371075537 148 59 77 0.8215826859844152 52 647 50 743
2417 1.7838247762349324 2.6152020320353495 3.7958918752634379 78 82 79 1.4812313185501209 13 2297 15 2371 17 2412 16 1145
61 1.1583973113934469 1.6756422056654896 3.5938497069947162 149 177 181 1.7238936419771789 8 102 10 81 7 88 11 82 12 111 13 102 9 71 14 97 15 108 6 110 17 120 18 106 16 111
5148 -0.24159316505791706 0.92185038246195083 2.8050381715764843 20 32 46 0.68412741504923003 52 4 49 6
2418 2.3652843704920907 2.4577106460042391 3.0742500184088626 230 209 157 1.4354034844893242 12 1601 14 1478 15 2403
62 2.0099280788577922 1.1725487086819957 3.1073268083994332 44 31 48 1.5654675043738617 8 103 10 143 7 195 11 136 9 143 5 214
5149 0.014837947424601101 1.2336614874443339 3.8973975217025489 176 143 71 0.62205681766316157 52 50 49 22
2419 0.91931664207447039 2.0716967716262236 2.6634952569161623 0 53 128 0.70854078217156968 14 2779 15 2435
63 1.1627374663957279 1.0548034098320538 3.1475529082516829 169 63 63 1.4606457609487857 8 104 10 71 11 95 12 85 13 73 14 71 15 77 17 82 61 122 4 143 58 151 60 160 59 138 18 76 16 74
5150 -0.24621991453313286 1.1373031349864884 2.7412131261375654 109 125 150 0.11370766606069473 52 38 50 53
2420 0.64787884501848969 2.0708595591319914 3.3004771036321188 52 2 0 1.788949849780763 12 2302 15 2471 17 1030
64 0.40263570722924524 1.1137535670368637 2.8667828230418611 58 7 3 1.2535854533852953 8 106 10 137 7 149 11 149 12 128 13 116 9 149 14 117 15 119 6 70 17 167 61 148 4 92 3 96 58 93 60 104 59 107 57 112
5151 -0.25750494865852019 2.6867953330351755 4.7238148906866506 115 18 25 2.2019992242529991 52 47 50 68 49 69 47 65
2421 0.46401055117297973 2.1758632701430378 3.1302329121595394 59 108 179 0.41431087923980808 11 937 15 2510
65 0.12644556108120519 1.0814423369877559 2.7001018167315798 46 38 33 2.0045978810061302 8 108 10 87 7 153 12 90 13 79 9 118 15 82 5 230 6 184 17 88 14 75 18 83 19 76
5152 -0.18553227437843531 2.6216798793484721 4.8664261953707175 114 17 24 0.20573048735239022 52 115 50 113 49 97
2422 0.092192291190564726 2.3001073857045515 3.2383871044304664 158 150 144 0.44860036875702008 13 1695 15 2519 17 2201
5153 -0.50681038224269359 1.3907367748816777 3.2996261793786337 162 114 12 0.32018553155609858 52 198 50 200 49 246
66 0.11771955591799445 1.0118797574083227 2.6952035514142074 237 195 49 1.944175712354824 8 109 10 120 7 120 11 154 12 134 13 146 9 121 14 113 5 170 6 179 17 191 3 143 4 214 18 213
67 1.5405208057862101 0.82515528938707616 2.992008642318579 156 46 49 1.5652093123602957 10 90 7 77 6 93 8 110
2424 1.0837238407034981 2.1290730878862778 2.669996908692053 99 56 37 2.0228017965904117 12 2560 15 2594 17 1909
68 2.1307008668904679 3.1714241298227623 4.1645909867596522 164 196 214 0.95665068913909401 8 111 10 244 7 160 11 171 12 238 13 201 9 158 14 225 15 190 6 153 5 178 17 134
5155 -0.58848605820057975 3.1307349986577528 4.6162905614094649 111 124 126 1.2014235489969662 52 176 50 218
2425 0.99250017377740662 2.2438707731168717 2.7556664906931454 233 194 144 0.72069855611202238 13 1758 15 2608 17 1053
69 0.064436362830471092 0.9177547950456364 2.6694258093451309 236 195 51 1.4391762593259565 8 112 10 124 7 111 12 172 61 143 58 95 60 97
5156 -0.42180757359425558 3.1806605334632767 5.047252981314168 66 70 73 1.2672150438170322 52 385 50 269 49 198
2426 -0.10197586715495598 3.2265977990136396 4.6411458789209128 48 56 49 1.0872611055508903 13 2763 15 2647 17 2566 11 1890
70 0.30539397278901248 1.7711334201169411 3.2126815209407305 176 148 13 1.5127043181176096 8 113 10 80 7 132 11 94 9 116 5 130
5157 -0.36983026144436915 2.8345831131459804 5.1928609733973286 116 107 100 1.2275888866775801 50 23 49 20 47 17 46 37
2427 1.1297687076248515 1.7097054121138382 3.5167273291241372 97 117 118 1.9753299191378504 14 1732 15 2648
72 -0.16667702696576986 1.3318679231529178 2.9143234394186512 86 22 5 1.5307710096118594 8 119 10 215 7 141 9 141 14 454 5 93 6 79 61 75 58 60 59 73 2 58 13 237
2429 1.7172629002939022 1.1793510137129581 3.0148830057324325 130 103 112 1.4060587102794699 7 2565 15 2781 5 2253
73 1.2847969987908956 1.2962503368018714 3.2055468160164517 33 2 0 1.8165667604144649 8 120 10 146 7 140 11 91 12 117 9 138 15 103 17 124
5160 -0.23990833908403195 2.8331201465285814 4.9733708422964646 183 111 135 1.1687647221106601 50 202 49 245 47 195
2430 0.62972077897273182 1.5126055824183913 3.3688224277336105 144 99 31 0.87957544394720999 12 2820 15 2789 17 2849
74 1.1641112951902759 1.3161202395412679 3.2077341105106942 118 27 22 1.6725162807170957 8 121 10 149 7 229 11 223 12 118 9 212 14 110 5 157 6 139 61 155 4 140 3 127
5161 -0.35235198309545462 2.8661694661271384 5.0647999553525507 115 106 99 2.8671174168011566 50 203 49 92
2431 1.8916297359758116 1.0968599391564622 3.0186709144039177 30 31 44 0.41049130320392574 14 2836 15 2792 17 2075
75 -0.046914545584628362 1.4767621057561711 3.2960193827300963 6 14 79 2.1541769991537727 10 131 7 155 12 83 13 108 14 104 5 60 9 76 4 65 3 65 2 80 1 62
5162 2.5681929065827331 2.8510229394568967 4.5036986410807893 124 120 106 1.1414732857455303 27 13 29 23
2432 -0.023060064416660465 1.8265878392913195 3.2599243914044571 110 156 232 0.64552469092585485 13 3448 15 2798 17 2917
76 2.0515815040440319 1.5670350954579173 3.0989202147781918 22 20 26 1.6055220392963234 8 125 10 119 7 220 11 143 12 161 13 145 14 158 15 214 17 217
5163 0.41420755816898364 2.3080956381632185 3.0893367910019069 147 143 132 1.0863194112669339 27 17 28 13
2433 0.36374492159239113 1.6539190502949188 3.3738853073125212 42 45 88 1.2003990639818307 13 2654 15 2806 17 2819
77 1.3708267454651819 1.6332657857736326 3.8368331412376744 131 122 102 0.65083490875061834 8 128 7 134 6 127
5164 2.1193921429627931 1.0267728261784324 3.0623008346996587 215 238 254 1.7729253281572546 27 14 28 18
2434 0.20644419812235576 2.262513898961799 3.1313281030457332 55 63 84 0.78908699194569676 13 2526 15 2820 17 3444
5165 1.7256887191548982 0.8071103548903944 3.1130771281605454 186 206 215 1.6247433340139923 27 46 28 36 29 55 30 61 32 61 31 45 33 85 36 81 34 58 35 88 38 61 37 60 40 47 39 52 41 92
78 0.98651023895352563 1.9623907668109124 2.9926002411400909 211 189 67 1.8756014559617111 8 129 10 113 7 116 9 110 6 126
2435 0.065366109094781424 1.6814436124698471 3.1993094755347236 148 213 255 0.19937157187551321 13 1958 15 2823 17 2940
79 1.8260407473436708 1.5472765842042981 3.2600250128895478 175 58 138 1.7998454886504196 8 130 7 219 13 140 12 125 14 153 15 110 5 151 10 248
5166 0.37394012753232092 1.8346474118101157 3.2448776880411865 4 11 33 0.77733343499360796 27 34 28 46 29 57
2436 0.69361348318391713 1.4871992615845766 3.3253073430889697 85 77 75 1.1160256393062105 10 2111 15 2836 17 2896
80 0.64797288230394434 2.388400226437434 3.0677899922960337 21 94 189 1.9510117295449427 8 131 10 171 7 97 11 178 9 165 14 326 15 410
5167 0.22397486540464434 2.060003058789404 3.0486162560390735 22 53 112 2.0831489807662518 27 50 28 47 29 67 30 73
2437 0.06728852764735406 1.6981656425320777 3.1983765505350119 138 204 255 0.4676167469723076 13 1954 15 2853 17 2456
81 2.1832656527664702 3.3599137149994633 4.1292777367832958 165 185 196 1.8525854196678573 8 132 10 153 11 175 12 168 13 126 9 153 6 149
5168 2.1895544550154384 1.9460915676609267 3.0060385900454243 174 194 195 0.94005673883542207 27 99 28 76 29 208
2438 0.69941464603187642 1.5659773751343566 3.4376599314287706 74 30 2 0.79477633529634539 13 1977 15 2899 17 2301
82 1.6145868183038441 1.9849052514557999 2.2419112383537279 240 204 50 1.6305101505898574 8 133 11 183 12 152 10 111 13 139 14 149
5169 1.7083812701958054 2.4000488427193098 4.9825702639119038 69 62 56 2.2231863630379425 27 103 28 81 29 102
2439 0.64181101375473326 1.5970259255292516 3.610735880401911 147 126 96 1.9650253050138218 14 4194 15 2916 17 2986
83 1.9817639740487221 3.2115277294144695 4.2293491812665929 128 117 97 1.23622406043185 8 134 10 155 7 158 5 177 6 152
5170 1.8135003880655522 0.8321657414954452 3.1578248051205002 140 144 150 1.1891925074817835 27 148 29 216 30 250 32 212 28 113
2440 0.68846784871754185 1.5889344182924421 3.4316115839469945 85 58 15 0.039524981043610422 13 2670 17 2297
84 2.4139316339681547 2.9879152462588459 4.1860339099564268 166 189 205 1.6236353126861025 8 135 10 157 7 162 11 168 12 138 13 127 9 100 14 222 15 191 17 133
5171 2.5324191676715375 4.773020233102157 3.1819740017781557 130 113 95 1.2822878609153083 27 147 28 114 29 211
2441 0.83288945802946968 2.3759427222426202 2.9871127638493102 33 20 27 1.1359268068424235 8 1512 12 2090 15 2963 4 700 60 859
85 0.24388082696787708 2.0381861860748272 3.0060327123148176 0 55 137 1.9809523362802628 8 137 10 152 7 201 11 187 12 109 13 83 9 152 14 99 5 192 6 125 17 94 18 71 16 70 23 75 20 76
5172 2.0854550140746682 2.4637158907621015 4.8556719432595399 73 66 58 1.6189473849076781 28 152 29 134 30 233 32 172
2442 0.95907834186010277 2.3135199679254117 2.8393255159058 216 186 136 1.8774674074272999 13 1768 15 2967 5 859 4 1362 58 1318 60 1733
86 2.3099764036599604 2.7845936623905092 4.4355750413031449 82 29 23 1.4658659779951562 8 138 10 162 7 241 11 165 12 96 13 87 14 86
5173 2.1135880768775772 2.5120208493937239 4.8171469746981463 22 14 11 1.1724135920079177 27 126 28 153 29 205 30 287 32 171
2443 0.87241996636626773 2.2713317774909929 2.7391832268426097 0 0 0 0.0910645224412161 11 1762 13 2413
87 -0.16763521352658292 2.7345944143533436 4.7362690736774988 139 31 37 1.5988198071447959 8 139 10 166 12 453 13 560 9 164
5174 0.50854571116581571 2.2343654169163401 3.1936396277985732 47 105 178 0.93949058213461389 27 120 28 185 29 182
2444 -0.40532170375395965 3.0497152825037435 4.8210201744860663 79 32 35 1.2352990349020365 13 3858 14 4001 15 3047
88 0.10737782491194527 2.698154743154161 4.2559364694587778 151 34 42 1.400254051860603 8 140 10 164 7 167 11 193 6 159
5175 2.2259310169902147 1.9814553545988913 2.9316114512014773 27 36 35 1.2752599021590987 29 82 30 85
89 0.015505955160981116 2.7081242675427042 4.2641858079480039 238 255 253 1.5660720150528931 8 141 10 165 7 154 11 192 12 251 13 338 9 162 15 381 5 124 6 102 61 59 4 72 3 50 58 48 60 53 59 56 57 33 2 89 1 92
5176 1.6565895554300447 0.80737563043088456 3.081093991617013 126 16 17 1.6217470349543472 29 83 32 62 33 148 36 188 31 107
2446 0.18137703530912797 3.4078935627705067 4.5511672065078059 187 189 184 0.79262129694703809 13 2276 14 2407 15 3260
90 1.7257538207610748 2.2314101395477719 3.4387589650280854 124 24 16 1.5283902305784305 8 142 10 231 7 165 11 264 12 249 13 191 14 214 6 166
5177 0.99267745776846295 2.2235704139980439 3.0173651256112524 11 9 31 0.31622485092228281 27 105 29 117
91 0.25385959927157753 2.6731751295269963 4.0569796432707248 155 84 118 1.614780153981521 8 143 10 163 7 143 13 283 9 163 5 125 6 160
5178 0.78650037916233873 2.184791491897824 3.0385756512125077 84 140 173 2.1750697906856633 27 79 29 122 30 129
2448 -0.13043378615772258 3.3886622543504159 4.6249465762783313 59 75 72 0.018333107068380882 13 2853 15 3295
92 1.8554538054709864 2.6258947426199493 3.8622889290429776 76 8 7 2.160152165921208 8 144 10 96 7 130 11 113 13 208 9 102 14 137 15 130 6 161 17 97 61 189 58 226
5179 1.8243952932916054 0.81807507922850597 3.0921179575867672 38 10 7 1.0804510629091142 27 150 29 147 30 152 32 91 33 297 36 302
2449 -0.24762644084605234 0.87618172472943978 2.7375322557191399 44 47 36 0.88451493745277643 13 3101 15 3297 18 1486
93 0.62278982358882762 2.5289657461389252 3.2876197348217744 45 19 6 1.7613625545647682 8 145 10 223 7 128 11 252 9 176 14 324 15 384 5 128 6 162 1 124
5180 1.3768556106555792 0.89122622735736057 3.3237291705345631 74 1 0 1.5437682704764963 28 135 29 151 30 137
2450 0.28547509704926893 0.53758309337083943 3.3081471706021754 103 73 63 0.49715556825534729 12 2590 15 3300 17 1098
94 0.87496330983473292 2.5093208880992277 3.0868569172586926 201 169 56 1.8514648020628222 8 146 10 174 7 125 11 162 12 144 9 104 14 213 5 132
5181 1.6066198384303121 0.79518323478121278 3.0675443707645806 136 31 28 2.157385664053673 27 131 29 170 30 238 32 136
2451 0.19504222077829084 0.83986535315565869 2.7301857440550363 166 111 0 1.164424721194302 13 3110 15 3312 17 1251
95 0.79696085752640655 2.5116609942674679 3.1455063871254012 49 28 23 1.6096614194556649 8 147 10 167 7 126 11 286 13 284 14 323 5 131 6 164
5182 1.6082642745157349 0.78015204741186994 3.115147005332715 116 121 124 1.5668658971129816 27 154 29 172 32 353 30 632
2452 0.22469203631096762 3.3876197253273688 4.6611522482189578 167 170 177 0.91169991417706975 13 2808 15 3319
2453 -0.57514645542130705 1.1640400770522019 2.7007811471337004 188 120 122 1.1111208900288239 13 2009 15 3348 18 2356
97 0.53966433096003108 2.4890657457711063 3.3396752460965407 212 179 98 1.8552473614441354 8 149 10 101 7 96 11 117 12 147 9 94 15 271 5 79 6 105 61 84 4 77 3 80 58 76 60 81 59 85 57 52 2 94 1 88
5184 1.8367459419219769 0.83766901860461884 3.1782970662178416 52 57 60 0.31516498895136386 27 243 29 229
2454 -0.5634887629431764 3.1045076016797117 4.8898525083575626 137 118 101 0.94861528262931272 13 2174 15 3387 18 1243
99 1.0249610049033733 2.0662302469818061 2.781894355531441 229 213 41 1.106352335570332 8 151 10 93 9 178
5186 1.799922068108357 0.83759181381048242 3.2389593381094612 89 76 60 1.6591238599108606 27 415 29 249 30 430 33 568 36 638
100 1.1702909309016165 1.8352379732737554 3.6210395040784356 172 195 209 1.6192480723395575 8 153 10 118 11 122 12 158 13 125 9 111 14 151 7 115 15 133 17 117 18 128 16 100
5187 2.5549541892738574 3.1535716763636787 4.3174669854662042 27 19 16 1.1270457611955209 27 186 29 253 30 410
101 0.25244215038985379 3.3208446764803572 4.6279904514201382 66 68 61 1.3653652839778949 8 155 10 135 7 232 11 167 9 157 6 243 3 279 61 305 58 361 60 331 59 433 2 255
5188 2.0761140907791256 0.80882774973080629 3.0597315152217064 196 218 222 1.27108005761043 27 146 29 264 32 315 30 388
102 1.5531596368275915 2.2806697505619051 3.5020145911020273 67 3 4 1.289459687231014 8 156 10 229 12 250 13 190 9 229 14 322 5 264 4 312 61 652 3 436 58 816 59 598
5189 2.0667093574901245 0.82672988952026871 3.0396574742508062 147 55 76 1.0446468128443951 29 265 30 387 32 311
103 2.0900610917108553 1.2308152589781174 3.1358899326423391 169 187 197 1.7277088495342601 8 157 10 145 7 198 11 139 12 115 13 163 14 220 15 198 5 162
5190 1.9242427669070643 0.84061691562372076 3.1812068580122701 212 229 229 0.46722451043912205 27 283 29 267 30 264 32 318
104 1.6937331689603858 1.1134056404808719 2.9296907155440719 96 16 19 1.6672512613494397 10 139 7 189 11 134 12 121 13 74 14 109 15 71 5 216 6 219 17 77
5191 0.94311280392108221 2.0653882422072511 2.9175485360853228 13 25 63 0.86692360401428448 27 254 29 270 30 311 32 228
5192 1.6270381200372137 1.9670396249791073 2.2359288175550502 229 202 89 0.66537611048135903 27 179 29 302 30 376
105 0.86092586884880806 1.1357511302976711 3.2169181406391738 41 1 0 1.4220654828215329 8 163 10 217 7 272 11 205 12 272 13 232 9 222 14 257 15 236 5 219
106 1.9029681176468867 1.1875378590144723 3.0855616193991864 60 42 56 1.5662884685474678 8 164 10 209 7 260 11 220 12 192 13 159 9 221 14 185 15 124 61 266 4 509
5193 0.94878884689493392 1.932323439707313 3.1196792803847968 218 181 100 1.0033921814451141 27 334 29 313 30 450
5194 0.97664942724557902 2.1126412666204897 2.7163626975902897 228 203 132 0.87710339867279963 27 261 29 332 30 500 32 369
107 1.3074523252618486 1.2149215375610489 3.1347468602244613 165 38 38 1.9048517148556321 8 165 10 212 7 197 12 283 14 269 15 218 17 362 4 230 3 272 58 122
108 0.84893756060724956 1.0382421546220808 3.0348576174316286 144 20 17 1.6627950275674419 8 166 10 221 5 226 6 314 4 338 3 377
5195 0.69897835926580476 2.175098514178246 3.0891760166005353 0 13 96 1.7198747678100039 27 226 30 382
109 1.3606956064138487 1.265804042256804 3.117063780638615 118 7 9 1.7521145485747542 8 167 10 206 7 199 11 219 12 232 13 158 14 182 15 167 5 161 17 244 61 153 4 142 3 209 58 123 60 101 59 135 57 109 2 210 56 189
5196 0.54589857906897687 2.2349460129680101 3.1662367148827228 1 13 85 1.5858473294328039 27 483 29 389 30 507
110 0.18380285676548441 1.280378438181619 3.1049583641292626 32 1 0 1.5860909450047749 10 403 11 319 12 546 9 279
5197 2.0601517719126363 0.81411769479010876 3.0853349782899828 42 57 62 1.4016638988590675 27 723 29 448 30 389 32 316
111 0.20265247252314308 1.3592434883610574 3.0988003020579491 42 5 6 1.7031346779209693 8 169 10 207 7 228 11 202 12 276 13 230 9 211 15 642 17 927
5198 2.4616209748001476 3.0527950631542953 4.2731607812390022 90 81 78 1.5202283177879896 27 743 29 458 30 546 32 560
112 0.56776114865491401 1.3349394663164249 3.3415118151991616 22 2 5 1.4239836776334074 8 171 10 184 7 226 9 184
5199 1.7390365080823995 0.82476297745802774 3.0807073184589728 209 209 216 1.5984257399169566 27 347 29 475
113 0.33991991401347477 1.3676845452816453 3.2035262676076925 48 7 11 1.661642079797965 10 213 7 227 11 133 12 123 13 109 9 208 8 172 14 159
5200 0.84676422531965367 2.0897033780471483 2.9558090982011351 222 253 255 0.71478627583027177 27 681 29 526 30 655 32 491
114 -0.27444876562676135 1.4027825107532474 3.0810224539246649 117 78 19 1.7710861861503207 8 173 10 208 7 338 11 203 12 201 13 234 9 209 6 281 61 161
5201 0.73391876879698126 2.1508954791119583 3.0898986416192029 216 252 255 0.66782469983963355 27 487 29 527 30 879 31 368
115 0.61583774792625023 0.4534004249495508 3.1716550764459073 216 191 38 1.825775543600813 10 201 7 181 12 167 13 165 9 129 14 165 15 185 5 200 6 97 61 169 4 318 3 198 58 137 59 113 18 84
5202 0.96455289915498132 1.9170218459291712 3.1333855700105167 88 61 9 0.38243776025452547 27 837 29 674 30 909
116 -0.088078243216524285 0.88341798027668372 2.6950272055011277 224 201 59 1.5735386517776249 8 181 10 197 7 176 11 160 9 200 6 193 61 174 58 140 60 180 59 136 57 123
5203 0.90569735850165456 2.0526524069833973 2.9349760838979333 186 242 253 0.80621280305284526 27 878 29 710 32 488 30 505
117 0.76273873639051559 0.74078788766771075 3.1182037525492703 118 41 1 1.0102954014020589 8 182 10 123 7 313 9 187 6 304
5204 0.81984340302486258 2.0995155210572327 2.9894719678146791 130 167 220 0.38835076196352097 27 682 29 715 32 689
119 -0.0049718486897730218 0.9495053203947057 2.6747597788999529 230 200 43 1.6607524260893118 8 184 10 122 7 174 11 158 12 162 13 106 9 124 15 149 17 151 61 176 58 143 60 151 59 158 57 172
5206 2.513093082167146 3.1149334719298758 4.2578265162979578 113 124 117 1.1908815052626571 27 757 29 769 30 1368 32 1214
120 0.072700027003504086 0.96323027033247421 2.6961839836211525 144 90 2 1.0923353025088354 8 185 10 193 12 187 13 171 14 294 15 179 17 193 58 144 61 168 60 152 59 172 57 170 18 270 19 254
5207 1.110344726130968 2.1052915610770655 2.6738120028117209 30 0 0 1.1224019125166955 27 887 29 834 32 1021
122 0.94389797622301241 1.0318106521120489 3.0325601853855346 103 30 8 1.1972899477195316 8 190 10 220 11 210 12 205 13 147 9 314 15 161 17 171 4 226 3 205
5209 0.96350515644824986 2.1388868180594485 2.8337051933344046 103 73 85 1.2869430216222244 27 1238 29 873 32 1699
123 0.0063138760287309069 1.4105050900928631 3.3570514658881976 1 3 8 1.9629069846733498 8 191 10 182 7 222 11 135 12 197 13 151 9 182
5210 1.8692000632599632 0.85089569686084088 3.1880222070376996 78 86 89 1.3968281985820394 27 791 29 1028 30 1543 32 1229
124 1.8009012444552583 3.266081054587668 4.1429785833464807 179 215 231 1.5103200356965969 8 192 10 130 7 157 11 173 12 153 13 200 9 154 14 223 15 192 5 176 6 150 17 135 61 125 4 102 3 106 58 103 60 112 59 117 57 87 2 131 18 138 16 123
5211 1.8775002543613935 0.83284423912365979 3.189670915353584 45 53 56 0.62112545981350076 27 1197 29 1031 30 1094
125 0.16616612791393995 3.1673177452745294 4.5753177064405399 223 252 254 1.3198160607380365 8 193 10 257 7 234 5 175 6 225 4 155 61 198 3 171 58 163 60 174 59 195 57 152 56 140 55 127 53 57 54 35
5212 0.80502125405733582 2.0884171716125608 3.13903538194094 191 178 158 0.3568609637278824 27 1249 29 1215 32 1907
126 -0.18092971616748887 3.1635831416861682 4.7053137972210948 180 206 221 1.6566499214628896 8 194 10 160 7 93 11 112 9 99 14 89 15 278 13 193 5 120 6 100 17 110 4 53 3 52 1 77
5213 1.1393174837189421 2.0960009872352292 2.6854967470511077 77 55 58 0.79363130717754071 27 1304 29 1487 30 2332
127 2.1333981592144218 3.0799371993953701 4.1680281917365578 143 38 33 0.71175838055241547 8 195 10 134 6 343
5214 1.0659937305104008 2.3952106248139606 2.8492786762792668 151 138 119 2.0078087851644533 29 85 32 83
5345 0.19860427612899514 0.81201991302718268 2.9288610958000678 203 163 42 0.67163394976564084 33 181 34 174
258 1.611454653757834 2.3830491375045364 3.5579208051452378 58 37 44 1.6282517591624308 10 363 12 324 13 291 14 318 15 281 17 279 11 389 18 290
5346 1.0986023325163869 0.81237582486393878 3.2939175048007701 158 48 49 0.75724925444857583 36 82 34 69
259 0.13612634905313173 3.1103696122772 4.7550477854641171 250 215 211 0.89001410793340041 8 466 10 653 11 578
5347 0.1351039547901873 0.76318159132664942 3.7687535027873067 227 193 39 1.2310800543513665 33 86 36 84 34 87
260 0.2172193126592597 0.84915863080401877 2.797613255948125 94 41 0 1.8413201249694902 8 467 10 493 11 478 12 476 9 435 7 578
5348 0.89221077837105245 0.51788213321403387 3.757833976307424 202 151 23 0.97245026284104186 33 90 36 88 35 107 38 91 40 77
261 0.062708733340339634 0.87890915858816732 2.6632562891246909 249 205 74 1.1409183551946054 8 476 10 494 7 488 11 479 12 478 61 540 4 539 3 551 58 405 60 316 59 459 57 288
5349 1.4322127131667204 0.61251691003516473 3.9708688122835412 205 150 33 1.1297741435056412 33 69 36 90 34 97
262 -0.099381708881485509 3.1501130625593219 4.7013480007689301 61 27 22 2.0142364515065125 8 477 10 652 11 577 12 627 15 392 6 732 5 797 17 722 4 742 60 785 2 393
263 1.2046719401150727 1.41955738696105 3.2916337926983603 59 3 13 1.0270694927911561 8 478 10 562 7 691 12 438 13 477 15 442 17 323 61 706 4 617 3 652 58 600 60 671 59 665
5351 0.16180934540578021 1.0428164121628336 2.8613197382557489 84 26 4 1.948362680108086 33 52 36 101 34 81
264 1.2969654955461303 1.4705189368684668 3.3691258838944922 68 19 4 1.2413724818862182 8 479 10 555 7 559 5 682
5352 0.10137987249372885 0.96869082445043575 3.327825389264496 47 8 1 1.7827949091612827 36 104 34 114 35 149 38 90
265 1.1581134841412246 1.4724069643879356 3.3593970573916225 54 34 25 1.623744285453985 8 481 10 556 7 560 12 531 13 687 5 676 4 450 3 593
5353 0.22124869287195714 0.67520126949420511 3.1401457191331201 49 9 9 1.8170066690026989 31 94 34 116 35 180
266 -0.46003346063189826 1.4585498877158776 3.2936312770760128 159 108 9 1.4568317376516819 8 483 10 530 11 511 12 783
5354 -0.07828981113221381 1.0015028327650821 3.3170376630267508 95 16 1 1.5566527993929005 33 110 36 109 34 103 35 175 38 123
267 1.0116742939181815 1.4580755888710097 3.2948249677366075 16 0 9 1.7580450260253124 8 485 10 560 7 563 11 635 12 688 9 454 15 359 13 367 17 648 61 485 4 634 3 654
5355 0.065302714715547203 0.94842255643509477 3.3814556174468104 76 52 42 0.72071188095325045 33 156 36 111
268 0.73749630236026631 1.4567010143529409 3.2943477045726599 38 0 9 1.5437168070589609 8 486 10 563 7 684 13 483 15 491 17 452 61 484 4 635 58 590 60 432 57 604
5356 0.16451310236665451 0.75426051800183025 3.088980148336983 144 92 89 0.70712982034941196 33 149 36 116 34 76
269 0.67014573859125848 1.4468441182208993 3.2934881816160644 75 6 11 0.6994312766645806 8 487 10 449 7 406 11 521 12 411 13 485 15 488 17 493 61 341 4 448 3 563 58 386 60 334 59 527 57 495
5358 0.0067452090167742064 0.70715036388615171 3.0279138811806101 111 125 125 1.7295285975170325 33 184 36 120 34 122 35 124
271 1.3651750370972362 1.3805722828825218 3.2847719998463676 86 58 80 1.5067143467749695 8 492 7 535 10 567 6 504 59 368 57 431
5359 0.25116401404321093 1.13785454682934 2.8569621190614933 157 140 122 2.5898193380844812 33 99 36 121 34 177
272 -0.18932198679342746 1.3958113535858798 3.0051884083851221 159 120 15 1.1588331807544801 8 493 10 727 7 538 12 811 15 995 17 1175 61 704
5360 0.15012310388889724 2.1959718046832286 4.5725975719678509 58 15 10 1.2361579359155748 36 128 35 100
273 0.5279515324273989 1.3595716966574862 3.1612012561178044 150 166 184 1.4984399213454067 8 495 10 538 7 703 11 502 12 583 13 499 9 497 6 494 61 490 4 468 3 317 59 371 57 489
5361 0.76283409619314002 0.88063879657008171 3.910103570297994 104 27 0 0.99381321159545999 33 232 36 130 34 90
274 -0.11318769178885525 1.6462808595692919 3.3849530164855315 129 123 102 1.8371483530556794 8 499 10 445 7 877 11 385 12 676 13 487 15 710 5 451 6 399 17 1767 3 399 58 625 59 682
5362 0.78388819414793665 0.50660709768844336 3.7417298654469087 210 156 20 0.9533200798536382 31 125 36 133 35 108
275 0.35137642260718827 1.8029268345899045 3.2527802204896705 6 8 56 1.5511910369609918 8 503 7 657 12 381 13 578 15 440 17 460 18 355 14 626 23 408 21 413 22 286 25 302
5363 0.063709319110760568 1.7723839728337047 4.0960593984955578 18 3 8 1.8150311921369291 33 224 36 135 34 138
276 0.13327735254979087 1.7112974776211718 3.1689199015597653 0 53 143 1.7226446416527121 8 506 10 693 7 678 11 671 12 537 9 422 5 414
5364 0.097997169280669233 1.752883976719533 3.6932111986687377 130 117 103 1.8806650938986094 33 169 36 147 34 212
277 0.22023727230579815 1.6907835699816947 3.1840521778864965 0 41 134 0.53148939159953967 8 508 10 648 7 878
279 0.58286999252616178 1.5150687797594236 3.358673815098618 56 7 0 1.5055376596513805 8 514 10 448 7 411 5 346
5367 1.7280144968004332 0.80723778950520741 3.2299372942093463 83 78 84 1.1695369505363837 33 223 36 167 34 164 35 365
280 0.86345767580079114 1.5129465136895932 3.3775581228208873 102 71 36 1.7220563705375225 8 515 10 554 7 412 12 701 14 690 15 906 5 522 17 979 6 479
5368 -0.049943130307931245 2.0504763712877745 3.8399970250769124 217 205 213 1.4618828804683959 33 336 36 170 34 179 38 144
281 -0.42077396552633517 1.5290171924752498 3.2200169479511711 120 99 89 1.3222577712915853 8 517 10 537 7 726 12 559 13 472 15 644 61 511 4 459 58 449 60 455 59 472 57 393 18 475
5369 0.80024191949123813 0.82078178544097158 4.0069942835141088 164 99 33 1.2922718836450524 33 198 36 173 34 191 35 222
282 0.51507336598846842 0.76180329999370244 3.756925848188716 145 74 1 1.4273402086360762 8 520 10 610 11 549
5370 -0.0099866013221959343 0.76751059572641356 3.0709046171231282 57 16 14 1.8917933269973011 33 101 34 121 35 125 36 176
283 1.0382671027744002 0.97681000663554141 3.0613145006791975 108 27 8 1.9789529286459484 10 790 61 805 58 997
5371 0.25564264505439765 0.52543558332303431 3.3331832252943534 72 13 6 1.9766641563361702 33 153 36 180 35 310
284 0.11445577830363896 0.94969498369562488 2.7634400157567112 237 188 62 1.5605430789058221 8 530 10 420 7 570 11 425 14 699
5372 1.4284646498104048 0.78635084572490921 3.03138307450347 203 210 220 1.7622072070738284 33 337 36 184 34 157 35 210 38 117 40 69
285 0.37145777268194491 0.77835417357417169 3.2415276575269889 205 142 29 0.88302681955276641 8 531 10 580
5373 0.28628846345145109 0.86219747037569983 3.3115583833008762 110 69 47 0.51743978264401791 33 323 36 185 34 110
286 1.0950651058748435 0.8398823891868642 3.0150390142653407 242 204 64 1.8800669369677718 8 533 10 423 12 465 13 533 9 442 14 462 15 327 17 344 61 461 4 328 11 355 3 350 58 232 60 230 59 171
5374 0.7835734980374669 0.89586092460740829 4.1435077916778402 149 84 26 1.724202905207177 33 262 36 193 34 189
287 -0.39245500953173768 1.2813621622203644 2.7952045766486777 191 138 147 2.1914105746466439 8 539 10 483 7 677 11 470 12 463 13 762 14 1831 15 453 61 556 58 496 60 497 59 360 57 481
5375 1.4128990672712654 0.79125173826293227 4.0210664295087133 130 59 4 0.42922608989316613 33 141 34 99 38 69 35 70
288 0.66629079283035053 1.324121872872988 3.2005461615707698 42 1 16 1.565838131586224 8 540 10 410 7 541 13 498 12 568 9 374 14 736 15 632 5 560 6 502 17 486 61 493 4 654 3 647 58 446 60 447
5376 0.6267800274171913 0.62126810895276141 3.5628773423238322 162 85 31 1.0107330591948809 33 220 36 201 34 193 35 278
289 0.74306819268338287 1.3171281759122939 3.2059723221841585 67 12 41 1.0713592009321418 8 542 10 407 7 546 12 523 13 496 15 598 17 477 4 653 57 625 59 366
5378 0.17325436981727152 0.68367486593767735 3.7110233260112149 41 8 6 1.6498954656705394 33 252 36 217 34 204
291 1.1901597244013464 1.2932680728568176 3.2037405930349241 55 11 24 1.4812055557354757 8 545 10 457 12 398 13 360 14 494 15 574 17 330 61 498 4 469 6 483 3 642 58 489 60 501 59 544
5379 1.3534324072957042 0.32025528763137767 3.4236799478469946 134 62 5 0.94006256162895563 33 227 36 218 34 194
292 1.068563851550147 1.2764779946426608 3.1815709972155797 204 226 239 1.8119221716772915 8 546 10 405 12 519 13 492 15 487 17 359 61 552 58 491 60 492 59 848 4 649 56 558 55 454 23 269
5380 0.3064679832907436 1.1762508831737872 4.2892354212955119 137 70 17 1.4613887520294171 33 276 36 222 34 188
293 1.4546504201080166 1.2808086245253729 3.0943735937088315 57 6 4 1.9911890552746663 10 443 7 509 11 335 12 410 13 363 15 361 17 322 8 547
5381 0.77681258317315549 0.68167346819357355 3.8810582735544963 175 109 35 0.78404754192214787 33 231 36 224 34 134 35 165
294 0.52646105562631218 1.4183574709358762 3.5334818609511007 149 105 31 1.3936812122304316 8 549 10 700 7 408 9 362
5382 -0.033639685925122599 1.9333585505320341 4.1265061166904351 60 12 19 1.9080037083643369 33 405 36 230 34 289
295 -0.4112162800047347 1.2510253418924795 2.7879338313216562 101 25 35 1.1160670487334989 8 550 10 600 13 756 7 514 5 320 6 474 17 1208 61 370 58 198 60 207 59 357 18 1092
5383 0.79399273255506364 0.49641468801596278 3.7759223627268685 141 81 8 1.0508202136478975 33 285 36 236 34 216
296 0.45861118783973209 1.21030848251684 2.8164108117649747 65 0 1 0.352753949603897 8 551 10 275
5384 1.477575908324523 0.5715927245907948 3.9472696292587801 136 79 0 1.6000685137154471 33 271 36 241 34 283 35 256
297 0.40759690538877624 1.1535838723763092 2.9096089690272229 122 46 46 1.8108582775894113 8 552 10 397 7 591 13 431 61 777 4 913 3 634 60 476 59 744 57 515
5385 1.4732216291052351 0.62312432486395197 4.0345415438586052 113 50 0 1.0791316823319528 33 269 36 243 34 282
298 0.11012144749202366 2.55352211316369 4.1259510639133143 193 217 239 0.49057591771472447 8 560 10 475 7 424
5386 2.0943362089211539 0.87904743127960172 3.0070698808762875 247 251 252 0.69480525039022423 33 343 36 248 34 246
299 0.31417257438717633 2.5392787574856688 3.5913518106862008 220 161 94 1.7319786416298233 8 561 10 463 7 609 11 442 12 1190 13 796 5 460 6 713 61 404 4 489 58 378 60 520 59 347 57 310
5387 0.80105551032520239 1.9578212878938974 3.1011112932814484 20 40 95 1.7495609283735967 33 288 36 261 34 167
300 0.25809575842376609 2.4973556008552973 3.5769836986982244 81 34 18 2.0915954538281714 8 565 10 621 7 610 4 354 6 572 57 309
5388 0.20911224168807782 0.82901693985596192 2.809857699962341 105 59 1 1.7312114009334933 33 299 36 268 34 322
301 0.63765951504547835 2.3759459817118724 3.0866858193441238 0 55 155 2.2729819035678585 8 570 10 511 12 944 13 619 15 1065 5 484 6 389 7 464 61 431 3 680 4 1086 58 375 60 583 59 582 57 364
5389 0.68394519362654849 0.54899424214226533 3.5323484258358859 114 40 1 0.96049596827228545 33 250 36 273 34 296
302 0.90496698102216777 2.3236646648303987 2.8711646090650547 36 50 85 2.161119717417761 8 573 10 817 7 619 12 1140 13 1203 15 1131 4 399 3 443 58 586 57 584
5390 2.116163767410661 1.0101173230125307 3.0292161665194604 125 46 67 1.7230235097659425 33 175 36 304 34 159
303 1.885819882849634 2.2827260158169516 3.4263550536052141 141 67 70 1.2842246491968692 8 576 10 509 7 448 57 581 61 426
5391 0.025505206061129802 0.97114463359942038 3.3644118707841422 40 13 0 0.91614826339765165 33 369 36 305
304 -0.097024103465022007 3.3145648776767889 4.7804437284064871 19 6 0 1.5379709998642881 8 583 10 459 7 629 11 397 12 427 13 572 15 424 5 458 6 409 17 370 4 749 61 848 3 496 58 749 2 389
5392 0.88165284544184563 0.83176447308266754 2.9752845365489926 207 186 97 0.91564052588254874 33 367 36 311 34 270
305 -0.56178674074550894 3.2805078517514041 4.8852192435840882 174 195 208 1.9035178952184761 8 584 10 356 7 422 11 395 12 421 13 559 9 336 15 733 5 381 6 410 17 536 4 369 61 307 3 280 58 280 59 303 60 278 2 256 18 512
5393 0.6627716050332586 0.55290660065771324 3.5119393518621091 176 99 28 0.79683201235020285 33 447 36 320 35 372
306 2.4630359465973561 3.1479739607617923 4.2845336975386852 103 109 107 2.0579984612878155 8 587 10 352 7 636 12 343 9 337
5394 0.96968616923508255 1.1138838673557339 4.3940334495393545 96 59 33 0.85939536603651356 33 391 34 280 35 414
307 -0.42372889919665135 3.2199122212928999 4.9219331922211831 9 2 0 1.7958003632999109 8 588 10 472 7 433 11 394 12 420 13 558 9 332 15 531 5 632 6 411 4 512 61 604 3 414 58 523 60 539 59 620 57 732 2 390
5395 -0.10859216940076172 2.2800637499698153 4.206633832826105 68 28 36 1.497377662417523 36 336 34 291 35 238
308 0.052832845134652161 3.0847586034743562 4.8068514472661796 160 134 117 2.1853067630728229 8 591 4 275 61 300 3 276 60 164 59 223 57 229 2 332 56 141 55 128
5396 0.78470437957663852 0.54878836283675858 3.7029802589758312 197 120 31 1.1330686278680551 33 424 36 337 34 287 35 379
309 0.23909630840504179 2.5693882267452324 3.6613829760805281 204 155 79 0.870909450634474 8 598 10 619 7 608 5 474 6 546 61 588 4 497 3 516 58 517 60 517 59 464
5397 0.93394344561950204 0.45698516690065738 3.7737218181080956 117 51 0 0.74309839238427455 33 378 36 340 35 355
310 0.18554156443980563 2.0805696343574089 3.0432233405113776 41 111 206 1.7381847747124342 8 600 10 688 11 607 14 719 13 950 6 584
5398 0.95674353786236643 0.87864920194152063 3.0520898921618591 152 112 40 1.9615811334789326 33 589 36 346 34 382
311 1.9063259602580174 1.8975692243630224 3.1342496952441654 222 163 82 1.6313771398370358 8 613 10 367 11 374 12 449 13 379 14 1033 15 1695 7 208
5399 0.2099371845143688 0.93696574124060805 3.35845252770268 57 13 10 1.0487762856621066 33 429 36 351 34 492
312 2.0199672748228843 1.8861874272395687 3.1788638909474716 176 73 142 1.7679535560163444 8 614 10 430 7 653 12 524 13 887 14 847 15 810 5 454 6 729 61 659
5400 2.1527379819441625 0.85442591772908394 2.9845412543952077 144 161 181 0.82933984237683001 33 350 36 354 34 368
313 0.9021966552142382 1.8308825146002787 3.5276823859885504 128 154 162 1.9340523329283397 8 615 10 434 7 650 9 387 6 754
5401 0.89420834663180604 2.0116110203973201 3.1022936385807678 145 121 58 0.79993226351033331 36 378 34 378
314 0.21160944235745066 1.8684138446425149 3.2196748275408016 0 69 160 1.1441042343238517 8 616 10 659 7 648 11 597
5402 1.9608404736396445 1.2352448685166812 3.6357300175578522 68 11 22 1.7845826288707756 33 380 36 381 34 359
315 0.55913955531638082 2.2711964905843085 3.1294613200857659 65 131 227 1.0545775814921705 8 618 10 872 7 662 5 659
5403 0.28347819392862345 0.51332560198847732 3.606763015394606 148 67 0 1.3246453176532951 33 346 36 404 34 297
316 0.94700161238434788 2.2752987102480544 2.8124237843270294 5 8 42 1.9118960522967043 10 335 7 459 11 344 12 374 13 382 9 499 14 328 15 558 5 429 6 327 17 414 61 328 4 398 3 362 58 300 60 279 18 509
5404 0.20567950638162147 0.70680129032731043 3.6906082524317823 158 87 14 1.8129739433349004 33 348 36 405 34 357
317 0.94275903553604201 2.1961374177191071 2.8312451071333737 0 43 145 1.190476492285975 8 626 10 502 11 593 12 565 13 617 9 379 15 556 5 437 60 413
5405 2.1195514973404936 0.87170644751975546 3.0207963287734554 107 115 132 0.9203379628703624 33 584 34 479
318 0.87544233783617476 2.19818712679657 2.9098334147828391 22 105 199 1.3734481800065095 8 627 9 540 14 388 15 554 5 805 17 522 4 1034 3 920
5406 2.0972879883647075 1.1580508367225499 3.0964978725207288 109 123 136 0.34263093717505455 33 442 36 425
319 0.28210327170031851 2.1666959837769153 3.0516413962614641 192 162 126 1.363460530154974 8 630 10 412 7 670 11 371 12 394 13 610 9 381 14 405 15 398 5 664 6 590 17 337 18 324 16 270
5407 0.14686958702983938 0.85276884066513892 3.1418195143366354 92 48 40 0.47937693304047402 33 795 36 449 34 380
320 0.25270073319795477 2.1425775052041649 3.0547194157813342 0 24 121 1.8077015488609536 8 632 10 684 11 431 9 382 6 588
5408 -0.08395796860677561 2.0198672465547456 3.8468948405524568 94 68 74 0.76338510482772559 33 675 36 468 34 471
321 1.6348701110477346 1.3520662196827173 3.0853890345926733 137 95 115 1.0762302977661484 8 648 7 594 5 542
5409 0.23417388996239569 0.92891469964498596 3.3758532893152728 55 20 10 1.5465301137661751 33 963 36 513 34 712
322 -0.20815392518669565 1.383510662798743 2.9739202138970193 218 176 136 0.76811359690273662 8 649 10 545 7 1025
5410 0.92495283762094926 2.1305272620293687 3.0118590664623648 197 179 89 0.94948652089022922 33 476 36 575
323 0.098416311178138594 1.3333868585549482 3.4230142239397372 28 0 0 1.4419943751560982 8 657 10 722 7 698
5411 2.0345765170567049 0.76886201667786502 3.1352754729335239 76 84 97 1.2493686749950768 33 565 36 618 34 501
324 0.71944001810233349 1.367769931044132 3.2446127826108206 101 9 28 0.53255803600674945 8 658 10 531 7 700 3 651
5412 0.971189435873138 0.93262932467954018 3.0753903281309358 200 131 63 1.1501888845171422 33 732 36 666 34 426
325 1.1578505311426968 1.205237854000768 3.2167103949885405 177 64 66 1.2954921633177428 8 661 10 699 61 786 60 725
5413 -0.038267536019388239 1.8176798508533347 3.8212482820314548 160 110 116 1.6774859418879229 33 1351 36 891 34 594
326 1.5659967440580627 2.2091668227529673 3.4828782459870751 147 66 65 1.7202111489464293 8 664 10 629 7 668 11 567 5 441 6 326 9 320 61 660 3 711 58 572 59 809 60 1754 57 1324
5414 0.89959234114970077 2.0461468730642305 2.9779509077811674 89 103 112 0.77642666701614071 33 1525 36 1146 34 519
327 1.9482848039112617 1.2174060522551957 3.0578498860987402 173 165 188 1.3615910526662718 8 669 10 543
5415 2.0948659387558277 0.92554105731455005 2.9991544667370413 120 104 112 1.2350666929440084 33 1454 36 1309 34 628
328 1.2195902898600628 1.211704754260029 3.2030975026632427 174 64 63 1.2884068643468738 8 671 10 547 11 705 12 695 61 1366 60 958 59 1177 57 685
5416 1.6683515880331183 0.67506265078538763 3.0804983226893827 230 240 253 1.226528095565379 33 1594 36 1361 34 875
329 2.0777479907277381 1.3111166079519432 2.9397487478491651 103 101 97 1.8203352507095687 8 675 11 618 9 368
5417 1.4165379058238123 0.68601543371749285 3.0148483939807083 152 135 155 1.7009374523673806 33 1389 36 2224 34 879
330 1.1604582621548571 1.5517405969968392 3.4413906111395489 191 147 74 1.0497352696224194 8 683 10 1001 12 1055 13 659 5 573
5418 0.98271213737191532 0.82644925851536211 4.3099813146185237 113 63 24 1.2294310872623413 33 794 36 603
331 1.3169010546500139 1.5277738905980409 3.7754880056886289 158 148 137 0.30799889391532143 10 374 7 200
332 0.94614119356249338 1.4724559950166674 3.3184265248256608 1 3 14 1.1867563252652327 8 695 10 748 7 1453 13 1981 12 1306 15 916 17 1199 61 764 58 589 60 998
333 0.4204990347834735 1.4318235994279873 3.1847530040272982 54 4 7 2.1190175033272189 8 699 10 716 14 509 13 495 61 957 3 653 58 579
5421 1.4903917087543024 0.81651005855207048 3.2602972373224612 92 13 8 0.98098623333931334 36 36 34 37
334 -0.2619182334128809 1.457285511419655 3.1494088306492514 94 83 89 1.5841886741970317 8 700 10 898 7 1036 13 1473 9 1189 17 2673
5422 0.066136666485915721 0.83931901497878558 2.9718362695277536 37 27 29 0.21382193273435421 36 47 35 117
335 0.45098620805187839 1.4241405949085315 3.3626457751714947 46 0 5 2.1638856145090535 8 702 10 528 1 391
5423 1.1193955323926232 2.0534221969938167 2.8131971848191357 0 0 0 1.2690439184310769 31 55 33 76
336 1.9785806790415983 1.4774534124565508 3.1343485499559645 130 22 107 1.0801341429698101 7 693 13 869 12 640 14 610 15 541 61 702
5425 -0.04545844676800391 0.80384438473346498 2.820821231403253 225 195 45 1.7783936618296377 36 100 34 82 35 112
338 1.1191242999614812 1.469139483191233 3.381546104210913 81 71 61 1.7330275452533515 8 705 10 557 7 737 11 531 12 737 13 945 9 585 14 1167 15 915 5 675 17 819 10 746
5426 1.4551397284566212 0.82662742124817923 4.1525805872987887 169 110 32 0.77817045120247419 36 91 34 92 35 93 38 99 37 69 40 79
339 0.47457899562368916 1.4834749646961884 3.3105430380023195 93 64 39 1.3783169580120258 8 706 10 741 12 1032
340 0.30965798021895352 1.4731978787363578 3.42728428428634 20 1 0 0.83185512508309623 8 708 10 1228 7 990 9 899 5 1201
5428 0.16912086619135547 1.0500768647362797 3.4384791696111461 52 9 2 0.56174165593193015 36 106 35 79
341 0.67250672733693428 1.4973775065119681 3.3711006701273347 52 27 19 1.854801630362348 10 747 12 685 13 678 8 710 15 1210 61 1114 17 607 4 840
5429 -0.1826082370255982 1.0057566847173558 3.193299231101991 125 38 31 1.8334169731036152 36 115 34 166 35 214
342 0.8291334289265675 0.66793831112550472 3.3979815248161631 187 113 33 0.90055996918959602 8 724 10 492 7 751
5430 1.0412364217188299 1.7156022716672135 4.9680301360599506 118 60 20 0.48710237262511585 31 152 34 180 35 275
343 0.15031623332757921 0.80514268863557603 3.070970262359964 163 121 85 1.8025030597832448 10 585 13 513 12 474 14 540 15 475
5431 1.499318594651559 0.95287570966595525 4.2871673202063301 143 91 31 1.2902814802225397 36 200 34 184 35 229
344 0.26588561378041314 1.6446754424496108 3.1433683155238823 27 44 98 0.33231140976108531 8 735 10 743
5432 1.2537596797685144 1.1830063654708836 3.1676416567247858 155 57 58 1.1847071703574525 36 353 34 247
345 0.32422546373370786 1.1116113706060307 2.8124308673097569 208 208 200 0.54548494755114685 8 754 10 604 7 788
5433 0.11584483764871888 0.96797814515980574 3.4102146528535782 52 22 12 1.3165892282099902 33 328 35 239
346 0.95480340209156345 0.98645636340613618 3.0267797943711008 226 171 81 1.5559812742692807 8 755 10 606 12 549 13 526 14 730 15 715 17 628 23 893 21 796 22 1201 25 436
5434 2.088184853258928 1.1906910582218018 3.4455732411049858 141 122 113 1.0599248275748145 33 522 36 406 34 318
347 0.28782369535155106 1.1491036565311885 2.8385170986661517 207 206 203 1.290706859524265 8 759 10 602 7 942 61 796 58 696 60 715
5435 0.89760497750630042 2.1163032623685529 2.9567369823748488 170 207 250 2.4615807940432131 33 475 36 372 34 329
348 0.52357744173769372 1.0344162021240211 3.2370734460746644 162 85 37 1.2671730046397649 10 279 11 211 12 258 13 268
5436 -0.25140028051158059 0.79365922051582438 2.9174318960938108 71 75 69 0.12643224857948682 34 458 35 467
349 0.98049464685278798 0.97502317124846882 3.0466626518534832 62 4 0 1.3664497500085901 8 765 10 791 12 550 13 615 14 553 15 464 17 514 18 463
5437 1.7099642175353906 0.74644362265652731 3.0716852613876693 140 103 111 1.1704396681248996 36 1365 34 876
350 0.65248439459762475 0.81731877770664052 3.4609039054387662 181 86 41 1.2939421114301082 8 767 10 581 7 795 6 654
351 1.0000468898661028 0.92984977170737393 2.9733295560739998 101 31 0 1.8989385096115976 8 770 10 613 5 498
5439 2.2068345407975101 1.738035117271127 5.334568958024251 110 94 78 1.8720213762744036 33 21 35 24 31 13 37 14 34 22 38 19 40 14
352 0.98022579679681265 0.89015888734763626 3.0387651386351182 252 195 77 1.3869996733617975 8 774 10 571 7 745
5440 0.71380142768891264 2.6739138869205168 4.9203490169170649 134 71 20 1.9421533023273421 36 93 34 115
353 0.73882714597357579 2.6013230516307013 3.2982644243173471 46 13 0 2.2370596314033695 12 816 9 640 8 1054
5441 0.63539661508256862 1.7582078079949104 4.8256856276187792 44 20 8 2.1008081060951023 34 224 35 235
354 -0.20996803831186173 2.8138518799918111 4.7550155951235338 218 107 116 1.1944394251527255 8 787 10 800 7 799 12 838 5 463 6 550 4 518 3 404 2 403
5443 2.3107198238274806 2.0775842466315151 5.1789742118720925 55 41 30 2.1563555730073367 33 20 35 23 38 14
356 -0.38446230589062635 2.9011644358158701 4.9306690188930515 154 49 52 1.0568066674949912 8 791 10 1063 7 852 11 735 12 841 13 805 9 606
5444 1.1208804961396834 0.9872959425080523 3.0545186835834253 194 175 57 1.2751935656568185 34 16 35 32 38 33
357 0.46440453109776741 2.4110997836068613 3.3656800819873016 62 95 173 1.5471293345410579 8 798 10 624 7 796 11 566 12 2119 13 892 5 829 2 542
358 -0.034243234687232622 2.394833754703996 4.0483692177740265 117 46 54 0.46997989810707064 8 800 10 1329
5446 0.058304381692800271 0.86271593118136991 2.909177084026167 215 182 43 1.471868774551095 34 80 36 66 35 138
359 0.41729544328625462 2.3143131991261527 3.3025617715355655 0 23 99 1.9802021066781128 8 804 10 628 7 815 11 891 12 979 13 555 9 502 14 392 15 435 5 638 6 765 17 527 2 540
5447 -0.070096687225836798 2.3298538776452999 4.3659310844311676 161 170 187 0.98667282262530287 33 241 38 97 36 131
360 0.30064457728160404 2.3075658489480046 3.4323493491106909 133 102 58 1.1179372574519217 8 806 10 870 7 814 9 500 5 517 4 342
5448 0.9232991103689755 1.8321835089180221 5.0742349013557728 51 28 13 0.71637736179995126 33 215 35 362
361 0.9103745013712855 2.3036126505630916 2.8296018495839999 203 248 253 2.070956737357605 8 807 7 819 12 1145 13 1816 14 2274 15 1736 6 768 17 1883 4 692 3 452
362 -0.10306416386890689 3.2085311619046624 4.7437483727180396 85 70 63 0.88151838228209944 8 812 10 1027 5 794 6 903 4 1334 3 1577
363 1.9481228553791976 3.4199830156563991 4.2692240596574162 142 133 118 2.1431593255337376 8 813 10 480
5451 0.40142891720648261 2.239454508865903 5.0616805060965753 0 0 0 0.80462867478803901 34 5 36 4
364 0.24387922145861854 3.4271613135933028 4.6199298889709528 73 79 74 1.6546905088622108 8 814 10 825 7 830 11 581 9 658 6 719 3 731
5452 1.2120045031292892 0.39487800135349915 3.4855973848716157 136 53 11 1.6713745201567796 38 11 39 11 35 10 40 11
365 0.2143677746159576 3.2975022315224751 4.6039073983668395 72 87 94 0.86976141263779694 8 817 10 647 7 1083
5453 0.46441437414737319 0.44803355720048582 3.4534180848929101 138 49 7 2.1402044747557416 38 12 37 8 40 10 39 9 41 10
366 -0.14889416068251629 3.2880882217110532 4.6543058389658301 59 77 91 0.81780070529382776 8 818 10 649 5 788 4 1349 61 1078 58 907 59 972
5454 -0.10767198131879474 2.1482859693425254 3.9971947120154305 101 25 27 1.0475002304209624 35 37 36 42 38 24
367 -0.12815450276311163 3.3097538159950406 4.7020002124555154 135 137 142 2.0832811963236324 8 819 10 831 11 961 5 934 4 1942
5455 0.46021186646565676 0.86985734121432168 3.2445154761120252 82 8 5 2.3913434352776353 35 33 38 26 37 28 40 13
368 -0.52973607200030703 3.3142529761302941 4.9391517034154884 79 80 75 1.4124182284775264 8 820 10 832 7 834 11 766 9 664 5 635 6 724 4 754 3 685 2 515
5456 1.0641890087417329 1.2533170801930822 4.3819774847199513 115 84 64 1.4008188994104196 35 40 38 34 37 38 40 41 39 25
369 -0.027663162556342401 1.6277111553088575 3.2456623581365309 0 46 137 1.2012117737355466 8 828 10 744 7 718 14 951 15 660 17 1125
5457 0.31238975262285318 1.1681123808371705 3.5565911491582716 59 14 3 1.5947960438251576 35 45 38 51
370 0.22191992940127461 3.1536947080452169 4.6393680656918548 34 28 31 1.3322960783705284 8 832 10 769 7 841 11 764 9 668 5 627 3 870
5458 0.8672231606323334 1.0837216885338414 3.1866445372930023 100 13 4 1.1129065160097626 35 53 38 60 37 63
371 -0.45486649796281464 3.1304643319651637 4.8178827847659207 46 59 68 1.805834653665326 8 837 10 837 7 842 11 576 13 565 15 702 6 733 17 734 4 744 61 863 3 690 58 911 60 1090 59 975 2 511
5459 2.1698543083968369 0.82845852752816651 3.0945600297569515 86 103 110 0.61551426427825573 38 62 40 68
372 2.3878419592401157 3.0776253065432093 4.3255131740728796 31 6 0 0.86959477571271981 8 838 10 828 11 457 12 650 13 588 14 1040 15 1422
5460 1.336021449961041 0.84750934530925459 3.2739671866372388 113 19 23 0.24915388609782027 35 173 38 89
373 -0.40815636433092117 3.1210316882690221 4.8852923399037165 83 63 67 1.4945334560223227 8 839 10 839 7 845 12 820 13 785 11 726 9 672 15 759 5 1066 6 735 61 1073 4 743 3 881 58 1234 60 1089 59 1221 57 1725 2 674
5461 1.4800514216897289 0.70036592617765003 3.987649938454541 175 115 29 1.500143457956447 35 103 38 103 40 78 37 68 39 65
374 -0.23786534661953582 3.0960646533021361 4.7598469449365099 153 118 108 1.7210862891253433 8 842 10 838 11 724 3 691
5462 2.2317349693405131 1.0197867162163397 2.8932356598009461 138 132 120 0.8329690498710669 35 121 38 112
375 0.36620476410812292 1.8079550262246444 3.3389664784523019 29 47 113 1.4555767281769352 8 845 10 674 7 853 11 661 9 696
5463 0.87497471335133725 1.3014946427689469 3.1691172352805612 146 120 105 0.19648602900460205 35 90 38 120
376 0.0060981618101571778 1.8243032829482722 3.2413207688755832 1 22 121 1.2108899246961191 8 847 10 731 7 862 11 592 12 727 13 946 15 858 17 910 58 553 61 896 59 672 6 1252 57 578
5464 2.0777480481184676 0.82744384537017712 3.1513130235245645 132 145 157 0.78613219151888691 35 192 38 127 40 118 41 173
377 1.2251773303288114 1.8289995086567836 3.6381513723079459 180 188 199 0.83776411573162246 8 852 10 660 7 647 12 885 13 850 14 822 15 807 17 555
5465 1.839310719118544 0.72147169737776895 3.0596208705863286 129 137 148 0.92119019767717436 34 161 38 136
378 2.0642668757586029 1.831346150502507 3.1699167765126273 146 37 116 1.4288126728671913 8 853 10 421 7 659
5466 1.919691843631109 0.73559908071585067 3.0029573995423 148 85 104 1.8657293518700204 41 137 38 141 37 88 42 264 43 538
379 0.40698364032646389 1.8643266929620499 3.3507896252429421 11 9 39 0.60566626643005028 8 854 10 863
5467 0.281122212630116 1.0117409114063933 4.2046431511267039 126 52 6 0.67525286505897708 35 155 38 151
380 1.766268664534784 1.6182564157360939 3.310220637267645 245 171 122 0.74797071172199503 8 855 10 670 61 739 60 659
5468 -0.049529988374855317 0.18541694447444551 3.7097445615930473 145 67 11 0.83380915354178387 38 153 37 85
381 0.14750994828523245 1.9410696826919227 3.218659783746411 7 72 156 1.0663894581530551 8 859 10 662 7 904 11 834 5 810
5469 1.6205028273841615 0.70296831615846622 3.8442547361740695 165 97 24 0.89617106179136252 35 220 38 160
382 1.7774864965018577 1.7136490495194039 3.3185352869736113 233 184 143 1.3563618829968036 8 861 10 393 60 900 59 1070
5470 1.8867151014360277 0.80106209034269416 3.1761247577347387 136 150 161 1.1559880093957746 35 194 38 167 40 117 41 176 42 319 43 339
383 0.33198019216239483 1.6299364195065953 3.3518367723383022 187 165 77 0.73016428354040119 8 863 10 550 7 550
384 0.024718483473590309 1.6766365875758733 3.2506313179087729 0 47 141 1.1953132566197124 8 867 10 739 7 879 12 1024 5 511 6 400
5472 0.32376557240151688 2.3631428831042389 4.4897058495705391 131 114 96 1.0448642327169664 35 30 38 25 37 16
385 0.41606256660969454 1.7437465138679407 3.3638598683135426 147 141 151 1.6149374758586321 8 872 10 667 7 622 11 579 12 618 13 593 9 393 6 356
386 0.84503618648559964 1.7673136407671186 3.6589179902979692 159 176 182 1.0867747227033133 8 876 10 1020 7 865 5 817
5474 0.36639670178498446 1.9025290076133545 3.699941129339126 15 7 4 1.7452470218870351 35 77 37 56
387 0.35159270693950528 2.1062643269684673 3.1471906527331259 179 155 80 1.4429686040682246 8 878 10 890 7 956 12 890 9 677 14 889 15 1124 5 439 6 739 4 691 61 888 3 450 58 769
5475 -0.090191774112245243 2.1024637786819129 3.9103861916562033 102 24 31 2.4105362207764731 36 163 38 159
388 0.82209895971200342 2.2227030900015814 2.9471627071861404 35 103 202 1.441122223750356 8 883 10 632 7 882 12 947 5 811 60 558
5476 1.4760367386562825 1.4496536283891053 6.0742522737807763 149 140 125 0.2244415260260535 35 3 37 1
389 0.42967542966681121 2.1621763335284472 3.2599216049727002 0 11 91 0.10157623319852102 8 884 10 884
5477 2.6754897135266051 1.9824057966359179 4.9291160646156742 65 55 46 0.70294043621298774 38 6 37 4 41 4
390 0.3826223997457564 2.1379995343232556 3.1963881219525998 30 56 131 1.4469513582637223 8 886 10 887 7 887 11 788 12 892 13 854 5 802 6 951 17 784 3 1178
5478 0.94361363555851185 0.51971583797554566 3.5353853505171298 215 176 23 1.2755279518426907 37 6 40 9 39 10 41 9 42 8 43 20
391 -0.10028726134903228 2.1287892123117453 3.327058488269969 20 87 175 1.7820917518456076 8 888 10 686 7 456 9 718 7 886 5 662 2 361 2 1109
5479 0.7748337131637506 0.40011896753695408 3.2970637533031657 95 7 3 2.4683268013503192 35 12 37 12 40 16
392 0.45252127923767249 2.114592991915361 3.2916723810003825 49 87 172 1.9007639471250357 8 891 10 341 7 630 11 430 12 397 5 655 6 587 9 521
393 1.0021420646680144 2.1122945984981443 2.7146135760178574 123 80 3 1.6128690364289355 8 893 10 885 7 897 11 625 12 941 13 908 14 809 17 1490 15 1172 58 792 60 918
5481 1.4479204179797756 0.53990004848053974 3.69867935152481 130 54 10 1.6616748768004495 38 82 37 66 40 76
394 1.2123075146719628 2.1621035767090899 3.5183999986658945 121 134 140 1.4934756743253537 8 897 10 988 7 884 11 892 9 698 5 663
5482 1.4099842641061255 0.53986112973719291 3.2011389551390366 104 74 66 1.1445281377162462 38 125 37 97
395 0.99025928367884364 2.0879246165730239 2.7519544007119845 232 215 48 1.5064984584314267 8 898 10 432 7 674 11 377 12 443 13 393 14 376 15 312 17 314
5483 2.1703712267444839 0.6861241353826798 2.9041486400137666 137 130 120 0.32142114839614677 37 54 40 46
396 0.22807113409736599 1.8906206723409784 3.2092337872231504 57 123 216 0.58818812988843472 8 906 10 1022 7 1445
5484 0.57688153969164158 0.25960428847163608 3.31219899320554 146 63 21 0.64503189170686659 38 154 37 96
397 0.35130273100775822 1.6069272219301318 3.4218677067014887 29 20 41 0.99066018837821412 8 916 10 742 7 1282
398 1.2966000287312245 1.4956967071588596 3.390728126302792 205 154 91 0.73916501976429472 8 922 10 1151
5486 2.2301719560891295 1.5954308558464527 5.6323918714206842 97 87 77 1.1411845863618439 37 11 40 8
399 0.54166048166534353 1.4498022265490376 3.5935609148177563 154 112 38 1.4964470603619686 8 923 10 922 7 987
5487 1.156684169509854 2.04478452741429 5.035945627263712 124 53 9 0.024310429750868393 37 35 40 21
400 -0.32145775212384003 1.5258689558184597 3.1459663463660288 227 204 156 0.45032692736593405 8 924 10 1210
5488 1.0742191407973138 0.90499634045326571 3.0324155392943988 208 179 76 0.69846187719402231 37 30 40 24 39 37
401 1.2370380651204254 1.4846027225433378 3.3616459244043639 238 173 120 0.54463680463930164 8 925 10 1401 12 1022 13 1341 15 1315
5489 1.0532304795304495 0.44230976140108119 3.3177101373120998 209 185 58 0.79859295153977361 40 28 39 18
402 0.9513369390448756 1.4941487053735647 3.3060988824745281 233 252 255 1.4045267140739284 8 926 10 918 7 734 12 1014 13 944 14 1168 15 908 5 674 17 649 61 932 4 765 6 609 3 558 58 1050 60 1000 59 658 18 454
5490 0.49786869435143077 1.8553821821213565 3.7905277858565007 111 93 71 0.48880328900035441 37 48 39 45
403 0.4441874203791667 1.822544828615049 3.3645229341420859 9 26 108 0.83149441110433608 8 942 10 1018 7 1469 5 1372
5491 1.4315345854295354 0.39418447805366091 3.6314912511903876 194 171 91 1.366640449205915 38 75 40 36 41 52 39 42
404 0.4958744418265798 1.7407989248698037 4.1053789105690228 155 144 124 0.90147079090492066 8 945 10 880 7 855 5 654 6 581
5492 1.1176525410019043 0.3609326647867675 3.2633180505011192 209 182 48 1.0818060608924298 38 35 41 32
405 0.45820629373798955 1.7520626664018115 4.1633091368497581 38 14 0 1.051485682497515 8 947 10 865 7 867
5493 0.15718883342199377 0.77093056024904705 3.7661094387853851 197 169 59 1.214397069240666 40 43 39 47 41 56 42 56
406 0.05922189562053954 1.8668275302473301 3.1430441429046265 8 86 170 1.5488992153817438 8 950 10 866 11 650 12 1057 13 919 9 735
5494 1.371868006675 0.75634210840468463 3.1146836642374924 149 115 139 1.7119746016818282 38 122 40 70 41 89
407 1.1152063890465977 1.6292819472417284 3.6132516808813975 8 5 6 1.4130199659555924 8 959 10 734 7 1006 12 724 14 674 15 900 5 581 17 2164 61 724 4 458 3 416
5495 1.5421948678185795 0.75647973105460298 3.0610291013901039 147 139 152 0.093909497840776388 40 119 41 175
408 -0.22637807740056884 1.2876290380241009 2.9709127406611016 116 58 44 2.4395918413407589 8 975 10 951 7 1207 9 914
409 1.9639205418636154 1.2436211802221153 3.0689938641835073 119 124 147 1.0501760297698624 8 985 10 903 12 687 13 674 14 686 15 438
5497 0.31511849200983411 0.64359559591913484 3.729988160060862 119 52 7 1.2931119066087224 37 39 39 46
410 0.65634220122913756 1.2406739595871197 3.2008826589005968 144 61 58 0.9113530761963986 8 986 10 956 12 1246 61 936 58 1034 59 1181
5124 -0.36367606342041037 1.1628566087735046 2.7328992256795455 90 37 45 0.69121731809052256 54 37 51 118
5498 1.9653674398524767 0.86941849205519195 3.2321325394598488 108 116 118 2.2348197298462438 38 174 40 116
411 0.68628665458094629 1.2323480055477694 3.237651464256659 160 61 55 0.94258459659778326 8 987 10 709 11 710
412 -0.39793541344613537 1.2735215054231999 3.2902508545240843 129 120 108 0.8516857441768656 8 993 10 1253 7 969
5500 1.3053083193545898 0.82023334389902303 3.1340389880362718 157 41 55 0.85904693290103984 40 3 42 5
413 0.92401864618884688 1.0845971543084061 3.0423100658328441 72 5 0 1.326625513871599 8 998 10 601 7 593 12 554 13 749 15 1005 61 795 58 697 59 747
414 0.32304896024184576 1.1619697944189364 2.7860408906371457 96 104 107 2.1283921653155744 8 999 10 1175 9 980 4 1726
5503 0.15148196597791652 0.79863438287190236 2.9845917651844815 95 25 16 0.9234115797168323 40 48 41 47 42 47 43 58 45 135 44 78 48 119 39 54
416 0.87334627860416114 1.468307797996055 3.3119230164303035 66 14 26 1.7357980779484832 8 1025 10 921 12 1295 13 1369 7 1561 15 1195 61 681 4 776 3 739 58 927 60 702 59 929
5504 2.0146397433660637 1.0003892743789304 3.3552754728687471 146 138 127 1.6211259340447306 37 44 39 55 41 93
417 1.2764529807260654 1.4474076440039274 3.4734074116753044 124 73 28 0.30606866339088246 8 1026 10 913
5505 0.03719627491193106 1.0228420591560996 3.3577477974052297 98 47 18 0.079706588650980889 37 45 41 64
418 0.68343205080654101 1.3370383915443329 3.214778614033563 158 75 90 1.1941502835424371 8 1030 10 891 7 1024 12 1237 13 1023 14 979 15 868 5 739 17 918 61 948 58 1039 60 1021 57 1629
5506 0.89445141324325494 0.81401764966886392 3.6970795323494521 138 61 5 1.9968536456498196 40 39 39 64 37 49
419 0.51666490673850174 1.3437392607335281 3.1387040587573223 22 0 7 1.4904723975045377 8 1036 10 539 7 1585 12 2066 13 1626 9 919 15 1403 17 1624 61 698 58 1160 60 2129
5507 0.77972250114149044 0.43848000780031493 3.8068806226891172 122 65 12 0.62305202094453804 37 73 39 66
420 -0.26368300288067642 1.5174135642863027 3.1741325471439996 233 204 98 1.5936163788581603 8 1039 10 895 12 1474 13 1496 15 1458 17 1271 61 1038 58 881 9 1057 60 891
421 1.64556996892151 1.3221131813093345 3.4895208379154581 150 129 130 1.5229980738672062 8 1043 10 714 7 396
5509 1.8431900021521173 1.3523217125816427 5.1269605042286637 111 102 93 0.13447256846922714 39 22 41 19
422 0.25667357640385591 1.4088952904736887 3.0643846378975095 146 122 140 1.3593336007631112 8 1045 10 705 11 512 12 788 15 2099 58 602 4 804
5510 1.0411993869199834 0.50584642750771691 3.7087334443893418 124 53 9 1.2101927602735247 40 30 42 39
423 0.018219234476632751 2.5839108597694693 4.2831017712324906 143 145 166 1.2656477264973223 8 1050 10 805 7 1135 5 897 2 1049
5511 0.61387281425975193 0.47175477330760551 3.2285515616384202 229 203 83 2.05334510304976 39 28 40 27 41 30 43 59 44 49
424 0.10963218762541875 2.6068338482685887 4.1200630998252334 200 224 248 1.363802661730469 8 1053 10 1109 7 1133 11 794 6 1189 61 912 4 670 58 503 60 1158 59 633
5513 0.18090230090855391 0.96248999515664535 3.450544539993492 62 14 2 0.72803156357943311 39 43 41 62 42 58
426 1.7108007928049127 2.7418420840134856 3.760140471169739 72 16 17 0.57956134621589595 8 1061 10 1024 14 1412
5514 1.7550698023341562 0.75381678072893732 3.1855242601760754 98 100 104 1.0293671194295912 40 94 41 99 42 116 43 291
427 -0.27856453515060542 2.8291961978240217 4.8295988895731643 135 23 28 1.4308186974391679 8 1065 10 1047 7 797 12 1171 5 767 6 705 61 573 4 892 58 541 60 805 59 573 2 1041
428 0.61430803887804275 2.4535929696172749 3.2560684026593738 158 139 81 1.3922048344110454 8 1067 10 1104 12 2084 13 3074 61 919 4 671 3 509 60 534 59 592 57 726
430 0.20839097161823433 3.24686752781375 4.6629778333302649 60 77 85 1.5875615288676492 8 1086 10 1120 7 1087 11 960
5518 0.1583733820959774 0.96154832104487731 3.3349876288383653 52 8 0 1.0593794968851278 40 137 43 189 44 301
431 0.22924943832869729 3.2580752535596513 4.6308652975366611 140 151 153 0.49235396789383779 8 1087 10 1380 7 1085
5519 0.5405386562307678 1.9845919508911585 4.0810769220278562 23 6 6 0.99483698181930635 39 7 42 6
432 -0.14227189324507006 3.395731431980122 4.8037817579537165 51 50 46 1.2832617336942038 8 1092 10 1348 7 1077 11 954
433 1.9736340736458953 2.9586876774866959 4.2619458386055902 196 120 122 1.4405195496394136 8 1106 10 1026 7 764 12 1553 13 1613 5 757 6 917 61 1183 4 1943 3 1122 58 970
5521 1.4911267868581386 0.71289387296258355 3.2104263231017907 104 68 72 2.0455446799545864 39 17 41 15
434 0.094183921678666849 3.0936127376785794 4.7345764149568224 116 31 34 0.55003075224669207 8 1112 10 836
5522 0.56499192931520037 0.63290504924789737 3.1413880262410818 184 106 115 1.7426736154612816 39 30 41 16
435 0.17800810435402942 3.1539506005579105 4.7508928444798357 191 193 198 0.51004481164740811 8 1115 10 1408
5523 2.1474850054157568 0.80655726900315516 3.1056584627811965 84 98 111 1.5844524315147568 39 49 41 103 42 132 43 205 44 285 48 326
436 -0.45845431950784288 3.1620088517524798 4.8407160764525328 166 173 179 0.74437392573084793 8 1116 10 1033 7 1091 5 795 6 907 4 996
5524 0.22918733631922397 1.0297240157726717 4.0739732783000582 223 190 54 1.6078953169471684 41 26 42 26 43 26
437 1.1396248972842555 1.8933998689263594 3.4554587845004878 51 65 59 0.16520887155783412 8 1145 10 969
5525 0.75565550542229076 0.89631360245013247 3.1379501161239611 108 9 0 1.896139263164923 41 78 43 70 44 86 45 90 48 83
438 0.91258656798447868 2.0031671714544337 3.1148947098275648 141 128 53 0.75701742969505681 8 1157 10 960
5527 -0.0038030253646593373 1.0853143722146352 3.4448195971997149 4 3 0 0.71343324612158365 41 61 43 143
440 0.85158098947322891 2.2759389727193091 2.8241627794280868 37 95 183 1.7717532028074832 8 1168 7 1425 12 1155 15 2974 10 1333 57 1800
5528 2.1671815384664703 1.8984197969043621 2.9652041648301872 5 22 40 1.3529197120654251 42 78 43 50 44 111 45 54 48 60 46 63
441 0.67684629618970393 2.1813185091194724 3.207013752882006 0 43 147 1.2346517671440966 8 1192 10 986 7 1122 9 538
5529 0.8319643494240625 0.45983211290377674 3.6276229302683674 222 177 32 1.5559447150564722 41 81 42 111 43 153 44 190 45 237 48 309
442 0.71077885778295691 0.58559628440070133 3.2896676462256327 153 101 2 1.3512523716200417 8 1205 10 1089 12 507 58 664 61 751 60 711
5530 0.72215513943709442 0.5372465604704989 3.5560041106467537 135 47 3 2.5492718259243738 41 113 42 112 43 123
443 0.21207994863016558 0.79622912577458693 2.8523930644502236 207 184 60 2.0252553213598938 8 1211 10 766 11 540 13 694 14 291
5531 1.504759165135797 0.77129588207617883 3.0928313899600708 45 15 27 1.333210771665067 41 100 43 167 44 199
444 0.31650801640645232 0.7450694311766578 3.1041421038839925 227 190 98 1.7383855009610261 8 1213 10 314 7 299 9 198
5532 2.3534092273703573 2.2596518811155275 2.9773171034516532 153 134 120 1.8362145190422643 42 137 43 171 45 117
445 0.041629489956900474 0.90412127242508 2.6613987971265742 149 102 0 0.93245393006079769 8 1215 10 1094 7 753 12 774 58 663 61 775 60 712
5533 2.2028430706118747 2.0154485503162736 2.9118611183347283 229 215 82 0.56282316692503698 42 138 43 172 44 195 45 205 48 197
446 0.086454838309474674 0.91651726723910099 2.6629014030392861 159 122 0 1.0730094599896622 8 1217 10 1096 7 971 11 994 12 1214 13 2065 15 951 17 1100 58 1029 61 1340 60 1227
5534 0.87332541181359735 0.54332555181013309 3.7099121052903041 140 73 3 1.5124737423440082 41 153 42 162 43 151 44 192 45 246 48 124
447 1.6826974383510847 2.9502385789709291 4.1861050971893441 139 57 60 0.03546193418587669 8 1229 10 1692
5535 0.21563573659593493 0.9182820921597874 3.3683629920613218 95 63 50 0.2684933521280477 42 175 43 190 45 360
448 0.19640731350947216 2.4528690399477902 3.6176684698595016 187 185 136 1.672042704571125 8 1231 10 1116 7 1347 11 1691 5 616 6 748 4 503 3 501
5536 1.380204644938694 0.84146791554168388 3.311650190062748 62 3 9 1.0901070829444102 41 165 42 192 43 176 44 194 45 331 48 327
449 0.15686259356249571 2.3799085807209748 3.6141052561546361 174 132 92 0.24246991860231143 8 1233 10 1086
5537 0.7636931342780281 0.53358308095656248 3.6863997872950689 208 143 44 0.86235232425476149 41 192 42 210 43 326 44 472 48 536
450 0.91085230428564301 1.1522176544245231 3.2372926463593106 57 1 1 2.1849062797342254 8 1240 10 1081 12 1463
5539 1.4683684795392629 0.52507862670586036 3.9196795185936661 187 144 50 0.73501602109676956 41 220 42 309 43 384 44 462
452 1.8701674221846725 1.0709655561846216 2.9533947022171811 121 28 43 0.94049743551757159 8 1252 10 944 4 1523
5540 1.8104352645337927 0.73557303197189849 3.0083797004724424 111 59 83 1.954034633427967 41 234 42 363 43 371
453 -0.0027690796049276512 0.94500983853376352 2.6377446330876038 246 210 65 0.89826498647979047 8 1267 10 1199 60 699
5541 0.87689264697950597 0.45810300943719817 3.7384024759512831 216 162 65 1.2480298337401821 41 193 42 376 43 251
454 0.1314101264988036 0.90349986962368256 2.8014724792549797 163 109 21 1.2168049146181761 8 1268 10 1052
5542 1.3432254974898346 0.79014559271725071 3.2513066556004113 128 122 130 2.116760648425994 41 179 42 399 43 263 44 344 48 999
455 0.61720526630332173 0.78672420514438313 3.3459275075855861 150 88 0 0.62922961529769705 8 1276 10 1398 7 1260 9 631
5543 -0.17729885625211239 0.75028025628430284 2.8784527704027072 54 79 86 0.88623865916156275 41 287 45 600
456 0.87501028447628826 0.93445633086811397 2.9702268800760727 139 42 8 0.38896167945390492 8 1286 10 925
5544 0.040599618845206721 0.75574582618568953 2.8715706271938646 149 102 0 2.0264557728975596 41 283 42 655 48 1416
457 1.0204684622825233 1.2913770536830491 3.1877889100022641 81 105 123 1.2890685002513163 8 1296 10 1410 13 1305 4 3167 3 2334 57 1183
5545 -0.18509339587685009 0.72950002018753124 2.8875734462824454 54 62 69 2.0755812883939249 41 356 45 988 46 671
458 0.46678776056724641 1.3945750261678322 3.5844089788807265 87 73 73 2.4020699176275704 8 1301 10 1223
5546 0.45263327930852071 0.74906502084198945 3.5167392900874908 145 68 2 2.6027437483412923 41 154 42 214
459 0.76541507494140304 1.3058389998408444 3.1767383922662416 87 108 127 0.75287248183305666 8 1307 10 1474 12 1477 15 2134 61 1616 60 2096
5547 2.681738705914261 1.3592508244108816 5.2844275531949467 129 122 114 0.71617201163308852 42 7 43 7
460 1.5011024775570083 1.3884077981653331 3.345528467822942 62 51 49 0.4914638159567481 8 1319 12 3028 9 1010
5548 0.46484501553927832 0.48864798973532159 3.4687234113430985 134 55 17 0.015074420643920014 42 9 43 13
461 1.4480040212008356 1.4619997570162899 2.8932046290650466 164 144 155 1.6496380164979583 8 1327 10 1449 11 1139
5549 1.8533174622427191 1.2308501660478446 5.4092652577695866 81 74 68 0.45138853344220531 42 17 45 16
462 1.7941928880151852 1.4037246545786721 3.2057562767501184 133 23 104 1.6351146448986527 8 1329 10 751 13 662 12 379 14 602 14 879 15 595
5550 1.3422936940543846 1.0610061503929611 2.981026092786665 151 32 52 2.3140683066441396 42 12 43 23 44 16
463 0.023995746284805022 1.3878364916646391 3.2906919187711394 108 68 17 1.7605228405731725 8 1330 10 1433 7 1599 12 1467 11 1153 13 1499
5551 2.022165530391109 1.8687393524705254 3.0663491904022981 168 197 215 1.1154256048492348 42 29 43 42 44 39
464 -0.38329070187591519 1.5663652156325252 3.2932087800170091 129 103 26 1.3030877044233631 8 1335 10 1232 57 1082
5552 0.43950478083100092 0.60864940468752571 3.4886683014851303 125 46 7 1.0770898371462767 42 34 43 43 44 75
465 1.7574724829646899 1.6062930178383814 3.2071451374248507 127 52 81 0.95246740477934855 8 1345 10 992 7 1292 13 1724 9 767 5 1021
5553 -0.052421466583822442 0.88431169646093433 2.7232787337036224 223 201 63 1.2476852524166326 43 48 44 40
466 0.065242651003385693 1.663469664442162 3.2038478441357672 0 56 152 0.74253448827937085 8 1352 10 1002 12 1026
5554 1.2271765739109213 0.86810701315191052 3.3142836006897989 109 11 10 1.2980611440487875 42 44 43 72 44 134 45 114
467 1.1335141698112237 1.6791452564205744 3.588171692553312 27 48 70 0.76163030679539201 8 1360 10 1013 7 1004 5 945
5555 0.99867803954260226 0.44039802310665588 3.5654772480856289 218 195 94 1.058793365128506 42 68 43 80 44 54 45 94
468 0.96994180942726804 1.6827850982558781 3.5789331070670438 1 13 21 1.5773057612741308 8 1361 10 1011 7 1183 11 816 12 1358 13 1572 14 1873 15 1931
5556 0.19139124151362633 2.1450847323543272 5.4252785759664555 118 109 94 1.2616730127002138 42 52 43 89 44 96 48 145
469 -0.11788351350149766 1.4946154584032103 3.3445867231600492 141 114 85 0.96954420590192814 8 1375 10 1419 6 1050 61 1696 4 844
5557 0.21624677557047237 3.1347676000463998 5.8739076288775713 160 151 136 0.39617481991242443 41 53 44 127
470 1.171793746616191 1.4934637289618804 3.3512387824588887 218 169 96 1.571799078550381 8 1376 10 1418 7 1274 12 1747 13 1970 15 1295
5558 2.130446373375273 0.90725546531407641 2.9837438639486473 184 211 232 1.3176423566510835 42 77 43 92 44 113 45 77 48 78
471 0.42466456987584789 1.4787507492105887 3.4899654491289471 158 129 95 0.47130275481853512 8 1378 10 749 11 870
5559 1.4321410458295398 0.39686548585995712 3.8159384247267232 145 136 120 0.58627582506637865 42 98 43 93 44 81
472 -0.16891354787586313 1.5281203631788807 2.9847097692139362 134 91 5 0.30139818697983689 8 1379 10 1220
5560 -0.39495530769287707 0.83969419776849585 2.9394691346138777 84 84 94 0.35561485615279576 43 96 44 124
473 0.68330229673663156 1.5239152841196002 3.4017587267791427 98 50 0 1.6104955387203523 8 1389 10 1520 11 1340 13 3197 15 4093 12 2793 4 1128 59 1065
5561 -0.29817471869086076 0.80253461880100208 2.9242962165121975 41 10 8 1.3761204757047045 42 83 43 98 48 248
474 0.58155421019569986 1.5259692082619256 3.4594464258459459 181 134 82 0.99741980865432223 8 1393 10 1153 5 1625 6 1053
5562 1.5084983930002291 0.44245937563761578 3.7667080898683487 144 68 12 1.5558586076881944 42 107 43 99 44 129 45 134 48 127
475 0.27967695171069867 1.1755922727272201 2.856862938558546 128 113 108 0.8971452206507029 8 1468 10 1179 12 3021 61 1355 4 1325
5563 -0.22989013211664408 0.72206216919862287 2.884829079374029 13 9 10 1.2879064643102747 42 86 43 101 44 119 45 130 48 123
476 -0.43998197468042449 1.2694529862159767 2.8542871344367358 140 48 52 1.3150983282268931 8 1471 10 1590 12 2607 13 2131 15 4011
5564 -0.225449733348183 0.74452524340739357 2.8434067820850051 156 184 205 1.4278179718265838 42 195 43 105 45 189 48 374
477 -0.3654400435501885 1.3133959447078085 2.8852996808397626 162 138 128 0.53678276418390447 8 1477 10 950
5566 1.5091906911363053 1.2977365238091618 3.0088281610151717 208 116 193 1.9872252203759093 42 227 43 117 44 109 45 80 48 62
479 1.5901813716847681 1.1393818228709958 2.8862647057963176 157 128 127 1.0358319336343509 8 1502 10 947 13 1333 12 1250 4 1552
5568 2.2457573263355051 2.3307429601013965 3.0551308553901668 204 202 160 0.4598045145997201 42 134 43 120 44 138 45 118 48 137
481 0.46781619078863862 2.4413263053178036 3.3792073088276604 65 17 30 2.0117242973127678 8 1517 10 1123 7 1130 12 2407 15 4845 3 716 2 665
5569 -0.11836147587454766 2.2483355310990967 5.3048641685090185 155 145 133 0.73001471016718977 42 104 43 135 44 145 46 130
482 1.9932414103004297 1.4861415486546272 3.1234932556421735 208 101 179 1.6145404269852279 8 1520 10 1147 7 1319 12 1039 13 982 14 1748 15 2484
5570 0.0125238827114258 0.77493573614151634 2.8459654488006141 117 70 0 0.74127766549450258 41 127 43 160 44 179 45 182 48 351
483 -0.28285435096296746 2.8062496666639198 4.8363706064669376 195 84 89 1.1443427414967668 8 1556 10 1294 7 1370 12 1529
5571 1.6190675600864082 0.89151687690402726 2.9802494358862228 152 71 83 0.92658607181648767 42 131 43 170 45 209
484 -0.12725061487745246 3.1106143574657241 4.654401852470162 95 3 16 1.0514800899058834 8 1575 10 1701 7 1498 5 1388 6 1213 4 1907 3 1161
5572 2.2130004491082786 0.98178824939956311 2.9362240042903229 133 143 149 0.89042974061552127 42 139 43 173 44 198 48 194
485 -0.48561350859837416 3.2521010053916766 4.8426669928513233 185 193 196 1.3054889450713014 8 1585 10 1400 6 896 5 1379 61 1080 58 1227 59 968
5573 2.0758734532687706 0.79444625601386509 2.9724155266993217 146 178 199 1.5254218435940605 42 223 43 198 44 279 45 202
486 -0.15123239773967206 3.3731015710418562 4.7359619742004231 156 168 174 1.4159788811694265 8 1596 10 1395 7 1528 6 1606 4 3116
5574 2.2676155653296335 2.3200929411298374 3.1383737516972756 124 142 162 1.6439690236759978 42 268 43 202 44 308 45 320 48 332
487 -0.16858383274434022 2.8544968871205021 4.7735656171539826 201 91 100 1.5136612619067422 8 1606 10 1056 7 1368 11 1026 12 1543 13 3841 5 1079 61 1424 60 1063 3 1103
5575 2.1595810130641016 1.3878188458542382 3.1474475866939882 184 112 123 0.59356957038956681 42 128 43 203
488 0.050821648811899482 2.8148330185554169 4.202441821699697 115 33 63 1.5169665690762715 10 1055 7 1058 8 1604 11 1187 5 769 6 995 4 962 3 854 59 1352
5576 2.0239888867024018 0.81039841128382006 3.0680441980166564 176 182 198 1.6611154104641397 41 172 42 267 43 204 44 283 48 364
489 2.2287177975215422 2.8772125675719948 4.2861312013189998 226 128 135 0.6323074591726271 8 1614 10 1030 12 1117 13 1125 14 2020 15 2392
5577 2.3993003812341107 2.4264617128259904 3.0510074557138993 153 141 119 1.5150901503874552 42 261 43 206 44 292 48 549
490 1.3364945128449701 2.2287587287121506 3.3072822927830248 168 162 157 1.3428737665948378 8 1616 10 821 7 1413 5 1248 2 691
5578 0.24423959397588971 1.0482664878688781 3.6002948668366934 95 64 46 1.1232405146226476 42 203 43 236 45 310 48 270
491 -0.46790363397144419 2.9543547964103296 4.8254915647336611 169 138 122 1.8041971143563629 8 1617 10 1054 12 1546 13 1547 15 1133 5 1404 6 1633 17 1061 2 506
5579 0.7889438541663899 0.61172614129881087 3.6466591067440963 153 74 33 1.4016422201949255 42 206 43 246 44 324
492 1.9496842732002468 2.9433838397620105 4.2274878505543692 80 4 4 1.8747530784051798 8 1619 10 1694 61 1835 3 1864
493 -0.4114436862525816 3.0155082000778144 4.7685806784598652 102 11 27 1.0330280276742061 8 1625 10 1038 7 1060 5 1056 6 1170 2 1086 60 3122
494 0.36627107996573188 1.9310513451074329 3.2507627667237262 5 2 4 2.2567899148037736 8 1638 10 972
5582 2.3106032947513504 2.1945941951900405 3.0401951142328154 115 126 116 1.6649460679887449 42 260 43 279 48 567
495 0.17295079062482169 1.8523132674530414 3.21612129003509 4 65 156 0.42555083774804708 8 1676 10 1769 7 2376
5583 2.2440996191103095 1.9797467220428815 3.0371096383890905 147 142 138 1.6484302489566918 42 263 43 280 45 377
496 1.2195734104838771 1.8081121526292971 3.5984595135870969 38 48 58 1.3651153597370753 8 1679 10 975 7 998 12 1335 13 1732 9 690 15 1627
5584 2.3570758336340165 2.4631367735417373 3.0605893561907469 209 204 79 0.63352035827643893 42 254 43 281 44 335 45 317 48 435
497 0.77718007537823119 1.8096590817337521 3.939540900339102 8 0 2 0.52471336771025168 8 1685 10 861 7 1481
5585 1.4842161531751326 0.48911405526418139 3.8122822590571199 179 125 36 1.3131104725236979 42 303 43 321 44 484 48 510 45 339
498 0.24769593020880046 2.1741498517811304 3.1168086448063845 7 61 164 0.77175589194732142 8 1708 10 983 2 1434
5586 0.93508945810670019 0.44210471073381818 3.5971100587126399 216 163 40 0.82053714650103615 42 304 43 323 44 320 48 533
499 1.320138730361694 2.1911478213576894 3.3195129111862247 167 173 163 1.4494808806694386 8 1711 10 962 11 882 12 1674 13 1202 7 1431 14 1595 15 2528
5587 0.92003393928797716 0.48017107826286642 3.6110708433441356 213 168 28 1.0907985051173059 42 373 43 324 48 1025
500 1.3269681631394312 2.2095926361335869 3.3473062146318919 44 31 35 1.9079871842420957 10 1007 7 1119 13 1170 12 1678 5 868 8 1717 2 692
5588 2.2195983756567683 2.3210350946905618 3.1632948817895703 182 201 216 1.1211399487772797 42 328 43 337 44 428 45 501 48 552
501 0.88387784022522609 2.0962280900438763 2.8156967265076291 41 117 208 0.70332458181729163 8 1731 10 1823
5590 2.2994874779272116 2.2792686121760877 3.0287046236561861 185 204 210 1.3021023540305348 42 358 43 370 45 493 48 483
503 0.74120461114406444 1.345251388083911 3.2075438488459227 103 23 48 0.95673050749261646 8 1774 10 1467 12 1998 13 1307 15 3561 61 1631 3 1371 60 1443
5591 2.2391222200320358 2.0671010891630819 3.0705892042973404 172 198 202 0.81871353242793299 42 361 43 373 44 891 45 365 48 938
504 0.62460447475995351 1.2797954820253661 3.2084475274300157 84 38 49 1.6396855106908055 8 1847 10 905 7 1457 11 1330 12 1473 13 3713 10 2328 15 1406 15 4786 17 903 61 1241 4 2222 58 1173 59 2380
5592 1.4500233072757065 0.82139106364717374 3.3555133897454494 170 168 173 0.15099259037552104 42 191 44 345 45 457
505 0.65144580053734202 1.5330881436815138 3.3658473431896287 89 40 0 0.78498920930417082 8 1849 10 1506 12 1807 13 1987 14 1197 15 1787 17 1643 60 1804
5593 1.9458516570982849 0.78140372805189073 3.0832604203586991 7 16 31 1.4618519675770056 42 365 43 453 44 420 45 376
506 -0.36116011426900402 1.5601250765015273 3.2281137965718014 185 158 78 0.86731763920823413 8 1857 10 1230 7 1655 13 1872 15 2105 57 1115
5594 0.85926385737608502 0.45723698108112126 3.7046457194209625 107 47 0 1.474497080921114 42 375 43 514 44 494
507 0.73458313496013239 1.583960483315469 3.4273766948009556 114 63 18 0.53093910175016734 8 1874 10 2701
5595 2.3142105620081668 2.2842859388023098 3.0615550445325819 120 149 159 1.7958524939920122 42 426 43 541 45 665 48 939 44 639
508 -0.36843094115944713 1.4836426590832421 3.1486981727018568 252 217 190 1.3458322485733134 8 1889 10 1216 7 738 12 2859 13 1001 15 1178 6 477 5 524 17 1313 4 452 3 566 18 951
5596 2.2265601170150418 2.0792345274399682 3.0457708166851516 134 157 162 1.8548313357737711 42 428 43 585 45 494
509 0.030604901822750778 1.4822971606752036 3.25986414344638 132 141 170 1.6826861261739716 8 1891 10 893 7 735 12 1238 13 1484 5 552 5 1537 61 1687 58 884 60 911
5597 2.1103464463190202 0.79520382265903822 3.1224231116014698 52 60 65 1.7307259296724924 41 302 42 480 43 586
510 1.4026105774002866 1.4483424731799228 3.3387443524635714 143 128 107 0.7598726216600743 8 1900 10 1923 9 1174
5599 0.8515102281744289 0.4539509981661467 3.6798712966228533 158 99 30 0.92026633243093203 42 499 43 636 44 1030
512 1.1112907790358033 1.4996610100621528 3.3354674207021415 85 48 27 1.0012486514356616 8 1917 10 1518 7 2396 5 1184
5600 -0.017274733764332854 0.72567587392233113 2.9639527023306296 3 22 28 1.5707646497281533 42 862 43 931 44 1073
513 0.44758230679097138 1.3788066395705418 3.8766846777412769 108 71 16 1.1648663349899058 8 1923 10 1447 7 2378
5601 -0.29877741607766267 0.74674935135380649 2.8827292329288734 23 37 48 1.1115333074855798 42 1009 43 941 44 967
514 1.0793199308591852 0.79028922913516331 3.1311477461979051 126 57 0 0.27708876332314381 8 1930 10 1550
5602 2.2014797374846307 1.99647045509961 2.9288828358199464 191 178 41 0.18877443659963483 42 763 45 772
515 -0.28661654840669359 0.87602095507826749 2.7867870951515079 52 45 35 1.4676688346789331 8 1936 10 1093 11 1035
516 0.13642876556759873 0.92653212226912407 2.5782304172299022 255 217 87 0.12192382115749106 8 1942 10 1540
5604 -0.20606758709960446 0.9522539697179917 3.2495004271657359 123 61 20 1.8422059447363057 43 32 44 28 45 44
517 1.0269670844818868 0.93682275287994288 2.9335610224753856 246 184 78 1.0142285280007985 8 1957 10 1158 3 1596
5605 1.2056539438498342 0.44953626773549599 3.5341508729946938 136 56 7 1.4534472200857291 44 35 45 26 48 25
518 0.61128676701822149 0.41813905316846101 3.1757316721166653 117 95 59 0.74192782444760808 8 1970 10 1567
5606 0.79678740445642204 0.98085039108524308 3.187638238797454 108 18 7 1.0145914889729788 43 29 44 36 45 35
519 -0.10608422524700586 1.083076253435671 2.5963430658157138 114 128 154 1.433151050201628 8 1998 10 1556 11 1430 13 2004 6 1431 3 1768 58 1013
5607 0.52370383282360145 0.48670889247798077 3.3959003751635302 145 67 19 1.8097733654993162 44 41 45 43 43 30
520 1.7822263274197527 1.1328626558616994 2.9693630049438533 234 251 254 1.0380078345307204 8 2018 10 1245 15 861
5608 1.1228068906191808 0.38063514564990703 3.2737055528150556 228 207 178 1.2639500384509184 43 56 44 57 45 59 48 64
521 0.33069075792366803 1.1254948688383455 2.8233338238608763 119 119 122 1.4317151898084817 8 2027 10 926 13 766
5609 0.007782265397420599 2.1598103625846448 4.8559945789947765 136 40 42 1.5507894132810349 43 62 44 66 45 71 48 74
522 1.9283207269755214 1.160084345266259 3.0837016834234681 44 36 51 0.46361044860728301 8 2034 10 1463 13 1229 14 1128
5610 1.6401123004750133 1.3977891129381619 2.968201761901831 37 44 62 0.80845488601722881 43 66 44 95 45 79
523 0.2824861986510791 1.1661409774634628 2.8422161681568459 39 30 22 1.2506569871576851 8 2046 10 1178 12 1939 61 983 4 1817 58 1017 60 2145 59 896
5611 0.39639450453916347 2.1780474717292484 5.3749307291922275 101 86 71 1.1557398052223127 43 63 45 111 48 96
524 0.48433941104972789 2.381993152448048 3.2865689598935348 49 96 185 1.7482064085087654 8 2087 10 1924 12 1711 13 2425 5 1197
525 0.98793438869614836 2.2274975715914844 2.7990227059351391 19 21 63 1.5161469279530186 8 2142 10 1667 7 1968 12 2645 15 2617 5 1507
5613 1.9260937198083465 1.8487784614396736 3.1695310104730638 198 111 182 1.5662614271222901 43 77 44 112 45 83 48 63 46 65
526 -0.15887922880036839 3.4602289479609265 4.7530942292139375 167 165 153 0.65592057261669356 8 2189 10 1703 2 1072
5614 0.27963903742930207 0.84243093077470399 3.3054501183299294 104 47 34 2.1808378484224011 43 138 44 121 45 244 48 287
527 -0.53146983079429211 3.2861203909403418 4.8587856985872824 203 216 224 1.1120938786414813 8 2202 10 1695 5 1376 6 1223 61 1946 4 1353 58 1225 59 1224 57 1732
528 -0.28762619168402204 2.7175799193726955 4.9452932889317056 124 58 51 1.2180818276820717 8 2213 10 1717 9 1084 6 1156 5 907
5615 -0.058771149507722976 0.79472546413412737 2.7962247344851052 211 184 45 1.2755003287107258 43 69 44 131 45 133 48 114
529 -0.010341181991307243 2.6678204224026127 4.2199963252702615 171 171 199 0.32718477250941913 8 2214 10 1721
5616 1.6963146647368481 0.79420003494544777 3.1140648172094272 222 244 255 0.72048457769414409 42 94 43 118 44 137 45 119 48 201
530 0.27000995800359967 1.8916452030678408 3.1394223245777777 19 64 147 1.501536805860382 8 2256 10 1368 11 1314
5617 2.1836927262214116 1.7156201140032554 3.0732528550495641 159 151 140 1.9172532550016157 43 137 44 139 48 138
531 0.44915399587367089 1.846840330144589 3.2894037151199518 148 144 165 0.74272370816638711 8 2264 10 1774
5618 -0.38051947970020661 1.2102813895007491 3.281937178222591 168 128 66 0.075769092576110239 43 141 44 164 45 140
532 0.048310037571901818 1.7015028299047277 3.2687265731265094 9 79 165 1.0269414148122709 8 2287 10 1494 11 2073 12 3105
5619 0.30080114489686627 0.90564543040625645 3.4443688950269804 100 48 35 0.6847849752303391 43 156 44 231 45 264
533 0.38057343599148957 1.7052013327157718 3.3784132926639576 131 119 153 0.64508351744200709 8 2293 10 1499 7 2344 11 1059 12 2629
5620 0.27510420941737185 0.9459132084681694 3.4499289621758207 59 15 2 2.4601025424028307 43 193 44 233 45 261 48 263
534 0.5601358879347349 1.7086989491140991 3.9024444028985039 145 132 117 0.99871824955429322 8 2307 10 1332 7 2331 5 2409
5621 -0.36121617432286596 1.1733794423851154 3.2181934833976387 95 62 21 1.052804073935016 43 144 45 308
535 0.033349484745547497 1.8281045807613754 3.2378455599764955 139 185 238 1.3822419955741421 8 2309 10 1877 7 2140 5 1312 61 760 4 1166 3 769 58 615 60 819 59 900
5622 2.2315125084994105 2.1323844530466816 2.8807272416468135 225 208 56 1.1292431280709598 42 221 44 287 45 116
536 0.35238076823133635 1.7643196270568244 3.2510849238634161 169 147 59 1.3575201113172048 8 2324 10 1139 7 2323 11 1062 12 1277 13 1343 9 1215 17 1545
5623 1.3993517309231165 0.36508212718428534 3.6579742328428413 211 188 133 1.2424943594767333 43 211 44 297 48 583
537 0.34405364898581914 1.7562363941266952 3.2449471293716026 118 85 0 0.93268118754097173 8 2325 10 1501 7 2338 11 1421 12 1865 9 1214 15 2914 17 2336 23 2866 21 1380
5624 1.5493234812823771 0.41497538931215788 3.5360768767130533 161 151 139 1.3409947566014586 43 161 44 302
538 1.7916349842586783 2.1179354662427552 3.2894234014292376 79 50 52 1.9161109548461628 8 2329 10 1791 13 2978
5625 0.67976791603361819 0.56633447410703996 3.5066421023751162 155 75 24 0.7929104137306382 43 325 44 321 45 356 48 377
539 1.0237759845512713 2.1674653095304852 2.808397853150757 131 82 31 1.8120944387831859 8 2365 11 1739 17 2503 4 2010 7 2087 60 1934 57 2338 58 1755
5626 2.2441889335794252 2.0119347616251329 3.0790611491136901 132 144 156 0.75299602423307288 42 266 44 327 48 333
540 0.19077592111159702 2.4109704027540224 3.5708936428905877 142 137 109 1.2504706112160433 8 2412 10 1933 11 1764 13 4002 5 1981
5627 1.6874546951318274 1.0526038823862733 2.9619280904822607 147 71 84 2.6563933458707272 42 362 43 282 44 336 48 568
541 0.83507910596278145 1.6890154119032488 3.6136168770661978 3 3 5 2.0595372703760986 8 2452 10 1502 7 1152 60 2655 59 1390
5628 -0.014791902662658472 2.1507079702843304 5.1257375900405844 137 28 37 1.4901406552575063 42 295 44 452 45 526
1119 0.31429298534264877 1.0458978377926549 2.8193963702507463 115 18 13 1.6238128950509483 8 521 11 546 15 731 6 534
1120 0.46429827406735197 0.80052181647544218 3.5651413301246802 160 94 0 1.2295421907760635 11 547 12 580 13 537 9 627 14 539 15 455 17 500
1121 0.99538405952833009 1.0305396729905132 3.0732584775476708 94 9 2 1.9618348728212378 10 1174 11 557 13 1523 58 1003 61 2828
1122 0.5189760535886162 1.0471818564389976 3.3606683848357135 104 17 7 0.6657121078264302 10 789 11 558 13 430 14 453
1123 -0.46350443480745762 1.3239950138512433 3.2736700923047977 145 124 97 1.7448924703244164 10 728 13 986
1124 1.6627344873759935 1.1577985715775243 2.9489348977088143 116 84 87 1.3368038517816963 10 597 11 564 12 697 13 646 14 664 15 1244 6 796
1126 2.2501314508700685 3.4111896653905163 4.1213890544858165 130 132 119 1.3001275408207016 10 640 11 584 13 544 9 411 7 627 14 590 15 564
1127 0.21784324420661472 2.0456265477268629 2.9794154812966611 0 47 131 1.490368499593993 8 902 11 605 12 906 13 864
1128 1.7300833065269527 3.2646635296527871 4.1073945012254764 124 116 103 1.152686022618008 10 642 11 620 12 598
1129 -0.29626728963064047 1.549971121537677 3.2109868790648197 194 149 68 1.6831596637162693 10 710 15 1455 11 638 4 566 3 604 59 468
1130 0.11143271404576827 1.6172829018497368 3.0363599956150891 53 103 188 1.0884223408251672 10 553 11 640 9 447
1132 1.3413006887365044 1.3830353035546636 3.089041703361469 69 41 60 0.38376071044868465 7 1304 11 643
1133 -0.055510307348804529 1.5615430785462878 3.3070237672631766 38 50 102 1.5452718645772741 10 919 11 646 12 1444
1134 0.17027546455499498 1.9598509966060478 3.1894443818642157 55 112 193 1.2423110571681921 10 698 11 653 9 526
1135 2.1592208728921833 1.3093468386209215 3.4023354919818418 108 38 74 1.4770274934117305 10 712 12 763 13 668 14 673
1136 0.31123386061935615 1.0763330808356355 2.8087720311614892 151 51 46 1.4491814172512314 7 920 8 1262 11 676 13 750 15 937 5 1136
1137 1.5883203227418103 0.75370028110413301 3.075791452703907 135 104 84 1.6965248740091565 10 755 11 677 8 1437
1138 -0.24967314444413702 1.1281847432806513 2.6569874979595292 111 112 133 1.0961675040728356 10 933 13 1413 15 1384 17 1722 11 1114 61 970
1139 1.1985810645628137 0.78522465887736614 3.478425383594089 149 70 11 0.92841514622096122 10 417 11 685 8 363
1140 -0.0032551965624741334 0.81326759634456069 2.6385173137319216 47 20 7 0.34146756438173498 10 768 11 690
1141 0.65281952506031493 0.47031519637187275 3.1796677860688232 169 117 7 0.91408513484630927 7 976 11 691 2 518
1142 0.24162824409989983 1.4236775625680527 3.1201087634614026 57 15 16 1.2834267286842462 10 718 11 700 12 1251 15 1399
1143 1.7334399497354729 1.1591178591362912 2.9938967765877673 153 149 163 0.98200250918378407 8 662 13 631 4 942 60 919
1144 1.3822516788330947 1.2238952019299121 2.9627649054634135 174 51 53 1.1744390199579533 8 1469 11 707 13 1030
1145 2.0888108754918089 1.1070163401393267 3.3027255530114954 42 26 39 1.0500977392112816 10 788 12 684 14 1202
1146 -0.044347371488675735 1.247639395356668 2.8161167730698988 163 75 74 0.38638213629162177 7 588 11 715 9 297
1147 -0.28914846218207296 2.9812502290841576 4.6322108229626613 99 5 3 0.99633358251725568 11 730 13 1087
1148 -0.12341587490930041 3.4373002389408831 4.7493670261843484 152 140 128 1.8079544806248724 10 826 11 760 12 595 17 760 1 530 3 497 14 547
1149 2.0626940896510488 2.9229419044476752 4.4067342240345209 97 4 0 0.38994474668648543 10 833 11 762 12 853
1150 1.3317620418222227 2.1171042973904068 3.3260308215492618 106 5 8 0.43663296217314695 10 633 12 609
1151 0.68248987499225122 2.1622647380783415 3.1034818291069834 13 92 184 1.2277971849712064 10 881 11 779 13 1168 15 1117
1153 1.9186940612127712 1.8573837275597671 3.0930158251211015 153 66 106 1.6162023311332334 7 997 11 789 12 940 9 546 5 947
1154 -0.12256654845190544 2.6606593636663605 4.5477968353241307 170 87 92 1.8203394972100155 10 620 11 795 12 831 9 446
1155 0.57036673985258024 1.6872062840661095 3.9281237947032404 29 21 11 2.2202309695084383 8 1662 11 818 13 1941
1156 2.0641585046862185 1.6096767529230642 3.1195914662837585 156 96 141 0.3084077570827139 10 1133 13 1680
1157 0.1678397866020617 2.0021154347467598 3.0594230729865592 40 105 185 1.3749551241912765 10 855 11 842 13 1709 12 1370
1158 1.0980406289436633 1.0827323050731121 3.155482264695328 75 1 0 0.41260384238192949 10 1181 12 2041
1159 0.32268333540422728 1.385163274463995 2.9096780204189105 42 6 9 0.48115506561050336 7 1307 11 858
1160 0.98396243114890281 2.2070492970458488 2.6675653887356812 24 70 155 0.87664792923755641 10 875 11 880 13 1744
1161 1.3406163106043627 2.1592013798735907 3.3161210960002507 99 106 99 0.83574648022217213 10 1312 13 2416
1162 0.48963966764270883 2.4285522448102399 3.3299011686919116 78 62 109 2.3586019876959878 10 1272 11 909 4 1088 60 1172 2 702 57 1007
1163 2.072039117430871 1.8692069471552977 3.1283327323088637 207 101 167 1.8537164017691865 10 965 12 984 13 2430 14 1528 15 2525
1164 0.69689576505684325 2.4228214256606653 3.1208472396254638 71 84 129 1.143512543799637 10 1115 13 1578 12 1698
1165 0.91292443302949744 2.1309110998805743 2.827305835063703 30 89 183 0.33128240605399228 10 984 11 941 15 1615
1166 2.1507630706287859 1.9151477208066201 3.0493088625561655 128 156 167 1.745553466385962 10 967 11 943 12 1157 9 728 14 2262
1167 2.1724220680745452 2.8416438093902769 4.1485713652463208 160 82 85 1.3412664890785138 10 822 11 955 6 925
1168 0.9875718140009192 1.722118010285133 3.5417313969711888 3 14 18 1.8268168396528226 10 1016 11 978 13 967
1169 -0.00074356539008800342 0.98656346656155314 2.6838089987877263 133 100 32 0.63899414082919948 10 1101 13 1455
1170 -0.10915509037596216 1.1259664253555437 2.6621384241133317 36 59 63 1.5430135115379464 10 609 11 1001 13 708 9 613 15 482 17 1205 4 612 58 703 60 739 59 505 57 452 18 786
1171 -0.31666762911280966 1.2697088829974064 2.8054601595836908 87 16 26 1.7784998799524045 10 1182 11 1015 15 2175 17 1223 58 2192 60 641 57 876
1173 0.35241332701688577 1.2236952786056294 2.952179440519521 114 40 37 0.35594275109533502 8 1673 11 1038 17 1263
1174 0.8264147952885097 1.7151096660606471 3.6358109455784993 6 8 6 2.2451843899102393 7 2424 10 1015 13 2389
1175 0.1717703160198884 1.189071659139149 2.6819336417878183 236 210 213 0.68555679988749196 8 1500 11 1075 61 2542
1176 1.7654445021467011 0.93676248679143326 3.032346737231427 229 128 129 0.5879331496359268 11 1086 9 1250
1177 0.89532024004305277 1.0962419388476869 3.2041605452298523 76 30 1 0.76277608915836137 10 1197 11 1088
1178 1.6764326103873277 1.0533017204356101 2.9239318512336085 186 77 80 1.3136301814961009 11 1091 61 1724 10 1634
1179 1.5749480650287291 1.127106334423627 2.8785460605678441 134 44 44 0.30489735873563839 8 996 4 1557
1181 1.3896233769256239 1.3300166168781609 3.0745975071836797 198 198 232 1.2603553925897228 7 1314 11 1128 13 1301
1182 0.17867263941437517 1.6848080209930816 3.129989575427834 0 46 126 0.8975004186844826 8 2489 11 1147 12 2830 15 1875 13 3186 17 2962
1183 0.31769158767410993 1.3694769429389295 3.0194788816483764 136 129 143 2.1867446192155344 10 1473 11 1150 9 1300 61 1116 58 1432
1184 0.52372098975169179 1.3431658330432892 3.1306680394434552 57 33 31 1.0280288426309916 10 1919 11 1154 61 2523 59 2928
1185 0.26909160507547147 1.3952325049500833 3.1134105524453903 63 53 61 0.92602820143004128 10 1212 11 1156 17 1593
1186 0.50372826743029353 2.3580175066619753 3.1841068718266228 5 36 106 1.0768113454237938 10 1638 11 1175 12 2349
1187 0.17262340639214896 3.0769414845652898 4.7130853156440313 103 14 18 0.19618442681525872 10 1399 11 1176
1188 1.8529873443822431 2.8037844660633704 4.2080170305589908 36 0 0 0.52911084570337974 11 1204 9 1034
1189 1.8654944102246143 2.7450621818068992 4.0563820206272903 135 109 113 0.45294934200982639 10 1735 11 1207
1190 1.557195144204359 2.3196538692169701 3.5067158473037292 56 23 19 2.0223707735453189 7 1362 11 1214 14 1092 5 1299
1191 0.83631838922544843 2.2976622017732136 2.8886693469902922 164 204 252 2.0074697904367946 10 1683 11 1227 12 1151 13 896 15 1164
1192 0.42779148759377483 2.1423919473272388 3.219761240107442 59 83 150 2.0033711611829115 10 1836 11 1247 9 1144
1193 0.81401234063647709 2.10452728751227 2.9864777739028208 0 59 148 1.2156230456036838 10 1829 11 1249 13 2468 17 2109
1194 2.1890263386148661 1.9337704113811409 3.04798817765389 67 96 104 1.2554319236080083 10 1759 11 1259 9 1156
1195 1.2020833298839551 1.8664500774271657 3.549167162081527 126 147 155 1.5816619293717764 10 1375 11 1263 12 2314 13 1153 14 2240 15 1654
1196 1.2075336919923296 1.8806732101220147 3.5504886531384412 8 28 39 0.81216967235812709 10 1376 11 1268 13 1671 15 2498
1197 1.9536518224926238 3.6410302919061861 4.6795690721625087 108 109 111 0.071992807418892038 10 1389 11 1282
1198 0.48744523999345862 0.92026557997604541 3.4061611525271758 165 107 10 2.4928678449283392 8 3439 10 1165 11 1286
1199 0.74021295529612741 2.3018986508791954 3.0756559848966067 122 178 228 0.10026135957266705 10 1679 11 1291
1200 2.3911784675058625 3.1046718553652948 4.3418060726369472 138 130 119 1.0851583234501803 10 1066 11 1296 13 1606 14 1501 15 2311
1201 2.1832108888171962 1.9040203356467214 3.0469474971621957 86 115 123 1.0504875395048139 7 1466 11 1305 9 1441
1202 0.19707677990565364 1.5940858050525761 3.2393646605064501 63 111 188 1.1769492166365687 8 3189 10 1862 11 1319 12 2760 15 3528 17 3177
1204 0.9957530430114534 1.4833780915562402 3.2793443177591155 5 23 44 0.56872783720232523 8 1899 11 1337 9 901
1205 0.060489494224704211 1.6717570603805516 3.2513983519014795 138 199 255 0.7553472406444266 10 1893 11 1342 9 928
1206 1.0926426337355886 1.7626373244190991 0.6191580400484441 48 48 66 0.60208499168815321 10 1917 11 1366
1207 0.72760735447264513 1.3340751973002798 3.2054552287881877 159 72 88 1.7377659149662628 10 1224 11 1375 12 1481 8 1830 15 2128 13 1891 61 1644 58 1422 60 2136 4 1608 57 1608
1208 0.60169722325292074 1.5618958417539412 3.9054440953102998 121 101 76 1.6748872663751293 10 995 11 1410 12 1008 9 926
1209 0.14977573250187748 0.98051076396551073 2.7061655941858294 152 95 8 1.6889087169115886 10 2217 11 1427 15 4030
1210 1.7235374665429581 0.76864438370363453 3.0844942102919179 118 103 86 1.353449841169954 8 1438 13 2090 9 597 58 1200
1211 0.35172574774534016 1.076658889138782 2.8267287785463879 203 166 164 0.99491668084664886 8 1223 11 1448 12 1918 13 1515 15 1361 17 1289 61 1378 4 886
1212 -0.060774689278623444 0.91548908950010865 2.5185278851616917 18 21 28 1.854849595992176 8 1707 10 1536 11 1466
1213 0.70202407520770216 2.6250690007171378 3.3234270557962313 23 10 1 1.3827315355611487 10 2585 11 1538 13 3865 14 3991 15 3392 5 2088
1214 0.88867271232805711 2.3423955311574023 2.8961672111529677 51 44 60 1.0438763977550611 10 2157 11 1550 57 1309
1215 2.0397245229880681 3.0902076561450871 4.1067075037569225 158 72 88 1.9766209493019329 10 2119 11 1576 13 2948
1216 1.6676867902479375 2.6736088853155686 3.6885767209504365 155 91 96 0.77329454518177221 7 2043 11 1603 12 2222 13 3761 5 2136 61 2214 58 1649
1217 0.21322638180441686 3.0553062105405044 4.0775742087716296 159 147 138 0.64102574122113787 10 2116 11 1608
1218 1.2158748203870438 1.9676823370926624 4.2086529679144942 99 68 30 0.17821764689018743 10 2728 11 1630
1219 0.96640609306419822 2.232936867745396 2.6836842267765353 58 124 218 1.2533438671763788 10 1669 11 1681 13 2876 9 1157 15 2971
1221 1.7849232048392087 2.0021285804610778 3.1600988711400015 57 50 53 1.4550585632964828 10 1320 11 1700 9 1108
1222 1.2851944472769181 2.1501342344416035 3.5668856842488803 127 22 16 1.0488914052203764 10 1998 11 1730 12 2353
1223 2.0484310212742902 1.9139517665114818 3.1489945996979629 201 196 218 1.6793201852177773 10 1739 11 1766 12 926 14 837 15 763
1224 0.74174538715382143 2.1424714163211509 3.0623690079656538 23 92 167 0.29924209162465915 10 2533 17 3244
1225 1.6036315011102851 2.0544139314357794 3.1645618834384823 164 61 52 1.5214672593554424 10 1966 11 1793 9 1725
1226 1.1900576996009709 2.090488215972012 2.6051417909304266 88 76 76 1.8194621319366302 10 2703 12 2398 13 2585 14 2190 8 2392 5 1607 6 1675 4 2769 61 2867 60 1991 57 2036 2 938
1227 -0.16835611479711049 1.1195258473075327 2.644809082839731 76 82 96 2.5398027397974117 8 3297 11 1822 59 1950 56 1720 55 1036
1228 0.98451901861238167 2.2124485308852351 2.8088399412993712 25 58 147 2.2411618501777402 7 1950 11 1850 13 4100 12 1177 5 1911 15 1722 17 789
1229 1.7670717832294458 0.94077344196564872 2.9561210885957694 135 39 38 1.8728615039833183 10 2388 11 1964 13 3657
1230 0.82478578859977814 1.3024934181093366 3.1872603396397521 109 128 141 0.36237417200904187 10 1258 13 1894 61 1629 8 1841
1232 0.37185076671495676 1.3493582960282795 3.048794574643189 72 73 85 0.7000769753720345 10 2313 11 2001 12 2845
1234 0.18307611207661337 2.031893262231832 3.0306500848871094 83 151 235 0.68342945268728517 8 2405 11 2008 5 1274
1235 0.13981094248819223 1.1921492471533344 2.7040269089564664 227 189 196 1.2543617910685645 10 2474 11 2025 13 3058
1236 0.30184035010707161 2.1022704155255516 3.1176345318187808 196 149 64 1.3037537913974202 7 1990 11 2029 9 1470 5 1914
1237 1.4031015401252458 1.3377204248419325 3.0231470412631141 93 81 101 1.5966860678461894 7 2577 11 2108
1238 -0.23441288488495898 1.4544546883116058 3.0977863043781819 110 89 77 2.1057985140817554 8 2575 12 2034 15 2116 58 1950 13 3677 60 1871 7 1322 57 2443
1239 0.14405256418884735 1.62338612271795 3.3859677696901684 12 69 148 0.72466798292233159 8 2484 10 2735 11 2327
1240 1.8090696397069088 1.0968078915401556 2.9960367417951503 164 161 169 1.8364769360713697 11 2332 13 1319 15 2852 14 1936 17 2175
1241 1.7861601415559467 3.0896882732063191 4.1549060286690667 107 21 24 1.4798078896983984 10 1698 13 1127 9 725 7 1889 5 1471
1242 0.36294897020179401 2.1860786326299304 3.2108261359930808 14 75 155 0.32793095600414679 8 2654 11 2464 5 1997
1243 -0.061845716770690368 2.7713176454460391 4.3829103215637355 68 14 16 1.7167134444378902 11 570 8 438 7 428 12 620 13 1169
1244 1.228792562447611 1.1436414027736279 3.2229098453671243 124 14 11 1.3267924129359145 7 54 11 56 12 53 13 65 9 54 14 69 15 70 17 73
1247 1.858432073089284 1.0283369473895827 2.8600015407730406 165 57 57 1.2454976588826916 10 396 12 492 7 599 14 266
1248 0.98570118414915209 1.3219757949182673 3.2116590590930327 16 24 38 1.3376681968289206 7 290 5 325 6 482 2 286 61 224
1249 0.38245063727367945 1.8727794037712464 3.5908162412414475 145 129 129 1.2246620521056295 7 395 11 469 8 599
1250 -0.34558217234413874 1.5045010709791118 3.1578128884565535 108 99 97 1.2833428821726793 11 515 8 482 12 491 13 440 15 508 17 511 61 509 4 571 58 330 60 325 59 485
1251 1.7846019251365612 1.2729711906757097 2.1590703756265053 99 89 98 2.5702260470308387 10 782 11 855
1252 2.2703825042195858 2.1416778311026174 3.0491441332715179 159 185 197 1.8766070299214008 12 6 13 9 14 10 15 10 17 8
1253 0.53474475126268073 1.969180641566183 3.199858828902038 52 14 13 1.0758197164906385 10 16 13 11
1254 1.951735795417356 1.5481185480710844 3.2072256445895917 229 123 197 1.8856440975087789 11 45 12 49 13 64
1255 2.0584618503911143 0.85343759488114368 3.0649378619434908 151 53 54 2.0637346923343691 11 98 12 86 13 111
1256 0.91266919711997685 0.75092270767081504 3.4040625656581911 142 38 13 1.677712969637938 11 198 12 89 13 78 14 63
1257 0.261174496347093 3.1691670537445416 4.683249557849094 56 19 11 1.148055091352316 11 111 12 97 14 87 15 90
1258 0.69327567361206277 1.3473378098893949 3.2251800797623495 128 31 41 1.7251460285174558 10 148 12 120 9 210 14 107 5 155 2 185
1259 0.70914867336373499 0.80093311875152695 3.0749974153810968 219 161 28 1.2636949804380815 12 132 13 120
1260 1.2658585503339754 2.158644734588977 3.3501205821031728 122 25 18 1.3747224326457728 11 257 12 151 13 206 14 246
1261 0.50922090018188215 0.55819543074636713 3.2351986754293334 165 95 10 1.4821737422643608 7 180 12 173 14 168 17 194 3 238 18 155
1262 0.68390137506345394 0.86254640446778674 3.1664500554504285 132 41 0 0.99778545079573844 10 88 12 176
1263 1.4640851063125793 0.4974578826177688 3.5389000605878262 121 64 6 2.215400150739272 7 308 12 179 8 265 13 180
1264 2.2604546149106546 2.0041441490478871 2.8846161184346508 205 174 34 0.85345489371166572 11 260 12 224 13 188 14 216 15 280
1265 1.8199301186801158 1.2362080041408765 3.1379158587817835 49 7 17 1.5816005927905026 8 117 12 231 13 144
1266 2.5378356858946298 3.1826365945154049 4.2802591690750651 168 173 175 1.1101429109599927 10 254 12 235 13 202 9 156
1267 1.9588635908722531 3.3347065961005278 4.2773276317386593 148 131 114 1.0563745819245061 12 236 13 184 14 227 15 189 17 199 18 199 16 172
1268 2.0282566142052283 2.9700538621344168 4.3664580443975494 164 69 70 1.3929393720196768 11 277 12 242 13 302
1269 0.30672445030628365 1.3418740867469721 2.9897986563957386 53 4 3 1.5399839217053186 7 288 12 259 5 227 59 236 57 259
1270 2.1918412859924614 1.1019136532525937 3.0745950074189765 130 113 93 0.8960908550890645 8 223 12 267 13 356
1271 1.6066630366495798 1.198884760080893 2.9647495381413833 87 7 10 1.1829516981566628 10 292 12 269 14 251 6 318 3 732
1273 1.5056858622893745 1.1835318229666503 2.898482470503601 74 8 12 1.0603280960221979 8 249 12 281 13 240 15 241
1274 0.078069231904108582 1.5093871947448347 3.2599788961483589 5 4 20 1.969562675555703 8 260 12 285 14 508 17 237
1275 0.049224751837507297 0.82509815567996814 2.7018856485572806 153 104 0 1.5226204142211244 8 266 13 257 14 289 18 260
1276 -0.028104434540511335 0.89534271402291943 2.684520817419799 163 110 0 0.88019376093306556 8 269 10 196
1277 -0.35995818552728032 1.337566419483661 2.8463976757134488 136 117 102 1.7330014000575888 7 507 11 201 12 316 6 485
1278 2.2500237422683154 3.2739879305578463 4.1583201519300905 75 78 67 1.314611510114523 11 250 12 344 13 308 14 347 15 188
1280 0.81630676359153886 1.7586383886760628 3.7242444076978529 2 3 8 1.5080776323647169 10 673 12 387 14 670
1281 1.9376054660309303 1.036544994165151 2.9995374279809979 151 148 150 1.7998122491633275 7 500 4 879 5 366 6 222
1282 1.6117412163785849 1.1608968258543415 2.9088511997046691 153 166 174 1.4309447069491312 11 626 12 405 60 1213 57 703
1283 2.1171486260281864 1.0030393849835297 3.3586342597424097 72 66 80 2.0448500774362963 11 524 13 241
1284 1.3777557787899775 1.3246165516817558 3.1475215921963899 164 187 199 0.99941879972204128 8 543 12 413 15 446 4 279 57 442
1285 0.22059081895212887 3.5229238042690736 5.027798697542412 157 144 135 1.7449072740890168 11 453 12 419 9 657
1286 0.025540381380384117 3.2096187869339712 4.6652881233326209 139 117 103 0.79753333226547751 11 447 12 423 17 582
1287 1.7467695958095981 2.3411779046292596 3.4787958119912084 162 75 68 0.50725875942718479 8 571 12 458 13 566
1288 0.040979472503895345 0.9699791253471185 2.6729321785985634 148 95 0 1.2989438675005767 10 461 13 502 15 338 17 476
1289 1.457457243469608 0.37099281346666296 3.3970718044068309 190 150 47 1.7702711341607136 8 743 12 475 13 511 15 480 61 544 58 667
1959 1.7215430872726765 2.4069268540535762 3.5711242955670768 77 21 20 2.0900130513760029 9 171 5 182 2 138
1961 1.5630896136677639 2.365785120386088 3.5172862197176453 124 121 130 1.898803732160429 11 191 9 175 15 91 5 379
1968 0.45629178721283614 1.4249534252958747 3.1989920166173023 75 15 15 1.7092223620224036 11 221 9 288 14 179 6 269
1969 0.93622355916994948 1.4428569685346015 3.2832490763567104 14 12 25 1.306084292111761 11 283 9 291 14 277 6 284 57 485 18 251
1970 -0.22469837736929676 1.4427109810453098 3.0987427639721661 171 135 75 1.2265928853886514 7 403 5 330 61 420 6 289 4 485 3 306 58 217 60 214 59 245 57 266 2 241
1972 0.23055702810234535 2.4072032647692407 3.5932249160157004 38 56 103 1.6284581411304828 11 261 9 328 2 264
1974 0.78268354943869312 1.4711969726494483 3.3127248518966681 170 174 183 1.2210073335662905 9 340 14 275 5 241 6 202 2 167 18 245
1975 1.0528248944899457 1.3669301349135055 3.2026894041506919 83 22 34 1.9182602390789796 11 338 9 370 57 430 56 388
1976 0.93406299260893388 2.2365615463670108 3.0003110285939139 29 96 188 0.67129252826584684 8 449 9 378
1977 -0.035916125912136256 1.2000125993736142 2.7292338483401708 139 48 53 1.4914271084077289 7 503 9 429 3 378
1978 0.2402186903937078 0.87478812379114468 2.6801723729653788 97 38 4 0.87591666716123284 13 411 14 466
1979 0.8677946562106853 0.89140744393677163 3.0419220647655392 160 102 2 0.84084420791218317 7 477 9 439 5 361 6 462
1981 0.99326940416653264 0.95610522465848746 3.0306064227433356 144 87 0 1.31242096043268 7 597 11 553 9 473 61 757 58 650 60 677
1982 1.0837504126681825 2.1776213906003119 2.8743225705590265 64 43 21 1.4212570183639877 7 671 13 886 9 539
1984 -0.24333835278409635 0.81776514219463403 2.7859685288398279 125 109 87 1.20797611896811 13 518 15 251
1985 1.2944531750036494 1.4985523768785534 3.3848637023316201 155 108 43 0.82350493956234627 7 731 9 581 5 680
1986 1.2286109838194315 1.4613115506752434 3.3524481255277023 56 37 13 0.89239017129972442 7 739 9 589 12 530 15 594
1987 1.8866182108445446 1.4971368272956218 2.8974980264923134 0 0 0 0.0678532338334253 7 1532 11 624
1989 2.4666141407336588 3.0904521598924188 4.2833676423744098 143 168 175 0.36268723429396338 11 948 9 665
1990 -0.66742741813205486 3.1228731787957522 5.2739126230833433 0 0 0 1.3757292370701442 11 1022 13 775
1991 0.341242441606814 2.3036556050390797 3.3542733556485711 18 8 25 1.5872225341274111 8 1174 10 708 5 835 61 923 3 723 58 959 60 767
1992 0.43839776047640117 2.1931827500758123 3.1997953092319245 31 85 163 1.95654102358006 10 635 9 705 5 667 17 1033
1993 1.1117705124464983 1.5161227451861916 3.3271288907762315 171 135 114 1.7113410007180567 7 1271 9 757 2 765
1994 -0.019916285738845605 1.5468492985600717 3.3782807626556854 1 23 95 0.96279336968655138 57 512 58 634
1995 2.136182456550566 1.5694771397809095 3.0520263235321923 0 0 0 1.4131601717169484 7 1275 11 695
1996 -0.22442545655222471 3.1285864038684843 4.7774394561179401 137 108 101 1.2300410842640563 13 2196 9 786 15 4558
1997 1.1531760728654701 1.4880355328106138 3.3682314616661824 82 48 26 1.1161773562194179 7 1570 9 825 5 1018
1999 0.79744151788654383 0.81751079107074076 2.9305823587087878 168 99 21 0.73987884505639501 8 1424 10 758 9 841
2000 0.39509273617479124 0.81744908348975864 3.5275518004161928 158 93 29 1.0070705447739143 11 993 9 850 15 935
2001 2.0624295869318789 1.8656289137590238 3.0036621549556308 222 118 188 0.71663429202310525 7 871 11 932 9 874
2002 1.9691014925173507 1.4618055869262654 3.1267217357075414 210 108 182 0.50866301761404698 7 1012 9 891 5 999 61 1247
2003 -0.2768433339950977 1.5132731116033289 3.1588112728318212 138 93 8 2.1337704192116242 8 1371 9 895 17 1269 13 1497 57 1068 18 833
2004 1.6233422633164036 1.1837612737343937 2.942497400221348 111 79 92 1.6288674321916594 13 632 9 909 14 1350 12 1434 8 1006
2005 -0.099469902313976732 3.3714100039130033 4.7773406317583937 158 141 123 1.8340508810867522 8 2852 9 918 2 1074
2006 0.79785339103614772 1.305922615859608 3.1681324148209025 84 90 104 0.87281941199152879 10 1475 17 2782
2007 2.1505148961542893 1.8227093844657982 3.121209388303817 203 111 176 1.229548578935836 11 931 9 924
2008 0.37165453124205938 1.6360453215700637 3.3299706007976049 86 65 44 2.5436346369317904 10 1143 11 672 9 925
2009 -0.32827191224244257 1.4892931418207678 3.1855647913173244 110 94 71 1.4794533724393506 13 1003 9 931 2 908
2010 2.0253491373740022 1.5398188748268593 3.1241460124872602 202 100 166 1.1705765368927143 7 1279 10 1490 9 956 5 1036
2011 1.2700349312014132 1.531952334265128 3.5018237421636447 88 41 0 0.3461307197703879 7 1293 9 960
2012 -0.15380235001827791 1.0622486961717841 2.666786278720755 97 123 140 0.9478672887644608 8 3027 9 965
2013 0.93467787735684316 1.0878001548984533 2.9831217642099936 75 10 0 2.1572666427427514 11 714 9 978
2014 1.8381533830149621 1.2132260807785586 3.0637265673063281 49 28 64 1.0768089133708911 11 1362 13 1950 9 1016 14 2496 15 1221
2016 1.386572184375112 1.3136423628241625 3.1552605778784679 203 208 230 0.72738965996096061 7 1300 9 1031 58 1032 60 598
2017 2.2200370734731867 2.8472815175463664 4.1137028801458655 180 82 83 0.99343770085358452 11 1201 9 1036
2018 1.871259253460626 3.4257910982285082 5.1574976607668477 161 148 139 2.7665364700210233 10 1064 9 1050
2019 0.46858169189461341 2.3713218450020919 3.3466911904459038 1 15 82 0.5396016605261319 8 2099 9 1069 5 1289
2020 0.80883003772488982 2.231622829721843 2.9559998124865308 24 97 192 1.397237376244199 12 1684 9 1131 15 1159 17 1014
2021 1.3334144633343283 2.2059345725205 3.3053319434002657 104 98 100 1.1782882409687003 11 899 9 1132 2 826
2022 0.1836551792165281 0.89134748409178954 2.8714697618001286 90 25 3 0.61294623109738511 8 1966 10 1201 9 1155
2023 1.4575057712414359 1.3808517557104278 3.3606196236719414 29 1 0 1.4412352849033849 7 1594 9 1178 58 1910
2024 0.24476463830460291 1.6779216512216459 3.1726444634102 5 46 126 0.25184859197820303 11 827 9 1198
2025 -0.31175819082021949 1.5475751693361792 3.2226715095952758 149 98 19 1.1647627952580797 13 1862 9 1224 18 2299
2026 -0.18757341860721718 1.1198075920150838 2.6509787432581984 102 113 132 2.0531706140246015 10 1159 9 1240 61 1375 4 3185 8 2798 58 1210 60 1365 57 1195
2027 0.32578854578491573 1.1045156596140238 2.7642179001282048 127 37 46 1.9461258483371691 7 2322 9 1246 2 1268
2028 -0.093870863689027695 0.85940985171271989 2.6883737873457516 150 143 139 1.2835182383698323 9 1267 15 1374 17 1784
2029 2.1436068127122159 0.93707287706738485 2.9312622897240437 210 228 240 0.27168901184086847 10 1169 61 1313
2030 0.66454497653788236 1.2424759686534073 3.1516800716057913 148 49 47 1.6703673571074233 10 2255 9 1283 14 1951
2031 1.1042759271461089 1.105757103748477 3.0848406911405055 161 57 54 1.3511711186004292 10 1593 11 1089 9 1304
2032 1.6746525245386195 2.3343729937792848 3.5551539144427369 69 24 25 1.186245720163444 11 1569 9 1346 2 1414
2033 2.1572453208607438 2.8378265765994848 3.8615534248303702 141 41 43 0.92250472109126136 10 1690 9 1400
2034 0.31589861935010338 2.1148041271285267 3.0755871879401475 114 91 0 0.6602268592802587 12 2279 9 1472 17 2049 23 3042
2035 0.51918286853177964 2.5960210995494291 3.4481789529461597 0 0 0 0.713953529981042 8 3627 11 1866
2036 -0.12540722902964846 1.1164787513892231 2.548441773616156 111 127 148 0.98514639000775461 7 1673 9 1584
2037 0.31227228176964161 1.3679219090651327 3.0068185391512623 44 12 8 1.552030020464203 8 3120 9 1585 4 3353
2038 -0.26428417906564161 1.2081198371782675 2.6737055307861279 99 115 144 0.93204908348844029 13 3499 9 1640
2039 0.051012764034767941 1.6878663866482433 3.1939934708207911 0 0 0 1.699110814495002 8 2494 10 1488 11 1345
2040 1.9569618856760815 1.6261249770473032 3.1397857083730547 214 114 187 1.7908115520557397 10 2658 11 2020 9 1675
2041 1.3844034587368561 1.3280086014822494 3.1625480362435119 78 85 106 1.1009851892230658 7 2310 10 1903 9 1689 61 2481 58 1917
2043 0.81544272055759315 1.7299853196716255 3.5897438730837457 6 7 9 1.6841803292292645 11 1063 9 1986 2 952
2044 0.63079818107290675 2.0815466659879638 3.4424991143019699 152 117 60 0.91315592470007945 10 2688 11 2041 9 1996
2045 0.84127661224519457 1.4429446736634088 3.2897131173247982 62 8 11 1.5125992638690042 8 254 10 287 7 356 12 362 13 364 14 499 15 495 5 331 17 466 61 243 4 201 3 296 58 216 60 211 59 242 18 599
2046 -0.44990210776568756 1.5104724882100991 3.1996461274834163 123 111 65 1.1138876338892161 9 335 8 707 7 554 12 558 15 1003 6 481 5 333 17 686 13 640 61 514 4 456 3 337 58 460 60 459 59 483 57 399 18 803
2047 1.7364249054997745 1.6001406778637435 3.3959455477249123 98 6 50 1.2394248049447085 8 212 10 294 7 365 9 345 11 410 12 377 13 579 14 633 15 817 6 147
2049 0.2905043323066091 1.1380364833578485 2.8073918760523409 103 13 16 1.9365523498457513 8 1495 13 2155 9 977 10 1629 12 1945 15 3635 17 2612 61 1389
2050 -0.34748297131994638 1.1625880137639577 2.713167110951082 80 16 18 1.5561762703651825 8 105 7 148 9 150 10 85 11 106 6 91 4 94 3 97 58 63 61 77 60 67 59 70 57 70 1 114 12 131
2051 1.2410423121454288 1.8747772427752003 3.5530497027104602 8 9 17 1.4573665918504186 8 216 7 394 9 353 10 388 11 416 12 347 13 403 14 401
2052 1.6936879592186804 2.5684471280543879 3.0692241005728573 78 52 55 1.082023799166884 8 0 9 0
2053 0.69993370433533808 2.0916540804334942 3.2031075015030281 36 90 164 0.3142503733042652 7 1070 9 678
2054 1.872617131147452 1.2447963586341153 2.5037107909711374 150 140 151 1.8702283989070214 10 1457 9 1309
2055 1.4009950185792714 3.0510274318841342 4.7530550355321859 149 95 91 0.68440170035926573 14 7 5 12
2056 0.42875805933708111 2.9216078502744462 4.4008867965778009 30 12 2 1.835948682800393 12 5 13 8 14 8
2057 1.5279497959821993 1.4158735161154827 4.1066828383021159 132 116 90 2.3563425469723551 12 7 13 10 15 14
2058 0.32861065122006489 1.8622078863808493 3.4926430515839511 8 15 43 2.537134598848596 13 58 14 39
2059 0.37582295945980509 1.2111437870149628 2.9119460291643278 99 22 16 0.99912988302183159 12 21 14 40 17 29
2060 -0.55271418446760368 1.2410200788480477 2.8116159422895515 119 26 21 1.8333271773940893 13 46 14 41 15 43 17 45 61 24 60 12 59 24 57 20 18 40 58 21 16 82
2063 1.8956483960539305 3.2390783175914635 4.2088111979324152 53 23 15 0.98282609829852774 13 82 14 84 15 87
2064 0.820262945156217 1.8589948646585734 3.516671417502149 13 9 7 2.4044480178593139 13 100 14 96 15 99
2065 1.8111314496899287 1.4396972586357288 3.2367636953374443 165 51 123 1.0336634692666968 13 99 14 98 15 86 17 107
2066 0.55596823802602979 1.3212030958477963 3.2934919301175904 23 3 2 1.6764970352553816 13 152 15 164 12 122 17 240 18 346
2067 1.6006340165693707 0.60257679373950979 3.8276741061469104 116 43 0 0.75703687114872442 13 175 14 114 15 116
2068 0.21246488746987005 1.2065171925379468 2.7200043238089884 97 12 9 1.4738019913567555 14 116 61 152 58 191 59 275
2069 1.573463171894379 0.47156759698444128 3.9740034564335578 135 107 70 1.2827484557324647 13 182 14 118 15 117
2070 -0.61393853534459142 1.3112511184090545 2.9653740852824817 147 127 100 1.2797439369534784 13 275 17 433
2071 0.80212258832428762 0.83091905391410681 3.0717117208416114 139 31 2 2.1032905544506271 13 181 15 145 17 184 18 190
2072 -0.34991170613370109 1.1627534937185282 2.7146287409653147 86 21 18 0.56887484182199 13 121 14 126 17 192
2073 1.3787145417462048 2.2291087158011775 3.2727958317655013 120 161 164 1.1999350779506917 12 148 13 134 15 199 17 207
2074 1.1145297451281337 1.5892880709006758 3.6153306994755585 55 10 7 2.240707149184531 13 141 14 156 17 180
2075 0.82388321998358172 0.64669643044837777 3.4592946754745375 194 117 29 1.7660061499039788 13 177 14 203 15 155 17 85 18 78 16 77 19 72 23 78
2076 2.2064675238932527 3.1562055505633215 4.2195904491458327 29 13 16 0.78648277839402747 13 219 14 226 15 125
2077 -0.17078582664569952 2.7111681867191564 4.567405272220503 147 51 52 1.6124429635222208 14 230 15 269
2078 1.3401590630072651 1.8138968871851235 3.6152882654491862 92 120 134 0.15241037118277534 13 216 14 241 15 142
2079 0.72427258857466936 0.61872817459518892 3.296425514317924 229 168 53 1.3365922939677999 12 186 14 250 15 260 18 196
2080 1.446865354496317 1.2192827784016818 2.9285130810576816 122 107 113 1.437941423054476 9 273 14 271
2081 0.36717137952312984 1.523338543912288 3.4681713917633248 126 117 103 1.4785223623921506 14 274 15 303 17 358
2083 -0.23541019359084431 1.2186545840578626 2.8341435758898652 132 44 50 2.6757214059110837 9 267 14 307 2 315
2084 0.41803049844651008 1.0904560096079379 2.8969379218106157 67 9 10 0.7623187044280243 13 280 14 312 15 326 17 431 18 476
2085 1.6313245276240167 1.9861395760321936 3.263036085108717 141 22 16 1.5783591750110799 13 330 15 205 17 273 18 283
2086 0.34521875023499832 2.1438877937517677 3.762983066406985 111 110 160 2.2764631807927098 13 217 14 367
2088 1.629245487751305 1.8867589235734026 3.2476871554229541 140 18 17 1.894812680151263 13 221 14 378 15 313
2089 0.12826039851700244 2.2885611390479625 3.208592096135253 43 42 50 1.9096447046981408 13 891 14 398 17 1474
2090 1.1761434651482323 1.906936326116307 3.6089297766571158 163 179 184 0.84918605258037083 13 402 14 399 15 418 17 397
2091 1.9014102139818929 1.6222268664371291 3.2417046910786902 192 76 147 0.77193762306535041 12 359 14 404 15 417
2092 1.0293915910214453 0.78024264332192195 3.5569345235163228 237 172 70 1.2706881590593166 12 556 14 445 15 330 17 347 18 339
2093 1.6464327722936625 1.075695038786419 2.8855581366376817 136 28 28 1.1916793515435529 12 493 14 446 15 484
2095 0.83535323095821712 1.562994223646458 3.4270049074600815 129 79 37 2.9864004874819559 11 311 14 483
2096 0.76117014835828378 1.3473993061703937 3.2091886345720892 163 155 170 2.1869107098000198 10 535 13 653 14 490 61 491 4 480
2097 1.9313024220855872 1.1670470203978298 3.0892864397500173 41 15 34 0.54116657352777919 12 544 14 518 15 444
2099 0.024367201208931846 1.1634519098592899 2.6517197585799095 20 28 33 1.2110196609976858 8 288 14 532 15 318
2100 0.30049270114290827 0.68639488633670132 3.4861243643359869 129 70 0 0.4189628430147308 13 506 14 538 17 445
2101 -0.2575964585845214 1.2982209225090782 2.9568944774666499 101 46 55 0.87104582582929602 9 570 14 548
2102 0.89919759157273405 0.84128942004845864 2.9576065839756853 254 194 90 1.0962782975265772 12 467 13 753 14 564 15 728
2103 2.5945227681129324 3.1692904022277451 4.1019668817200703 109 109 99 1.0163754670134091 13 543 14 589 15 615
2104 1.8157831242507063 2.541568419861453 3.7830730410249696 101 30 28 0.78835371563921097 12 587 14 598 15 584
2105 2.4206706367969519 2.1984611378025858 2.9789966454695982 71 40 11 1.264072397526625 13 835 14 600
2106 0.30648964932339745 1.9753990633302432 3.0358952038575699 201 165 72 0.89057009827854683 13 866 14 607 15 572
2107 0.40509629760830634 1.7939708315015546 3.2893592470922211 33 55 112 1.6452305903846898 13 343 14 613 15 353 17 297
2108 0.1554252075758295 2.2478766195208535 3.1543053905588154 27 95 170 2.0332715113560962 13 861 14 619 15 1621
2109 0.78153222979700832 2.0796052731603574 3.0371154081942255 32 85 158 1.6526123970475162 13 319 14 622
2111 0.35398303870804126 1.8132970448957337 3.3404875595034573 19 39 100 0.47086014624962003 13 661 14 682 15 437 17 459
2112 0.72995613614872279 0.5740678455988858 3.3087257932383061 218 164 56 0.63107938639301531 13 1263 14 702 17 683
2113 0.054584206597935142 0.87350098952797794 2.6722547037207902 243 193 73 0.70224744307849229 13 728 14 707 15 697 17 669
2114 0.085993167516660377 1.0548659231771724 2.6678707857580277 27 22 8 1.3064683181352976 8 1416 14 708 18 437
2115 2.3923659280694247 2.305826937700366 3.0208789541841665 150 114 38 0.68352487582589438 13 1668 14 713 15 1073
2116 2.1513329771331282 1.842868995345639 3.1297895099366708 178 87 145 0.36631655667411206 12 934 14 716 15 1138
2117 0.05885210162902748 1.3913144512419582 3.3946480956501204 146 126 105 0.61428769657702853 13 648 14 724
2118 1.0186135757579042 0.84078593506908805 3.5782516742860153 195 108 55 1.1220915506053903 12 805 14 729 15 713
2119 1.1468242616842266 0.71450787675696237 3.5922966082775298 122 25 0 1.9337849525867352 12 797 13 1013 14 735 17 1266 23 2062
2120 -0.45031539221559946 1.2888709825517781 2.83829756476604 121 45 50 0.18011246329661867 12 462 17 707
2121 1.5306083798590389 0.37788087361793182 3.8253699586983148 133 103 58 1.1901064121898903 13 1254 14 746 15 1170
2122 2.2961878992340186 2.3196921345795287 3.0992512155321221 107 78 44 0.51262974101422054 12 869 13 841 14 752
2123 2.3980070360874892 2.2081722752787658 2.9683389470411639 117 107 100 1.987288359836161 13 826 14 754 15 787
2124 -0.14557618516087534 3.2850340123371025 4.6655821377515432 49 65 57 0.93210253632458095 13 839 14 755 15 735 17 716
2125 2.2070570458022916 2.0292091415849889 3.099576142590255 168 202 212 0.4226201760451222 13 806 14 772 15 743
2126 2.2017433224473226 2.854886822360406 4.2954854111393734 226 139 147 0.30582477491862697 13 816 14 793 15 780
2127 0.93015351711422622 2.3923127916045961 2.9414450726258097 87 50 1 1.2173638450630946 13 803 14 833 58 318 60 295
2128 0.3187013077889142 1.8621357455834882 4.077779485402643 32 14 0 0.90187099765351908 13 973 14 857 15 1279
2129 0.97995420074799056 1.4963218112873609 3.3152549134736056 51 69 83 1.9359394539584571 10 915 14 865 6 612 4 2389
2130 1.3806618772391985 1.333556837026284 4.2379410534605944 73 38 18 1.4173321267430792 13 1338 15 921
2131 0.59484778157335449 1.6238214700050169 3.9360047663166773 4 0 0 0.19746536843748858 13 1240 15 1985
2132 1.3832246426468198 1.6896944176654192 3.8999597242602051 58 22 1 0.35554127107040578 13 2361 14 884 15 1089
2133 -0.27359906655341931 1.3823637319921436 3.0561464807721777 110 80 80 1.2728793524932314 13 746 15 991 17 1301
2134 1.7994190275869069 1.1136777679990351 3.0069089094752033 143 160 167 1.8104809892003919 13 1329 14 959 15 1255 17 980
2135 2.0107448453832375 1.1299769353589975 3.0945445526904987 121 115 127 0.74331676140679459 13 626 14 960 15 911
2136 0.67419668970724023 1.5361695286743426 3.3951399294418936 111 72 3 0.77520197274381641 7 1296 14 963 5 962 17 1181 60 1796
2137 2.3498068567553769 2.4439772100037533 3.076625351008619 56 25 4 1.4018131236975953 12 880 14 994 15 1079
2138 2.2619375232287355 2.2203706267565226 3.0024300500041354 177 207 217 0.16275957991704293 13 1069 14 1005 15 1492
2139 -0.17497437862119999 3.4442212479340739 4.7711945056497544 112 108 97 1.7667953944789567 12 849 13 809 14 1016 15 790
2140 2.3663586534049248 2.3265590000359904 2.9982994715399207 144 111 0 1.2467867412293545 13 1116 14 1019 15 782
2142 0.82505647315020691 2.2823122148803239 2.8647784214901773 142 193 246 0.81765325350973062 8 809 14 1057 4 1045 60 1108
2143 2.095494188368018 1.8713989507445015 3.1052361205811305 195 96 161 0.58644455399857431 12 978 14 1063 15 1184
2144 1.0259554888456237 2.2748730306604004 2.7719458924942693 125 93 10 0.99401186852458323 12 1677 14 1065 15 1665
2145 2.1386803154968508 1.9860510274222365 3.0841963384305506 201 232 241 0.35454401216252035 12 1143 14 1110 15 1187
2146 2.361716384913346 1.937805071007221 2.9708748464768755 23 18 0 0.63925189925670312 12 1682 14 1118 15 1033
2147 2.3782614374635855 1.952989946202909 2.9126169808576114 201 172 36 0.55533800548207191 12 1131 14 1123 15 1027
2148 1.1818653217521209 0.77709220078375407 3.5502611527759238 120 38 1 1.0468113394700842 12 1208 13 1531 14 1139
2149 1.7431610807739235 2.7069108585052497 3.7662728785899309 184 193 190 0.81082962404370618 13 1118 14 1147 17 738
2150 1.2709864101314921 1.4333338382480394 3.3646199585556245 109 52 45 1.3528067079513484 12 1012 14 1176 15 1307 17 817
2151 1.0249919205195051 1.4538561505337901 3.3132642857234957 128 122 134 1.4730109215145459 13 1233 14 1206 18 1041
2152 1.9579402039470395 1.4717204210018888 3.1357768691136143 254 149 221 0.36141284397510537 13 1708 14 1214 15 1698
2153 2.0357342424779774 1.5312176827542274 3.1353774186497168 123 22 80 1.8122011807551441 12 1316 14 1220 15 2469
2154 1.7923969961814601 0.94208731139196766 2.9133608378835438 132 34 35 1.1724630549341795 14 1242 17 1135
2155 0.54197530588322207 1.733389862241864 3.9407956476132382 16 2 0 0.73477478876997859 13 1266 14 1243 15 651
2156 1.8611841196442169 1.4174411123028821 3.1394828572777218 222 107 182 1.6000844796602138 12 1280 14 1260 15 1246
2157 1.9733384460859362 1.4572050075781959 3.1532729009588678 231 113 187 0.092177099812936439 12 1341 14 1272 15 2493
2158 0.36572521401220576 0.90372919397049523 3.3033212846048112 169 98 42 0.86042922312387882 13 2015 14 1275 15 1328 17 1868
2159 0.84870165136657705 0.98676233238226418 3.0167588949280981 207 143 35 1.5014176604180407 12 798 13 1019 14 1289 15 1444
2160 0.83290739559225857 0.9984894580606809 3.0549743732222749 115 25 0 1.3154959092851772 13 1532 14 1292 15 2183 12 1207 17 1817
2161 -0.45670303481510777 1.1109675543068414 2.8435293913701032 75 75 91 0.67845711243885032 12 1978 14 1319
2162 0.47471144092351397 1.4543392437346536 3.2051475741437048 58 34 30 1.1152317336061421 13 654 14 1335 15 872 17 978
2163 1.4663047072658588 1.1319251350535047 2.8650911529846805 141 33 34 1.87595906134632 12 2846 14 1359 15 3555
2164 0.89918891790144195 1.1264401439294724 3.1379715098799998 103 45 34 1.1931166931175479 13 1474 14 1364 17 1631
2165 2.2914593236199861 2.230635148906233 3.0921024012385785 128 153 158 1.3608445508536711 13 1638 14 1394 15 1023
2166 1.8688395236234563 1.3827687935214277 3.1620843018856508 244 136 206 1.526438294468895 12 1878 14 1397 15 903
2167 1.7714008650661937 2.2975531026873504 3.3954882393691106 119 32 38 1.3987202385402693 13 2168 14 1423 15 1529
2168 1.6296280387746591 2.3696142028811309 3.5007149460435847 38 19 21 1.2856487962557051 11 1312 13 1551 14 1425 15 736
2169 2.2850098818738918 3.4069956826782364 4.2722441340581039 50 56 56 0.93323402476954009 13 1100 14 1467
2170 0.027722665935410357 1.0259624599271711 2.6867810859698489 15 13 5 1.6713248110049792 13 1270 14 1476 15 1383
2171 2.136129818951225 1.8086030628205207 3.1203010814044889 159 52 117 0.74451975559127359 12 2364 14 1514 15 2536
2172 2.1291251645537983 1.8320630722667044 3.1147658637711229 255 156 217 0.26811766304833168 7 1621 14 1520 15 1689
2173 1.8511073784957059 1.8601016274352362 3.2731611749718845 214 153 106 1.707140252351282 13 1775 14 1521 15 1721
2174 1.9305738569984283 1.9161900256821596 3.1632577975498801 156 80 107 1.5165138050781108 12 1635 13 1150 14 1527
2175 2.1785846249606426 1.8335528248797304 3.0465343117319938 85 16 67 0.71550707489871634 12 946 13 1747 14 1530 15 3057
2176 2.2259429215665594 1.9547998611733348 2.9014028564397378 0 13 24 0.91932257523213357 12 2125 14 1568 15 2266
2177 0.54210235117410532 2.5793200425231775 3.4064719935807695 185 127 100 1.8434464046393515 8 781 14 1572
2178 2.3450289028963653 1.9276305417297013 2.9225325434745639 146 157 162 0.37217024346786426 13 1178 14 1574 15 1541
2179 2.3951772711014785 1.956909763985957 2.9022706165943442 50 19 0 0.89017985498485375 12 1191 14 1585 15 1534
2180 2.1745069050409671 2.0559172804033783 3.0742845224772415 200 229 235 0.64665587808756941 12 1525 14 1588 15 1036
2181 1.5394933514960374 2.3035505562752681 3.4362844081402164 121 80 82 0.95007765772267305 8 2164 14 1589 15 2258
2182 -0.39201375074519257 2.8792665811611067 4.8307687036094196 158 125 108 1.1272784316192668 11 736 14 1605 15 1166
2183 1.8598014402073106 1.5609600614847061 3.2690289524927136 149 27 104 0.25974626971214454 12 1101 14 1628 15 1093
2184 1.1124848672852359 1.845603156479833 3.6741917716246912 24 26 23 1.5898602036211937 13 1684 14 1635 15 1193
2185 0.73871077717266398 1.5474559719256722 3.3981127737607126 129 88 44 1.4684678104099029 12 2811 14 1642 4 3486
2187 1.1035676942266399 1.4839583922865829 3.3978053037583669 120 80 48 0.86997802792507239 12 1767 14 1663 15 1940 3 1332
2188 0.94596063872318303 1.5050485127958464 3.3190312942195717 88 88 85 2.2068483387076538 12 3126 14 1674 15 4148 60 2999 61 1681
2189 1.4354982068813438 1.2747176686738033 3.0993159546129241 91 56 63 0.17929534535850122 13 1965 14 1683
2190 1.7504725585155643 1.1890801034105523 3.0138358166790673 60 51 78 1.2500317734797066 13 3158 14 1686 5 2254
2191 1.7837859655827981 1.134203404968251 2.9959522785614485 235 251 255 2.2478216547994965 7 2278 14 1702 60 3678
2192 1.8878268273713088 1.1517665014842207 3.0012041231767195 36 26 37 0.74426012460723057 12 2022 14 1720 15 1823
2193 0.93734075138143191 1.7264911063662689 3.5384277035319958 84 121 129 0.46085232971165047 12 2944 14 1742 15 1919
2194 0.93540610257524026 1.7942508334854443 3.4026838745649499 70 90 93 1.2006833613045049 13 874 14 1767 15 1234
2195 0.92383293062219662 1.7862746246852568 3.5330644960541706 87 107 113 0.63004385988161971 10 1772 14 1768
2196 1.9743538527285334 1.2756497389638513 3.0923730308465518 119 122 139 0.90423768733243393 13 1972 14 1787 15 1265
2197 1.766256890823473 1.4348635219715269 3.1881978104901285 207 108 175 0.92987575034895043 13 1935 14 1793 15 1294
2198 -0.34001811003195825 1.2708685109659148 2.8085148667660431 152 96 105 1.7290127022887973 7 2298 14 1829 15 2021 17 1846 60 3035
2199 1.4815067395918613 1.1851046930815312 2.9035710219110356 98 65 72 1.6338806286303966 10 1455 14 1906 15 1844 17 1646 8 2944
2200 0.87970905686210299 1.3325279151078215 3.1878659030984919 95 103 116 0.81275972043240485 13 1316 14 1912 15 1854 17 1145
2202 1.4651792757626376 1.216957489366735 2.9747021773824947 108 62 62 1.5841733740460591 12 1995 13 1828 14 1927 15 1874 17 1634
2203 1.2887294278091834 1.2407792729628309 3.143215553818453 186 79 82 0.56621295401432181 13 3174 14 1930 15 1881
2204 -0.03042244895057921 1.6068098643851592 3.257342376535874 53 100 178 1.8032496513862892 12 2012 14 1935 15 3554
2205 1.7748305040957606 0.98201664234730734 2.8755826822292718 162 62 60 1.0853917822825381 12 3222 13 3658 14 1947
2206 0.54420262504790551 1.3069322787027609 3.1431895437833566 66 20 10 1.876453001832507 13 3234 14 1956 15 1411 17 1286
2207 1.8798370268607012 0.85386184064812765 2.9607608992734709 102 12 11 1.7558981239903042 13 996 14 1960 15 1417
2208 0.046926653347717548 1.4822199599957364 3.2615167651544237 8 8 42 1.0496167873108195 13 3265 14 1967 17 3396 61 2695
2210 1.4735478233202159 1.122421072586484 2.8693031889324243 195 86 92 1.7988496638196603 12 2633 14 1984 15 3550
2211 1.7749357292144956 2.6030809297643085 3.6289034680098511 172 174 173 1.4147084440653519 13 2287 14 1993 15 1769
2212 -0.17667532418687565 3.4431286102638361 4.6990540414444162 169 158 149 1.6726217889421306 13 2321 14 1996 15 2229
2213 2.1540241792643182 2.1454634146928941 3.1437097458239394 35 34 32 1.1006847753159508 12 845 13 1562 14 2042
2215 0.97423177748317169 1.9766865626446772 3.5651955487930547 22 37 44 0.94622594264428628 13 2357 14 2181 15 2499
2216 0.98012744413279806 1.9597403135615667 3.5262431184059522 154 172 182 0.93191599588260454 13 2363 14 2198 15 1653
2217 1.7583399136963387 1.6597604022350541 3.3358545867165761 76 42 5 2.1001060608993494 12 1332 14 2216 15 3127
2218 0.9620027116937947 2.2963075435853653 2.7960444827299065 136 107 77 1.8900971837568843 12 2154 13 4080 14 2272 15 4431
2219 0.98745620114980048 2.471185053678854 2.9540996244998121 43 1 1 1.8881110695737831 8 1521 14 2283
2220 2.1777022581156729 2.014920814139368 2.889393137096349 98 131 140 1.2852716198145415 13 1549 14 2284 15 1539
2221 2.3320581083651555 1.9500665996357018 2.9269935828311406 13 1 0 1.5531139677143391 13 1180 15 532
2222 0.50042826129975782 2.4529929168858411 3.3478256443915662 210 170 159 1.7647383952968203 8 456 12 1141 14 2286 15 3006 58 257 61 439 60 416
2223 1.2344371082104437 1.5383493658181524 3.4099115850484858 109 54 1 1.0649995123352791 13 2710 14 2379 15 1889 12 1869
2224 1.1391744642628487 1.5622188694906534 3.4910453106894836 55 4 0 0.52752903525842942 13 1787 15 1894
2286 0.90464576208883984 0.49324661266943376 3.4748989657368887 129 105 61 0.026441480449459501 11 199 6 258
2301 0.65583980033139289 1.553115874040037 3.4078992174470422 160 119 63 0.71735590828461859 13 371 15 360 17 319
2287 0.96867587406760602 0.80285835420017548 3.5653882866635467 119 31 5 2.3903885784494836 14 458 15 229 17 170 18 125
2302 0.66895564043313838 1.2794278386737379 3.2147915886333354 0 0 0 1.3499409215757747 9 206 14 175
2288 -0.62485963020114221 0.97687552101921571 2.870012650458349 128 110 86 2.2596503431722592 13 167 15 252 17 251
2303 0.77565071688495735 2.5550930032299317 3.5807368982463861 42 5 0 1.5461602823246872 9 167 15 388
2289 -0.11430624100505352 0.86330972893502667 2.7533899850501711 219 187 65 1.0370753879955619 13 259 15 253 17 253 18 259 19 145
2304 1.4720994382847314 2.3308904901794891 3.4339271944662397 90 11 6 2.3851319961682682 10 365 14 571 15 426 4 551 61 648 3 503 60 861 59 576
2290 -0.46913411226485846 1.1823159830371464 2.6846064445286935 73 12 12 0.80559609439155466 15 259 17 258 18 263 19 226
2305 1.4138227853494354 1.4004405047628761 3.2832509686543236 59 0 2 1.7245445291949431 14 481 15 441 17 864
2306 0.88060514818078162 0.59683181566241816 3.6577566414034748 230 147 49 0.83058613278842064 12 577 14 534 15 452 17 502
2307 -0.32891284633358203 1.3508306974417019 3.0852687512740609 97 102 111 1.2918289135836913 7 542 5 747 2 436
2293 1.0465890008135226 1.5519965018220547 3.4664847500334552 128 77 24 1.6124584341034591 11 289 14 232 15 297 17 302 18 323
2308 0.18649826419083429 0.80887102748958672 2.9229906702841535 106 34 4 1.9363799697594912 13 514 14 542 15 465 17 475
2294 0.52788330414358875 0.86731334554133532 3.4071992600076118 218 159 36 0.68438183151833887 14 416 17 249
2309 -0.091226288060570024 0.93079265319332549 2.6708963403263231 224 181 80 1.3571249705208708 13 703 15 472 17 603
2295 0.97956323341945972 0.91320911960166229 3.0870833545945358 116 36 9 1.3642472192252568 14 595 17 346 18 419 23 199 21 186 22 201 25 140
2296 0.74767541262913428 0.55502576689544558 3.3632195353374486 158 101 4 1.5758520390128499 14 530 15 335 17 268
5638 2.1963003949716744 2.2830612286382386 3.1759093289601248 140 152 174 1.4998387464058502 43 565 44 1187 48 1538
2311 0.14504162182367034 0.97523308143069143 2.7263766977605801 136 83 2 2.0418023730919863 13 702 15 479 17 468 57 893 18 396
2313 0.10901866587672444 1.7134134657705546 3.2190586535313717 2 59 132 0.93078482099961379 13 681 14 520 15 483
2299 1.3575676871423119 1.3860532613086924 3.2935602131372863 88 44 43 1.1875445420430575 14 484 15 356 17 638
2314 0.0035640186940175756 1.6013443934202019 3.2397687364423073 2 42 135 0.86799062628557877 13 475 14 666 15 492
2315 1.0192295314007052 0.89777246305555358 3.4185532290911755 160 64 42 1.4586866735086577 15 504 17 478
5644 0.35071811299522082 0.70478251122802049 3.600831994613567 222 191 41 0.91711567686641449 44 13 45 10 48 12
2317 1.7555405225689202 3.0905952125313312 4.2060119696293681 90 21 19 1.1435387186132928 14 792 15 562 17 382
2319 0.80988771992477848 1.1537798501470409 3.2907389613760434 143 44 43 1.6713915197801636 13 641 15 601 17 482
2320 1.8625855865412668 1.0964248197429631 2.9712294350887398 21 13 31 1.7463667201125881 12 1232 14 521 15 619
2321 1.5752354446790096 1.1681973770112959 2.9162151755713981 92 11 18 1.5593284624901183 14 980 15 622 5 753 17 655 2 470
2322 1.1276765286445263 1.0834709105356648 3.0990031421895328 169 62 56 1.5208480703217322 14 511 15 637 17 484
2324 -0.30503093275128107 1.4919411289755315 3.144848369335163 133 116 96 0.63849597903219624 15 648 61 689 8 1012 4 789 59 936
2325 1.7235448664251298 1.1863538652186931 3.0188942011701316 128 111 146 1.9313790245759197 11 701 15 669 4 592 3 547
2326 -0.55210506548447624 1.1727641457880702 2.7088994353533291 169 187 197 0.78129850854001148 13 1273 15 674 60 473
2327 -0.15424366131603626 1.1478276444585456 2.7613498889149248 0 0 0 2.384494349411904 11 548 12 667
2328 0.80154144550849771 0.51173457986980952 3.6035087873180847 153 88 2 0.84233220698845457 13 508 15 684 17 599
2329 -0.56646203025256359 1.1992177017696539 2.7213801172022798 112 20 30 1.4335359964993748 15 686 17 1092 58 502 60 357 59 356 18 794
2330 0.11391971415871129 0.96586561545453065 2.7152088433083823 240 186 84 0.53169983305506341 12 743 13 700 15 687 17 1089 18 608
2331 0.92138312283816337 1.0519193120146006 3.0384508386108644 87 2 0 0.31279329432260111 13 714 14 551 15 709
2332 0.17957064533477993 1.1615810082869791 2.6746116334342669 11 7 7 0.77026870317448071 13 763 15 727 17 684
2318 0.73476242604550346 1.3260708414993789 3.1712358737116402 121 56 78 1.5930539362078839 11 500 14 485 18 383
2333 -0.16270743472306598 3.2466796684570238 4.7286064057329833 52 70 82 0.61503649681181771 13 837 15 739 17 718
2334 -0.098158831676675148 3.2059483276514338 4.7392041330548533 78 67 63 1.0827244945480541 13 834 15 740 17 717 11 965
2335 0.22194399915028432 3.2862616510385925 4.5701938440821559 65 74 79 1.7855130773115402 12 1602 13 811 15 789
2336 2.054465119673051 1.5903796672915991 3.0953976706285835 55 1 33 0.99909149861282442 14 821 15 796 17 1060
2323 -0.41851033744295446 1.5464329951589024 3.2633105426326909 211 192 117 2.0089933770359556 15 641 60 809 18 635 8 934
2338 1.0373708065439231 1.2671965541700065 3.1323484913614945 131 60 68 1.5642635321441087 15 871 57 863
5666 0.79316759812541793 1.9870295247454974 3.0051508486485825 32 92 184 0.83832982744272011 44 133 45 129 48 111
579 -0.17259850890744871 1.0347181479739325 2.6595811118269519 114 139 158 1.3763913903029126 8 3060 10 1555 12 2603 13 3005 15 4797
2339 0.45314092536305944 1.4706575626834055 3.2072774171101264 135 121 118 0.20220473306507647 13 635 15 873 17 619
5667 0.7439580403705861 2.0367555704141322 3.0098535481358164 143 194 239 1.2483961275315998 44 132 45 131 48 129
580 0.33259986280151493 1.0875610463806429 2.8239467000105845 107 48 38 1.1248759075664663 8 3068 10 2238 13 1513 17 871 4 2355
2340 1.0920512494896397 1.290480738727011 3.1684815923289031 58 73 85 0.92522149786848684 8 991 15 880 60 2117
5668 0.016916134650697318 2.1917672026685135 3.8041315866584089 218 247 255 2.1668032531633279 44 92 45 138 48 104
581 0.32609299574853762 1.1103206451411363 2.7632787236338912 149 40 44 0.040436126334832803 8 3071 10 2237
2341 0.033701722543305085 1.6786385279847065 3.2233782922066236 0 49 133 0.36157309401092719 13 623 15 881 17 1134
5669 -0.16826356633963363 0.93840886846349636 3.2916841655005129 138 85 31 0.028166527444130049 44 143 48 250
582 0.95013923857613547 1.0097399560989428 3.0250254108905352 92 16 0 1.5019310735363138 8 3089 10 2465 13 3515 4 3819
2342 1.5970338568127445 1.1647593503712863 2.9294957872661049 188 208 219 1.0489135352426113 8 1002 14 1339 15 882 17 463 4 1560
5670 -0.078287774813923822 1.9891556772497714 3.8693091611652837 122 22 34 0.9442132253429909 44 169 45 154 48 93 46 134
583 0.85881670233866947 1.0103197695563282 3.0205869513985659 157 36 19 0.44189265355996604 8 3090 10 2463
2343 0.15521477458815666 1.946990491218016 3.1735574926080337 1 57 132 0.44014337163780581 13 671 15 886 17 815
5671 -0.062810075807099824 2.6163643280061666 4.5811748484177164 109 4 9 0.98944382927500996 44 174 45 163 48 98
584 0.64920422094266139 1.2449848167095641 3.3105764303277558 197 143 156 0.63043222146418831 8 3103 10 2332 11 2249
2344 0.35613200329108019 1.9000701137349723 3.1716020860032899 21 7 0 0.28465155906348694 13 969 15 890 17 1067
5672 0.042207475445360139 3.0306000440563099 4.5166833811953806 188 204 229 0.67505949507901308 44 153 45 164 48 149
2345 0.72219944262314673 0.61158852448712275 3.3851742940621383 170 108 5 1.9307459007477572 14 939 15 959 17 706
5673 0.17580422605282581 2.8771987337357028 4.1779300641401491 177 164 147 1.2278463854503485 44 166 45 167 48 101
586 1.2958874796404118 1.534035907713676 3.3290940029643701 80 45 0 0.43661036061457775 8 3129 10 1849
2346 0.30368974278250949 0.72380421812665852 3.5337386059771081 136 79 0 0.77085920687072085 13 706 15 963 17 899
5675 0.013274557678206771 0.77769248768121235 2.8892327408858733 212 187 55 0.27783881860145815 43 106 45 173 48 192
588 0.1720760272011152 1.6377832230361575 3.2196656918561168 68 135 224 1.1678253385501869 8 3167 10 2733 11 2091
2348 1.7738613939209318 0.92723815608525983 2.9342929277135674 255 158 162 1.3762434223964337 12 1395 14 1367 15 980
5676 0.68501986634726175 2.3421325386380385 3.1847992468493298 37 112 209 0.75111558264299438 44 294 48 375
589 -0.24927817556221943 1.4613623287677928 3.1555376785498361 191 168 138 0.30953941937140783 8 3248 10 1902
2349 0.16355077371669605 1.2871219780340852 2.8050321657437589 178 88 87 1.601980402478473 14 1294 15 988 17 1305
5677 0.54374502093842991 2.386528799751408 3.1931868785196085 192 177 164 1.1518103232910535 44 184 45 191 48 185
590 -0.33096415804477941 1.4842986196175534 3.1406226730153022 220 203 153 0.87367154968920624 8 3264 10 2342 12 2857 58 1098
2350 2.1742738644199031 2.0713696555544776 3.0168391229978959 121 144 153 0.54078562413841946 12 1175 14 1093 15 1041
5678 2.1738674989094475 0.82451115021330312 3.0576936895434557 222 244 254 0.22200447227637798 44 203 45 204 48 196
591 1.0127941208868658 0.95303559899240153 2.9385366599053815 211 144 76 1.9136117111637638 8 3265 10 2367 13 3529
2351 0.36881588607577903 2.1777671670986751 3.1891601346828473 40 100 173 1.9458985643381634 11 1639 15 1098
5679 2.0921350598748858 0.85255043456507129 3.0425316595255292 143 87 115 1.7038563965873756 44 286 45 206 48 336
592 0.45498658884207704 0.83863445104481515 3.4629095936358056 177 113 3 0.89315740876519589 8 3266 10 2359
2352 1.8444631318453497 1.4593071608535784 3.2005611087918355 159 44 119 0.5713150046434724 13 1716 14 1266 15 1118
5680 0.79838628292282432 1.9920727599202723 2.7721949334632359 203 180 38 0.48587207271737337 44 136 45 215 48 328
593 0.87249651009591955 0.97482378023792438 2.943763944753599 247 185 111 1.1805546142109846 8 3271 10 2380
2353 2.0613759939818275 1.3723724947344291 3.299023126462914 101 2 52 1.644571086370032 13 2732 14 854 15 1119
5681 0.21959882585235613 0.7202078665028836 3.7597755079462676 229 196 57 0.82427237804718556 44 165 45 253 48 253
594 -0.15631024402424712 1.0686125501199499 2.578702508719565 93 110 129 1.5404050058422061 10 2363 7 2550 61 2401 60 3691
2354 2.0969861234235267 1.9246544464849904 2.9460770023045071 167 189 202 0.96060348938513818 13 1200 14 1071 15 1145
5682 -0.48261601235120244 1.2010361895806907 3.2121122727959217 95 52 10 0.44575350984871404 44 214 45 255 48 255
2355 1.576528025118263 1.8742011585345848 3.2671988516724917 219 125 123 1.6595602913288348 13 1166 15 1155 17 795 18 667
5683 0.97008083034338111 0.48645617752621834 3.6616680328534366 131 71 0 1.3068835303118238 43 154 45 269 48 281
596 0.84978233922433322 0.99976031149293076 3.0499379531295059 220 98 74 0.13941310408678825 8 3299 10 2461
2356 0.96713338780211211 1.4610781098197592 3.3139209802934793 164 175 184 0.75062993633306851 14 1205 15 1179 17 1197
5684 0.60933467759616777 0.49822282789253625 3.3617393217660489 153 100 4 1.4615924748777929 44 187 45 271 48 380
597 -0.19395649262110831 1.1008325683632563 2.624989412418163 161 191 216 1.1350955062923065 8 3313 10 2207 11 1821 13 2986 15 3974 17 2695
2357 0.091489995631574506 1.6677983956563545 3.1901621893849876 154 221 255 0.41952535915447536 13 1296 15 1189 17 1122
5685 -0.15372201997477636 2.564947468182468 4.8968391255166601 79 10 19 0.42295118256212866 44 359 45 287 48 222
598 1.4355508331870486 0.7930292004452465 2.9888942169295087 134 36 12 0.92350375098844895 8 3364 10 2218
5686 0.75312909176760412 1.9430910009572606 4.3051250506738219 108 83 81 1.3227867806305584 44 167 45 299 48 441
599 1.7303055660313313 1.1622892160411731 3.0039269936452921 191 192 222 1.0874805005763235 8 3374 10 2250 11 2218 13 3146 58 2403
5687 1.4662251695901725 0.83751787482587292 3.4123562859897723 46 22 27 0.83693759516210608 44 208 45 311 48 355
600 0.69140719901575642 1.0948106063202461 3.1805478539940717 128 31 25 0.0076774079000179567 8 3384 10 2439
5688 0.036576790240615921 2.5001334652162717 5.0664401128499685 96 0 0 1.7755454702195035 44 228 45 312 48 298
601 0.99960091022203779 1.029645427213139 3.0140763422436647 168 111 33 0.69047646160625897 8 3440 10 2500 7 2522
2347 0.30438446638901562 1.3996192560098648 3.0632674529369126 27 6 15 1.6315983199403468 8 656 15 979 61 385 12 1575 60 990 23 3823
5674 -0.47978474402826782 1.04861442056037 2.8435069395050454 185 211 228 1.2251098704898347 44 101 45 169 48 241
587 0.28529211106501307 1.4639038898927137 3.6065325857428556 89 77 77 0.76855707311074839 8 3158 10 1934
5689 2.2448055469636867 2.3950883177904219 3.0684533488203782 172 158 135 1.9900788690039271 44 422 45 318 48 418
602 1.1287990311364671 1.0830704831168831 3.1425817142229597 146 26 27 0.48483998380574417 8 3453 10 1589 13 3670
5690 2.7606776047659438 1.5033382287266619 3.435939011145932 193 123 137 1.0086489357436939 44 296 48 200
2363 0.3002989105105644 1.8628555385044632 4.0165922568604886 156 142 130 1.1219772561446366 13 1711 14 1746 15 1278
5691 1.9424661673298866 1.6544207038313929 3.2383362709069283 230 131 214 1.165400237726516 44 430 45 323 48 565
604 0.2069058593610251 3.4846326524240121 4.7063443594277068 127 123 118 0.64185385698672615 8 3481 10 1707
5725 -0.2209912099372027 2.4093903359792961 4.8707254751332814 163 180 190 2.0598544225544528 45 160 48 146 46 129
638 1.1378683024079146 0.35423762574779172 3.2750683333356498 220 181 33 1.3540738844762972 8 175 10 202 7 114 11 176 12 169 13 166 14 166 15 147 6 170 17 152 61 141 4 184 3 199 58 80 57 80
1939 0.047765097299272891 0.89792826125007419 2.7199589333055361 226 186 51 1.9195238030347339 7 8 9 8 5 11 6 15 61 10 58 7 60 10
5726 0.088471493258695744 2.9537758899054625 4.5433850208644824 176 60 72 0.035794871616062637 45 165 48 150
639 1.1425890844903384 2.0414757415773765 2.6641214079014284 221 213 66 1.088737146426082 8 152 9 181
2399 0.34759836593734861 1.780154119707285 3.2659634779035196 21 1 0 0.529415051374302 13 2629 15 1941 17 2293
1940 1.3100601411320134 2.661801851439566 4.6752011456577662 123 108 85 1.9117642427350678 7 13 8 11 9 17 4 14 3 15
5727 -0.66397894445305716 1.1688991397420772 2.9031108607184413 126 52 77 0.018053931344310499 45 145 46 88
640 0.060253213514196748 2.429016437571307 3.8902639221811022 59 4 10 1.6929852873881253 5 129 6 163 2 135
1291 0.035945674558270906 1.39377961873477 3.3250335080482083 12 3 8 1.5392910478012227 10 719 12 490 13 620 14 501
5728 -0.041879232039906691 0.68219763611362316 3.0418383387600478 70 13 2 0.98677554822481739 45 122 48 184 46 170
1942 0.55898272109491165 0.65319040809177309 3.2324218462947476 0 0 0 0.8446232976829513 11 28 13 21
5729 -0.25276058665380663 2.4050539372353956 4.9222522431423279 126 19 27 1.9722524339121488 45 233 48 224 46 159
642 -0.061423821505543569 1.813309630760519 3.3253151275702746 22 99 191 1.4175112052769283 8 114 7 131 6 248 2 148 1 139
1293 0.2841798293490555 1.199512685772065 2.8920148224574311 86 76 77 1.2245508534203995 11 315 12 503 6 532 1 377
1943 1.5885878412974845 0.45391416934246237 3.6801821465664131 136 111 81 2.8648967353220733 7 50 8 40 9 32
5730 -0.24155012942046342 2.2542607764465643 5.1798605703734628 20 20 14 1.1038838974682557 45 236 48 229 46 195
643 0.057112880098291276 1.6189745542778282 3.2719808544984672 19 89 182 1.6110551141934131 6 129 61 65 58 40 5 158 59 60 57 43
1294 1.7978444786360712 0.79333177395996102 3.0540725961292239 149 148 146 0.89870218280809877 8 725 12 504
1944 1.82691843251625 1.4752058858459418 3.2493255637369973 181 73 148 2.3351286119387558 11 83 9 48 5 61 61 71 58 120 57 69
5731 -0.51719572548769044 1.2018285565534153 3.2662577179827554 189 141 65 1.7150457423398617 44 157 45 302 48 258
644 1.1816469271831425 1.5212684553320432 3.4480636299716982 164 122 37 1.1615142646123131 8 126 7 138 9 136
1295 1.8192460660504737 1.163163550000764 2.977533767465677 74 75 99 1.6029144451481567 8 1234 12 514 13 486 14 498
1945 0.57896035321679251 1.2595856006094863 3.1256551198526745 55 0 0 1.4211841688335247 7 81 9 53 61 116 4 88 3 58 58 88 60 87 59 99 57 107
5732 -0.21133173200897534 2.7971037709943443 4.7011419527011151 181 65 65 0.58625293831363923 45 290 48 297 46 193
645 1.9460079763373537 1.242006112120758 3.14437194932907 187 204 224 1.5781926280231888 8 118 11 105 12 79 13 97 9 140 14 64 15 75
1296 0.86311454319460945 1.3214110485836428 3.1830251743000799 9 10 22 1.1857056394229359 8 541 12 521 13 493 14 502 17 490 61 558 4 712 58 525 60 700 18 602
5733 2.3266584644152908 2.2527519209182869 3.0269711619568898 174 193 207 1.1990555872988375 42 259 44 282 48 334
646 1.5289678115852456 1.199549890925663 2.90190548260217 75 6 11 2.0242174129511161 10 140 7 146 11 132 12 82 13 104 9 135 5 91 17 78 61 110 4 144 3 93 8 68 58 92 60 106 59 106 57 118 56 193
1297 1.8971076441894894 1.037969006127426 2.9573632634731024 115 8 11 2.120252582726855 12 561 14 406 4 1465 8 1263 9 431
1947 1.4484048661586282 2.3120929834975725 3.1623550059171901 0 0 0 2.8130823643685501 11 74 12 67
5734 -0.23074053597373653 2.2783786162691468 4.03743671080026 214 236 247 0.20679808234861 45 219 48 341
1298 0.46441971645651853 1.3533989758402114 3.0918270480023282 111 36 40 1.7780804096610028 8 497 13 489 14 635 15 634 61 492 4 1327 60 617 57 880 18 575
1948 0.14530279522143849 3.1400691622052284 4.5165019074698272 183 189 195 0.96221406065506865 7 64 9 69 5 75 6 56
5735 -0.20482260497800728 0.97528490159943138 3.1901792424375506 123 74 41 1.9762621048557065 42 171 45 426 48 464
648 0.00041485521898759151 1.1736334990898847 2.5926432311154537 7 31 41 1.3995073585726834 10 84 7 150
1299 1.5152138740753898 1.154171352643472 2.8575876073932651 138 111 118 2.02800239681426 7 1196 12 563 15 629 6 541 61 994 59 1144
1949 1.1082781117347136 1.5812034517613565 3.6240670342929171 53 15 11 1.8587851406918829 7 135 9 74 6 130
5736 -0.1125887674625147 2.5473448859060897 4.1825466248646723 168 192 216 1.1657583462495145 45 514 48 637 46 294
649 -0.25721271282209657 1.1137270953273823 2.6737039289833868 217 239 253 1.795328084600424 8 107 7 151 13 164 9 84 14 160 6 85 17 260 2 65 18 256
1300 0.66180449655888562 0.61816844363557155 3.353808035652301 157 90 10 0.91357382358260908 11 477 13 509 15 478
1950 -0.31313436309932885 1.5683892819909804 3.2470706836559522 151 106 28 1.7106011684937303 8 64 9 75 4 104 60 59 57 81
5737 0.24784854595464736 1.0311838652163985 3.5691300461951405 56 6 0 1.2218880562748504 42 297 45 430 48 692
650 0.99372861150897562 2.1896150808562758 2.8184179572536974 7 49 131 2.0016707681338017 10 172 7 159 11 185 6 241 61 211 4 260 3 300 60 287 59 219 57 215
1301 1.477543027756675 0.44649978829244141 3.5722588853005255 137 77 18 1.223939024225275 12 574 14 946 15 319
5738 0.75536805621216296 0.90958612279307038 3.0878008728578732 144 70 5 1.2686839763173798 42 839 45 1110 48 1150
651 2.0093539541304382 2.9664281425709227 4.2266931593888586 146 41 48 1.6575136396054977 8 136 7 163 6 158 5 122
1302 2.0486205718335255 3.1288142026013985 4.1701620550698335 193 127 141 0.6368373377919313 10 827 12 586 13 818
1937 0.93442469872084655 0.71704167332595703 3.2837338515896488 192 130 7 1.2980096332022801 9 3 5 17 61 9 58 10 2 12
5724 -0.15885907958944756 1.0459652995267721 2.9292292752606657 50 70 84 2.1067573892123295 45 195 48 125 46 167
637 2.2089017991475299 1.9407716072671659 2.9222946602256994 30 51 68 1.6768165267516315 10 110 11 128 12 102 13 136 14 142 15 135 17 143
2285 0.26209952404295012 2.3902067601687262 3.5502544867370154 36 40 90 1.4064074939998665 14 242 15 211 17 115
1966 0.25568043084640985 1.863923313064018 3.1492008671910292 22 79 166 1.9385524390783673 7 207 11 293 9 238
5753 2.30445456621168 0.80820359578237 3.0236640196341327 208 224 231 1.5181952131054772 36 157 34 129 35 184 38 119 37 76 40 59 41 107 42 218 43 275 44 330 45 201
666 1.2899473627299036 1.4384008942888584 3.3855566209395782 84 27 8 2.3348861752261389 10 151 7 221 11 88 9 137 5 243 6 285
1317 1.7846516131831243 1.2144931804645354 3.0170176333901355 142 107 138 0.48081561192215838 11 518 12 708 13 684 15 907
5694 0.95261714834288069 2.1996387931019297 2.8126188623980615 169 156 139 0.80604018221278118 43 199 45 337 48 1008
607 1.7341031596158953 2.6449246912656705 3.8592550227407503 162 161 166 0.12907611077782105 8 3631 10 1732
1953 1.0660563784270998 0.7359414032073065 3.1150328634906197 149 81 7 1.3627864027581629 7 76 6 175 4 100 9 89
5740 2.4177641251244166 2.5156913923644728 3.0517106092471531 162 150 108 2.150089037691691 42 554 44 630 48 1516
653 1.0287375955803331 1.2933734228740423 3.1450949617940669 188 193 200 0.052443302568264877 8 241 7 168
1304 0.94374061209236837 2.24275977360145 2.7623507222876746 44 128 218 1.6577696943535121 7 839 12 613 9 702 4 1070 3 923
5723 -0.2198155256467263 2.5375023573025968 4.8176190237943173 114 13 17 0.50054562164492544 44 159 48 95 46 95
636 1.2292817538872327 2.1662263985597292 3.0117388949323476 132 29 20 1.4922004261013804 8 81 7 101
2298 1.8992247873411936 1.2515648944820363 3.064785384330913 164 197 208 1.8309749542648603 10 205 15 354
2284 1.4990028778088365 0.40468893296498776 3.7321237391626698 198 156 36 0.53623974895751669 13 269 14 204 15 172
1965 -0.13840766407696869 1.4420136504676329 3.0106532552041632 137 91 15 2.2817904551478692 10 147 11 129 9 215 5 246 2 168
5752 0.2707278213420895 2.2529996080350267 3.1711072707110866 10 9 17 2.0125206142004148 16 66 19 111 23 120 20 125 21 148 22 147 25 195 8 56 10 63 7 67 11 77 13 38 9 50 14 59 15 59 6 62 17 62 18 105
665 0.33874760215826444 1.4936478034015692 3.5020549692076934 143 127 104 1.8652136200267688 10 183 12 255 9 205 7 218
1316 2.1630304097450392 1.0807569580161172 3.1400553986616173 91 78 72 3.0575188135578126 10 596 12 706 57 413
1952 1.9146048355590615 0.81587776576357407 3.0021154776379246 135 109 84 2.5230668242125454 7 112 9 88 61 175
5739 0.62173681874662234 2.0273428572880676 2.9854448640796449 38 91 183 1.3288506451530673 44 1195 45 827 48 1429
1303 0.40323540340542652 0.56803852804550403 3.2607193190534107 177 125 10 1.1029154755876704 7 493 12 602 18 397
2283 0.20060152775029513 1.0357034040259214 2.7833456572991975 82 13 1 1.8968668393594392 14 301 15 170 18 275
1964 -0.39387664599326172 1.2076741969676799 2.7177262566225848 104 100 114 1.4505658257401031 10 317 9 188 1 199
5751 0.15862952335487807 0.26004861313335187 3.147783140324492 0 0 0 0.57026204124107149 46 97 47 114
1315 0.56352722447511483 1.3971264658132543 3.1584677593136239 135 97 60 1.0898411675939419 11 630 12 699 13 1025
5692 1.3003914553230971 0.79799316065545278 3.1686897945946044 126 22 32 1.6097199675428941 44 307 45 326 48 208
605 -0.10567316366163122 3.2220221204499988 4.6340968985993038 78 74 74 1.2461827447352993 8 3518 10 2510
2282 1.131521732205949 0.52163812122940212 3.2991175805577222 156 102 6 2.1421423001400224 9 127 11 104 12 150 15 152 6 207 17 187 5 217
1963 0.85913397777669465 1.39561872649445 3.2089530736173697 81 71 85 1.398725929473404 11 225 9 186 2 186
5750 1.0296641875464896 1.730125428034283 5.3784903179203338 0 0 0 1.0755526095993222 47 150 49 183
663 0.66824831392768058 1.5775582951973042 3.7000994310989053 26 11 8 1.6722714233206553 11 441 12 732 8 324 7 214
1314 1.1341223557784537 1.4321412994268035 3.2960715927300832 60 1 7 1.6959179725271134 8 701 12 689 13 683 15 667 17 814 61 707 4 629 58 443 60 436 59 534 57 609
2281 0.74955720882871413 0.84020174502507761 2.9643733036163868 203 155 27 2.034532732511507 14 124 15 143
1962 0.93488755726868478 2.0971180437385359 2.7299977444991526 10 74 161 1.960439781467221 11 182 9 177 12 221 14 375 13 323 6 374
5749 0.032820025365406215 0.82849374593323155 2.7583069399642053 0 0 0 1.6717986673457554 47 5 49 5
662 -0.47607882681009006 1.1854568450145102 2.6902108815426184 73 13 13 1.5188257404525918 7 193 61 151 4 225 8 159 58 192 60 132 59 152
1313 1.3399780412784688 1.3447958088413685 3.1978807422593989 179 195 206 1.3786149147153597 7 705 8 653 12 682 13 680 14 649 15 668 61 695 4 472 58 1038 60 639 57 631
1960 1.70192397910475 2.3082485390627223 3.6079976378539618 88 14 13 1.9822363937076819 7 250 11 266 9 173 5 184
5747 1.1565689429921537 0.78074540064663212 3.1250166572781652 212 168 52 0.7162795951929819 47 108 49 121
660 0.30656800955147262 1.1244674235295549 2.8470784749817546 171 170 174 1.5736526936685951 10 138 11 150 12 129 13 117 9 190 14 120 15 121 5 165 6 180 17 168 4 148 3 155 2 199 1 113 18 159
1311 1.8195980189526033 2.1196691310622255 3.3259650912231735 66 41 28 2.0242746605657018 8 629 12 669 15 753
1958 1.0186968262524461 0.47208832926187 3.2663972235287568 132 110 83 2.1322099350517791 11 233 9 128
5745 0.13326853383926138 3.045443594750521 4.6259555204878353 125 46 68 0.99024580034022947 44 226 46 190
658 -0.17092629678652732 1.1391767721305306 2.531720382991427 191 212 235 1.3421591987816512 8 188 7 184
1309 0.23148097722557154 2.2434937948831903 3.0891896537556174 11 22 41 0.59440777495749308 11 778 12 655 13 863 15 675 17 1475
5744 0.2994992170948656 0.98140357021562241 2.8982389522739074 207 175 64 0.64258137489018097 45 5 46 11
657 0.82121210349673956 0.49447686570075344 3.5085703044656036 139 114 86 0.65972021611346132 10 200 7 179 12 189
1308 1.8137977240577141 1.8893260608165596 3.252563734235276 202 98 155 1.8069384400275059 11 610 12 652 13 603
5743 1.3178205408073644 1.0361616413327495 2.7490570042807629 156 147 138 1.0820815488035271 45 25 46 17
656 0.85444479787088712 0.50639727213161112 3.6193915749610834 216 184 49 1.3134875289558599 10 198 7 178 12 184 13 174 14 198 15 177 6 195 17 189 18 163
1307 2.0153101564296243 3.068503138055096 4.1541675238472759 211 140 143 0.71985544470904606 10 476 12 649 13 549
1955 1.3154514004964255 0.38204329464466258 3.2961581379451173 176 140 52 1.3898933002456975 7 113 9 95 15 153 5 149 3 233
5742 1.3617872388348886 1.1106520813185194 5.9520110824087773 136 124 112 2.5819237608754788 44 4 48 5
655 1.0272969052756522 0.84007141342734426 3.0538025029416502 152 86 8 1.1106015244042122 10 191 7 172 9 195
1306 0.30424346235403948 1.8544152432254177 3.1944634701778165 20 11 60 0.74086125502069933 10 864 12 644 17 596
1954 -0.268295391652773 0.84659080774796835 2.7504820546998676 135 115 92 1.6913633870962268 7 74 14 79 6 92
5741 1.4378788839912002 0.81907706882085252 3.3720499956994701 106 92 83 2.4836404176012352 43 756 44 1284 48 2226
654 -0.11727018529587854 1.0405607542685988 2.6537899636831908 226 246 255 1.6866876817830805 8 278 7 170 11 242 9 119 5 169 6 186 2 116
1305 0.96088882038954815 2.2615713717608452 2.834792517641656 16 7 22 1.1653815953377398 8 622 12 615 2 543
1935 1.6427012085464239 1.2929715872182406 3.5257636833528201 80 44 48 1.9303092192795177 7 1574 13 3394 9 1002
5722 0.059684579211527027 0.64818506188228997 2.9363059515628285 163 95 106 1.0913224124276333 45 92 46 108
635 -0.13285805167955247 1.6961764424902088 3.3819778046648512 138 130 101 1.2618945005738618 8 84 7 99 6 122 61 99 60 56 59 78
1934 -0.19596995969840683 1.4033546073202294 3.0371220781759063 155 105 10 1.3283496035641913 7 1310 9 1001 13 1518 60 663 58 601
5721 -0.23654470732698263 0.7035516206609792 2.901833665450797 11 14 7 0.8708098359137626 45 56 48 66 46 71
634 1.4570742267046402 2.3044875295153107 3.4229105436928076 76 2 0 1.9300265507791043 8 93 7 90 5 82 6 109 1 130
5720 -0.13226215688928505 2.389561499431903 5.2392289056017738 21 22 24 1.8096537403619717 44 29 45 50 48 26 46 53
5719 0.49484261178374689 1.2343306906174878 3.8699655493229481 9 7 8 1.3845969941423999 44 12 48 10
1931 -0.0070971335712337706 0.91366649714181714 2.6904825077660144 190 142 8 1.7008925537306632 11 29 13 44 15 44 17 26 18 22
5718 -0.09494508424899753 2.0617333680448962 4.5624990741840925 68 13 10 0.91547735707579703 45 1 48 3
1930 -0.11870490976483672 1.5007877764354285 3.1957351092413968 60 45 16 2.2255722388608401 11 330 12 399 13 445 10 569 9 363 15 978 17 350 18 469 14 449
5717 1.1763753756519464 0.87826665621901512 3.1179162724159175 155 49 53 1.0236895310204368 44 265 45 335 48 608
630 1.2851968556850482 1.8052147791368942 3.5007095413923897 10 10 9 2.5077826623091855 8 31 7 62 9 42
1929 1.6161033191447514 1.1499549956737063 2.9193659224723887 210 197 208 0.78655719683640102 13 1610 8 995 10 1244 12 792 14 1905 15 1233
5716 0.26028313317057927 1.5890330486625839 4.0236058586289749 55 13 7 0.33676958056249262 44 100 45 227
629 0.48444685103348106 1.6833793145173119 3.911998359201621 141 126 105 0.97280119659877484 8 33 7 60
1928 -0.2108914722741044 1.1274541169817618 2.6668269833211933 106 119 140 1.8536743379678291 10 1160 7 1705 13 1411 8 2058 12 1972 15 1996 6 1446 17 1550 61 1734 58 1583 60 2034 59 1501 57 1615
5715 2.3194754842462464 2.0929201387625258 2.8901060278800736 154 144 128 2.7165067661061064 42 347 45 203
1927 0.73128326909587948 2.4387164486210091 3.1459337364374327 129 99 56 1.0020637277662023 8 1075 10 1111 13 1573 8 2123 12 2078 5 1194
5714 -0.095553169225379306 1.9002322919959052 3.8115070758225502 79 44 64 0.52880005815911357 44 563 45 954 48 1856
627 0.99168438123593816 0.55389085064552546 3.4177013685424553 217 177 27 2.3286173678270088 8 39 12 18 13 45 14 42 15 42 5 70 17 40 2 43
1926 -0.27545373911209153 2.8639544537877941 4.8283903164380177 219 110 107 1.1630789362637668 8 1607 7 1366 13 1600 10 811 11 1028 12 1107 6 1163
5713 0.71222853636330918 1.9552683056539168 3.0283399796048189 14 81 172 1.3290186171275922 44 804 45 821
626 1.4048793818464125 0.45775591253706222 3.3952036979855307 139 82 13 2.0961900730592697 7 48 11 68 13 50 9 59 14 45 5 72 6 54 3 54
1925 1.4618710472216518 1.147186714214943 2.8543723973252817 72 24 32 1.5069430188171677 10 2445 13 3707 8 3464 58 2480 61 2551 60 3685
5712 2.2213800560383361 2.3023268896163862 3.2033572991804204 184 192 205 1.1638146892661043 42 611 45 746 48 1146
625 0.80912889112507513 0.93020553908072612 3.0967449255399377 209 165 26 1.6551462241066401 8 42 7 47 11 52 12 56 13 76 15 52 5 107 6 88 17 48
1924 2.0410178111851431 1.9000920622030446 3.0541467680129371 65 24 59 1.4826917405238016 13 2423 7 2324 12 2336 15 2569
5711 1.6067386894741913 0.77567526827935773 3.1161428269245688 115 123 135 1.6096132822476545 44 666 48 1143
624 1.892008330110605 3.078844689363172 4.1109179407018868 33 4 0 1.3201792072792671 8 50 7 42 12 43 5 40 6 42
1923 0.18079177927366391 1.5764825531929583 3.3146945339491647 3 31 96 0.13989385598725507 7 2492 15 3531
5710 0.10452165977983417 2.2351663675131981 5.5616306766668231 171 161 149 1.5307468780450593 44 735 45 637 48 1214
623 0.90816865824826776 1.5136670466424564 3.3571580246649315 108 104 95 1.1132396035044678 8 27 11 41 5 30 61 34
1922 1.7949218425135638 1.9984151366454581 3.2789015093391716 81 90 77 1.672850884573454 12 2544 13 4154 15 4451 14 2813
5709 -0.11785435573087104 2.2141841494284953 4.2769356893037003 84 24 34 1.1283990836582742 44 572 45 516 48 436
622 1.945019651940993 1.5446295779830521 3.1468300498412329 232 127 209 0.73174807371374495 10 42 7 36 9 37
1921 2.1620224231136542 1.8354501535895227 3.1092752607392664 189 83 145 0.86745570893040258 10 2625 13 4137 9 1966
5708 -0.23537779789331198 1.9332101567384565 4.0116320968632664 64 1 26 1.8855501343991037 44 445 45 513 48 638
621 -0.53782921066906741 1.2351936952649842 2.812932037232605 113 20 13 1.7884155603769019 8 37 7 34 4 23 3 23
1920 0.27528223803399521 2.0116214715946148 2.9433887829189103 28 90 167 0.05805561857088308 13 4088 17 2350
5707 0.62301354976041234 1.8814868545953181 4.2463065195423892 51 14 8 1.3973983394768315 44 348 45 509 48 717
620 2.0995372165014148 0.94435043508313121 2.7471990666229598 209 237 249 1.4720930762601698 8 77 6 94
1919 0.97248445222959767 2.1176756570633311 2.6543976860926377 45 107 197 1.2918415110970722 12 2494 13 4049 17 3555
5706 2.1815605996980993 1.7228867424832581 3.2018103231494544 42 30 70 0.34797791672111977 44 427 46 342
619 1.5168558399715106 0.6668506950089591 3.6673589151121821 155 31 21 1.5972439544188681 10 13 11 22 12 19 13 23 7 22
1918 0.86885116609689728 2.0549901634928429 2.9335818014219814 53 99 146 0.70918566546953166 12 3596 13 4029 15 4661
5705 -0.51012418960064132 1.2976454616406945 3.3342753608864277 227 185 104 0.41099089454053428 44 383 45 446 48 446
1917 1.1415027565365876 2.1128067937590904 2.6724211422506339 75 57 18 0.12974559636477695 12 2509 13 4005
5704 -0.44269987998009536 1.3018591558236174 3.2134616525417181 165 148 153 1.503362736406699 44 210 45 441 48 718
617 1.7602256675454986 1.6408088942462649 3.2771635175991056 195 141 127 3.1156632870543617 8 3 7 4 5 5
1916 1.0924815494737588 2.1197329282859543 2.7293861045290879 117 81 83 1.8857353572568085 10 2534 13 3958 61 1965
5703 0.0079727156992399281 2.1407572985484937 3.4194054535800888 23 79 179 0.78624756003282681 44 293 45 433 48 274
616 1.5100527494508362 1.1195121504467096 3.2109184701177149 109 70 99 0.81690335932687408 8 1 7 0 57 2
1915 1.6027481570447761 2.3637913534472275 3.7507012406025693 51 32 34 2.021759256523298 12 3450 13 3931 14 2702
5702 0.41772846254181811 0.58423321133565853 3.6958031780318814 126 66 4 0.31658126900487227 44 245 45 429
615 -0.22898977562037159 1.0983999350354419 2.6430399578832988 178 197 212 0.048029427788287213 8 3898 5 2602
1914 1.7651039582038504 2.5885262816405654 3.8021826818775448 145 150 153 1.229767469848857 12 2668 13 3922 14 3882 15 4293
5701 -0.17439010554098805 1.8459156851979179 3.8316893899178086 110 28 35 0.8169815481559084 44 438 45 397 48 706
614 1.3173706343258198 2.0539517451733835 2.4970100317799453 148 92 14 0.41738491998017457 8 3849 10 2693
1913 1.7249634832301828 2.5943604875728319 3.8307223958937562 84 88 91 1.1785982002506283 12 2666 13 3920 14 2691
5700 1.9259184885549887 0.82717158550645742 3.0740053579586286 173 179 198 0.54746846671168425 44 281 45 378 48 367
613 1.1256152303597733 1.8626186331189905 3.7401139490574651 121 123 112 0.14926163771647563 8 3829 10 1785
1912 1.7734782903930744 2.5602662833971834 3.7337830915101864 53 40 40 0.62089670089512927 12 2663 13 3919 14 3888
5699 2.3166083390090884 1.859094976989907 3.0212075756728436 71 83 97 1.403415697295193 44 333 45 374 48 371
1911 0.17274395556456065 3.1121959398202903 4.5500333900072034 107 41 44 0.95556988282138688 12 1591 13 3916 15 2283
5698 2.1960224823832664 1.9573557088263207 2.9265963756090296 41 55 64 1.6777403278735785 42 342 43 277 45 373 48 571
611 0.85188855610861947 2.1142022283977231 2.890297743753679 1 61 135 1.5035919175810062 10 2545 12 2261 14 2208 13 4059 15 4591
1910 0.11425539556991711 3.1249641238799213 4.650170582368192 205 112 115 0.85387484846182782 11 2286 13 3913 15 2777
5697 2.1323694545963914 1.0150573673071503 2.9929137086838504 161 96 116 0.46885474289165291 44 647 48 974
5696 2.0994813166135473 1.0476528460347596 2.9383447643837761 147 151 152 1.3768753701258543 44 650 45 369 48 972
609 0.28877200318118984 1.8730777271406926 3.1511021177103684 12 41 107 0.88237878468281883 8 3718 10 2026 11 2026 15 3779
5695 0.89829875543998505 0.79655502615189533 3.2246100194329586 109 11 12 1.0240217738608033 44 299 45 348 48 352
608 0.12774447412152948 2.423458611576693 3.6510651495820983 140 115 126 0.92878703775068328 8 3654 10 2075 7 2664
2280 1.9490011017019484 1.7876981545864667 3.1336837234723869 165 59 123 1.7984877397617918 14 150 15 138 17 111 18 144
2279 1.6193479542162865 2.5004578718436052 3.6144266050084775 97 89 86 0.78245327358313932 14 139 15 131 17 141 16 121
2278 2.0476556208967813 3.0374340513227227 4.0729955047730639 190 108 112 1.3774644733352754 14 134 15 127 17 137 18 126
2277 0.30933150386674063 1.3233245459394363 3.0047080796042045 72 12 11 1.6445831773302573 11 145 15 112 7 183 6 206 17 160 2 204 18 186
2276 0.48638554144464802 1.8117641708307695 3.9458993300969323 23 11 0 1.9445177111222947 14 237 17 178 18 116 15 106
2275 1.4461757152443304 2.3084956219917232 3.3664674483442787 75 17 5 0.8656895679476041 14 91 15 93 17 100
2274 0.10671928364686158 0.74492431050959262 3.1755495774512519 136 107 64 1.1316685198139211 15 84 17 89 18 63
2428 0.26194157688376235 2.1168793829137811 3.0024377307080972 139 189 254 0.56702069038047553 13 3134 15 2747 17 839 18 2031
1319 1.8028462188417052 1.3345890304104266 3.2644492066146671 156 52 127 1.7348330738375402 10 894 12 733 13 916 14 684 15 1263
2272 2.2481114638794466 2.3958048854213607 2.9822599657893774 12 8 5 0.082197492147933954 12 64 15 66
2271 2.1160969073989921 1.9154082892605053 3.10030227505001 161 190 198 1.2622619326751989 14 60 15 64 13 35
2270 0.76273073370861399 0.50506813038459297 3.1063679717189534 147 104 36 2.6869850511522952 12 48 15 49 17 43 18 41
2269 1.9811628841851301 1.9747381787756559 3.1023094070425694 44 24 17 1.3847016729190127 13 42 15 36
2268 2.5827865072913854 2.8145014460774211 4.4028311664730717 125 104 83 1.427755958107203 14 19 15 24 18 20
2266 0.49046918363882702 1.6326283068945082 3.5701309249557469 143 128 105 1.2761263811095671 13 15 14 16 15 15 18 11
2265 0.4261268060183584 1.94993965243128 3.554483647663182 23 2 2 1.8608925190832781 14 14 15 13 17 9
2264 1.4220813213325803 1.197000929256488 2.7069293623165942 192 73 72 1.6878623133243791 12 2 17 0
2263 2.4590993332498998 3.0966012013910169 4.1995692501405681 72 82 80 0.12743287485471796 13 2254 14 2122 15 2360
2262 0.8400577677447465 0.86633096699634138 3.0853065670687743 116 26 0 2.0408225866575243 13 534 14 563
2260 1.1147266912803959 0.53062821248561631 3.2928398248590791 92 58 9 1.5993412554587987 8 270 7 303 14 197 10 300 13 263 61 170 58 96
2259 0.19388601753594081 2.8774756962266057 4.1669446860674109 156 41 43 1.527894797198351 11 274 12 326 13 288 14 430 8 198 7 166 6 146 1 165
2258 2.4350521485954006 3.0987462283960179 4.2779452387766401 111 118 116 2.1130079250674929 12 1549 13 1605 9 536 14 2899 10 1065 14 1041 15 1565
2257 1.7532352738121282 1.5889018496894376 3.2562824348955868 217 139 122 2.0075035049595593 10 1131 7 1651 13 2402 14 2330 12 1313 13 3125 5 1174
2256 1.8298791559586582 1.2092471675352161 3.0394167492649236 105 88 101 1.5008570874364577 10 2185 11 1356 10 2335 13 3400 14 2493 15 1956
2255 0.84806756890932178 2.4359593743655688 2.9892061620592361 193 153 104 1.1826316022708305 7 1143 12 1533 14 4086
2254 1.8406890707156844 3.2596815953700879 4.0390770540678638 111 134 140 1.0117732501776844 12 3514 13 3747 14 3964
2253 1.7617575402466557 2.5793856225200638 3.7931927041475504 81 84 83 0.67671125780719665 12 2664 13 3921 14 3885
2252 2.3520803838038571 2.9862285888728213 4.365378868037852 172 55 62 1.2973544582528915 13 2760 15 2326
2251 1.1940956449759403 1.4989637504074342 3.3767494114526535 102 42 1 0.74336845180652722 8 3153 14 3687 15 2882 4 3506
2250 0.8929044087116178 1.4703439489176426 3.292175525966174 142 126 136 2.7642891700350183 8 3241 14 3638
2249 1.3953859397984185 1.3127598756288312 3.1273816683301585 100 83 101 0.52381572167227508 12 2761 14 3628 6 2449
2248 0.83635902020502984 0.98960540863155388 3.0450681596341092 202 131 53 1.9274079438190665 10 2407 14 3535 58 2288 57 2323
2247 0.84981957108945383 1.0005592626181323 3.022716109446185 96 10 0 0.79296044893850937 8 3291 14 3504 15 3865
2246 0.24940447786187817 1.3954549747196761 3.0584622987275094 75 30 39 0.99082632558454697 7 2452 14 3391 4 2153
2245 1.6255395886561832 1.1408387687818102 2.8954752383005591 96 59 69 1.3823478210587012 12 3679 14 3380 15 3513
2244 0.79593492625251372 1.3005735566561931 3.1666331406359034 70 102 101 0.48960586100154052 12 2914 14 3366 15 4182
2242 1.6097349721468679 1.1465638621837255 2.8830888892889379 95 82 92 1.4333484501494496 12 2913 14 3126 15 3377
2241 1.9090958004284884 1.0804160516577799 2.9866312124051935 132 126 142 0.65358878803488896 8 1492 14 3121 15 1806 4 1702
2240 1.6154924674483424 1.1202497306578991 2.9185595252843024 211 114 114 1.2127899477798152 12 3229 14 3058 15 3529
2239 2.215693892025457 2.8980007102918095 4.4169091442779012 104 19 24 1.2858495559558039 12 2161 13 2821 14 2982 15 4405
2238 1.4267808630557837 1.2346624706796347 2.9457594201603752 143 39 38 1.0573896842772439 13 3172 15 2817
2237 1.4035214082483409 1.4050196511533373 3.3827865283065202 58 7 21 0.89313533678272639 12 1769 13 1391 14 2961 15 3683
2236 0.70533501218076911 1.5279603534196473 3.3750489622959905 98 60 0 0.60918267743377741 8 2448 14 2863 4 1665
2235 0.75864423608027565 2.3790941000849357 2.9839594088118107 39 106 184 1.7717811565204258 12 1686 14 2708 15 2938
2234 1.7542564811064332 2.5704135998773028 3.7917861051998392 152 150 150 1.2690948819595118 13 2768 14 2689 15 2386
2233 0.099781051511392674 2.6948701680638965 4.1329230307030915 85 34 57 1.5568107610567543 12 1173 14 2647
2232 0.062586579969862388 2.7667879303618541 4.1628711197637598 92 45 84 1.7128111318561068 13 2236 14 2601 15 3061
2231 0.65236548747953049 1.5832957613324286 3.7669435145695664 60 32 14 0.85933085605667658 13 1392 14 2592
2230 1.3671693704761445 1.3661481823956405 3.2307631595515343 89 46 55 1.1819802370593842 8 2500 12 2831 14 2573 15 2927
2229 1.2335606291738881 1.4991121289314666 3.3728750997759289 96 40 0 0.57904535316849004 8 2435 14 2551 15 2876 4 2303
2227 1.7802448754464701 1.2108625678541329 3.0395489785262901 154 131 152 1.0066929630281649 8 2926 13 3218 14 2468
2226 1.8024110653250582 1.5975087033654598 3.2775221258319212 219 118 165 1.5650792209435493 10 1135 14 2460 15 1628 61 2698
2225 1.7756515685717553 1.5921145796831908 3.2815001334318468 126 36 61 0.52054589245669747 12 902 14 2450 15 1632
1909 1.6438400777342694 2.3280084222430233 3.5516617591070658 49 24 20 0.98906174924541579 12 3449 13 3866 15 4519
1908 0.34978635004146441 1.7384879126063575 3.2317901679086067 179 138 33 2.0152411265371408 12 3038 13 3801 14 1664 15 1959 15 2925 17 2331
1907 1.0108953690000555 0.93503918060958657 3.0267877589395265 147 71 6 1.51753142606985 8 2547 13 3785 5 2599 10 2378
1906 -0.34880381694733981 1.2647624363823902 2.8046067107729762 83 56 59 1.7991233317987436 7 1735 13 3781 60 2113
1905 2.3621930610490409 2.3752016469765707 2.9797794947925906 167 134 1 0.24295495993163693 11 2277 13 3763
1903 0.4956141204903971 1.3623441377312122 3.1774915633895984 81 25 26 1.6237423728444125 8 3224 13 3706 58 2567 2 1729
1902 0.022228446847470822 1.4914542494232144 3.2782519598907163 28 33 81 1.6239384595176205 12 2001 13 3688 15 3467 61 2860 58 1406
1901 0.46536752536939902 1.2967079213410844 3.071575275672211 108 90 93 2.0450746922299134 10 2266 13 3663 17 2848 4 3346 60 3020 7 2237 23 4036
1900 1.5968706392796719 1.1785382594177503 2.9348302217388644 68 21 27 1.9358527329567243 8 2039 13 3614 15 855 10 1252 5 1673 61 2844 58 2219 60 1998
1899 1.0701926370483352 1.3019888278249179 3.1650490105149243 78 85 95 1.5612153309484906 7 2228 13 3609 58 1892 61 2482 60 2866
1898 -0.17753195493949414 1.1128741165763176 2.622006285356981 125 144 165 2.1780699766259133 8 3084 13 3574 15 4032 57 2308
1897 -0.41440445300934087 1.1589740082887388 2.6930769503812648 98 98 108 1.603957083632163 7 1764 13 3573 61 1819 15 2001 4 3467
1896 -0.083159308645367552 1.1239562297689765 2.6451709369377241 0 26 30 2.1059673527533826 7 1683 13 3568 60 1310 57 905
1895 0.25280265301832933 1.0921241583511445 2.9355282548953823 169 66 67 1.5365356165915383 12 3257 13 3484 15 3882
1893 1.2025285305424489 1.4373392549311579 3.3039809400478282 45 36 52 1.2337924811517229 10 2268 13 3389 15 1223 14 1629 58 2511 60 2974
1892 -0.0068905514173457152 1.4668699001060592 3.2785638947137272 12 20 43 1.1510387740410737 12 2058 13 3287 17 3084
1891 0.7403634879309664 1.3111280715305844 3.1951147545269154 122 98 107 1.4860585032904363 8 2524 13 3278 15 4041 4 2213 12 2915 58 2582 57 2423
1890 0.65002787487884106 1.3324280435544418 3.2092695816262617 104 97 107 0.82683848932205206 12 3335 13 3276 15 3482
1888 1.7860628981833149 0.9542345224031783 2.9382325014856718 155 52 53 1.7860093123737004 10 2390 13 3227 14 3388 15 2143 61 2404 8 3020 58 2160
1885 0.10868663202265393 1.5416871989206917 3.2260896826494867 59 72 132 0.87016650045402122 12 2789 13 3161 15 2062 5 2471 17 3644
1884 0.82339318338829737 1.3984970068931644 3.2234874554982871 154 63 71 1.236256092213041 10 1896 13 3150 15 2825 60 3871
1882 0.33905532039453484 2.0820820872670227 3.1404491301593738 194 158 69 1.0239208245150975 11 2392 13 3131 17 2457
1880 1.723197952873794 1.5754405796999711 3.3645438076866658 207 108 163 1.4297671971988968 12 1311 13 3122 14 2440 15 2766
1879 1.2372700335708009 1.8485751975067926 3.596457892391705 147 137 153 0.90047440670026502 12 3584 13 3119 14 2418 17 2251
1878 -0.41893002393566664 0.93662766004661746 2.7201210120764152 144 137 125 1.2139937504758311 11 1469 15 1376
1877 1.0730864761038736 1.4213719410977688 3.3156463881802871 163 88 95 1.5349243750668899 12 1293 13 3080 15 2909
1876 0.64750286727614548 1.5733545113656764 3.4246529720237255 98 54 1 1.0563515658244922 12 1778 13 3075 15 4074
1874 0.077995693748960093 1.171556400126109 2.6472649122168019 129 96 113 1.4823751396604106 7 1758 13 3044 15 4017 60 1779
1873 -0.42891476742474011 1.1568549193164703 2.6853313483955263 103 109 121 1.3286807656181645 7 1761 8 3428 13 2990 15 3976 61 2831 58 2218 57 1166
1872 -0.4540035545357361 1.1544556472781096 2.6811052308780368 79 91 103 1.5567454064182782 7 2295 13 2983 17 3187 58 2222 60 2152
1871 1.6796694380087127 2.1449875663015323 3.2537845865917241 97 13 11 1.3977859961190073 12 2138 13 2976 14 3029
1870 2.2480880782151842 1.9487407825516185 2.8431888967032486 28 47 59 0.97818931159285216 10 2036 12 3669 13 2975 14 2603 15 3041
1869 2.1665563374823731 1.9261933459029095 2.9182246813918242 112 136 146 1.7612658546951514 12 1710 13 2953 14 2257 17 2431
1868 1.0242095236568101 2.460808596293707 2.9223237248579972 174 139 85 0.66917537502059588 11 1528 13 2950 17 2002
1867 2.2216014980119723 2.0425635909498228 3.0320117622854679 81 110 121 1.4282124296278615 12 1526 13 2941 15 1038
1866 1.3381596487436356 2.273803175019002 3.3645071023531066 110 15 15 2.0771437273405069 8 3555 13 2922 5 2004
1865 0.43185137191050854 2.3673230404806662 3.3091788839166578 61 70 129 1.289811924876999 12 1705 13 2907 5 1064 4 1062
1864 0.85569158556451441 2.3195069791307024 2.894774432071757 29 76 128 0.92386692378618973 10 1323 13 2880 2 1108
1863 0.90469967696499598 2.289622861430118 2.8149227924652807 16 58 111 1.903877657624808 7 1422 15 3376
1862 -0.19374051931412895 3.4697060280698571 4.8093047832910303 75 63 49 0.75090489033316832 11 1849 13 2802 15 3365
1861 1.5719233128063397 2.324119490792083 3.4701666776864011 55 33 34 0.4435974635235671 12 2447 13 2772 15 2299
1860 1.8514997218312119 1.2894489288372404 3.2035330821940113 167 64 137 0.7894621845149834 12 1782 13 2673 15 1906 61 1620
1859 0.65504489019666146 1.5795156694016594 3.4363768357113997 223 178 129 0.57490697569341842 12 1776 13 2663 15 2903 17 1652
1858 0.44071843428256552 1.7499489031231215 3.4150066155357961 30 44 82 0.43154939501192607 12 1343 13 2636 15 1979
1857 0.66011113831140722 2.1744313195695901 3.1374878671159649 17 87 177 0.61994547304020475 12 2376 13 2608 15 4695
1856 0.5583817646456295 2.1603099252673439 3.4856153952753957 54 62 83 1.7787649217572714 12 2269 13 2541 14 2778
1855 0.86661959399799948 2.0589762790504897 3.0743189009915728 17 89 139 0.35152033602265831 12 3593 13 2525
1854 0.4169836004194365 2.1405761047827436 3.1986665977295345 1 19 87 0.40227921343553485 12 3571 13 2504 15 2706 17 2203
1853 0.9859499699479578 2.1730165710447533 2.7855105912567875 0 25 111 0.77622095071352037 7 2004 13 2479 15 3189
1852 1.1610462628828886 2.1261059386955763 2.6982901459798101 161 136 33 1.4397976538260737 12 1634 13 2478 15 2581 61 1541 58 1738 60 1259
1850 2.2077388478464894 1.8854624054818037 2.8941464199549642 21 39 51 0.81181460856194654 12 2358 13 2452 14 4160
1849 2.2065106944264912 1.9060820821998472 2.8873205047600297 5 27 38 0.53877940573235772 10 1750 12 2429 13 2434
1848 0.79212672894534619 2.2883759517024806 2.9011701115869983 111 180 245 1.0619220544140975 7 1806 13 2427 57 1384
1846 2.1524549547679985 1.8805468159777656 3.0430778945336199 145 164 173 0.68717867845944403 10 1745 13 2419 14 2818
1845 1.8641546955483217 1.5326367531676957 3.2481205871833954 233 116 194 1.2163488240719014 12 974 13 2412 14 890
1844 0.35222900189136147 2.001901858215263 3.7658873500383652 40 7 9 1.3812399174543721 12 3155 13 2395 17 3443
1843 1.6948706657276693 1.5910516958018994 3.4363542654084958 95 21 54 1.6434462871224262 10 1413 13 2392 14 1749 15 1720 5 963
1842 1.8875650430080848 1.4467579867070739 3.1890073745915011 229 122 194 0.74956783311350428 7 1596 13 2388 14 1743 15 1785 61 2701
1841 0.36885993939759193 1.9522806529424157 3.2089328700586202 14 10 15 1.0937035749587423 12 3465 13 2380 15 1929 17 2355
1840 0.18546124899359354 2.0268498210024926 3.1152595772589082 29 91 164 1.4938484910293621 12 1317 13 2377 15 1286
1839 0.4227215865297167 2.1482163583587575 3.2062547493812095 100 127 194 0.63385094384885932 12 2984 13 2362 15 3724 17 2155
1838 1.2156493064478202 1.895254729391451 3.5458175386902191 184 197 205 0.80971469949987462 12 1645 13 2359 14 1538 15 1646
1837 1.7677468001943022 1.670467938264379 3.3352805133401646 202 166 98 2.2609222218766978 12 2288 13 2336 14 2211 15 4657
1836 1.6851112505033081 2.6636797046463028 3.6666663340509076 154 159 155 1.7885994412019537 10 2150 11 1895 13 2324
1835 2.252420305446527 3.3869040906477004 4.1707801207938315 180 191 193 0.23117703214777341 10 1381 13 2272
1834 1.755042015904873 2.797864225459112 3.7921958535568319 68 14 18 1.1627430760044244 7 1372 13 2262 14 2381 2 799
1833 2.3628925490545218 2.9655898202835664 4.2386315191991848 103 14 19 0.70611831614627496 12 1618 13 2255 14 3147
1831 0.91423380454840197 2.368492434418858 2.935072433646349 96 68 3 1.0421915794452061 10 1122 13 2216 15 2571
1830 1.5656866878032385 2.2098717206575804 3.4550390481396325 206 121 114 0.45099512814093484 12 1640 13 2212 15 1191
1829 0.93998921159423865 2.3634292980225875 2.8890467293006798 181 151 91 1.9420577183238394 8 1567 13 2201 15 2565
1828 1.6484945532145656 2.4161304392116949 3.6578328767318427 95 75 74 2.2982528596254879 12 2686 13 2198 17 1978
1827 -0.095247831791744231 3.1011132916877369 4.6450822196876809 152 62 46 0.73395386041847799 12 1516 13 2189 15 2306
1826 -0.4089841422977985 3.252782062341939 4.8785623182773126 157 144 136 1.2614683011881409 10 1028 13 2184 9 511
1825 -0.049297696495685238 1.2098413011833529 2.7157527853251593 216 129 134 1.5106692696395538 8 2043 13 2129 17 2667 61 1779 4 1545 58 1557 60 1480
1824 0.36285336783838534 1.0855478603478206 2.8265625612491547 112 84 98 0.7895104087682796 8 2084 13 2124 15 2160
1823 0.1643147244022603 1.1824576705736685 2.6754200289513732 66 72 81 1.37226620652528 8 3079 13 2123 15 2165 17 2632 23 3840 21 2261
1822 0.32251359834971305 1.1023861446744911 2.8183824105157096 253 229 222 0.94983539345935919 12 1380 13 2121 15 1358 17 1290 4 1708
1821 0.45569713853796007 1.0613293884169812 2.8573956475022699 103 97 104 1.3958206420559969 12 1912 13 2120 17 1852 15 1344 23 1925
1820 0.95431188246432019 0.88808280062060641 3.0252977277118314 120 21 0 1.7528553275274665 12 1915 13 2117 17 1794
1819 -0.19731775734630336 1.4191574151042501 3.0630960770631215 212 168 72 1.4100691341656266 7 1333 13 2111 9 561 4 796
1818 0.19808784885015024 1.3363632294044705 3.0740061597976465 158 130 109 1.4992885527763438 11 1477 13 2105 15 2112 17 1611
1817 -0.29351670519340789 1.4639076004592302 3.1271033705477369 110 94 87 1.478860218881545 7 1540 13 2103 17 2657 60 1809
1813 0.96471024543114536 0.42930304756002108 3.4820812215000316 116 87 44 1.6859151255987372 7 1238 11 974 13 2052
1812 1.6787537751161932 1.1617789896905584 2.9158589345420323 92 12 13 2.5751631065705891 12 1432 13 2049 14 1932 15 2843
1811 0.21032395450897534 3.09516456484958 4.4962371798908727 76 5 7 0.44691833651530621 12 1129 13 2039 15 2228
1810 0.073491358808448246 1.0061666060440084 2.7015612865971002 207 168 36 1.9841823853393088 12 2586 13 2003 17 1717
1809 -0.26503503897897002 1.1315201616591382 2.6651607546568687 126 127 140 1.8686266300410899 9 852 7 1204 60 976 57 690
1808 0.70726249175787359 1.5446046553822246 3.385568712905862 127 70 12 0.69534421269911073 12 1753 13 1980 14 1646 60 1793
1807 0.98365021209510795 1.507019833342143 3.399692121065061 79 52 31 0.14773541512926253 13 1974 9 954
1806 0.66590678829416683 1.5683803372417005 3.4400001548642103 107 55 0 0.79551388433673242 12 3060 13 1967 14 1680 15 1813 17 1186
1805 1.7264490000404513 1.1974269769398938 3.0594824322722625 80 35 54 1.3426719234242972 7 1731 13 1963 3 985
1804 0.14218144538797836 1.684240465608962 3.1424497822884812 73 130 212 0.57799098969352292 12 2828 13 1952 15 2850 17 2767
1803 0.22343690745443961 1.8748967607907872 3.2821730626681314 59 125 206 0.90418367279626122 12 1842 13 1938 9 688
1802 0.18346909374277995 1.9070870915594549 3.1626900678837853 0 45 119 0.60034429861303018 12 3070 13 1937 15 1969
1801 0.26544753123557213 1.8847670330818957 3.1744857948750123 23 61 115 1.8072965422243161 12 1355 13 1925 17 2309
1800 1.1989471465726083 1.5110682904399355 3.397587637532054 115 66 0 0.40717327159287203 10 1857 13 1918 17 1173
1799 0.17982800931780107 1.8495330009958006 3.2031619021982292 0 34 112 0.40132874538338309 12 3482 13 1910 15 4110
1798 0.85224228100714006 1.3029119239881217 3.1768296631104302 119 126 141 1.4604354576740646 10 2156 11 1510 13 1883
1797 -0.3017402907541063 1.5501347140556772 3.2259043906025351 228 178 89 1.1799520604814056 7 1294 13 1870 9 940 17 2653
1796 0.0041267413723527118 1.4605040153212629 3.2161938201308113 45 52 80 1.0042031742591906 12 2052 13 1869 17 1601 15 2103
1795 0.26011807249397034 1.4072342237011657 3.0916393940398526 93 78 74 2.3081092730069876 7 1592 13 1868 14 1946
1794 0.031964979181837661 1.4669382573003396 3.266473868824745 3 6 30 1.3282141151622553 8 1895 13 1866 6 1857 60 3846
1793 0.66690276577218133 1.3078714615373765 3.1654483698107816 128 129 136 0.87872794090038597 12 2064 13 1864 59 2377
1792 1.3968137575387904 1.246309637640979 3.0398095625302299 188 61 70 0.12834113427704091 12 1443 13 1858
1790 1.7286529963055528 1.1360855542513955 2.9751187275606217 135 140 143 0.50442583499732707 8 2045 13 1827 5 2227
1789 1.5638721122211436 2.4118706349833352 3.5435891217362085 80 68 66 1.3210480958146573 12 1498 13 1820 14 2039 15 2284
1788 1.1419462627099128 1.5441511138051351 3.4430848745513858 125 75 14 1.4104013198644607 8 1336 13 1808 14 1780 6 1051
1787 1.8108142921561099 2.7047433507310861 3.7604336622276788 102 112 114 0.76103824754808691 12 1600 13 1805 15 1609 17 1378
1786 0.97508523809884295 2.1677924565830438 2.7877669789675856 71 127 220 1.0143050971797034 8 1701 13 1782 15 2595 6 1756
1785 0.49782234421171589 2.2942383728352711 3.136483131109248 26 59 133 1.3574548141037959 10 869 13 1776 4 492
1784 0.63867174245929292 2.3492948859793263 3.0289325948381278 0 52 133 1.6026725506698618 11 1301 12 1715 13 1759 14 1506 15 2578
1783 1.8288901582062296 1.906809963133921 3.3720647141616573 99 20 51 0.97153584082919986 12 1626 13 1736 15 4847
1782 2.0201819351609762 1.5628895722551726 3.1598794265192236 139 30 101 1.962993514400887 11 1042 13 1728 14 1225
1781 0.95933331596550731 1.7324911823811349 3.5982469678502826 141 158 165 0.85312032050853071 12 975 13 1707 14 907 15 1110
1780 0.95446096380362389 1.7485593994049979 3.5494956081886748 30 45 53 1.2045806147299518 12 1859 13 1705 14 905 15 1111
1779 1.5280922449157441 2.4264580701172527 3.423307500206398 99 27 33 1.3995815435007064 12 818 13 1699 17 2014
1778 0.31399217775948651 2.1493980762150846 3.0701843900801444 9 0 40 0.35523985732931651 8 1700 13 1681 17 842
1777 0.64680426278411751 2.0503174769183254 3.3287393535265539 41 0 0 1.1985412620264755 12 1644 14 2210
1776 0.98803742258962113 1.9284831072535791 3.5836800515374105 48 45 54 0.88041715805374265 12 1542 13 1674 14 2247 15 2518
1775 -0.098593334201837579 3.340005347935326 4.7648987907957245 4 0 0 1.1523542064338455 12 1599 13 1661 14 1395 15 1504
1774 2.2979300217181184 2.2895513842525896 3.0611700910698381 179 190 197 1.3632119952439847 12 1077 13 1655 14 1014 15 785
1773 -0.45545060942954491 3.1904261593428993 4.8887851284082089 40 53 59 0.33663592811574866 12 1514 13 1651 15 1521
1772 2.2688882678708171 2.236027950638074 2.9837873687629957 122 150 156 0.92755851853979077 12 1511 13 1637 14 1619 15 1025
1771 0.13136161664745319 3.1196842172009891 4.5704820799453447 95 44 39 1.7346779785204189 12 1590 13 1636 15 4310
1770 2.2504324794387469 3.4523871903050707 4.3345025272819306 121 125 124 0.8788965484160699 12 2179 13 1628 14 1469
1769 -0.33963532971670807 1.4992832513492285 3.1092207892347083 119 103 78 0.96975617530726999 7 1276 13 1625 17 1823
1768 0.84744676541752473 1.1058640522388059 3.1649875227113702 67 4 0 1.3243253895905149 10 786 13 1623 15 2109 14 941
1767 2.3617077323434419 2.4762386233466822 2.992059510798716 61 37 9 0.80766805825382848 11 1892 13 1615
1766 2.2503607874236553 1.9666040587858113 2.8945403062867769 8 6 1 1.3294494542849835 12 1139 13 1593 14 1108 15 1031
1765 2.2389829742394447 1.9513658166522423 2.870980862894577 163 181 193 1.1057981313456298 12 1679 13 1587 14 1569 15 2264
1764 1.685144417482993 2.392166989119286 3.6082071374048339 68 48 47 1.3481585474742939 12 1501 13 1585 14 2034
1763 1.3371748951068467 2.2313276379976252 3.3329460364128725 172 163 158 0.4899358678764445 12 1688 13 1576 14 1607
1762 0.91039216916129229 2.3832751122053302 2.9201277802259407 214 180 117 0.7968010000643192 12 1697 13 1569 14 1606
1761 -0.39294559901884435 3.0211106315632885 4.8225463971109317 181 64 71 0.87116307015303496 12 1495 13 1567 15 1142 17 1349
1760 1.578753005153561 2.3049449807242994 3.4446088605584526 44 11 10 0.296295026209075 12 2108 13 1566
1759 1.6768811387250739 2.3563283842063982 3.6551214357593129 205 173 171 1.1569510561443741 12 1095 13 1561 15 1531
1758 0.00027530658778624709 2.8196811504790817 4.321052577394199 220 180 189 0.24047709579383625 12 1164 13 1544 14 1115
1757 2.3464139671668343 2.007847705482523 2.975183619507547 197 170 68 1.26249967838965 12 2631 13 1540 14 769 15 737
1755 -0.28556103649250708 1.5603595284355984 3.2239763215723629 128 91 13 1.8110172119422323 8 1388 13 1489 9 1059 58 635
1754 -0.051594293372353821 1.3941829064956144 2.9293701893249464 205 137 78 0.18397306364500304 12 779 13 1482
1753 0.88269776523674803 1.0457969227315083 3.6316209575146616 0 0 0 1.3899615982500877 10 948 11 561
1752 0.63493405734913078 1.2218164765587998 3.2289964713167247 100 12 8 0.18235862395974956 8 981 13 1467
1750 1.1047748900806431 0.34538863336371389 3.2281984622313082 134 101 72 2.3554842315912023 10 1185 13 1444 5 1364 3 814 8 742 9 474
1749 -0.1486109138501889 0.86396046416582428 2.7565875620984812 12 21 23 0.93064952731632666 12 1215 13 1439 15 2090 17 1237
1748 0.63962466702134468 0.81631539887194837 3.2637733160891913 152 86 1 0.31381349622798427 12 750 13 1428
1747 -0.17524735626744203 1.1115198981811953 2.6590807010215762 100 115 138 1.542330292247432 8 1484 13 1414 15 1997 17 2746
1746 0.34849921966239134 0.70926572670514598 3.5296247827610578 205 145 49 1.5526666233175972 12 1421 13 1412 17 1738
1745 -0.25400741008334904 1.144303570496686 2.6654601997039662 224 240 249 1.0831751126416034 7 916 13 1409 15 1353 17 1258 61 800 58 700 60 722 18 1089
1744 -0.38355437486858851 1.2047239767681075 2.7437172518030799 125 128 127 2.0493645217648782 7 1219 13 1400 3 964 60 955
1743 1.1466262360335613 1.4978515351753685 3.3947302715396277 146 95 48 1.8393905089594236 12 1764 13 1397 15 1978
1742 1.7675679325055924 1.3226861376174877 3.2277235906521429 97 11 60 2.1472506289520621 7 1581 13 1394 6 879
1741 1.7467353694320418 1.3348061434489042 3.1881517292668491 110 17 74 1.4902373418812609 13 1393 14 1182 2 1004
1740 2.1231434970680545 1.1968962541165653 3.1965369796098901 150 135 148 0.77893514175073253 13 1387 14 1789 8 1808
1739 0.69076377613925688 1.5564474926197553 3.4040714883176491 190 133 76 0.68581104989907471 12 1263 13 1382 14 965 15 1211 17 1668 4 1120 58 1075 60 1260
1737 0.72891236019761285 1.5324004680682484 3.3835717563005416 96 42 1 0.40631818658985736 12 1308 13 1375 15 1821 17 1633 4 2236 60 2682
1736 1.9337590420064144 1.1925328662058641 3.0753151038305049 119 92 113 1.5997881241071426 12 2763 13 1372 15 914
1735 0.75170665734625841 1.5469981638412571 3.4081805666790728 99 36 1 0.78381210304498916 12 1262 13 1367 15 1963
1734 1.7747728003794734 1.3178395230298328 3.3776072582466865 202 101 160 1.1614283950900182 11 1373 13 1352 14 1248
1733 1.2896742091450193 1.4741069265887465 3.3988966332332353 78 6 0 1.1149465675903045 12 1065 13 1345 15 923 17 862
1732 0.59865143738024085 1.7195715952275086 3.8642430417685021 48 43 40 0.90108189659109528 12 1044 13 1337 14 3540 17 2346
1731 1.3997106498717953 1.2272363554103951 3.0163696971404153 148 23 27 1.8484703910789437 11 704 13 1328 14 529 15 490
1730 1.2394917634705693 1.2570081025531008 3.102798785500533 121 34 40 1.5542112959751595 11 861 12 1437 13 1327
1729 1.9179228492943534 1.0662408046415608 2.9882537268706382 82 81 86 0.93552517965938697 8 1761 14 1343 15 1182
1728 0.22253266491842238 1.6328894796455209 3.2104870650941137 0 51 131 1.6884226938438134 12 675 13 1297 15 883 17 1143
1727 0.27971429067585091 1.6017597804594632 3.2223899817844961 17 18 36 1.1578497865783302 12 2768 13 1294 15 2821 17 1766
1726 1.7917022381621426 1.1699595019743576 2.9421450356396415 217 226 243 1.0527975468718238 7 1189 13 1283 14 1162 15 866 61 1350 8 1459
1725 -0.068591564681554307 1.6342747359337737 3.3085403290424593 0 21 88 1.0626246062500326 12 1033 13 1281 15 3525
1724 0.4092911281137453 0.6946422004487337 3.4401273898724125 134 71 0 1.1073298784454157 10 759 13 1274 15 1570
1722 0.82184760865623541 0.89381908902191742 2.9454561264617074 103 9 1 1.8960236744426713 12 1429 13 1259 9 603
1721 -0.34221659364902224 1.2332785062721849 2.7708483820864624 54 6 18 1.668114519935495 7 772 13 1257 15 2032 17 1210 61 559 58 424 60 355 18 1093
1720 -0.082338406870596847 1.128044895722331 2.6576261222048414 0 29 40 1.2585738157458641 8 749 13 1251 57 952
1718 0.28077320626429086 0.97977283867810883 2.7678318858040249 82 15 0 1.9960233596127916 12 1201 13 1248 17 708 15 928
1717 0.3562921462427564 2.2514905729033718 3.1950343259633871 39 68 123 1.0922866768532355 12 1614 13 1232 15 1660 17 2173
1716 1.1629059663414381 2.0040949655642266 3.4969062725840172 61 40 1 2.0842014050168856 12 1664 13 1231 14 2205
1715 0.84359854723846117 0.90375430384292832 2.9245121972470765 255 185 104 1.6397353590915706 11 679 12 1192 13 1221
1714 1.0229964800964053 0.37127178809126499 3.5090919114257657 128 102 67 0.89403454093402368 12 542 13 1220 15 1363
1713 -0.02212263553507177 0.91664827831121443 2.6849568117834024 176 128 6 1.3395563401665771 8 1443 13 1219 61 1342 60 1404
1712 2.1109427159561323 1.9446276377178979 3.0835250856979983 136 158 169 1.5469567390927657 10 846 13 1204 14 1072
1711 2.1443646408980146 1.9006296660111737 3.0140851214016897 211 239 245 1.5304420379110339 11 940 13 1198 14 1068
1710 2.1137367655157973 2.0537584112177001 3.10482164122805 162 169 175 0.93847678088212028 12 1185 13 1186 14 1120
1709 2.2436115282929099 1.9871555461630754 2.8835297426288946 203 185 55 0.99459090856142507 12 1132 13 1183 14 774 15 1538
1708 2.1557009471559669 2.0203792784349153 3.0819268088004121 197 225 236 0.49412545408733421 12 1146 13 1181 15 1030 14 1581
1707 1.853896947502736 2.0708586317004101 3.2611098859431977 53 30 26 1.4105459739681574 12 607 13 1176 15 760
1706 0.85612768895504099 2.3808430588662661 3.0047322320991543 210 205 177 1.2872878278203732 8 802 13 1175 58 812 60 1642
1705 0.10862640254439014 2.303632169476947 3.2700569522228191 55 59 71 0.55262349911686071 12 1585 17 2206
1704 0.82703277717021539 2.0570286023944013 3.0590352649026511 46 83 123 1.2238988197376983 12 896 13 1161 15 799 17 770
1703 1.8087020518743235 1.9603468086374438 3.3689697895524291 143 87 82 1.4007877895891534 12 2331 13 1160 15 1132 14 1060
1702 0.67628695206640621 2.0715548940467827 3.2500994229474984 220 172 152 1.8697031286910324 12 1221 13 1159 15 805
1701 1.1705489964837077 1.8926174441516053 3.5635113911206671 152 181 189 0.26651583449819843 12 948 13 1156 15 1657
1700 0.9622668640451757 1.925603301072303 3.6180889399780636 161 180 187 0.39154693370052501 12 953 13 1152 15 1099 17 1020
1699 1.930049379681622 1.8715551095614058 3.0823443225503735 195 96 151 1.0862433133465197 12 991 13 1144 15 1165 14 1512
1698 1.8395936512244109 1.8893520235779717 3.3138253976859229 189 92 144 0.53754917494044507 12 993 13 1143 15 2605
1697 1.8270282949116614 1.8455348761796209 3.2957252556927155 205 124 123 1.5579721811564553 12 998 13 1137 15 2580
1696 0.35372980457456166 2.2699559957054696 3.1970472777494399 0 2 2 1.9486500688910227 12 939 13 1133 9 701
1695 0.64888864381477462 2.2685180525294188 3.0536572485109752 36 115 207 1.4570079701063936 12 2335 13 1132 15 1638 17 1001
1694 0.57560533241420031 2.5751835863313102 3.3620264951803978 60 2 0 1.9634086380811615 12 1167 13 1123 14 1575
1693 1.7115285941679581 2.742123768645127 3.760291302891372 64 30 37 0.48764582013304941 12 1121 13 1120 15 1075
1692 2.3149473163533676 2.3136290248929074 3.0235087173778994 232 210 85 0.71865753283427269 12 870 13 1115 14 750
1691 1.8218263671723405 1.3833610302291612 3.1710860237740275 225 114 190 1.1888152356563768 12 1062 13 1112 14 877 15 897 2 623 10 564
1690 1.6737113238294239 1.3442763166806757 3.4257589292065425 49 15 0 0.55903981293553606 12 529 13 1111 14 1781
1689 0.41330904875827812 2.1829371071034216 3.1375068327298172 36 85 165 0.85201020635792934 12 1004 13 1109 17 837
1688 1.76668444825019 3.2884880233708342 4.2124367440825408 238 248 250 0.72688582733095808 12 1565 13 1105 15 1139
1687 -0.46869180735925664 3.1720715387824052 4.8714736702619206 158 172 178 1.1101058960534429 12 1084 13 1093 9 837 15 1524
1686 2.3757805863313108 2.2744418350534197 2.910700669055819 52 29 0 0.4215867318471242 12 868 13 1086 15 1071
1685 2.4100638706257929 2.003209758122992 2.8778668516948089 202 164 52 1.1791948511253967 12 1174 13 1085 14 1096
1684 -0.13580063977523199 3.2653874117303281 4.7016322883458361 169 170 176 0.5883404873793695 12 1125 13 1074 15 1499
1683 1.7536182866220831 2.5310196296479845 3.7527960059610015 138 128 125 0.40228959607770548 12 1072 13 1073 14 1010
1682 2.3269811025259046 2.2602795357270264 3.0359955992355498 72 85 97 1.1693030916908909 12 1515 13 1072 14 1396 15 1590
1681 -0.54043096217677644 3.3217069724213322 4.9514195340650407 63 56 45 0.3670189700049542 12 872 13 1070 15 745 17 726
1680 -0.10548079803923277 3.0887347839024795 4.5980962124342861 90 20 20 1.4696842121163565 12 1079 13 1063 9 1044 11 968 15 1511 17 1367
1679 -0.25815030807541184 1.524577027658486 3.1950442123281606 138 91 10 1.3893287185956236 12 1249 13 1048 15 973 17 1273 60 1284 57 1410
1678 2.0654914954483141 1.0742974087809893 2.9669591568284677 127 134 142 1.270505158319289 10 1240 13 1037 8 1490
1677 1.7808417103872178 1.1506638806607061 2.977505057291856 96 110 123 0.4031934186977118 7 941 13 1036 5 884
1676 1.8766682824116774 1.0812091645222592 2.9727606961631814 130 97 106 0.92192195242612773 10 946 13 1032 14 982 15 857 61 1733
1674 1.0363354238763745 0.81393922307995126 3.5666211482664876 165 73 0 0.98117487790053826 12 802 13 1020 14 733
1673 0.92600293521239974 0.94629555919626951 3.0157301415321562 167 90 29 0.81334684656057687 12 1942 13 1014 17 1264
1672 1.1766243237363674 1.6806349247125227 3.520869360856048 127 142 154 0.72256807401984591 12 1100 14 814 15 1114 17 854
1671 2.0487120355045381 1.5995179641363486 3.1191251734233951 94 0 50 0.46556563641033827 12 1329 13 964 15 2433
1670 2.0327385064937116 1.5837866447247211 3.111987255232044 147 40 112 1.9801572042100617 12 967 13 963 15 1106
1669 1.1370823503047016 1.7896655582521785 3.5773833900916485 0 5 8 1.5139808272186261 12 2297 13 949 15 823
1668 1.2712779995869301 1.4695834138266386 3.3672068500357266 125 64 23 1.0676176205200665 12 1066 13 940 15 655
1667 0.71968848813667285 1.5028965357501303 3.3489292605917722 50 5 0 1.9206383744452129 7 1262 13 939 17 836 14 653
1666 1.1086940150316689 1.3926526676951674 3.2481357995829696 94 23 28 1.6410491464947419 8 1046 10 527 13 937 17 831 60 615
1665 0.20346006686409934 1.6255403446236558 3.1994823826878096 84 140 225 1.3393203626298835 12 1283 13 933 14 1186
1664 1.1920430603717334 1.8153489093035335 3.5371849808921061 44 62 74 1.0911283147372079 12 961 13 931 15 1640
1663 1.2303155114865088 1.5605425101345853 3.4909011128602425 34 3 1 0.61406489929578034 12 1049 13 925 14 1798
1662 0.20456267351895097 1.8895147281463078 3.1946988158841663 0 42 122 0.84378778387797193 12 1045 13 924 15 1312 17 1162
1661 0.27661178188669988 1.9105621912178437 3.1393226265731302 181 169 119 0.21550029405661741 12 726 13 921 15 887
1660 1.8916932203498498 1.3160230501969703 3.1717274857094546 218 113 179 0.027395002739386283 13 915 9 612
1659 0.68930870855800641 2.2069411914641539 3.1040369637491567 20 97 184 1.0652886758368936 12 661 13 910 5 1055
1658 0.60941929925269922 2.152824025852063 3.3213133262798942 23 67 150 0.89293499363229933 12 654 13 905 15 1664
1657 1.3615233125470134 2.1300276309783914 3.3389992950585961 162 170 162 0.77693419475045855 12 612 13 893 14 842
1656 0.53638129757608766 2.4228602016567051 3.2737012493218485 59 87 152 1.9466561528185859 12 1142 13 889 3 309
1655 0.99526253771126605 2.1551563931536855 2.7905255152169257 32 9 41 0.96951540240752387 12 647 13 883 14 845 15 850 17 1066
1654 1.877941303457566 1.5545123574667281 3.2574699646775294 255 156 230 0.57024998843059715 12 909 13 878 14 882 15 1092
1653 0.36740285756436392 2.1827220767349131 3.1320164242986928 87 131 188 0.5764603531236151 11 783 13 862 9 1141 17 782
1652 1.7540759895177245 1.7128295172043633 3.3663028003052391 84 39 33 1.5867798916800251 12 889 13 856 14 1406
1651 1.7631052189193446 1.6150028650466401 3.3244852836019883 222 162 131 1.0536335555548169 12 1321 13 855 14 885
1650 1.3783630215505902 1.7860233519329043 3.7215540918517975 17 7 16 0.50049979670347911 13 851 14 892 15 802
1649 0.95097624250726687 1.9063619606101174 3.5846159159170727 33 47 48 1.5557601733936148 12 888 13 849 15 811 17 1027
1648 1.1431723154456597 1.8178670627922542 3.6009908302258706 191 209 212 0.77430807516206668 12 916 13 847 14 838 15 812
1647 2.3526143448900894 2.2832191190714948 3.0241065447937832 99 83 24 1.0980936694118792 12 839 13 840 15 784
1646 2.1973699421727155 2.320732821455938 3.092022350852405 53 41 26 0.50749518580929032 12 626 13 838 15 1037
1645 1.1011398483413459 1.6601147727715657 3.6084458829522115 125 141 141 1.595634576073508 12 715 13 836 14 860 15 1262 17 1456
1643 2.1233689673039438 3.2847864198029981 4.2411173253318069 164 181 189 0.85731491254613512 12 860 13 825 15 769
1642 1.9378495691850124 3.3935123799884446 4.1350883053257395 135 129 117 1.1266318563238815 12 600 13 823 14 779
1641 1.8278127729546372 3.2960782861061446 4.0718461876893013 171 197 207 1.1623546384549981 12 862 13 820 14 780 15 777
1640 0.24154544044977702 3.4347812560424824 4.6285379571023002 56 53 48 0.60768811795214794 12 596 13 815 15 786
1639 2.3780468348355766 2.358033842583843 3.0109096714861741 169 140 19 0.98036272933237589 12 875 13 810 14 799
1638 2.1950769845704095 1.9895174669138704 3.0265583825965376 167 196 204 1.0643048138619526 12 905 13 804 14 776 15 1510
1637 -0.47868831354737595 3.1815472438235743 4.8138987475072552 51 64 73 1.1397686348467113 12 826 13 798 15 756 17 730
1636 2.1649681383381236 1.9566966500057315 2.9252501286898163 163 192 200 0.91821195416050116 12 617 13 797 14 1109 15 752
1635 1.4133278483933707 2.3842887414261296 3.5709745886811337 90 0 0 1.620711459482181 11 743 13 780 14 768
1634 1.3074258614205625 2.3911969697295921 3.4344374751061082 134 85 70 1.5742613371600347 12 846 13 777 15 2263
1633 2.4061082488982732 1.977326554092649 2.9481862730083015 172 141 35 0.72037604244068287 12 834 13 773 14 715
1632 0.93791970265645597 0.91105361499404369 3.0460956923186906 123 20 0 1.3212400826222579 12 584 13 767 14 560 15 723 17 879
1631 0.98046946583525596 0.90164296016534851 2.9848772636861107 254 172 93 1.3186165992780439 12 759 13 764 14 559 15 726 17 687 18 467
1630 1.2170669031881571 0.7823837315851766 3.6483467820937205 124 33 6 2.0084623019737085 12 1385 13 740 15 712
1629 1.1265665002086558 0.33201510177259691 3.2467145189207818 223 182 40 1.4654829004162886 8 741 13 723 5 864 61 1002 15 2087 58 668 58 1120
1628 0.92565479996016287 0.63506023319646543 3.5816922338417205 173 94 8 1.2470038275782149 12 749 13 722 15 730
1627 1.8285345061717917 3.2198375380434032 4.1187969056325517 175 175 185 1.222108075829295 12 864 13 721 14 1000 15 1057
1626 0.9076852828698514 0.50875853756457456 3.6292056378473316 147 96 0 1.1002367792427155 7 1232 13 704 8 1435 15 964 17 701
1625 1.6541014659502602 1.3115042013898865 3.5102915901684204 156 124 113 1.1581988159704364 12 738 13 689 14 1178
1624 0.80644685982116815 1.4721313927620858 3.3024428710989175 246 255 255 1.0224380517045037 12 683 13 679 15 671 17 465
1623 0.57029049259029529 1.5000076151438091 3.4627612734618416 47 15 1 2.0101961014101857 12 540 13 677 14 958
1622 1.9706439204817461 1.3957800199837378 3.1363383932295688 195 93 159 0.84876490817736272 12 1037 13 670 14 672
1621 1.9569865767442221 1.3542293471759692 3.1477013174990764 184 88 147 2.0531527464446806 12 711 13 663 14 603
1620 0.85596053552602769 1.6208248213793923 3.6252209087996574 72 27 24 1.5670854738053168 11 663 61 500 3 471 60 451 59 629
1619 1.7734468729182231 1.3960575895674214 3.1566930130989834 232 123 191 1.7473615779876872 8 1326 13 658 15 613 5 1720
1618 -0.35370718438109539 1.5693960697960387 3.2688865490023158 138 99 43 1.4523934170720552 12 1239 13 650 60 843 61 714
1616 0.67944714169363984 1.2412826964569079 3.1965241462412299 164 77 73 1.5433350738031608 12 785 13 643 58 1041
1614 0.97528660466744255 1.9696011525369985 3.6399336595429737 30 47 52 0.48569845410925749 12 951 13 616 15 416
1612 0.22222647918407062 2.2170566384075632 3.0954436131348011 58 120 200 1.6451609685687179 12 409 13 609 14 618 17 786
1611 0.68703189076147719 2.0699784888155239 3.2279927736794116 207 161 87 2.079656927379069 12 435 13 608 14 620
1610 1.7838770861717248 2.546158521620729 3.774830369785517 58 18 20 1.57126241909522 12 597 13 597 14 599
1609 0.84308897687037154 1.6013907219390484 3.5311403703485493 58 5 0 2.162546972106191 7 410 13 592 5 410 4 382 3 329
1608 1.297233315491511 1.4995120304683403 3.3996174161345634 179 124 68 0.47342421034673415 12 388 13 590 14 476 15 549 17 333
1607 0.26867281772547325 3.3052830278402285 4.668838885157065 16 11 8 1.2679750428318501 12 594 13 576 14 513 15 582 17 375 18 494
1606 2.0441679702120479 1.2479844808332992 3.1355810333837568 71 19 42 1.4145173256947654 12 741 13 574
1605 0.77775503248225009 2.3213676448931251 2.9579970732804499 0 44 110 1.6386423535336128 8 574 13 556 14 2319 15 1163 15 1717 13 1194 5 658 6 594 61 427 4 526 3 457 58 321 60 407 59 386 57 368
1604 -0.32484891439759161 1.2494907565303344 2.7950776142372478 122 124 129 1.5629700583234289 12 310 13 548 15 454 61 368 58 498 60 354 1 261
1603 0.77721899914397918 1.217836538647959 3.2230459852056303 157 59 52 1.9249436299098928 12 488 13 539 58 575
1601 0.93978086834064556 0.99045036128509667 2.9615488035970796 90 13 1 1.7618941837906845 12 547 13 529 14 456
1600 -0.2907314022636891 1.3052937402661642 3.062948145621283 80 69 83 2.0338865438332108 11 559 13 528 15 1180
1599 1.119685174711591 0.99853233955439169 3.1792108405942892 116 12 1 1.2033453352069321 11 590 13 522
1597 1.4577401629107307 0.40489371343932706 3.3768173559037713 138 75 11 1.4889227043958337 8 745 13 507
1596 0.34396774032286187 0.71281972192259169 3.4568760400843179 212 153 37 1.3870789491418249 12 571 13 504 15 683 17 658
1595 0.38559763954316895 1.4168412046754448 3.1603006332241832 75 15 15 0.91978402848279017 11 497 13 497 18 458
1594 1.9598075663760692 1.1565898053807102 3.0770348882536878 119 109 120 1.1019897557861063 12 536 13 482 15 666 14 962
1593 0.22516524093398638 1.6962356262335616 3.146185426538084 0 45 125 0.55363456066955485 12 535 13 479 15 493 17 496
1592 0.33804807228243311 1.6792157336646718 3.5635369775357755 143 128 106 1.9021060734297122 12 729 13 469 14 687 15 295
1591 1.0807329565112465 0.64744535847310158 3.4546315227378117 168 87 24 1.496994396219604 12 468 13 467 14 593 15 322 17 342
1590 0.37991545236510238 1.1064640822560745 2.8428346872775823 68 7 12 1.1263565055884581 12 313 13 463 15 225 17 427
1589 0.89069621098226104 1.0678348664867841 3.0574688016329596 254 199 119 0.50301593671722933 12 439 13 456 14 452 15 507 17 479
1588 1.6416543588298058 1.1338804521035084 2.9016755958168603 120 25 29 1.47545303003104 12 548 13 451 14 659 17 464
1586 -0.21073737973116521 3.2472717902825776 4.7198928976236827 196 225 241 1.0117445095199999 12 337 13 428 14 335 15 394 17 557
1585 1.8881931132709424 2.2834823631774879 3.4573167365664856 146 57 55 0.75692343999422851 12 622 13 420 14 567 15 538
1584 -0.19845586560636555 1.0800402770896651 2.6149418841101748 40 62 76 1.9947731178412271 10 425 13 409 58 475
1583 0.4393430793527725 0.67825724873458948 3.3657549486524614 182 123 19 1.953192644724119 11 351 13 407 15 257 17 659
1582 0.42066428066799527 2.1614767881234673 3.3188222718261811 0 21 90 0.87796658641736369 12 658 13 401 14 400
1581 1.6876768396306494 1.7846506820541124 3.2733822492449582 194 85 83 0.49559910496036391 12 395 13 400 14 396
1580 0.28801839333287937 2.323761369070354 3.3816748010150799 136 104 47 0.57569105681272215 12 448 13 391 14 628
1579 1.0580317147417344 2.1613930000009596 2.8006269435871118 215 185 63 1.3093053550017522 7 675 13 378 14 333 15 430 61 336 4 391 3 297 58 547 60 566 59 325
1578 2.0631664734576844 1.8320367995127236 3.2042933089670673 150 47 112 0.73033319690669252 12 446 13 377 14 640 15 519
1577 1.1182270806681336 2.1013033906651248 3.1089805602271245 52 26 4 1.5983559266178153 12 367 14 387
1576 1.9639112142179307 1.2098907034000708 3.0791977259450976 175 151 173 1.5686888922928723 12 541 13 370 14 471
1575 0.3402202986855965 1.6413760626280676 3.2975797248368233 162 124 25 0.71902879245079798 12 416 13 366 15 494 17 499
1574 1.2261819722086844 1.3110206852147079 3.2167844037916136 137 137 141 2.1599952898790917 10 453 13 362 9 373 61 548 4 470 58 486
1573 0.44226460366439896 2.0793603962318414 3.2086051696881968 0 9 44 1.6443228528306415 12 392 13 355 14 407
1572 0.31721321130002256 2.0025773880724436 3.140728331075878 169 131 20 2.3697445537837178 12 389 13 352 14 608 17 331 16 269
1571 2.0966752128766895 1.3876614706505441 3.270907738188471 205 112 165 1.6132381330996468 12 383 13 349 14 358 15 302
1570 0.3793433488769366 1.6812629788913394 3.3016620218366484 34 28 76 1.8656940252559622 12 451 13 348 15 294
1569 0.88022850459382163 1.6580896403488388 3.6455753318379163 9 8 12 0.24226206783581897 12 384 13 346 15 365
1568 2.1503747857711493 1.2684377510000882 3.4333450004155641 139 112 107 0.52699287912753234 12 526 13 345 14 412
1567 -0.35631628805939497 2.9104147393403381 4.7909730185390309 164 43 41 1.0681359381222402 12 320 13 340 14 441 15 383
1566 0.85220628015083266 2.3444509666613582 2.9070325509431774 61 95 140 1.3931459689370522 8 205 13 337 9 226 6 237
1565 0.82890422109527362 1.925181502434236 3.276040913961157 216 188 91 1.6337375673056453 12 634 13 325 14 361
1564 2.0535199384809237 1.722983934351298 3.0972223388997682 178 72 138 0.74699710839057543 12 364 13 321 14 377
1563 2.025049136104367 1.6540284063342401 3.1491804343135787 173 66 135 0.49733120688574489 12 361 13 316 14 371
1562 2.0988422718151192 1.7375203207444236 3.1046234372753623 227 130 195 1.2752919907376767 12 366 13 311 14 379 15 279
1561 2.4494446368716472 2.1943520767833333 2.9164703896672646 216 180 51 0.73794370727679515 12 331 13 310 14 424 15 401
1560 1.9697323473843511 3.1820334533674055 4.3175176960779185 105 88 70 2.0167254361200571 12 239 13 306 15 408
1559 1.7800045164912535 3.1375732764443747 4.174093819394459 230 170 169 0.93801647917421782 12 240 13 305 14 345 15 407 17 290
1557 0.61628726159216396 2.5137129685257378 3.3122923454669317 57 8 0 0.6044779823130122 12 318 13 297
1556 1.3695231889092558 2.6292127835589478 3.7854095866727562 114 92 78 1.3297415668444725 12 166 13 296
1555 1.8065770328827544 2.4236933228504878 3.5946175853324518 110 29 19 1.5514195346874171 11 391 12 329 13 295 14 336
1554 1.3940381127463342 2.5333293262766996 3.4727602606566581 114 21 16 2.2223382321055469 12 330 13 293 14 334 15 749
1553 1.0087287750563727 2.4483380125241077 2.9236751477373497 189 152 69 1.417526259108671 12 322 13 285 14 436 15 518 17 365
1552 -0.022225825489489769 1.1411854599820614 2.6744547829364063 14 36 44 1.2249958425440195 13 270 4 436 58 393 60 362 59 450
1551 0.55532631272759514 2.5445622466550843 3.353734250562316 199 161 96 1.4697615180817589 12 289 13 255 14 443 15 520
1550 1.4319026532113965 1.6868792334927829 3.8374276958329832 88 24 12 0.96012009060204728 12 227 13 252 14 360 15 306 17 312
1549 1.3455741505878291 1.3942225854773376 3.4020118499430345 98 49 35 2.0152780357990827 11 493 13 247
1548 1.2039245132940339 0.78307615293191246 3.5696781215048414 134 49 11 2.3613082579728393 12 302 13 238 14 268 17 182 18 169 15 159
1547 0.90211921825484032 1.1913853670031862 3.2629184650913441 152 49 50 1.7289907243480083 8 357 13 226 17 356 57 440 18 348
1546 2.1051159241043753 1.8082910553941118 3.1557001379490246 232 131 195 0.42147220238627164 12 218 13 222 14 244
1545 1.8891248698839693 1.6429002014780449 3.1530579163173891 203 96 164 0.86331187959300093 11 303 12 160 13 213 9 240 7 216
1544 1.674636430388974 1.5143919858142976 3.4231688075445788 157 110 114 2.1667588810550322 12 355 13 207 15 449
1543 2.3794683224696853 2.4419191209385369 3.010680938377968 221 188 51 0.70324109096585419 12 140 13 198 14 249 15 285
1542 2.3408379037405567 2.2201820721728383 2.8604170451311717 204 191 112 0.5806465066847365 12 234 14 425 15 400
1541 2.1730481144694571 2.1167435799216809 3.0455916844397302 158 188 196 0.72152961961717565 12 145 13 192 14 218
1540 2.3703892707742145 1.9796432237868744 2.9427472488238346 224 182 27 0.36835056471192207 12 252 13 189 14 217 15 197 17 140
1539 0.79776054418749376 0.96224305031839785 3.0959004929304297 205 158 16 1.5784091408893217 12 207 13 183 14 315 15 228 17 229
1538 0.27768476093728256 0.70313858043633182 3.4044706895924337 220 185 31 2.2748907849510447 12 185 13 172 14 195 15 258
1537 1.50757491741182 1.3499413455726748 3.202687264351292 80 10 12 1.8002876298851702 10 180 13 162 14 365 58 188
1536 2.0032005453478945 1.1760705253164734 3.1925109963928167 67 23 45 2.1016570722299472 12 414 13 161 14 186 15 105
1535 0.34560772237936516 1.5964210619606247 3.39756553957046 11 7 39 1.9933339611669663 12 230 13 160 14 212 15 168
1534 0.96774251100170994 1.3022741654421384 3.3043861043279912 19 22 31 0.75601762302173681 11 331 14 491 17 610
1533 0.6893025616717332 1.3859933073088631 3.2203241488619416 123 31 36 0.9098034821049712 11 222 13 155 15 165
1532 2.176929492890336 1.7928647797706239 3.0937342320676926 46 33 59 1.4634824396125996 12 105 13 138 14 148 15 137 17 146
1531 0.4480606629995309 0.99478454259609295 3.1305698750232454 94 16 3 1.0531273517331992 12 212 13 119 14 74 15 51 17 41 18 25 16 21
1530 1.096096746680852 0.68929257335711391 3.6073678928625119 128 31 0 1.4644485226795647 12 130 13 118 14 119 15 118 17 164 18 165
1529 1.8211772056051909 1.0808662408016434 2.887153504121811 134 30 31 1.7046854315039799 7 152 13 107 9 148 14 108 5 108
1528 2.337830674920828 2.3496557102190327 3.0209590117622875 220 188 41 0.29208925211626907 12 98 13 89 14 136 15 88
1526 -0.37949877884044914 3.1387484872679536 4.8534781296917675 29 25 22 1.2813968701825755 10 98 13 84 15 94
1525 0.99179837368699053 0.44127022854999021 3.5795797773413445 210 170 21 0.73679495477427404 14 76 15 151
1524 0.064631656572566226 1.3209000691158028 3.330722786767367 137 112 87 0.37982481115443062 7 56 13 72
1523 1.153472232694901 0.93877617798538937 3.2454802885988308 146 36 21 2.0497762050115473 10 83 13 71 9 83
1522 0.47859502260264236 1.3993663127790805 3.4784611605550237 142 125 99 1.5915144387454963 13 69 14 68 17 72
1521 -0.17260957132563651 1.2922004727796494 2.8305901847603114 124 31 28 1.1369259712015773 11 62 13 68 17 169
1520 1.2105356247200021 0.91253031605651502 3.3563781017135708 139 38 30 0.72742266417929502 12 54 13 54 14 50
1519 1.2716737630818999 1.3537779413653683 3.9632209382625154 100 50 36 0.6415177646578607 12 76 14 25
1518 1.8564895127430423 1.8033332999494329 3.1889677258355014 216 167 75 2.1928047653162812 12 34 13 37 14 57 15 62 17 102
1517 2.442134191219123 2.297141660792934 3.005017633823877 59 37 23 1.6484476644440378 12 40 14 28 15 57
1516 1.3004156073316411 2.0392852201619389 3.2760324121176292 242 203 72 0.28421052106582007 10 7 13 14
1515 1.1863228246473554 2.2728091697850221 2.8199300390798969 45 30 25 0.25036016488383578 13 12 15 12
1512 1.0313182635344353 1.0539641787276173 2.488823329759136 226 149 91 1.5865641888598458 7 1714 12 2452
1511 1.9962804413621218 1.5744569988329462 3.1336964409816259 249 146 219 0.44800247272071703 12 1323 13 960 14 897 15 1103
1510 1.8067423688362063 2.6422944697656194 3.7965829606720014 94 96 95 1.6211428032833501 12 876 13 808 14 1017 15 783
1509 1.1702178746929328 2.0848092011587558 3.1835492419180631 58 35 1 0.286692205722195 10 339 12 447
1508 -0.28935508933325627 0.91534698532302794 2.7326154883368812 39 53 63 1.0282184558040706 8 272 10 306 13 258
1507 1.3642630919587551 0.41626490147500822 3.3696715015300627 130 68 9 1.7243517756168079 11 235 12 188 13 262
1506 -0.058344101165492358 1.0717605055336381 2.0572647269416753 135 115 90 1.1782166994761363 12 61 9 90
1505 1.2620314902182077 2.5906766331131248 3.7691231705983186 108 92 76 1.8802378971360827 10 14 11 11 12 9 13 20 15 37
1504 -0.19722357392363607 3.115210535357491 4.7550630164807846 153 83 89 1.6660109951526569 11 723 12 2199 13 2742 15 3042
1503 -0.39233092146817083 3.0053931502673765 4.7418735087646375 121 26 34 1.4096368938746744 11 731 12 1669 13 1083 15 2562 17 1886
1502 -0.1527801146005035 3.3007618438062485 4.8770703989763868 108 98 87 2.2690523826010005 11 962 12 1579 13 2300 14 1138
1501 -0.3793599212033838 2.9758301783822985 4.7777563989131275 133 18 18 2.025486701953453 11 1185 12 1493 13 1542 15 1687
1500 -0.37241627730510751 2.9869465518899752 4.8611900969615078 175 63 61 1.1840136163266488 11 733 12 1096 13 1082 9 809 14 1576 5 761 7 1046 6 701 17 791
1499 -0.053192221236588559 3.0657658268229535 4.6787358165982207 94 3 2 2.3942764417887865 11 1030 12 829 13 567 15 1029
1498 -0.063305416602525144 3.0327880100873514 4.633760896373083 151 41 40 1.1469201101760986 11 727 12 824 13 1068 15 750
1497 0.14878743492631216 3.1803020606925774 4.614576970448601 178 200 209 1.4103910496898646 11 71 12 142 13 129 14 88 15 122 17 145
1496 1.0174867305835535 2.2110350463444823 2.8258361100538503 19 7 3 1.4594691743041217 10 1057 7 1433 6 774 4 1069 3 1006
1495 2.1925882553536407 2.8069399428840396 4.2481159366985066 48 8 9 1.6257576564538214 10 468 7 605 11 445 5 470 61 393 4 498 3 483 60 523
1494 0.84887330743875056 2.287527876459504 2.8517696032737252 193 251 255 1.3208877646368991 12 3515 60 2751
1493 1.8774142428517029 3.5744296300389489 4.2175292799344497 155 148 140 2.3261247402295964 10 2123 12 3509 58 2842
1491 -0.01624681381431765 3.201965178919894 4.8514562442486424 90 62 48 1.808391951460516 11 1458 12 3434 14 4186 15 4313 6 1889
1490 1.5934574481723511 2.2922752367328898 3.5109945061487351 67 35 40 1.5252129939342247 10 2610 12 3371 13 3851
1489 1.0034645697875315 1.3005395368341321 3.1919554499653056 85 94 104 0.74173180873858191 8 3551 12 3352 13 3164 15 4161 61 2588 58 1884
1488 1.4427851304763715 1.2952865367622028 3.1170168916104197 92 53 68 1.6799044087215647 8 3102 12 3321 14 1706
1487 0.67504083972084949 1.4569898578354104 3.3064875185200395 138 87 99 0.37938776806097652 8 3234 12 3320 15 4895 60 3877 58 2499
1486 0.89859268180580965 1.4350279673573629 3.261560457159288 89 93 102 1.7977505790556112 8 3253 12 3311 14 3661
1485 0.64017635022789499 1.509963248446786 3.3905399123404907 176 137 58 0.95691869733847901 10 1866 12 3305 15 4221
1483 0.63158660248679177 1.2651483161487089 3.2103549172455419 164 85 80 0.56703957323670628 8 3104 12 3238 58 2584 61 2594 60 3773
1482 -0.29508450058899738 1.4378174950782678 3.1302870262707541 162 119 51 2.1423024828333403 10 1916 12 3217 15 3941
1481 1.1899723271156699 1.4373980784450902 3.281146630694892 113 85 90 0.95828618168673907 8 3258 12 3131 14 1676 15 2913
1480 0.18661777787784914 1.6895236298399237 3.1407409018609043 31 88 169 0.81228248628036626 8 3846 12 3111 15 4208
1479 0.43949940553191152 1.7432184727319606 3.3878015619579789 145 134 127 1.1508615424541793 8 3730 12 3012 13 3424 15 1988
1478 -0.098181142981819056 1.4786831774409535 3.2458133814653998 128 87 34 0.35397867862045096 12 2909 5 1173
1477 -0.28554944359283052 1.4865967843216159 3.1561358642023669 145 121 100 2.1008224903438228 11 2227 12 2869 15 3946
1476 0.0085198438260927351 1.4376301372713465 3.1314187107859754 102 61 31 1.0912351179290594 10 1904 12 2847 13 1877
1475 1.3490482728310804 1.3775403000650914 3.2325037488183139 117 77 71 1.0860063747932089 8 1323 12 2833 14 966 15 1950
1474 0.025816195295152628 1.6891911173825167 3.2424129267128121 27 100 181 0.72697436545360361 10 2672 12 2822 13 3798 15 4232
1473 0.69809108506493545 1.4845087635319165 3.414872038074479 99 78 75 1.9943367416396558 10 1927 12 2817 15 4226
1472 0.79835722584834745 1.4804857108000109 3.3400144160195979 101 138 137 0.45156474144181358 11 1912 12 2813 13 3191
1471 0.66811970813459809 1.5452622250227326 3.3804000315849003 112 60 0 0.47997227829767347 8 3557 12 2804 15 4100
1469 0.86902964789544945 1.3298897611927867 3.1890453651799215 86 87 99 0.35540660813200714 8 2531 12 2772 60 3064
1468 -0.079957113711644393 1.3067301679965082 2.8000621580870737 86 13 27 1.1066953839461744 10 1243 12 2769 17 3108
1467 -0.3424079550752428 1.2859506534201204 2.8092979259580244 168 71 90 0.044922828958719893 12 2706 59 1178
1466 1.7521866805446775 3.2273571779878516 3.9996285853861084 141 152 164 2.0047209643385311 10 1708 11 1832 12 2704
1465 1.8659342800280683 1.1119918844211456 3.0035109312427868 92 97 106 1.757591986898869 8 2788 12 2644 14 1696
1464 2.0910242552730707 1.964320023030216 3.0209295794227717 87 114 123 1.4112876652023563 10 2035 12 2626 13 1582
1463 0.33934010416643889 1.0702398707624765 2.8250371327825281 139 41 36 0.83463768636149094 8 3091 12 2612 58 2486
1462 -0.39144862890130289 1.2585135554719167 2.7911976341704197 117 76 76 0.29771927138023241 8 1467 15 4008 13 3492
1461 -0.15080357358318816 1.1643161353427047 2.9922219279034925 114 28 29 0.64274764793890071 11 2019 12 2605
1460 0.35788996080213153 1.0658118171023316 2.8274131509110307 113 13 13 1.7014250652123075 8 3298 12 2589 15 2171 13 2133 17 2599
1459 -0.1564800077145759 1.0684991039457175 2.5918726004947295 119 133 143 0.9403883990036318 8 2892 12 2579 15 3615 61 2728
1458 0.20000218356608065 2.3822607034374941 3.4787167278785751 117 81 23 1.9580811547972032 11 1675 12 2570 13 3960
1457 0.96760921432132962 2.1601796730780789 2.7740627147363677 16 71 161 1.4842729834484409 10 1953 12 2556 13 2486 57 1935 61 1980
1456 0.42711751924529545 2.3439600536926131 3.2993345300962251 73 110 181 1.0392577874088924 12 2535 13 2899 2 1147 5 1278
1455 0.3720501889703719 2.1876040896428743 3.1047742558243545 94 162 237 0.83486486001552862 11 2366 12 2515 15 4753
1454 0.51732085747691137 2.5918379108242435 3.4614474521378957 58 0 0 1.147041486759536 7 2624 12 2456
1453 1.6385980530477176 2.3207951621554219 3.5996427208192956 135 98 102 0.7444814215814769 8 3598 12 2451 15 3359
1452 0.95797731336757241 2.2451254836778398 2.7591154577544064 4 49 148 0.92612152219384547 7 2773 12 2433 13 2865 15 2979 17 2534
1451 0.89349613026341335 2.3520612337448559 2.9082563694494672 135 129 97 1.5924168801168099 8 2104 12 2422 15 1688
1450 0.44375187755873119 2.2916561321463202 3.1643952547617507 69 108 175 1.7499344027769876 11 1715 12 2394 15 3210
1449 1.9229707145443351 1.8540076436778745 3.1273483233693717 136 34 106 1.3271138088016059 10 1789 12 2370 13 2485 15 1714
1448 0.77283820642961643 2.2818575212917374 2.9313499555499383 0 62 164 1.3632244112200633 8 2131 12 2354 15 3182 13 2432 4 2911
1446 0.91276628134728299 2.2058006761599218 2.8528419361834492 3 81 171 1.6768328424083818 10 1339 12 2334 60 5057 57 1916
1445 1.0088234535291785 2.1813469426692147 2.8165826260335569 22 15 49 0.38355853986193078 8 2974 12 2332 15 1727 60 5059
1444 2.1455024474986879 1.7169186882421172 3.1055904841895936 10 18 39 0.38499926000218981 10 1365 12 2249 13 2459
1443 2.2733262276902146 2.3274273809791159 3.1002332757737507 157 144 136 0.2799960442887956 10 1659 12 2234 13 2286
1442 1.5337358682262037 2.4084920750418437 3.4796475688781983 114 86 86 2.0455431214456152 10 1658 12 2212 13 4074
1441 2.2512288116610093 3.4180221930363235 4.1135874261899703 93 97 91 1.0477863261560094 10 2122 12 2177 9 1502
1440 1.995824833098595 2.9719324715803266 4.4902074626625312 79 1 1 0.32604834967197283 11 953 12 2162
1439 1.7717023749264242 2.1126847324518798 3.3600428330882139 114 6 6 0.62326483284113499 10 1802 12 2143 13 2211
1438 0.7579177064579925 2.3225101053257515 2.9605099186436572 98 146 222 0.82823329731683104 8 2158 12 2124 14 2800 15 2973 57 2251 5 2422
1437 1.0401266942250533 2.249079563132399 2.7892987955553084 49 30 14 0.86763159386856026 8 2138 12 2120 14 2323
1436 1.6340866048579934 2.2923258628076106 3.4907859191338844 183 162 171 1.6751890737228825 11 1457 12 2107 14 2051 15 1753
1435 1.6080498447899805 2.3041711020456752 3.5607023636857971 38 18 24 2.2716565204765922 8 2165 12 2105 13 2178 15 2303 18 1153
1433 0.68959840313262832 2.43688024199353 3.1199732916776193 139 127 131 0.14844100776010377 10 1416 13 2965
1432 1.5699373558164853 1.1505183459144264 2.9176494498908738 112 78 83 1.3072479431849819 8 2044 12 2059 15 3519 4 2483
1431 0.89513204628651288 1.12132714212972 3.0927510667520743 78 31 7 0.85392105052945233 8 1456 12 2048 4 1511 58 1149 61 2792 60 2157
1430 0.90883665864290952 1.1269883596383845 3.2275033213190425 101 68 61 1.3443868420177374 8 2033 12 2040 13 1471 14 725 15 966 17 920
1427 -0.39681385322486806 1.1388920142437766 2.6786792191447777 123 122 143 1.7114022002828853 8 1489 13 2002 15 3970 61 1384 3 1792 58 1596 59 1155 4 1715 18 1470
1425 -0.25739025667816706 1.1461138140555207 2.6530896924924519 182 193 211 1.9030222239505434 8 3073 12 1971 4 1462
1424 -0.068548754035567941 0.72636393843991032 2.8592834935081917 123 113 88 2.6274614105275558 10 1504 12 1954 15 2044
1422 0.18987176994765548 1.2940502369411186 2.7981818434770309 102 14 12 1.4293794028162439 10 1248 12 1934 13 3093 8 2979
1420 1.1767849725715325 1.505096220377893 3.3645689446564959 95 48 0 0.53731240749488018 8 1915 12 1896 14 1782 15 1971
1419 1.186255146275125 1.5105046934117046 3.3790183447466267 192 144 69 0.66927538593839087 8 1911 12 1881 13 2624 14 1778 15 1926 4 2310
1418 1.1771988933793327 1.5432679957516826 3.4105195148465306 83 26 0 0.92590301062922975 8 1851 12 1873 14 1811 15 1898
1417 1.7919978468414408 1.4879589302262011 3.2205527225910102 198 83 161 1.4928912894387725 8 1890 12 1840 13 2387 14 3605 61 1210
1416 0.31746030264909486 1.9180271274445764 3.1403277393151594 202 153 48 0.1177020103911867 11 1396 12 1834 13 2731
1415 0.64302937332484555 1.5195327550139723 3.3763316969423629 228 184 112 1.049835622209889 8 1865 12 1812 13 1948 15 1794 17 919
1414 1.128148984725398 1.4054259952604111 3.2925357569457265 95 22 29 1.9000706650147403 8 1797 12 1803 4 1627
1413 0.6510849204213468 1.4879318137014368 3.3430047705892734 81 61 36 0.17341925136536507 10 1512 15 2839
1412 0.65956542664641371 1.53910375451125 3.3769917016474778 193 144 81 0.50644007540272018 8 1854 12 1760 13 2650 15 2810 17 2321 4 1686 60 2675
1411 0.6965871416580256 1.5372364662432276 3.3758579236337884 205 165 95 0.8009708134640644 8 1856 12 1758 13 2652 10 1525 15 2801 4 2234 58 1830 61 2204 60 2678
1409 2.0274677320896748 1.9143888066073393 3.0717213395141809 9 0 16 0.48859465479718128 7 1932 12 1713 5 1589
1408 0.65147673154027352 2.2844402313370078 3.0758444818742254 0 62 154 0.33591560915301 7 1418 12 1700 13 1228
1407 1.8684942038362329 2.1001344410660532 3.5246592578968259 104 79 72 0.96697117642977881 11 1718 12 1693 13 801
1406 1.6663589534702845 2.1398413021869427 3.2961992296552043 235 123 121 0.65323074230226952 10 1809 12 1689 9 1485
1405 0.87999546337179679 2.3197279295267248 2.8896265155030458 9 57 101 1.3871754390978321 7 1441 12 1681 5 1306
1404 0.60682656272932578 2.3829740128596306 3.1144865538362287 38 92 177 2.2949872838462451 8 1072 12 1676 13 1195 15 1711 5 834
1403 1.1894614054688659 1.884540708118523 3.5644210399151497 48 75 82 0.44819845604861702 8 2275 12 1641 14 2233
1402 0.23945437823500226 2.3831838977666799 3.4374082426717956 48 44 41 0.97278482678758948 10 1325 12 1637 13 1777 59 1019
1401 0.96957424857648333 2.1816471855901756 2.7927729890300945 0 42 137 1.4839997340157152 10 1304 12 1636 14 2318 15 1662 60 1290
1400 1.08067299072405 2.1160819461524878 2.7052921060052926 141 101 101 1.0114479806965708 8 2341 12 1629 14 2192 15 3169
1399 0.78361966794290938 2.1902799077736614 2.9260865257782713 0 46 143 1.1522602945406621 8 2352 12 1627 14 2753
1398 0.36251457257166075 2.2882469966560195 3.2056901841003613 128 111 60 1.4320480026538109 11 990 12 1622 13 2456 15 844
1397 1.8280184368255734 2.7596912445768513 3.9122842223200158 34 0 4 2.2042958224291596 7 802 12 1604 14 1416 15 1067
1395 2.213544227534741 3.3564710219131868 4.0635878724194985 126 143 147 1.3049212411930182 10 1382 12 1570 13 1629
1394 2.6459009770436928 3.2283591014094064 4.3354354283045531 158 151 141 2.3071711338724241 10 1566 12 1568 13 2275
1393 2.5693040458063909 3.1817492465468948 4.2275789645416264 176 181 185 0.84035478717863565 10 1387 12 1567 13 2278
1392 1.7585415059880425 3.1967265153923168 4.117402502207395 211 143 142 1.4257279678645252 10 1705 12 1560 5 1085 61 1091 58 1288 59 1330 57 1221
1390 0.68947329062985097 2.4846482038891819 3.2242750840559267 187 147 90 1.5254159803545118 10 1300 12 1530 4 1406 58 1632 60 2584
1389 1.9041508020140319 1.1004130733788258 2.9924970204282584 127 117 125 1.8164329243614468 8 2014 13 1276 14 1701 15 1209 4 3440
1388 1.489097672419706 1.137026596747637 2.8522062232911081 104 17 26 1.4102012784944746 8 997 12 1469 13 1873 14 1027 15 3563
1387 0.47405965003621825 1.2970801248938508 3.0352502844820579 82 87 93 1.7874353651953163 8 1479 12 1462 14 2988 15 2106 5 1014 61 1238 60 1011 57 870 18 1579
1386 0.7711423807825043 1.4378449123769272 3.2670338573844551 105 28 22 2.0544108425314476 10 713 12 1459 61 700 13 1107 4 630 58 598 57 1075
1385 1.7459724183960732 1.2125867420874086 3.0299534685837015 104 69 99 1.4171061878969049 8 1009 10 917 13 935 15 1816 14 1710 4 1513
1384 0.7087423559752527 1.4015286672391731 3.2603345384250164 91 16 37 1.0480559888254168 10 1112 12 1450 13 1860 4 1208
1383 1.9429280789302461 1.1247480576017028 3.0574772440411873 49 39 50 1.2279461258546289 8 2931 12 1449 14 1725 15 1776
1382 1.0708598503643456 1.2903752957795924 3.1744878461968766 222 232 241 0.5800589515549972 8 1843 12 1440 15 1419
1381 1.4110904601774739 1.2433916934062872 3.0417913712610729 135 14 26 0.45727614299034397 12 1430 14 2501 17 3059
1380 0.1368336429984667 0.99047558283208148 2.7241234518455175 172 124 0 1.2117258707138499 8 1402 12 1419 15 957 17 1713
1379 0.093309647403546053 0.99302683969889405 2.721712689097604 235 191 56 1.4877243109231151 10 1553 11 1113 12 1418 13 2005 15 1385 17 1715 58 1511 61 1711
1378 1.0005638623773756 0.43550610672576656 3.4338519912124457 105 86 33 0.43713835238102994 10 1195 12 1411
1377 1.1410835281720508 0.3163402163251825 3.2513110446860725 120 95 40 1.6898009833417287 8 2836 12 1404 17 663
1376 -0.1205511885740408 1.070209598262426 2.5985811367667546 128 152 171 1.7285374384706031 8 1952 11 1428 12 1401 15 3614 17 3170 61 1716
1375 0.10982990558975138 1.2483561732623485 3.2531566436764607 45 0 0 0.12931826098515839 11 851 13 2077
1374 0.17283609381123419 1.2779763703543947 2.8363087436725074 178 90 88 0.83612736113451425 11 713 12 1392 13 3246
1373 0.33706198649253105 1.8333828307445224 3.1969265872128223 158 129 62 1.1393785511307073 11 1388 12 1346 13 2713 15 1974 17 1763 23 4557
1372 0.61218471342790093 1.8810112337993208 3.7755219401761719 130 157 184 1.1127132940842657 11 1047 12 1322 13 1720
1371 0.73996888344144873 1.5124376788126586 3.343266660893728 106 63 29 0.76129018660280712 8 1914 12 1301 15 4089
1370 0.2890264340782997 1.6191737288977541 3.2686744354908339 157 141 93 1.4626345855735181 8 1873 12 1292 13 621
1369 1.1982222952026982 1.5341706793396859 3.4168935935895326 106 47 0 1.0518739299335889 8 1349 12 1278 13 1351 15 1266 17 1123
1368 -0.0091187958728865259 1.8251930134796728 3.2068891327832931 45 112 182 1.3430010653459243 8 1670 12 1271 9 930
1367 1.1889616310551521 1.5541072946059515 3.4065088961109962 213 156 100 1.0554774558931241 8 1338 12 1265 14 1806 13 2711 15 1891
1366 1.5558195577266765 1.3753515421770843 3.2512108441303575 68 55 53 0.77757400174772384 10 1226 12 1258 15 1316
1365 1.132953519444694 1.4831139306641907 3.3837040006099901 195 152 129 1.2326003867243553 8 928 12 1254 14 1660 13 1389 15 2860 17 2094 5 1183
1364 0.16294764805897372 1.0441305842773521 2.7821112777757402 68 7 0 0.35441014053776843 8 1247 12 1197 15 1337 17 1204
1363 0.15935093049312141 1.0385758318211864 2.7603766049220178 121 73 28 0.60764968863640234 8 2066 12 1196 14 1325
1362 1.3829704547108999 2.2757700983601286 3.251583158322938 87 13 4 1.2424449577581114 10 1326 12 1181 14 1571 15 1675 17 1318
1361 1.4618174434130793 2.280753986730407 3.3674024188757006 105 31 22 1.2071393334990974 8 577 13 563 14 572 15 530
1360 0.77255156511141432 2.4522810436585667 3.0601940100902123 180 143 80 1.9224310664136379 11 1212 12 1161 13 1592
1359 1.31429829567032 2.1519839017922799 3.2966907625000337 201 197 175 0.96147433841519347 10 1031 12 1156 13 1750 14 1055
1358 0.95424543219373148 2.3232576310598287 2.8975854282604088 196 163 102 1.8786596805253344 8 2163 12 1137 5 1305
1357 -0.065960164298478688 3.3392897128697299 4.7365753229147272 143 127 111 0.67298597565603702 10 637 12 1124 13 1663
1356 2.0710383115496525 3.0186538183340881 4.1596047090626165 205 94 101 0.81150574981257795 10 830 12 1116 13 1129 14 990 15 1082
1355 1.1438846828823337 1.3441111116661544 3.1714920263577913 80 13 30 1.4719653991096093 11 648 12 1104 13 484 15 1800
1353 1.7738800919347559 2.3679203241020161 3.5288782436843227 107 18 11 1.2449965656535038 10 1113 12 1091 14 759 13 829 15 1475
1352 -0.39805705259489593 3.2367418836908119 4.9570492358764584 140 122 108 0.50361495531321021 7 838 12 1075 13 1066 15 1512
1351 1.4194851285287542 1.2986584957942393 3.1349614596212154 81 60 71 2.063552138177259 8 1497 10 1479 12 1036 13 1300 14 1618 17 812 61 1621 4 1215 58 1574
1350 0.280213326842425 1.5998803160810358 3.2716989876654625 13 17 28 2.0122999726024347 8 1347 12 1027 15 1227
1349 0.19789708886121327 1.5732751397030449 3.246201545781628 0 14 72 1.0674503794629031 11 639 12 1023 13 1039 15 875 17 917
1348 1.7668489818573681 1.1855608560218458 3.0076498003437711 211 215 242 1.0731755766305611 8 1463 12 1016 14 1189 15 1167 13 1288 61 1782 4 883
1347 0.27029919122831841 2.1987743743675812 3.0604478812024389 11 32 89 1.0183171737037999 7 2048 12 992 13 2365 5 1995 17 2193
1346 0.36364527066105068 2.3003043357650967 3.2672068622393975 14 18 19 1.7938827627890976 11 780 12 990 13 1579 9 699 14 1073 15 1763
1345 1.0161045468123688 2.1306619653261349 2.7435413894277842 145 93 54 1.5681351936624526 8 1741 11 897 12 989 13 1771 15 1175
1344 1.1941227884617434 2.1026439658408522 2.6114828522500644 157 136 66 1.0167283519863139 12 985 15 2591
1343 0.29250144994322591 2.3642596636139506 3.3560128105980196 25 27 74 1.2617982216578865 11 594 12 982 13 604
1342 1.9206710318427194 1.1293331311908903 3.064111527740351 74 62 74 1.1968573952966697 8 1455 12 973 13 1616 14 957
1341 0.3700648202736011 2.1605251378618626 3.1880513675247455 0 10 50 1.6518398533603333 8 1178 11 785 12 957 5 870 6 950 3 1172
1340 1.9490616253709918 1.8862041094538269 3.0737838346604534 134 38 101 1.7776545738663287 10 690 12 943 13 1146 15 829
1339 0.97785509962797756 2.1367303217284981 2.7350510576448492 146 130 155 1.3523432866854299 12 942 13 911 14 1086 15 1174 17 1479
1338 0.94316665504563291 2.0867006068321832 2.8667333016081868 1 39 128 1.3335505008002122 11 745 12 937 13 1700 9 532
1337 1.7978416779109558 2.0992591488136614 3.29287190356305 231 236 225 0.79689908875942184 8 445 12 932 15 758 6 370
1336 0.4481507727344522 2.3835202963404849 3.2733746879696408 55 11 28 1.1212018079669526 11 461 3 429 4 343
1335 2.0632193312576508 1.6143773257113658 3.1395885399232872 204 136 188 1.4046875361480384 10 484 12 883 13 852 15 2425 14 2236
1334 2.2833865245074239 2.3494371415951418 3.0878763755969958 169 161 61 1.0603825720089866 11 1019 12 873 13 817 14 803
1333 2.3599860754697137 2.3042364070133634 3.0187296518131226 216 180 54 0.64632987468855274 11 573 12 871 13 843 14 763
1331 1.5094424428430533 2.3123804906493333 3.3929385431134462 121 76 73 0.9437098261128013 10 1117 12 842 14 1099 15 1183
1330 2.2671091224014837 2.1764596923613566 3.0862676272890379 180 207 218 0.66808438747581445 10 937 12 817 13 1061 14 1106
1329 1.0443656001724404 0.94020841223901175 3.1362956675456819 98 24 0 2.4466811449150754 8 522 12 795
1327 0.68363342221919055 1.2646732559057532 3.1702119854566333 87 31 27 2.1419502770439998 7 708 12 787 15 635 17 483
1326 -0.086195168793413407 0.95654674222168412 2.6786390272376583 38 32 16 0.92829259394665209 10 583 12 775 15 1366
1325 -0.18692733662365349 0.87559493057782556 2.8105279341406031 36 44 47 1.1515260341738109 11 348 14 1158
1324 1.2271290947800768 2.1441210883008979 3.2813786885509124 106 19 3 1.8874188806401873 10 1032 12 768 9 534 14 1059
1323 0.44512580116574363 0.85465447760653757 3.4752961058469083 182 125 9 1.0516651280622227 10 796 12 755 13 761
1322 0.43814528735555369 0.82012265543484097 3.5145539983327585 218 160 52 0.77657193533366953 11 982 12 753 13 1421 14 531
1320 2.125867796135962 1.2662084781992646 3.0965586228508477 112 101 88 0.79015815423659264 10 702 12 734 13 594
1318 1.7700941802303429 1.4893902745010998 3.1822508673487033 160 54 124 0.92031761502084675 11 665 12 722 15 1107 5 687
1312 0.91637919705935433 0.47178790100318374 3.5874185393743687 127 90 32 0.70797724731341527 7 491 13 408 15 334
606 0.25701602543098961 2.2201159882779762 3.0833600904035041 56 92 151 1.3064118544166379 8 3546 7 2682 12 2237 13 2358 17 2202
659 1.7658648569153066 1.1234806599323806 2.9803797802174685 216 237 240 1.723401371515304 8 161 7 190 11 131 12 195 13 156 9 146 14 181 15 166 5 166 17 123 61 276 4 227 3 157 60 197 57 168
661 1.6234988169187361 1.1478540887923123 2.9297991177248468 139 134 138 1.496980155854476 10 216 7 192 6 217 4 337 3 215
667 -0.22580912395436914 1.3059158557477344 3.5164644833292136 133 93 6 0.38289819688796045 8 250 7 225
668 -0.32475433809222143 1.2846225228324055 2.8669927346405015 113 18 24 1.7520111316683917 7 231 11 99 13 77 15 111 5 160 17 158 58 90 60 109 59 100 57 115
669 2.2503816198773059 3.2698784478815659 4.1457704240376252 130 118 102 1.9480311424662649 10 384 7 233
671 1.8084368125965036 2.4292592573275984 3.6278859625806157 104 26 24 2.0225187649434448 8 229 7 243 6 231
672 0.10098255774725774 2.3860316307031577 3.6339655409527603 72 11 19 1.3045709360436077 8 203 7 245 9 266
673 0.12024114763778011 1.1542567356054336 2.6621575022176178 147 166 181 1.8561727901885505 10 330 7 258 11 248 13 465 9 151 14 206 17 700 18 417
674 0.89286444804634424 1.084964237268035 3.0607669997784352 206 145 61 1.3743816668034297 7 265 11 147 9 169 4 229 3 214 59 150 57 114 56 123 55 137
675 0.38087959699019702 1.9553347158219336 3.427489329305295 23 23 51 1.2720686902892506 10 136 7 267 11 120 9 144
676 0.88873175036028818 1.4933356238991993 3.3229420525082025 138 140 150 1.2474671745657648 10 558 7 268 12 691 8 709 13 682 14 1034 15 1213 4 574 3 283 58 593 60 658 57 570
677 2.115818424284666 1.1237887487568741 3.1920270495797252 129 125 116 1.8879858249040478 10 299 7 274 12 412 13 480 14 681
678 0.48118629693102122 0.94101158068730506 3.297988781046115 213 172 48 1.3326902799293932 8 284 7 279
679 -0.038404843367193332 1.2939440978527559 2.7980311857605256 112 19 14 1.9516322287182717 10 272 7 282 11 316 14 300 15 328 5 546 6 323 58 200 60 136 12 264
680 0.83557590426778017 1.2946964385686621 3.166742687230208 187 202 210 0.78130364650648965 8 243 7 284 12 346
681 0.65411291579574071 1.2851469843154175 3.207200792255525 213 238 238 1.3381144835694359 8 351 7 286 12 473 13 446 15 368 5 252 6 168 17 341 61 546 4 294 3 218 58 419 60 346 59 355 57 478 56 175
683 1.8168686893015131 1.4112087184281277 3.1796672816861777 156 47 128 1.6079420067475474 10 179 7 295 9 289 11 423
687 0.31106370756480417 0.55336680385107428 3.2931873879052564 206 190 50 1.408149719891874 8 641 7 307 12 479 13 725 15 469 17 474
689 0.18851811885976399 0.87832171534660475 2.6783499168301717 242 211 95 1.830678431969152 10 185 7 312 11 237 12 190 13 170 9 199 14 192 15 242 6 194 5 209 17 257 2 123 18 269 16 165 19 175 23 214 20 181 21 208
690 1.739126361597632 0.78819035535798754 3.0848659766229161 200 213 226 1.4780789778087977 8 443 10 309 7 314 11 361 12 262 13 236 14 255 15 232
691 0.86682006628428654 0.5783489665246826 3.596797242844862 143 58 3 1.3139720938703219 8 268 10 305 7 315 12 303 13 267 14 298 15 255 6 459 17 234 18 192
692 -0.092381764895421145 2.3122055750154571 3.9414400716131874 245 255 255 1.4593437017416693 7 331 5 383 6 333 61 440 4 350 3 267 2 174 1 125
693 2.1974137232092583 3.1381575972238003 4.1274983811359256 109 82 61 2.2966613279158925 10 353 7 344 11 328 12 342 9 346
694 1.3535924678823139 1.4308490202289155 3.4466228876061606 147 122 103 0.86303580683926384 8 256 7 357 4 305 3 332
695 1.646727225155932 1.4597820920994649 3.363852437565451 141 114 103 1.0145672766863636 10 368 7 358 5 332
696 0.41020022215310342 1.4809797166546359 3.3322358122043849 77 47 31 1.1216605404815752 8 258 7 360 5 239 6 198
698 1.8817806540438859 1.5644931577237302 3.2328988887319805 242 145 224 1.3210382112231747 10 441 7 366 11 306 9 243 5 340
699 0.12611868584873159 1.6269125733787266 3.198945126653912 4 60 147 1.1611061680584409 8 322 7 368 10 264 5 407 6 338
700 2.0398813848584747 1.7259827888811388 3.0810086719981267 175 78 149 1.1572461159244898 8 326 10 391 7 369 11 413 6 286
701 0.2009552840325507 1.933388027646149 3.158747327931628 52 113 202 1.680846681383904 8 391 7 372 6 363
702 1.7408517193536399 1.6886398839469232 3.2966815331335848 129 97 84 0.60775084959574244 10 381 7 375
703 1.4254657551845729 1.6879579218165666 3.8195738117352507 99 31 23 0.59199363785993486 10 383 7 377 11 437 9 470
704 2.0147610408778869 1.0983987419683539 2.9066729055681528 81 81 91 2.3141997737667124 10 273 7 381 12 275
705 1.1047453234844407 1.6670161581225127 3.64206876107971 131 151 157 1.0684091775133218 8 505 7 382 5 453
706 2.1818525872005265 1.9158525236980901 2.9063031277521696 14 37 53 1.5254381398240049 10 346 7 386 12 372 13 387 14 578 15 525 17 601
708 2.1326966524893094 1.5230977508767369 3.0775353173508773 66 52 84 1.3747351405303874 10 373 7 405 13 212 12 228
709 -0.23018758816379128 1.5368227471155045 3.2808228795786079 152 126 89 1.6664077175766023 12 404 13 438 14 506 15 372 58 456 61 718 60 613
710 0.062820568859089335 2.7565972114059214 4.2538023949610624 141 42 71 1.144716143325536 8 596 7 427 11 451 12 455 13 562 14 565 5 468 6 417
711 2.2104702130063982 2.8574112000992886 4.2714510784492674 192 103 109 1.7514715643742462 8 594 10 470 7 429 11 398 9 257
712 2.0342872668567109 2.9400863301037337 4.2243420569834136 161 58 65 0.74225215234201525 8 417 7 430 6 414
713 -0.17619176795301741 2.4800695268511039 4.2896259744407352 140 44 51 0.99355303216738344 8 566 7 435 5 473 6 589 4 356 3 389
714 1.957748507920134 3.3243773268583166 4.2885551603644947 152 139 122 0.99696943196057219 8 297 7 436 5 466 6 348
715 1.7829726741251257 3.5175665795172759 4.2463924910972857 153 144 136 1.1176819166260488 8 582 5 449 6 408
716 1.7529088817643417 3.2171581890308572 4.2248028201015915 141 81 86 2.0185405208069085 8 422 7 441 5 403 2 250
718 0.80032146413594396 2.3498568519788208 2.9673935135034215 92 134 192 1.5721319371940665 10 512 7 462 11 459 13 792 9 405 61 650 59 523 3 714
719 1.3810873866104756 2.398330626524344 3.4340266758109768 131 37 35 1.4920704218441456 8 465 7 468 4 544 3 505 58 252 60 409 59 391
720 -0.015297208036754797 2.3573603325358263 3.9149168188872303 246 231 234 0.61538712120844874 8 290 7 469 5 385 6 428 4 352 3 308 2 262
721 0.69137634932287373 2.4187115261224212 3.1339182354812176 8 86 164 1.4822100694736342 8 462 7 470 5 304 2 267
722 0.40530187403389012 2.4879890848150454 3.3972140080046032 96 26 28 2.1069895686792695 8 564 6 425
723 -0.024533509777551737 2.465975685861725 4.1349388708315429 141 54 62 2.0283959628416337 8 457 7 472 9 407 6 406
724 0.93897346153912364 0.89908682259362993 3.0747311004898825 122 55 25 1.2703102634057646 8 362 7 474 9 437 10 321
725 1.2840498867747154 0.73157662625264297 3.5498483273360355 140 84 7 1.408901132929149 8 275 7 475 12 315 13 461 14 457 6 463
726 1.7607220685828711 0.9716595518310549 2.8307790917667091 176 74 87 1.8403127463829834 10 414 7 479 11 208 9 423
727 1.6358096729299658 1.2971302501580779 3.2149797195118115 70 10 10 1.8769054947419845 10 452 13 372 14 689 12 686 15 725
728 1.5166354771527211 0.45601209751654292 3.6005629063393116 169 132 80 2.4745600112413682 8 713 10 495 7 492 11 156 12 306 9 117
729 0.17274664010511187 0.76708152878480573 2.7452282688190075 227 193 88 1.5605538972435615 8 437 7 494 12 295 13 414 9 302 14 288 15 342 17 422 61 455 58 406 59 462
730 1.0312944013480794 0.41919604298353697 3.4848625382524685 137 115 74 1.9533305624656971 10 498 7 495 5 354 61 171 59 162 57 126 60 148
732 -0.055787200699221044 2.2809910589507369 3.95019342438122 16 23 46 1.5042940112647849 7 502 6 331
733 0.35861210303089985 2.289002792260042 3.2275490289921711 3 7 26 1.3323820408841669 8 575 7 504 3 435 60 585
734 2.1061425850524711 0.99004082165734419 2.9113967980268964 168 180 199 1.4054461090541617 8 364 10 281 7 505 12 499 13 450
735 0.48406349157067885 1.2329703207878244 3.0261374323727548 101 106 113 2.2772426740893965 8 368 7 513 4 415 58 495 60 507 59 230
736 2.1094844084021194 1.1598210780817892 3.2332259555055018 88 83 77 0.93723335216530079 8 376 10 408 12 348 13 246 14 350
737 1.1428220878668756 0.78418050633054925 3.5004740003072343 207 134 33 1.6492754820134912 7 520 12 206 10 325 13 148 14 176 15 157 17 147 18 129
739 1.94237529664097 1.1663448057258996 3.0063677416391359 104 98 108 1.5648303495538904 10 401 7 523 11 487 5 604
741 1.8435664692597942 1.3976795216258415 3.2026499506188659 145 38 118 1.1720556624380323 8 660 7 537 12 639 13 655 14 678 15 576 17 537 18 518
742 1.7727688513555373 1.4183691291276181 2.9808215691160407 216 113 195 2.3627531409706979 7 539 11 633 6 623
743 1.687344341488064 1.5765707582160169 3.3235100348993063 202 100 183 2.4845206816328549 10 643 7 552 11 596 13 353 12 386 14 899 15 819
745 0.52675752873995718 1.3714325663517797 3.420533259318677 61 33 21 1.7574301648267305 8 491 7 558 5 532 6 470
746 0.19280268204994663 0.92890289654933433 2.640432907441693 126 90 2 1.1823413867147539 7 567 12 776
747 1.7353951362769269 0.81024687396813511 3.107919630577026 160 60 70 1.1342073718649153 7 574 10 1207
748 1.2385262252849296 0.74160211247181396 3.5410990650965291 180 113 42 1.6932847544273437 10 418 7 576 13 733 5 598
749 0.090877470285123288 0.80739316522319204 2.7385701634282724 222 183 66 1.7614991009291356 8 716 7 579 13 546
750 0.67138295214563726 0.44132915984826787 3.1803323759765179 148 119 58 1.6389024253343314 10 591 7 583 11 480 13 519 15 468 17 423
751 2.0337892590665922 1.1219296918081008 2.8832600824445653 111 115 127 2.2379686869531343 10 779 7 585 11 1152 6 653
752 1.1939683105786201 1.1839553421880551 3.2145705940198939 133 23 28 1.6664148935775287 10 559 7 587 61 545 4 639 3 677 58 685 60 723 57 531
754 2.1597360781050559 2.8443157662591032 4.2232586254685289 89 5 10 2.2094248343745639 10 835 7 603 6 710
756 1.8251696173277387 2.729348476310991 3.8645923519332523 151 156 160 1.6084945640134598 8 786 7 607 11 448 10 770 12 1603 13 1121 15 781 6 420 61 1109 4 667 58 1270
757 1.7418878068589676 2.4927366673751794 3.7367665054266195 89 72 77 1.5241182188536448 7 611 5 615 58 938
758 0.0076916599102456401 2.633450609417646 4.2807327709444731 248 255 255 0.99393880715142413 8 597 7 614 5 471 6 547 61 292 4 358 3 401 58 267 60 370 59 279 57 234
759 0.83337924326236756 2.369018914217865 2.9550624122654527 40 44 87 1.9943231552332925 8 559 7 616 12 832 13 1173 5 515 61 430 3 461 58 324 59 575 57 369
761 -0.60880723248552937 3.2052227705352414 4.9309205554960531 150 140 129 1.12721403577199 10 654 7 621 6 562 3 413
762 -0.476141142014959 1.3113460272786379 2.8667041921317824 142 130 116 2.0539245796938985 8 239 7 624 5 257 6 274 3 328
763 2.4734926012399638 3.1981154683022468 4.2971376046212244 170 161 148 1.6166128845081174 8 586 11 751 10 703 7 633
765 2.4624369892102766 2.9421575535034465 4.1408759349754369 119 113 97 2.2701467745716117 7 639 11 444 13 541 12 431 10 650
766 0.54410322092388863 1.7247756092557851 4.0590983381179946 3 3 1 1.9157499070295079 10 730 7 640 11 659 6 360
767 1.7521669237354629 2.3026772642977176 3.420680661113555 119 20 22 1.941020164655169 10 812 7 643 12 814 14 764 15 535 61 1151 60 1641 57 944
768 0.13167955442357532 1.993242026605023 3.099340816874204 11 82 172 0.0032217412862218702 7 644 11 602
769 1.2007314454268931 1.7828745431061885 3.5658314505861997 134 155 166 0.90130332967494553 10 664 7 655
770 0.43818548341512942 1.7788551036655305 3.3136880187797302 21 64 116 1.6957199340724143 10 677 7 658 11 595 12 720 13 657 9 543
771 0.20388340803759325 2.0382071232515964 3.0927220487416389 0 58 147 1.1946562773388243 10 429 7 661 6 380
772 1.4132729894992517 2.2749462822837083 3.3362022504189333 78 4 3 1.1006491012649873 8 578 7 663 4 525 61 655 3 458 58 570 60 592 59 603
773 0.80860880813845881 2.2588763563256595 2.8874337148533229 2 67 164 1.8436738805766431 8 621 10 519 7 666 11 432 9 510 58 574 60 557
774 1.2291649120480468 2.1857586540898746 3.6363805209320184 59 26 17 1.5707249297992825 8 623 7 672 11 809
775 0.6494610718977315 2.072480794666042 3.3572539056841282 195 183 101 1.1786787799532925 8 634 7 676 5 806
776 -0.52673358772558876 3.0495116477566504 4.8577048456648049 132 122 106 1.8778087260873149 10 657 12 623 15 1141 5 509 6 556 17 793 61 448 4 1338 58 759 60 381 59 429 2 676
777 0.55591603719824656 1.3589441850966733 3.4315739527418789 51 31 29 0.59133214616742102 8 696 7 694
778 1.4073407040846189 1.4022334919199699 3.3303851534013029 41 1 2 0.80580915257767916 8 732 7 696 4 625 58 1043 60 675
779 -0.20586962095138489 1.4581867161206474 3.1222773601545839 131 90 0 2.0855578224575466 10 532 7 701 12 557 13 471 9 870 17 512 57 800
780 0.46459273391985256 1.2751357552480695 3.0562426773332358 237 251 254 1.7941118461863919 8 1735 7 710 15 971 17 1424 23 2104 18 869
781 0.17632012128524949 1.3202667555711378 2.8607697019480569 100 30 28 0.30819536767192329 8 673 7 711 5 553
782 -0.39303360111113056 1.3093299920723063 2.8182324280660591 101 18 22 1.9104239689150837 8 548 7 713 12 585 58 428 60 347
783 -0.0078767349042657038 1.6031080417611876 3.2740648971281603 0 40 132 1.7469446071605599 8 678 7 720 9 461 61 716 2 468
784 0.17390452938986725 1.6021901929561544 3.2340122023335627 2 35 130 1.5088943331588576 8 910 7 722 11 510 12 677 13 628 15 624 17 605 18 818 19 1106
785 0.75508804862121293 1.2011987177655923 3.2880181338490493 151 59 60 1.2695344299283509 10 593 7 729 61 790 58 679 60 642 59 732
787 0.17621707488660068 0.92105023768569094 2.78913500649608 167 117 92 0.78855681305497649 7 749 9 845
788 2.1572398242558224 0.79374844082141727 2.983621258505293 210 217 221 1.108556274353407 8 468 61 774 10 573 57 676
789 0.74916715037851678 1.5284064488100417 3.3842012700928894 136 95 33 1.4268983847694385 10 745 7 757 11 634 12 1015 8 1392 13 942 15 856 6 644 17 833 61 516 4 842 3 774 58 642 60 898 57 1042
790 0.094915076945544991 0.74540796855321567 2.621135460756939 117 98 54 1.9924135402860588 8 1199 7 762 13 3136 17 1753 15 1379 4 599
791 0.81711659133101133 1.1050883334451165 3.2397255687980318 180 108 110 1.5019403375975109 10 706 7 773 13 999 14 1959
792 -0.11132195172329991 1.1704823883594515 2.6915429539389395 19 21 20 1.1169203128913334 13 752 17 709 7 784 8 434
793 0.26737088229902406 1.133292297963979 2.7951070963628846 125 46 40 1.0487893906402539 8 746 7 785 5 887 60 2028 58 2227
794 1.8818103670464623 1.1161350222363153 2.9715201546777972 71 70 84 1.5753134818919139 10 599 7 786 11 506 12 517 13 552 14 523 8 760 15 362 6 790
796 0.47462665756953076 1.0074199096072509 2.9617208956573959 194 147 77 2.1611750971454602 8 1256 7 794 9 626
797 -0.16737563027915037 2.7629520486357499 4.7154185724567963 160 49 58 1.4004412863869657 8 784 7 801 6 708
798 0.12751104501873808 2.6414405803499124 4.0325687837844564 127 28 68 0.96460984720343057 8 1055 7 805 6 978 3 863
800 0.16206364752961092 2.5809915019420422 4.0099301037626791 110 79 95 1.8822524822630329 8 569 13 1205
801 0.33564024571866252 2.528540533455971 3.6079264177921093 98 30 19 1.3264650964866596 8 788 7 809 13 794 6 924
802 0.18606769226489381 2.4453195665083856 3.5165425076444659 36 39 92 1.5398236064262911 8 567 7 810 9 648 5 824 4 971
803 -0.23375637800113996 2.8362690437522766 4.7893053749114651 129 18 25 1.5498459324136771 10 1291 12 1538 13 1594
804 0.4529964417440735 2.3911525530381401 3.3222277051897566 25 0 29 1.1305263734473283 8 801 7 812 12 1748 13 890 9 506 5 929 2 541
805 0.27979950211813009 2.2966669845830863 3.4028565946513742 18 2 20 1.7288302500094674 8 1172 7 816 5 612 2 725
806 1.3587928690696409 2.2637431363677694 3.3017867132561958 159 178 174 1.1907329993370694 8 810 7 820 13 800 12 1186 14 1567
807 0.68591982018624997 2.1938863326305427 3.308047872458443 17 105 207 1.6916597264623912 8 1160 7 824 9 824
808 2.1194658729670364 1.7271575564769397 3.0250403152023826 21 28 54 1.0514769480759514 7 826 12 657 10 671
809 1.8640665320405394 3.5096725417630923 4.1703884755560789 172 186 197 0.32734561302669873 8 815 7 829
811 -0.12769323880679739 3.2634628792343334 4.7051044667036273 138 146 155 1.2334518430835164 8 823 7 836 6 716 4 1001 3 687
812 -0.1385918810458891 3.2320903923144124 4.6515242619640924 51 63 75 0.79908596441574087 8 824 10 1037 7 837 5 791 6 730 4 1000 2 670
814 2.4360687529012273 3.1215114211930932 4.4690375911757867 136 136 128 0.048131307032082439 8 834 7 846
815 2.4044275283382559 3.0708633241100278 4.0947623071266914 158 174 181 1.3464048718741886 8 835 7 848
816 -0.43167180391836657 2.9343795027799127 4.8190279170278325 175 82 77 1.49674775454348 8 1601 7 851 12 1547 3 724 2 1045
817 2.1577944285388413 1.9605645565164567 2.938749767074087 174 200 215 1.4561936435057223 10 857 7 854 11 611
818 0.92622982402030163 1.7714900567528828 3.6820326668270149 92 111 123 1.7393274658169577 8 940 7 864 9 693
819 0.0013540528979339604 1.7968625387640917 3.2234723839430046 39 107 204 1.8289006514676502 10 1012 7 870 11 536 12 1253 5 646 2 525
820 -0.022368693755965823 1.6308235131332494 3.3194794884503596 29 93 190 1.8790372515152873 8 917 7 880 12 1035 13 1282 9 577 61 723
821 0.40672463167679651 2.1650259030012151 3.1861505993626107 0 27 96 1.8691113425714079 8 628 7 885 12 659 13 607 15 545 17 546 18 531 23 559 21 270 22 298 25 291
822 0.81947089796609818 2.1674867895452805 2.8739377683802196 40 103 198 2.1359502401388744 10 634 7 888 5 808
823 0.58653821326029409 2.1017897542432236 3.567582617350717 57 9 0 1.8021728593359827 8 890 7 889 6 1285
824 0.89647326359194923 2.1462622807119116 2.8840477494712164 35 97 196 2.0889637788460278 8 631 7 891 9 533 60 817 57 999
825 0.18037782902456037 1.6419348692237303 3.2820414533522078 15 73 163 0.95612135139565468 10 551 7 895 11 530
826 0.18052651017764532 1.9777605409489691 3.09451133478411 62 126 214 0.41106532988725736 8 607 5 459
827 0.91996170088844487 1.9790637598967771 3.0346866378431132 62 67 59 0.96504171266223038 10 680 7 905 5 650
828 -0.45209737742850525 1.1313366324616243 2.7041471241042041 82 107 127 1.40999020277553 8 1260 61 990 60 985
829 0.84201070827384206 0.99196844811547624 3.0208834294364699 201 151 28 1.5568706463115038 8 1225 7 924 6 927 4 931 3 628
830 0.8676931031379449 0.94657391133897695 3.1093991020497875 117 62 0 1.8173001107881563 8 766 10 793 7 925 11 718 9 840
831 0.23285187904360249 1.3061771719826976 2.9324594944030213 45 0 0 2.4177008501097497 8 674 7 929 4 638
832 0.45996662588244874 1.2633111851306915 3.0344343961700679 37 1 1 1.7672602816044043 8 1475 7 932 12 1242 13 1476 9 567 15 976 5 871 17 925 61 787 4 1475 58 1031 60 969 18 1094 23 1253 21 1079
834 1.7762827026849874 1.2026047331096958 2.9805082784948329 97 83 116 1.3379959466145075 10 957 7 939 13 932 5 879 11 1164
835 0.90714280920383428 0.57331691037839339 3.6313867686706676 146 77 0 1.0479835410335765 10 586 7 968 8 712 12 747 13 710 9 600 14 945 15 676 17 889
836 0.7045104505044667 0.74676218008575768 3.1564036619886262 149 95 0 0.64295793710545401 8 1216 7 970 9 599
837 -0.027218597127520151 1.6036964736567991 3.2538215135278388 65 103 204 0.61073123772476201 8 1346 7 986 61 1061 58 1124 60 936
838 2.1133959194265439 1.6077321862117815 3.0279269275447533 17 28 54 0.50887813351914313 10 1138 7 988 11 1044 13 2500 12 3136
839 0.33200269058019832 1.8751751911254742 3.1803034878051011 160 149 116 1.2972737792608424 8 1680 7 989 11 600 10 666 12 642 13 667 9 722 15 653 17 981
840 2.1655896975451618 1.8227993228345334 3.1022459400837996 166 81 140 1.0530548530290464 10 845 13 1145 12 1628 14 2333 15 2529
841 1.7444090187510288 1.4314504465300448 3.1600737686097142 189 93 167 1.7626001370603843 8 1021 10 971 7 1015
842 2.064207373542787 1.4456304075526698 3.068911750638935 128 62 113 1.6720393230465076 10 916 7 1018 11 535 9 556
844 0.26589293058571573 1.3664247806698817 3.0301263422339444 115 92 94 1.2052990925686344 8 1035 7 1027 12 784 14 972
845 -0.24087943965446909 1.4767907489211149 3.130346310465594 204 183 137 1.3512996154339367 8 1017 7 1034 13 1470 9 884 15 1462 17 873 12 1724 58 1062 18 1133
846 -0.40820170175045511 1.443331471059111 3.1900000146383229 196 140 53 0.67682758073487415 8 1015 7 1038 9 916
847 1.2482678850400202 1.4316090530996828 3.3766232869567672 70 41 53 1.6746713750737476 8 1019 7 1041 13 1110 15 905
848 1.2190216388373794 1.4445506153415775 3.2981356338709777 228 202 211 1.2119635874220227 8 1018 7 1042 12 740 13 1975 14 1175 15 663 5 686 17 640 61 955 58 1046 60 991
849 -0.18205085291862338 2.8241811130803955 4.8417903088986867 125 15 24 1.0909548078502773 8 779 7 1045 5 911 6 933 2 806
850 0.37899065182546365 2.265425871535939 3.2007654051846628 49 86 141 1.8897780115676301 8 811 7 1048 6 593 3 460
851 -0.35911624783538232 2.942390414223075 4.7902970256521602 147 40 38 1.2939804232188383 10 1042 7 1052 11 1023 12 1165 13 1078 15 1135 5 916 4 1962 61 2458 59 1850 58 1697
852 2.0062315178879597 2.9347448609238209 4.3784209219294761 92 11 12 0.50340689161027152 8 793 7 1054 5 908
853 0.29569150663567989 2.4111133517564904 3.4950776454249834 48 44 51 0.7897606387232704 8 1073 7 1056 3 701
854 0.0086053352008542243 2.8118202161129897 4.3261221261971681 202 188 205 1.2237550220603128 8 1066 7 1059 5 1042 6 695 2 687
855 0.89596592979218803 0.55428051328682326 3.6104405189230357 244 180 70 1.0497350226037507 10 761 7 1061 8 718 12 746 13 1247 9 616 14 1025 15 929 17 699
856 1.8236576471428989 2.7568265519670176 3.9974581677051719 151 154 158 0.15128496796708452 7 1067 9 635
857 1.7311584039698824 2.7528718947115292 3.8002269509073523 160 151 151 0.73309316770265709 10 1036 7 1068 12 1120 13 1122 15 1608
858 -0.12976191247353158 2.4481055496156663 4.3104868430588752 232 165 170 1.2954086519968075 8 2119 7 1069 5 939
860 0.23763409505588823 3.3091451301483459 4.6088750124364166 122 132 138 0.97927116233725897 8 1590 7 1082 5 1083 6 972
862 0.7698542949166105 2.1879589421978363 2.9100533168563523 48 108 206 1.1299829518216842 8 1191 7 1089 9 708 5 804
863 0.10996946349556026 3.1199197904205325 4.6095091491387254 116 37 41 1.5344113407732178 8 1633 7 1095 5 611 6 706 61 613 58 407 57 332
864 0.1732223324267502 3.0790776073480526 4.7954422566002917 75 3 10 2.6514131796206137 8 1639 7 1101 5 1396
865 0.55672671651613337 2.2283986507532849 3.0953724945132657 88 157 248 1.1240671753363387 8 1699 7 1103 9 1136
866 0.083813334033840961 2.2862188729950454 3.4023254480017395 21 8 38 1.1853410925639221 8 1100 7 1106 6 991
867 0.80783031897362434 2.3180741498224089 2.906820673369968 106 153 205 2.2497891643989876 8 1173 10 1082 7 1108 12 1675 13 1749 14 1533 58 850 60 1670
868 0.76900065067206136 2.2948831555474856 2.9319474862461976 130 190 255 0.99204043742912362 8 1170 7 1110 12 2346 15 2577 60 1672
869 0.70630974713572536 2.2189262717139679 3.1171893162630431 0 71 175 0.60718931804590615 8 1162 7 1118 5 839
870 1.3134255665678058 2.1715552438001815 3.2986504508556531 73 23 25 1.1982567777347628 10 989 7 1124 12 1717 13 1784 5 1016 8 2350
871 -0.036603497066772975 2.5667220725215905 4.2476457094577107 149 47 59 1.1000979560803843 8 1084 7 1137 5 777
872 -0.061432040751350836 1.1301329084730245 2.6434072418605536 18 46 53 1.8769128057923028 8 750 7 1138 60 737 4 611 56 445 55 322
874 0.7663378327430842 2.4258312074255479 3.10083314764019 152 128 80 1.516096062604918 8 1074 7 1144 12 1184 13 1571 15 2526 5 831 61 921 4 709 58 958 60 580 60 1124 59 834
875 0.36604272966075013 2.3078030930824243 3.3225803747386844 27 63 122 1.4206505101653122 8 1175 7 1149 5 1296 2 726
876 0.91111678739588342 2.3433172270355271 2.8588786419123529 162 133 75 1.9042772709574001 10 1119 7 1151 11 910 12 1133 9 783 5 1302 58 849 60 1669 57 1305
878 0.30978274895275665 1.8064658023164442 3.2161845416553527 173 141 24 1.020440219377482 8 1666 7 1160 12 1905 15 1951 17 1656 4 3034
879 0.11883449106353179 1.6613628727483605 3.3083588448317993 58 121 209 1.0616124109073997 10 1142 7 1171 9 610
880 1.4721886639118398 1.1492426812084013 2.8710989548712185 246 205 205 1.3667775086375211 8 731 7 1187 12 671 14 648 15 640 61 993 4 582 3 632 6 540 58 1002 60 733 59 432
881 1.6249097997616355 1.1633620779267693 2.9182603883277047 88 82 92 1.5480216953081571 10 952 7 1192 12 694 8 1001 15 1242 14 3102 5 886 17 1187 12 2880 61 1349 58 1157
882 1.9138774772730731 1.1338138167539509 2.9857946829177755 104 100 112 0.30378278135396869 10 1623 7 1195
883 2.048007650389108 1.0990702139396997 3.0425618350743298 69 67 80 1.42802277873712 10 1246 7 1200 13 1842 61 1809 5 1652
884 -0.21906346611040922 1.219290818238703 2.7883484971651424 150 66 70 1.2247492478996089 10 934 7 1217 12 1375 13 1260 60 960 59 738 57 1179
885 2.1283609077675285 0.96384533161428365 2.8361455421480644 218 246 255 1.5518171006211725 8 1279 7 1227 6 831
888 -0.16351325971155053 1.1061629399220321 2.6545045722005414 75 101 121 1.184989520943649 10 1611 7 1247 58 1212 57 1272
889 1.9966414859786064 1.6015359184252165 3.1439326761629318 229 127 209 1.2891889574614341 10 1134 7 1263 13 1685
890 -0.034971907172268904 1.5163705011361672 3.4187509677724859 0 1 83 1.7502830166140759 10 924 9 754 2 580
891 1.2171782362680759 1.5239966758874213 3.4044915621657488 165 125 27 1.4534523291352472 8 935 7 1265 13 1350 12 1060 14 1143 15 1259 17 1481
892 2.0893859310854226 1.6065474631125076 3.0165213112898663 122 127 156 1.4413495145750679 10 1140 7 1269 11 2021
893 1.7482621971476124 1.6250201662628987 3.4480626415930469 146 99 111 2.0489255793553465 8 862 10 1878 7 1284
894 1.7036343105902905 1.6015447487898027 3.5142007353276012 144 108 112 0.84017447616944674 10 1009 7 1285 13 953 15 2478
895 0.049930190701729438 1.5881000756319232 3.2310216371238654 0 45 140 0.87121659383729266 8 1883 7 1287 5 708 59 1073
896 -0.20099393797849865 1.4860804791136462 3.1239613891378051 231 188 94 1.5790112411547239 8 1303 7 1291 13 1475 15 970 17 1267 61 1049 4 449 58 1058 60 654 59 488 57 802 2 549 18 634
897 0.021711752602012604 1.5567165763683559 3.1882054819875361 75 97 180 0.92347226993305165 8 1387 10 1235 7 1298 11 1129 12 1442 13 1306
898 1.3071005181349886 1.5039924880058981 3.5958170793561766 177 141 92 2.5065971360115 8 1850 7 1299 5 964
899 -0.16329903835890763 1.4017017038321309 3.0000874593547961 209 167 65 2.2472273828328313 8 1316 7 1301 13 1492
900 1.3362021921443059 1.3402923283917334 3.2768534168041001 212 189 204 1.3940026698971113 10 1437 7 1305 2 1193
902 -0.2693187668972768 1.2985693666877136 3.0782026755350524 61 45 32 1.3555716711605803 8 676 7 1312 12 1935 11 1977
903 1.387638611550587 1.3008598332838621 3.0940597833182104 115 13 10 1.7746313774850215 10 721 7 1317 12 1458 15 1833 8 2992 5 1744
904 -0.2124680714538266 1.4605577592657093 3.0790576681242903 188 157 72 1.3932121830982007 8 1291 7 1323 12 1738 13 3259
905 -0.28766450311804243 1.4483916312584442 3.1147120263643289 225 197 148 1.1275343167429794 8 1795 7 1324 58 1067 61 1102 60 1261 59 493 57 1049
906 -0.044001206776050808 2.5066473162993805 4.1972564395439962 121 29 36 1.2713710524194644 8 2226 7 1341 2 1058
907 -0.039034920250745141 2.3815547119878979 3.948600067862416 102 27 48 1.662637788736937 8 2095 7 1353 5 935
908 0.45628105018822412 2.3662280375083991 3.3382508009136576 31 62 134 1.2558609848260258 8 2100 7 1357 11 1688 13 3982 12 3638 9 1067 5 1290
909 -0.30215113987152481 2.7119343228048876 4.8677847493386075 164 135 120 0.81994267870224025 8 1534 7 1363 9 1330 5 904 6 983 2 802
910 0.0066034375812757855 2.8740401176737289 4.5546984575875111 194 77 93 0.60504590562401994 8 1612 7 1365 6 552 5 461 2 402
912 0.075897140460816415 2.7762791945635827 4.1805722977810653 151 50 64 1.1092481816555018 8 2764 7 1371 12 3369
913 0.41528560528892655 2.297384046763824 3.2258302773030656 58 94 170 1.0099141829259086 8 2128 7 1376 13 2569 57 1338
914 -0.13112953810870304 2.6208939060494361 4.6315867131227142 169 83 86 1.6569968398523607 8 1528 7 1381 6 2000
916 1.0280152472701232 2.1756120379328445 2.8191310145383413 116 105 98 1.2505910935167734 8 1705 10 1053 11 1307 12 1699 15 2585 17 1498
917 0.83742529433770829 2.0624321612879486 3.0647268602585664 80 88 111 1.3230455716475573 8 900 10 977 7 1407 11 930
918 2.2248780668042154 2.3335184429418838 3.16648651855914 53 43 34 1.9087752343954352 10 1661 7 1414 11 2271
919 0.74798799472187405 2.3129203579309943 3.0040330548541161 3 60 134 1.4749180376121127 10 1684 7 1415 11 1173 9 838 5 919
920 0.79774220578273958 2.2994105864981482 2.9107558912599028 0 38 101 1.467184278027629 8 1548 10 1680 7 1417 12 2343 13 2862 15 2976 5 867 58 1340 60 1668 57 1003
921 1.3391232169237064 2.2496530211745509 3.3455483338732983 65 14 26 1.4956802302982999 10 1322 7 1424 12 1695 13 1570 14 4094 15 3080 5 863 2 732
922 0.96672790931058517 2.0800129131405756 2.8377210087293974 0 7 99 0.99657913769571793 8 899 7 1443 5 1058
923 0.81296352868407296 1.3465472250262693 3.20072014355075 80 27 33 0.79866210869990117 8 1789 61 2602 60 3752
924 0.21662036908735904 1.8449947691311757 3.1690420076335832 1 66 160 2.1421610794482642 10 1770 7 1465 11 1068 9 939
925 0.45236528542566068 1.7574837217749357 4.0252950270004231 165 142 128 1.4007930483073447 10 1872 7 1475 5 1349
926 0.5183204861407289 1.7719321390548353 3.9964096804871523 6 6 0 1.6532861815795996 10 1019 7 1477 6 971
927 2.2281009589704395 1.9797747560398664 2.8840645376023222 2 16 14 0.87245318950054362 10 1317 7 1478 12 1135 13 1599
928 0.055265742867462754 3.0272939059875212 4.8945204667866617 49 0 0 0.20252399221975495 8 1230 7 1484 5 760
929 2.0875900343543252 1.9745015147838958 3.0932785172775872 73 100 119 1.3185774603376041 10 981 7 1485 12 1147 14 1611
930 0.069181164299739459 2.7019800210464879 4.1810687068046679 197 214 239 1.0801598255343723 8 1056 7 1487 6 976 61 1182 4 759 3 656 58 723 60 706
931 1.793023322842749 3.09832585140843 4.1120603345248741 184 100 106 0.50479878176467741 10 1068 7 1488 12 1555
932 -0.45428288522489002 3.1894442846985029 4.8940066266649351 71 74 79 0.70477354674625814 8 1580 7 1491 5 1383 6 1002 17 1904
933 0.10908766576806057 3.154335830531561 4.7179422131523046 219 207 201 0.9475959542760386 8 2174 7 1492
934 2.1138077737066094 3.1155493362722497 4.2617774759724263 186 90 100 0.68211286366502899 7 1501 11 1195 12 1559 13 1608
935 -0.14066907861620448 3.0929457622448382 4.6727542302903391 227 131 135 1.3838751435798056 8 1111 7 1502 5 1884 6 2731 4 2630
936 1.777670872250231 1.4802876199656232 3.2470503030150981 137 33 110 1.1764874720610399 10 1148 7 1531 61 1601 58 1248
937 0.30347015726523741 2.4249510405218868 3.593831473949475 111 81 31 0.57056133534544917 8 2126 7 1539 5 1984
939 1.1514430894944794 1.4362482754383687 3.2943087637764172 63 40 46 1.7232068573461978 10 2149 7 1555 12 2805 17 2369
940 2.081497061551528 1.5079877931080174 3.0076441483577887 174 173 204 2.5425738327268261 10 1483 7 1557 11 1064 9 1221
941 1.8932471150987249 1.4564416631211623 3.1945306121461057 167 62 144 0.95374356124392123 10 1864 7 1558 13 2681 14 2345 15 2751
942 2.1153134444836974 1.5961744193361851 3.0085920119794771 152 164 188 1.9696049237242785 10 1498 7 1572 11 1040
944 -0.29756554371584809 1.2675814109541301 3.283836147451594 90 79 95 2.0798883483025947 8 1308 7 1579 9 1027
945 0.82317044574501752 1.3176780735541382 3.186433351240848 182 189 201 1.4044572511424931 8 1312 7 1582 12 1483 14 1345 15 1418 17 1138 61 1572 10 1477 58 1425 60 1484 4 1223
946 -0.14586810573499495 1.4105693207068026 2.9796782131515602 138 99 0 1.5425791454328177 7 1591 13 1481 17 3376 60 995
947 0.17314371506031329 1.6261901937987999 3.2000846083172991 97 144 237 1.2097558562193318 8 3163 7 1606 11 2093 10 2305 12 2766 13 3204 15 3512 17 2945
948 -0.11681302944880632 1.6064289092255029 3.3113928634668865 124 116 94 1.769148495239758 8 1877 7 1607 15 3543 13 3166 58 1819 18 1113
949 -0.077600327649226919 1.5998786189054208 3.3724742501846197 76 100 201 1.3298776760194759 8 1872 10 910 7 1608 11 1303 9 961
951 2.0627696148840124 1.044141659512378 2.7953127370460704 136 105 117 1.4421051828861395 10 2482 7 1666 11 2188
952 0.97330081143354186 0.8530239714885065 3.1062330918228005 156 91 3 0.0053541688363774086 7 1676 9 848
953 0.10664276589899833 0.83187792707299757 2.6258488148546348 129 92 0 2.020479882260906 8 2810 7 1698 58 2132 60 2054
956 1.7785889103371717 0.92546580282946345 2.933280088874703 238 138 150 1.3296144384229027 10 1616 7 1716 13 2102 61 1766 58 1502
957 1.8113847375209431 1.2000406385346709 2.9396585084272773 194 183 213 1.1498502086073479 10 2191 7 1723 5 1675
958 1.0360192891813294 1.3069249736629394 3.1612967160295913 201 207 216 1.7942925592685797 10 1476 7 1747 13 1330 14 1330 61 1626
959 1.8096802411653441 1.150304390157554 2.9167434883432031 167 184 194 1.325379438644132 10 2154 7 1766 13 3600 5 1161
960 1.5686932931905209 2.4501119432393739 3.5444463270509257 88 55 58 0.90863773152962946 10 2131 7 1786 5 1968
961 0.24866737116039458 2.4614315858555149 3.5653747083586711 163 155 132 1.0899928842379853 8 2115 7 1789 5 2101
962 0.8499577394190202 2.3050262127287677 2.8844203913431645 167 213 255 1.9318168400049178 10 1686 7 1810 11 1752 6 1267
963 0.93090614684214379 2.3246830544531725 2.8409685968920337 138 124 76 0.27529389107611091 7 1817 15 4425
964 -0.17416043065351219 3.1039337924392951 4.6427395358728596 139 53 66 0.85663249998199065 8 2182 7 1835 5 1389
965 1.7976582242013994 3.2036226096911524 4.1939782283893869 224 149 156 0.66981966245653757 10 1391 7 1847 12 1561
966 -0.49064960273088293 3.3104897790510277 4.8677286220638454 147 154 141 0.96229123525965055 8 2199 7 1853 5 2218
967 -0.52642696964330871 3.3444663657316407 4.8648287751790109 164 155 146 1.4883606445598425 8 2857 7 1855 6 1227 61 1415 5 1435 4 1324 58 1232 60 1099 59 961
968 -0.16998569888398654 3.4014317217487449 4.6857793530927063 177 197 206 1.0647239578540388 8 2193 10 1700 7 1856 5 2214 6 1608 4 2647 2 1355
969 -0.05061696814143956 2.6889923628395698 4.2341965083239792 160 59 69 1.2664325543266897 8 2923 7 1864 5 1780
970 0.44002269953728429 1.806580311299671 3.3446943394088633 57 81 145 0.81097188527526731 8 2311 10 1363 7 1925
971 0.26413721216022723 1.8671766644440726 3.2054806956252415 40 107 196 1.3073678022669326 7 1937 12 3068 8 2679 13 2717 17 2977
972 2.0983842642267034 1.9768647898050942 3.0265148136734514 173 201 213 2.149242470385099 10 1818 7 1949 13 1575 15 1028
973 0.72055273155761668 2.1457741320982726 3.229561387369376 40 118 218 0.46736225577930646 7 1957 11 1812 13 2460
974 0.41774091097832672 2.146635992709883 3.2287011662150058 54 85 171 0.88200087060358479 8 2347 7 1962 5 1252
975 1.0330331372969834 2.2675043488458706 2.9029071538873596 117 88 22 1.2848984682703255 10 932 6 2079
976 0.41964120275419942 2.2432123607966097 3.1853062392458633 60 125 215 1.5622985845401776 8 1543 7 1976 11 895 9 828 5 1524
977 0.84116505581539425 2.1039269978690331 2.9412868898533771 142 193 255 0.95108003259374807 8 1755 12 2270 13 2709 15 3089
978 0.94822449758749872 2.1414034521833756 2.8017167126276274 9 75 171 1.3087022334590201 7 1989 12 3469 13 1138 14 1559
979 0.86735530494524271 2.3457023626624363 2.9404716053027102 50 87 155 1.3994590647339118 8 3622 7 2011 11 2300 13 2952 15 4432 5 2420
980 2.2276786640379793 2.338749576533306 3.0892900546211073 44 45 45 0.61790673208295699 10 1273 7 2015 15 2367
981 2.1815286994815626 2.2961901884455957 2.9735197502075552 113 115 114 0.011598683026882703 10 2054 7 2027
982 0.53622514626600937 2.2255396805107726 3.2115984007800273 89 161 253 0.71036000683338207 8 2661 7 2032 12 2495
983 0.24784000703140338 2.1984939552748379 3.1097041110168004 28 92 184 1.1840088096331867 8 2237 7 2033 11 1774
984 1.7150938075176934 2.7017978925069288 3.7102679143584165 95 105 107 1.1006760804529037 10 1733 7 2039 14 800
985 0.050460001173398918 2.6196519599210717 4.2564088449790765 149 165 191 0.85734279111804401 8 2207 7 2044 5 1484
986 0.17266245514069978 2.4384915192595509 3.5209656623820025 34 39 71 1.0178210937630439 8 3532 7 2051 5 1987
987 -0.057299807502228003 2.3413781401132674 3.9583292365728231 38 45 52 0.94840348199207336 8 2668 7 2056 5 2861
988 1.195503038615207 2.098118926977802 2.5965890072414304 98 76 3 1.6838568252626853 7 2061 11 1806 61 3053 58 1466 60 2605 57 2037
989 0.89928349796634943 2.0505730364623065 2.9614844289953863 46 92 128 1.0574729906663616 8 2609 10 2040 7 2073 9 1735
990 0.40038213997875255 2.0400413450145747 3.2917992438233927 72 103 185 0.89481383588150609 8 2389 10 959 7 2074 11 1270
991 0.35929661078840891 1.9515207699028101 3.2061870370375862 137 123 76 1.7773665727582788 8 3050 5 1348 4 2753 3 1000
992 0.43184859172120638 2.1283489184166728 3.2758614909851005 17 43 117 1.2523477813028738 8 1695 7 2096 11 1629 5 1926
993 1.7754048038679355 0.9645093721721667 2.8532269932734069 228 126 139 0.8689549141517503 10 2239 7 2137 9 1516
994 1.0413563449688885 1.459866737397201 3.2716109988196966 38 32 43 0.95284762602720008 10 2278 7 2147 60 3852
995 -0.11760117973120869 3.2730083195482167 4.7083876012395027 82 87 92 0.31933948232616055 8 2863 7 2172 4 3104
996 -0.17430046949695294 1.0988781475990737 2.6494997151985369 116 140 164 1.5065699489970072 10 2205 7 2182 11 2203 58 1540 57 2721
997 0.18247482611579061 3.0673804417123773 4.5683462617250088 202 157 158 0.25895473060159052 10 2112 7 2183
998 0.1175991622099231 3.0415173058842795 4.4979962552875126 137 35 35 1.2365488230434576 8 2185 7 2185 5 2066
999 0.17526871569473149 3.0092728022231139 4.5660873113547265 227 162 161 0.58995638621106428 8 3500 10 1035 7 2187
1000 -0.16009000629349407 1.0688390916923072 2.5629157892473997 10 33 49 2.0713073766233259 8 3277 7 2202 58 2456
1001 -0.18733379400941941 1.084454951442255 2.6308821438314265 151 176 198 0.9834402554541839 10 2210 7 2215 58 2449 60 5434
1002 -0.19612071009345147 1.0957164081614383 2.6155040966535763 148 170 187 1.2081392146148879 8 2059 7 2216 11 2312 9 1588 58 2448
1003 0.64304173105833962 1.3202888243818351 3.2075805466530656 108 118 130 1.7380620997950733 8 2529 7 2223 12 2912 13 3267 15 3920 5 1712 4 2155
1004 1.8966063097741943 1.4670574125078402 3.1758198416435555 227 119 204 1.451424849894339 10 2490 7 2244 13 2685 9 1173 14 1735 15 1708
1005 1.3968731906923502 1.4563819966983449 3.2277116832805883 74 50 45 0.75455030088844188 10 2270 7 2254 9 1660
1006 2.0773764278655391 1.4636507500680624 3.0392880068316943 146 131 162 0.0067705045323614294 7 2263 11 1418
1007 1.8947379780210809 1.465860712286631 3.0080889342616226 139 37 120 0.78255264829379589 10 1514 7 2264
1008 1.9599448663337669 1.4288323642238345 3.1102532925560564 223 127 201 0.49818168292164194 10 2280 7 2268 9 1196
1009 1.4395658862727063 1.193294352661348 3.0130595584583033 133 23 33 0.99486753339118705 7 2311 4 2438
1010 1.7308162502381654 1.1933966215408511 2.9783569382359802 121 122 152 1.2917308014923785 10 1254 7 2315 11 1149 5 2252
1013 0.44972622427887088 1.7852580364180699 3.4247236712709452 37 53 131 0.053011818314224871 8 1668 7 2329
1014 2.2046335222350542 1.9205544749332346 2.8932295463715949 127 149 163 0.25243036523552997 10 1755 7 2365 13 2441
1015 1.2268078199002657 1.8489009519689905 3.585941391160127 51 63 75 1.6098900558037728 8 2687 7 2371 12 2317 14 2248 15 2511
1016 1.9890000675523714 1.6220730439596869 3.113291097113096 154 52 135 0.96855776408628358 10 2654 7 2384 61 2168
1017 0.96914557281226954 1.505588851981738 3.4066406790769079 103 84 66 1.0900228774720535 10 2309 7 2392 9 1816 14 2586
1018 0.16449714686356776 1.6139657116697406 3.2284002333599893 1 36 129 0.73196792846592285 10 1842 7 2407 11 1909
1019 0.057895223412264323 1.6213869677215789 3.4741245084920092 40 103 193 0.33667025808407325 8 3854 7 2467
1020 2.1144957337691492 1.0855630123589173 2.9731942480449476 41 44 59 1.4265162077629983 10 2159 7 2525 13 3638 5 2229
1021 1.7567332887043703 0.9502488672850492 2.9483588434387067 163 61 72 1.6927413484309135 10 2458 7 2540 11 1965 13 3225 60 3655
1022 -0.21489747143068133 1.2117628987806279 2.7811175672058357 99 19 22 1.1597502903415606 8 3377 7 2566 12 3263
1023 1.7179405702463721 1.1524325715392947 2.9602243659244651 83 79 96 1.2983290118407862 8 2939 7 2604 13 1852 14 1352 15 1251 5 2582 17 2083
1024 0.0043568354503612022 2.5943713223852058 4.2600518796464888 158 117 124 1.8176426740778742 8 2772 7 2626 61 1888 60 3427
1025 1.6685719291800862 2.6689970396216354 3.752956564889375 97 33 37 1.3506212935047319 10 2518 7 2629 11 1602 5 2712
1026 1.6762927949012245 2.6876053272599698 3.7459386011443376 92 50 53 0.95156992491967818 10 2517 7 2630 5 2714
1027 0.70204806074767678 2.3127868909522382 3.0422422634937947 70 149 246 1.0008246352664749 8 3600 7 2646 12 3423
1028 1.6992947973977941 2.3540910974453069 3.6310478072209733 69 30 35 0.95841803563348915 10 2061 7 2655 5 2017
1029 0.12886436886809363 3.0683320132580776 4.5919761527141914 176 132 119 0.80763023841583947 8 3504 7 2699 5 2700 59 3060
1030 0.20287953187421348 3.1693312696631843 4.5570623988589967 113 144 152 0.94513855077683495 10 2104 7 2710 2 1345
1031 -0.45969792753695998 3.2480656929294076 4.9238435528718014 74 78 77 0.79940234187679404 8 2877 7 2713 5 2224 61 2989
1032 0.866767193087292 2.0429838140050207 3.0900741810310799 125 134 105 0.72194739076241765 10 2045 7 2730
1033 0.87747342386813132 2.290557029396211 2.8477928153486163 152 218 255 1.2279010726679123 10 2554 7 2785 57 2213
1034 1.0318141481766221 2.1869867034453292 2.8226129390445864 51 43 7 0.84668443211758271 8 2604 7 2805 12 2325 13 1741 10 1340 17 1940 61 2300
1035 0.83127886206013268 2.1016222441411987 2.9601549355978749 68 108 166 0.86525522825630274 8 3776 7 2813 12 2529 60 4446 57 2550
1036 1.1753384788155568 0.42347035687898316 3.2409107929499021 153 97 12 2.0093157927218734 10 126 7 301 11 230 12 174 13 169 14 191 15 180 17 153 61 259 4 319 58 227
1038 2.1878930253143416 1.8457235702876875 2.989159611041698 150 152 167 1.4434579448085936 7 1155 12 2385 14 1535 15 2564
1039 1.4118313323177429 1.2137148978164256 2.6410456874906409 154 28 29 2.219007486000879 10 1 11 1 13 0 15 0
1040 0.95745486018889814 0.82454280002601865 2.8040042515236703 141 54 1 2.9040449572713491 10 3 11 3
1041 0.65609142692701083 3.3812039039200266 4.677170214496404 160 148 134 0.6044306828935333 10 4 11 4 12 4 9 4
1042 -0.3927974961408327 2.6161571424345129 4.690943354166107 150 135 116 2.064197186599543 7 11 11 8 12 11 5 13
1043 0.91270566569788802 2.390231762699548 2.9683109230836693 171 133 52 1.8223906439453532 10 15 11 13 13 28 9 18 14 26 15 23
1044 1.1422787572154316 2.2535704800744321 2.8045488943583856 52 34 24 0.025236621868955915 10 18 17 19
1045 2.1180681143291271 1.5829572549654563 3.1685466609697928 26 36 48 1.8995901640294746 10 35 12 24 13 27 9 36
1046 1.9488603408765988 1.5093844578901494 3.1496074212559884 212 106 180 0.64460374309972468 10 25 11 25 6 33
1047 0.91558855460224264 2.1739873230560587 2.8266686948762327 10 92 180 1.5981727853620273 7 20 12 27 13 36 14 34 15 34 6 41 1 53
1048 2.4205402989851841 2.7405999257096094 3.9754215634522061 106 90 67 1.4109057413322932 10 34 11 36 12 31
1049 0.4344045509541935 3.2828177818886335 4.711949488426753 147 134 117 1.4660929179418627 7 43 11 51 12 42
1050 -0.30530386501139567 1.0167943559248205 2.624135158505315 33 47 60 1.7348882600403188 10 39 11 53 13 43 14 43 15 45 17 25
1052 0.78573023469410186 1.0505819258227058 3.117131242221562 104 16 2 1.2033389152154299 10 56 11 61 12 55 13 70 14 73 15 78 17 83 18 124
1054 2.1803410927060716 2.3670798545448659 2.7403959353849912 59 40 25 0.48311343280175512 10 99 11 73
1055 1.7278859429498976 1.8643194478380485 3.2942700728284127 142 23 27 1.6948040156491833 10 116 12 35
1056 1.4403464716384822 2.120201353328885 3.2776949961810478 107 18 12 1.7265456350817618 10 108 11 85 12 74 13 92 14 93
1057 0.46743484690254877 0.89557726037762431 3.3993413183529171 213 158 31 1.1634060706662046 10 86 11 86 12 57 13 51 9 55 14 49 15 50 17 47
1058 1.4311202967948498 1.3495823726646228 3.3835623638736769 70 11 5 1.9801705375766103 10 76 11 89 12 78 13 96 14 65 9 78
1060 0.59023235732429591 2.0409360469634388 3.399367459350485 48 8 6 0.71862049567477093 10 112 11 123 9 179 14 152
1061 1.5052372218119661 1.9081720411747094 3.254686336261654 101 13 7 2.8719399346375196 10 114 11 124 14 58 13 94
1062 0.54573091679163044 2.238172240432303 3.0630719370613537 33 103 188 1.6830827211963164 11 126 12 104 13 93 14 80 15 141 10 95
1063 0.036915340023395415 1.3942342334615434 3.0781795847326312 140 88 30 1.2550493821997788 10 94 11 130 12 124 13 112 14 103 15 113 17 163 18 162
1064 -0.034823213140045946 1.6975473005482542 3.3373266919156075 8 85 167 1.989471048225085 10 127 11 141 12 116 13 105 14 183
1065 1.7492558665905853 1.5418637645812132 3.2813921253079172 207 153 81 1.4935642546779813 8 124 11 142 13 209 12 113
1066 1.4085104840830927 0.84486549167017699 3.1614740116486213 146 28 12 1.7086123400486952 10 128 11 151 9 86 8 73
1067 2.4136187645196459 2.8392498452099066 4.2875685488660791 121 91 75 2.1024449687617506 10 161 11 166 12 241 13 303 14 209
1068 1.8917486123640692 3.2694257156944149 4.2064188625736563 44 19 14 1.1824876598133547 10 253 9 334 7 347 5 421 6 266
1069 2.133199598257594 2.0948571848477098 3.2550539211380887 61 45 28 1.9455888200707068 10 105 11 186 12 319 13 466
1070 -0.14204591848535306 0.71592665861309757 2.9709853813351033 22 17 0 1.6395884647082652 10 250 15 466 13 416 9 202
1074 0.75025789550843303 0.47881027677490939 3.4865077787100049 200 158 39 1.6148850527574767 10 496 11 236 12 301 13 261 14 293 15 181 5 724 17 190 18 156
1075 1.0725132888818236 0.5969044682117346 3.4066391240833593 144 69 9 1.1387559625379262 10 194 11 241 8 178 12 181 13 178 14 187 15 174 17 185 18 187
1076 1.5317000089565582 0.51897081566223502 3.6983984232704672 127 71 14 1.1819691487719419 10 303 11 244 12 203 13 274 14 308 15 226
1077 1.7933984564631291 2.0444443597310187 3.3704822228451641 123 19 14 1.8775538782338423 10 235 12 214 13 186 9 236 7 230
1078 0.57249280951077053 2.309362246948774 3.1623888916752305 0 40 128 2.3598925106686912 7 330 12 164 13 218 14 243 15 210 4 270 3 257 59 185 5 262
1080 1.0741336591362096 2.0013286637428531 3.0318316302624591 83 65 44 2.2477919036589737 8 393 11 281
1081 1.1345109000170757 1.3827987338033325 3.2374415742121898 115 75 84 1.6096256955764254 7 363 11 282 9 287
1082 2.1502096402850484 1.4445627745448646 3.1359523184354683 165 107 127 0.73355626765689363 10 369 11 290 12 357 13 211 14 359 15 215
1083 2.2095949941692048 1.5276078841843266 3.2107400214336441 123 102 90 2.368784084406145 10 375 11 295 12 226
1084 1.5946476899250783 0.52730374237103195 3.7823871751519977 131 105 83 1.2419209622798759 10 491 11 308 12 211
1085 1.34646734039281 0.78085138101048202 3.3939452785625668 167 107 37 0.63953127867200388 10 322 11 309 9 250
1086 0.85122379219041744 1.5702015510449527 3.4858622415323834 128 78 27 1.0928644251291888 8 210 12 527 15 645 17 458
1087 2.0933827884988818 0.99486692084333106 3.0022212456907349 126 21 28 1.941932362443856 7 311 10 277 12 400
1088 0.014167414108779443 1.4557969299271978 3.0126589914939017 145 98 28 1.0833856671126074 7 354 11 326 12 487 13 228
1089 1.1006072734056556 1.3343325782827129 3.1980268854232623 115 79 83 1.88889286621269 10 291 13 361 61 381 58 418 60 351 14 522
1090 0.90850218128532356 0.86485535521655332 2.8870161024174572 202 138 32 1.4142567520789961 10 578 11 353 9 443
1092 1.214335815639688 0.68531670815675327 3.5759068047048892 138 68 6 0.84960499703845926 10 301 8 440 12 311 13 279 14 311 15 227 17 228
1093 -0.025534609148978909 1.2328513946118282 2.7373588565990472 117 19 18 1.8504383470275692 11 368 12 312 9 490 15 323 17 434 61 279 58 193 60 252 59 277 57 304
1094 1.8700164222844529 1.893763438146592 3.2464404518767758 80 13 31 1.8337469262864334 10 385 11 373 12 403 13 602 14 846
1095 0.33272778948315096 2.2710768474065763 3.1811422584757771 3 4 16 1.4265790991533893 11 381 15 310 10 474 12 445 17 310
1096 1.1795962544638934 2.185590947327265 3.637621886568255 89 90 76 2.1582792624026812 10 503 11 383 9 319
1097 0.94649872833623461 2.4395637875254126 2.962428935678719 66 25 4 1.6138694703715362 10 225 11 387 4 171 3 191 1 161
1098 1.6631202276828807 2.3513786433241468 3.4562762942405136 103 83 83 1.184299398960319 10 799 11 388 9 608
1099 2.1160057412232458 1.2754612276709458 3.3717843773164673 143 99 105 1.0880990414951774 8 245 10 290 9 283 11 401
1101 2.0954960097548354 3.2501094902476164 4.3275762302195488 122 107 102 1.8997076976355329 10 478 11 426 12 433 9 333
1102 0.29151338496417334 3.3658475684754365 4.6846164813245119 157 139 125 0.73642187353073163 10 646 9 486
1103 0.10288702532856142 3.2060989526255086 4.5916060275394601 158 142 129 1.6296152139009619 10 525 11 446 12 590
1104 0.67114761557899716 1.1317419902730883 3.1723968201612407 116 11 7 1.339530620621892 11 466 12 497 61 236 4 410
1105 0.40461576429221313 0.92488683116845583 2.974207486374735 0 0 0 0.20595954095091704 7 510 10 575
1106 1.6672854585235404 1.2803145564931362 3.4780355248400574 106 71 84 0.1896858209025819 11 482 9 460
1107 0.51924065720231383 1.3101234045568564 3.1047636126178531 96 69 73 0.9525535837043374 10 406 11 483 12 489 15 514 61 378 4 464 58 421 60 349 59 364 57 542 18 460
1112 -0.28456515108198011 1.5300743552545879 3.1599259629570078 142 94 24 2.1988871895561002 7 715 13 644 6 645
2455 1.9042062148880374 3.5057668583368771 4.064466027828697 173 168 161 1.3255155763572293 14 1219 15 3434 17 969
2456 -0.27949216278661265 1.4536039047941496 3.1238213471827692 107 92 61 1.2002025384453665 10 1895 15 3500 58 1928 8 2579 57 2442
2457 0.069614865146195595 1.6027619577832219 3.1984113817395197 111 172 252 0.51485382015946091 12 2755 15 3514 17 3193
2458 -0.052967935062092054 1.640813410149268 3.3301191545812094 49 99 182 0.780008679081026 12 1034 13 1851 15 3520
2459 0.69349074832601598 1.345072711544091 3.2303755860154295 92 10 24 0.83930742601269637 13 1890 15 3552 17 2783
2460 0.69710820572972965 1.355569546947883 3.2242049316388388 156 68 84 0.68956107331545691 13 3291 15 3560 17 2756 60 3042
2461 -0.36655233776059964 1.2058219731846873 2.7480850552782767 53 10 16 1.1511549257568003 13 2022 15 3566 5 878 7 1221
2462 1.1447116113328955 1.5209399330848086 3.4137730810118723 178 128 65 0.98142471997070313 8 1861 15 3583
2464 -0.54017079507803833 1.1889176742589114 2.7185323422651617 120 94 105 1.3463986233341054 13 1993 15 3605 61 2567 58 1561 60 2187
2465 1.0112046383174103 0.40829308335466641 3.5138235115215291 131 95 14 1.0231415620349458 12 1412 13 1624 15 3616
2467 0.41416560818805231 2.0449822615986721 3.1951430685909843 125 161 229 0.38721874730848693 12 3001 15 3694 17 3435
2468 0.41963917402539447 2.1134194913305682 3.2302225659427326 82 110 173 1.091846686685807 12 2970 13 4167 15 3744
2469 0.33234994196243461 1.8332300055540458 3.251760553903607 22 9 7 0.80597114326521047 13 1942 15 3787 17 2307
2470 0.34315013435073943 2.0104502381533695 3.7663840055286721 146 115 112 1.3162996392399213 12 3163 15 3838 17 2210
2471 0.38152607520811677 1.9838519517650886 3.1635366639333502 29 28 6 0.98686292132488151 13 3326 14 3593 15 3847
2472 0.32575343369972259 1.3057309937313875 3.2555339762408164 94 112 107 0.94229455847129062 13 3659 15 3914
2473 -0.43085995200040411 1.1399380257154446 2.6870179355826562 48 82 91 0.52665175086744731 13 2984 15 3967 61 2833 58 2418
2474 0.88366418318050688 0.47107875021590884 3.6129597835728031 119 83 3 1.1766794069154587 8 2809 13 3009 15 3991
2475 0.38245078590110798 0.6712497956544653 3.5396405343113897 174 116 22 0.2714633415717228 15 4033 17 1209
2476 0.17993124297166269 1.0478960420771957 2.6286942373302375 118 79 29 1.9119939825206318 13 2996 15 4045 17 2719
2477 0.93005203993822694 1.4825091460648452 3.2698437807232081 99 101 104 1.4990378930336512 7 2436 13 3376 15 4069 17 1194
2478 2.0048173699836349 1.1185915056474338 3.0574425141319623 125 120 127 0.25599486366870305 8 3448 14 3663 15 4076
2479 0.85835316102946169 1.4555551829752209 3.312797611576646 130 58 71 1.0649592527851053 12 2816 15 4080 61 2162 4 2282 60 3636
2480 -0.017141457153105218 1.8944698442627304 3.2265857440906367 113 149 197 0.44499409173308613 13 3433 15 4117 17 3019
2481 0.6527034732373016 1.5896391042136873 3.4438253995234338 105 71 26 1.2348647266550081 12 3033 15 4141 17 2289 14 3678
2482 -0.00076266540049835588 1.8807192955101835 3.2142362155488891 3 57 100 0.64846534482875551 13 3463 15 4151 17 3035
2483 0.24833392504686549 1.6094788107986062 3.1666108226594725 19 75 150 0.650506869214031 13 3633 15 4174 17 1561
2484 0.69277113245506894 1.4967618338469257 3.3159617200968072 106 83 72 1.1109982067633375 13 3403 15 4206 4 3507
2485 0.18991945663059751 1.6583545312543182 3.1080571684342688 66 123 200 1.1346804498744856 12 1819 15 4236 17 2970 13 3397
2486 1.8617640942494402 3.3242383188939031 4.1936439647123054 70 78 82 0.10350049555774352 14 2910 15 4345
2487 1.8600582325024093 3.3339407604833298 4.1745614434518092 33 43 52 0.46398536404811408 14 2937 15 4373
2488 0.846994997612319 2.4314605663613347 3.0051023054559325 155 117 55 0.99265672961985452 9 1361 15 4439 2 842
2489 0.93850425224460998 2.279584892062851 2.7516170994096658 35 83 151 0.83374503376957598 8 3570 12 2442 15 4489
2490 -0.52654031560897463 3.3166831428102048 5.005834950224556 45 39 26 0.30175570555266207 13 3901 15 4499
2491 -0.42425924262988529 1.150771101184265 2.6827992149851778 180 188 198 1.8596429017813421 13 3577 15 4796 61 1810 60 2931 59 2596 4 1710
2493 0.18302496886724193 1.1746609374533714 2.7083873797834008 120 60 68 0.097109504094124874 13 3481 15 4885
2494 0.2217874018620436 1.618445947466385 3.1616942141133282 10 62 137 0.43996923920899939 13 3634 15 4914 17 2924
2495 -0.30015260025419305 1.4603125536107677 3.1345409815100442 109 84 67 1.4364101027844749 10 1907 11 1998 15 2118 8 1777 12 2035 4 1259 59 1522
2496 0.0054528458922169882 1.8635573751977017 3.2565408819801047 103 131 156 1.0663528211578723 8 377 10 394 7 390 11 408 9 390 5 423 6 407 61 316 4 535 3 427 58 344 59 323
2498 0.088363950788570192 1.2045628605683028 2.7180556337915838 162 76 79 1.365561333268839 8 1508 10 1177 15 3663 11 1076 13 3059 12 2723 14 1816 17 2630 61 1353
2499 -0.21394957366003661 1.4807543514713235 3.1129498681194452 146 99 13 1.7745000445209287 7 1564 13 2096 15 2096 8 1904 12 1574 58 1084 60 895
2500 0.64725207186228417 1.5481894600647805 3.3867610979484257 85 40 0 0.87791742882261603 8 1888 12 2791 13 3123 15 4103 17 2323
2501 -0.10836680970567975 1.1085538480245021 2.6113427748225315 4 9 20 1.8602910036700615 14 201 8 187 10 189 7 169 11 153 13 176 9 192 15 263 6 220 17 264 61 179 4 189 3 148 58 147 60 155 59 139 57 116 18 272
2502 2.3670915350683233 3.1868384586895866 3.5370372767441038 0 0 0 0.33936724946766594 13 2 14 4
2505 1.160197680345584 2.0160093797018361 2.7349204218886025 111 92 59 2.8110793593500132 11 486 15 552
2506 0.85853153668415261 1.5937060934351381 3.2974064672290595 51 1 0 2.6584496590048174 14 479 15 662
2507 0.31133961109323971 1.4456046769261672 3.0845265728368911 78 41 34 2.6243928169912865 12 1236 15 2145
2509 0.8276273657045653 2.3096083123608957 2.9218349866256967 16 42 74 1.3841193695522345 10 1327 11 1690 8 1551 12 1734 5 1307 6 1729 4 1373 2 832
2510 1.0812003895532574 0.35851645091727624 3.2927176249735535 78 62 45 1.8614348215050227 13 517 14 543 15 340 17 425 12 294
2511 0.89509633798360155 0.93770248797870326 3.0245946090810323 220 165 47 1.2826875615949718 8 428 7 521 10 326 11 356 5 363
2513 1.9117269418287897 2.9684765264018997 4.3985802285868045 92 14 19 1.580250889783414 5 6 6 6
2515 1.9401678069499391 0.94231125436588836 3.0391276279054016 155 58 67 0.15650788648399092 11 21 5 18
2516 0.70532891453262103 1.7343132066355016 3.6215042926687753 6 9 14 1.7914346774769665 7 18 8 13 5 21 6 17 3 21 2 17 1 24
2519 -0.03939943129119703 2.4737247982520865 4.1351051801940875 136 49 64 2.1653871713472563 5 36 6 29 2 32 1 27
2520 0.30943219975852537 2.0179345448978494 3.207708201505945 198 167 50 0.98329463676980922 7 39 8 29 6 40 9 45
2521 0.0069666931531192694 3.0071774988697992 4.7510771393943658 72 11 1 1.7072999101940818 8 85 5 64 61 40 4 69 58 69 2 72
2522 1.0418332958000494 1.2769175859343529 3.1789202786578024 173 174 197 1.5418241295361155 8 60 5 65 6 47 61 47 4 61 3 59 58 38 60 43 59 42 57 39 1 47 56 43
2523 -0.18927495929483834 0.89210373622328654 2.7965374355367838 69 86 96 1.656350586776149 61 36 58 31 60 26 59 35 57 18 7 52 56 13 55 13
2524 1.401780728670591 0.48837859829825803 3.2731063274094798 0 0 0 1.345921233297005 8 61 10 59
2525 0.51382405493554129 2.3173584950406911 3.2500410499237757 4 43 149 0.9186603236672567 61 54 4 47 58 25 60 31 59 28 6 68 1 57
2526 1.9667621295589881 1.356595565448822 3.0339412905516125 66 5 30 1.1766670564099806 7 82 8 70 6 80
2527 1.3219502439221418 1.3922087845854552 3.3409854909345547 58 10 1 1.4307929098755561 7 58 61 112 58 121 60 140 59 97
2528 -0.19311882643332889 0.91377681080823625 2.5256700893942399 0 0 0 2.2627602004868907 8 179 11 69
2530 2.0233332025559543 3.0531724602205523 4.0907733808391331 196 88 101 0.85854826443717158 7 236 5 179 6 155
2531 1.6224156033352128 2.9691572588308466 4.7020754944042853 90 71 67 0.97348782091666874 7 164 5 180
2532 1.4268954452247207 2.1673815659706572 3.2717985204997517 121 31 33 0.25740299541962885 7 256 5 187
2533 1.2656934446205799 1.1839855192972435 3.2121852951098853 79 0 0 2.0566726077949378 7 196 5 220 61 202 4 220 3 210 58 130 60 135 59 102
2534 1.6784127177497705 1.3301808575896732 3.4472401062272366 0 0 0 0.95321145693684706 8 251 10 288
2535 0.9742718820947881 1.336329301636205 3.1919615600143447 19 23 34 0.23616047507183546 13 157 5 250
2537 2.078971711158478 3.1913194902537736 4.2855415926995155 111 36 40 2.3834828201041001 5 293 6 346 61 126 4 106 3 107 57 88 7 432
2538 0.69810291368774968 1.5781124024505901 3.4099029633044524 165 127 42 0.95140840369705315 7 418 5 309 6 353 3 285
2539 1.0608282709441119 1.4494620916347012 3.3447357858103097 207 210 235 1.8888669268295954 14 282 17 538 61 666 3 331 58 580 59 345 2 234 18 589
2540 0.15833762288145939 1.5546960291369607 3.3505660968928725 0 16 80 2.0486717941426353 7 417 6 629 1 467
2542 1.5394064406793397 1.1490925163634722 2.8745123157561938 150 112 128 0.074810788829393154 9 426 17 242
2543 0.53732321376751213 2.5612180462096581 3.3900847015340387 207 177 79 1.1737485802163714 7 423 5 387 61 444 58 376 59 253
2544 0.19201451592234051 2.6613610870054933 3.99361111950317 175 95 124 1.9955424192278683 8 413 5 393 6 419 2 328
2546 -0.12488740167074619 2.836323859079914 4.7608146435146352 187 69 87 1.3212046157031254 5 400 6 413 61 281 4 360 3 273 58 271 60 273 59 298 57 328 2 330
2547 2.1174187106130455 3.2474197199830463 4.3118871982720197 90 84 94 0.022471290962466476 7 434 5 404
2548 0.48984174333706065 2.1560067645696721 3.2025271132791038 50 11 22 2.1669440773040818 7 328 8 207 5 428 9 231 6 325 3 302
2549 0.26586592305312734 2.509311854373697 3.6064810776945291 101 54 68 1.8263035188404892 12 933 61 446 60 263 58 264 59 285
2550 0.31009076531129326 2.3569080115517904 3.4403609666339352 11 41 111 1.5907469055384582 5 479 6 429 59 590 60 532
2551 1.5851667110918992 2.40874290685153 3.4449640951792726 70 63 70 1.5027665272293831 8 464 5 481
2552 1.6749123453813664 2.3621471412751647 3.627653304828856 137 114 126 0.86654915498791196 7 465 5 483 61 929
2553 0.23865684672975937 2.2150014118738195 3.0893672716280038 12 79 177 1.2211410058839893 8 448 5 488 6 385
2555 0.74461883936024675 1.4254145666127702 3.3252769497650161 62 1 30 1.6779024750402125 14 496 5 531
2556 1.0536448554754794 1.3245683944089173 3.1796854485429638 61 23 48 1.3212209299739097 7 667 5 556 6 498
2557 0.8977127847588684 1.126128925834788 3.2165674934454702 110 66 74 1.2060315752184034 7 679 5 608 3 571 4 412
2558 -0.29035292002773783 3.1385081601626088 4.9490718990972331 165 141 131 1.4676076241429632 7 843 5 629 8 1104 6 558 4 745 61 864 3 409 58 755 60 541 59 623 2 509
2559 1.7624514364102224 3.3612923327281261 4.1473808701318529 189 210 226 1.5578278007378479 8 1093 5 633 6 1224 3 665 58 764 60 804 59 753
2560 0.26375506917704572 3.3158861761695486 4.6606054063091094 45 42 27 0.33149299446017128 7 628 5 634 6 598 4 1348
2561 0.64649882162727579 2.3276688637191816 3.0973983648119372 26 100 207 1.2313380020434908 8 572 5 641 4 701 3 447 58 325 59 389
2562 1.786305847900608 1.9869264453762425 3.3655568942732459 223 188 191 0.64456820943636328 7 945 5 652 2 708
2563 2.1338362553512855 3.1295186159656776 4.1263249799598851 189 193 201 1.8639852801770049 7 844 5 673 61 809
2564 1.0461112495394782 1.4355298848538742 3.5495168678494893 84 66 54 2.5419190077606957 5 703 6 1076 2 766
2565 0.66553564743485671 0.41954813027162541 3.1714512490274189 140 118 98 1.9305564480422148 8 1425 5 730 6 523
2566 1.9484883012929186 1.5036418083563448 3.0263348255854532 138 20 116 1.2205659328852507 8 703 5 738 9 588
2567 0.15987593793987773 1.1736941917911476 2.7697732318428003 212 169 178 1.7402661238718959 7 781 5 750 6 802
2569 -0.14549167606949356 2.5539001121899871 4.5754229274918794 131 57 58 0.91166066131723567 7 1387 5 775 6 980
2570 1.6996946444329144 2.7416387615990176 3.7488284482734948 90 20 34 1.9078216996227642 7 765 5 776 61 1174 3 669 4 982 58 730 59 455 57 722
2571 -0.48190676177195557 3.2811051941905105 4.8518131626295951 76 79 84 1.4812333657581103 8 822 5 787 6 726 4 1005 58 906 59 787
2572 0.72704709793434963 2.3195136654359954 3.0046291658364814 131 203 254 1.7874558370611122 7 817 5 836 58 814 59 627 2 363
2573 0.92239280409948432 2.2946038719011614 2.8168331327910634 197 250 251 0.98756830735640955 10 1685 5 885 9 834
2574 -0.38514489809278257 2.9815294257885347 4.7580633956663343 132 20 25 1.0722801834976081 7 1047 4 1025 61 1436 59 1233
2575 0.39622670967939572 2.2622813086262918 3.1621584480235327 50 101 182 1.9587047236218964 7 1978 5 921 2 729
2576 0.53144745562974316 2.4689105768579012 3.3217081927544512 203 174 76 1.5779727179862562 13 2956 5 933 58 951
2577 1.6466842928482652 2.666642296953655 3.6584093789003918 111 45 47 1.012670306377766 10 1286 5 941 58 1274 60 2517
2578 1.705841785098674 2.6776608260469668 3.7260275896066375 101 108 118 1.3374572789981931 7 804 5 942 2 794
2579 0.7282932606000927 1.3607058110698271 3.2534956969916013 116 19 52 1.5834627766277569 10 1214 60 672 59 666
2580 1.1392036022398311 1.5017758249927038 3.3959835048193581 134 93 35 1.0437576995509985 7 1270 5 1022 2 767
2581 -0.10531261934043072 2.9022668847000372 4.741515176200485 222 102 114 0.43967011832305936 7 1104 5 1030 60 1030
2582 -0.12570930664012392 2.1731701541765425 3.3961809074984997 138 146 156 1.6391514341506377 7 2150 5 1062
2583 -0.12282653225604334 3.1904725826178191 4.6749757165502697 76 82 96 1.4100011664518823 5 1071 6 890 61 1393 4 1343 3 1960
2584 0.16740803929967521 3.1856421810964921 4.5731990063690118 185 206 223 1.926207306220721 8 1766 5 1072 6 906 2 1082
2585 -0.39648033059945115 3.018514225733838 4.8478641636382021 201 90 96 0.29621818580294684 7 1508 5 1087
2586 0.16670563073959443 3.0443368689939749 4.5834610371624596 248 209 213 1.6987714246916108 8 1108 5 1089 61 1433 59 1336 57 1283 2 1093
2587 0.042819469433138677 2.7001149103745066 4.2302060750892521 127 144 162 1.4896638198197201 8 1535 5 1092 61 834 4 1272 58 722 59 637 57 918
2588 0.45297062327580578 1.2863614858747194 3.1390135541939044 57 48 61 0.52238695176893701 8 2988 5 1114 6 1502
2589 1.7989536433615192 1.0958129974107578 2.9138471396636945 173 82 97 2.3653336621190326 7 2526 5 1138 17 3052 9 1639
2590 -0.090835714963004244 1.0880095539625603 2.5970017894275501 87 107 132 0.58044843807453328 8 2067 61 1314 58 2261
2591 0.17471056973437074 1.1972899219648621 2.748371665554219 92 9 17 2.4434730933325217 7 2277 5 1151 1 724
2592 0.34574653759175039 1.1069510847714252 2.8674056618711457 108 98 102 1.1481571776231621 7 914 5 1154 60 978 3 1507
2593 0.94566530756456102 0.44116339071088845 3.602632160250582 214 188 48 1.0198211833594544 8 2846 10 1583 5 1195
2594 -0.14999019445260703 1.4550802596462411 3.1216374402698674 131 86 4 1.0397508112977194 12 1245 5 1234 58 1093
2595 0.3163901987859864 1.3253012176692394 3.0964955811431749 117 105 117 2.0340901941715539 14 1366 5 1236
2596 -0.13239813165140543 1.4408005795294649 3.0961243164211472 136 91 8 0.4185883251564444 7 1329 5 1238 2 888
2597 -0.072072723620046783 2.1082402056158509 3.229898529330407 137 138 143 2.5600152767862281 7 958 5 1254 3 1171
2598 1.0597355017144698 0.36945669808585363 3.4989983194562635 123 106 78 1.6990552465046298 7 1240 8 1748 5 1261 10 1191
2599 0.73490512193383239 2.305908928414651 2.9530830568799704 145 222 255 1.2030869818217649 7 1814 8 1549 5 1303 60 1684 61 1486
2600 -0.46693222063869089 3.2774327962373637 5.1054859626878315 177 165 150 0.32842339695032474 7 1512 4 1140
2601 0.13394253797434053 3.1067910419229117 4.5515200343484992 255 241 249 0.42752535579185197 8 2179 5 1393 4 1922
2602 -0.11338751612860901 3.0640695395563267 4.6600225466553651 109 6 14 1.4207455325467084 7 1503 8 1628 5 1397 4 999
2604 -0.17797138546218028 2.5110740263380511 4.3260958615474525 178 157 145 1.6199326517407462 12 1708 5 1448 6 1544 7 808
2605 -0.078694059327529806 2.3925238683845724 4.0182230796541933 39 1 8 1.6312665671591211 7 1785 5 1463 6 1567 3 1449 4 2133
2606 0.019126580756957619 2.3712841315774638 3.9230595749302428 76 10 20 1.3647238729672491 7 1145 8 2098 5 1465 6 1174
2607 0.26373372173474219 2.4131036353092146 3.5277459234775157 0 23 60 1.5171124891387333 8 2407 10 1279 5 1468 61 1938 58 2000 60 1714
2608 -0.16190135609206591 2.6507232838171477 4.6585072104302263 250 151 163 0.69199331561759347 7 1803 5 1494 6 1155
2609 0.56365438696199544 1.6873194617101059 3.9351389583765628 44 32 0 2.0511194042797949 7 999 5 1606 6 999 9 1476
2610 0.27425054010984901 1.6423332967271149 3.1289205120270611 118 126 147 1.0975775932223424 7 1604 5 1629 6 857
2611 1.6210085186992667 1.1680163652721585 2.8056856416996174 106 90 101 2.9254363175871205 9 1306 2 868
2613 1.3235662242481052 1.3485902127841616 3.1835946775603019 95 26 29 0.77959073333116657 7 2689 5 1717 2 916
2614 0.67944870278710634 1.306796585606508 3.2089814743992973 127 85 110 1.9455580440200739 8 3115 5 1722 61 2528 58 1893 60 3057 57 1605
2615 0.64008283062622884 1.27579481695101 3.1567916507412641 109 59 58 1.8612986771647393 7 2236 5 1769 3 1077
2616 0.10202521198955923 2.5120919345506914 3.8780594762689344 40 45 80 1.129787683254853 7 1342 5 1809
2617 0.22604914409710242 3.4641269240418859 4.6580979616361722 108 115 112 0.31870540484428717 7 1526 5 1838 2 816
2618 -0.11381614693399472 3.2547267994809901 4.7013952066502869 159 156 163 0.51558951666368236 7 1834 5 1840
2619 -0.45023143915405739 3.2607525695843549 4.8679749046937379 75 74 77 1.4679137469874206 7 2175 5 1843 4 3599
2620 -0.24699880578050598 3.418553925868038 4.7353102902786706 139 142 128 1.2969401809948329 8 2192 5 1853 6 1195 4 1004
2621 -0.12799063205605307 3.2457377964625009 4.7636097549311547 86 76 85 0.38175510099866045 7 2714 5 1854 3 2299
2622 2.1350288251150298 3.2595934932638602 4.2578883513794956 103 127 134 0.21189022912123046 7 2715 5 1882
2623 -0.40858876620128681 3.1440602105375026 4.9444518714712649 24 8 8 0.58321207688200893 15 2051 5 1894 17 2710
2624 0.33865591337702594 2.0887500908721197 3.1484681301593271 134 111 16 1.875247483091951 7 1986 5 1909 4 1356 58 1388 61 1520
2625 -0.15184629494881355 2.2990879562159541 3.9424256905911843 95 84 66 2.0949406524894969 7 2657 5 1974 61 2231
2626 -0.092918354380513671 3.0093381456289197 4.4607284210206082 248 139 144 0.93679355976630174 7 1879 5 2072 6 2709 2 1865
2627 -0.16095437892173331 2.4074603081250534 4.2240244041952337 108 35 35 1.1005628917436561 8 2470 5 2096 6 1940
2628 0.1159589964260727 2.585352476741301 4.1157614192423493 112 135 166 0.23841010871579116 8 2773 5 2125
2629 1.6827220421804359 2.6799009738698341 3.6921006870688422 107 87 93 1.1070593082592803 7 2042 5 2135 58 2072
2630 0.99848357018910416 0.94744994793425141 2.9928473434836551 166 115 12 1.546216004578753 7 2201 8 3023 5 2166
2631 0.79081518251942284 1.3133841780790065 3.1647743068446887 140 162 180 1.6100171443960682 8 2752 5 2321 60 3782
2633 0.380055231918007 2.1737674766690689 3.1868164895204854 23 77 167 1.1522905590677694 8 2349 5 2382 4 2906 3 2260
2634 0.4404767992228078 2.3490894992284974 3.2745252060559329 0 44 131 1.4600490812486075 9 1546 12 3614 5 2400
2635 1.0504871712877815 2.1517740734155764 2.8125063669001062 162 119 40 0.55822237021927601 7 2801 5 2425 4 3076
2636 1.0045319199620035 1.439838399390952 3.3189119941935434 87 87 111 0.68372496528458959 8 3259 58 2509
2638 0.14402853790683656 3.1452843318145747 4.5483893676790954 167 202 198 1.6473459437522633 7 2708 8 3512 5 2768
2639 0.22976485643006581 3.4111239514010738 4.6437141886716216 159 159 161 1.7236379673386404 7 1857 5 2783 2 1073 58 1224
2640 -0.034487944673228285 2.3042571483258865 3.8450215917659385 21 27 34 0.28685514177174248 7 2640 2 1426
2641 0.30296039704695132 1.6783370722630417 3.2604325689258729 180 142 31 1.6215968112496408 8 82 7 87 5 101 10 77 11 55 12 77 13 85 9 72 14 66 15 74 6 83 61 105
2642 0.078718588915214077 2.8000125996130669 4.2047166115851038 215 121 134 1.6891181727564448 8 789 10 844 7 1063 5 1057 12 1163 15 2547 6 707
2643 1.8670441809744707 1.1738053205099364 3.0182632653206198 113 101 123 1.75482137495353 10 1255 9 554 5 1519 8 1007 12 668 13 625 14 512 15 500 17 318 61 1781
2644 0.24432558337759377 1.3913097428034473 3.3662079499930995 84 41 21 1.4742734089612375 8 490 5 335
2645 1.7509721557140558 3.3211392208728112 4.2099962946925915 124 111 109 1.0198809122420973 7 437 5 395 2 252
2647 1.1000984421183968 0.31697610057298248 3.3799169697110951 128 108 57 0.061862218093143531 7 1694 5 1690
2648 -0.10309509897352753 0.9033691764538081 2.8029414357876816 92 86 77 1.6434110258498333 5 2594 6 2489
2649 0.95529247477121526 0.5131168716336032 3.7942304009709633 0 0 0 1.3430139780761201 7 7 8 7
2650 0.19371094979587047 2.2859546227281391 3.3361526582910863 25 25 33 1.7694895516750431 5 7 6 8 2 8 1 9
2654 1.8670787190290881 2.4757820898443232 3.7461188332333375 72 7 4 1.2164788433647566 5 34 6 26 61 30 57 37 60 30
2656 0.68419350547636804 1.5254033215950551 3.2710636879249977 0 0 0 0.17657017435122857 9 38 11 40
2657 0.41878322955240194 0.77707876721705815 3.1020822247321846 186 133 17 0.76122936658131612 6 50 2 118
2659 -0.0072012383908836037 1.9900825310835051 3.2834704724954054 24 104 205 1.0668052087878523 5 87 2 84
2661 1.7586191897368406 2.7049989968006818 3.7783428599316076 105 112 120 1.3183842365965812 5 76 7 72 6 69 2 91
2662 1.3750207568987216 0.96198926053798994 3.3814547894661895 173 55 67 1.6968207078078767 7 80 6 84
2663 0.35621431599874315 3.2304249870046093 4.6660683908620237 144 127 111 2.5255182305024886 5 118 6 98 2 129 3 105
2664 0.10417486330321156 2.5437295977519621 4.1355212986215619 0 0 0 1.5708358245648579 9 170 13 137 10 168
2665 1.2219387092473954 1.5836454181033652 3.5608396241247835 19 7 4 1.8943694054367983 7 137 9 120 6 131
2666 0.80370193002123524 1.3679514149929297 3.3906919500276467 109 25 38 0.66736271714039086 5 97 6 136
2668 0.46562199314163005 1.2847172724599352 3.0441639559343092 135 154 170 1.3693003385109759 6 142 4 280 3 207 59 232
2669 1.1943887433866645 1.2487008199227199 3.1927046171367364 163 139 150 1.2240516608882221 5 117 6 143 4 192 3 126 58 125 59 155
2670 1.9533172508165992 1.2119151873730216 3.1557120035153199 170 187 215 0.51257348795654356 5 163 6 144
2671 1.7747820998892152 3.0843954962434323 4.5198722460430378 115 26 32 1.5227283956817443 5 121 6 154 61 294
2672 0.58942530827267214 2.0446742078500884 3.5222116111648973 12 10 13 0.77924813141450677 7 108 6 167
2673 1.1668591289601382 0.44833075043472842 3.2241174890046151 0 0 0 0.97132878982975279 5 308 9 203
2674 1.7418788115388639 0.77806031415382826 3.0673837105271091 167 148 150 1.4510313171319948 5 233 6 174 3 352 4 604
2675 1.1511399912736127 1.1572877297983022 3.2367878781779051 133 23 22 1.9997859854573823 6 213 7 145 58 161 59 202 57 164 60 201 56 197
2676 0.108162854060286 0.73754950546394504 2.673966064033356 210 180 63 0.88336943623920172 5 306 6 215
2677 -0.13560058009762074 1.0902377436802082 2.704644465579352 12 16 26 0.11047503570060581 12 183 2 197
2678 0.25768629164012435 2.3244592401837698 3.4854969107931546 131 110 47 2.3454005621087024 5 311 6 224 4 235 3 193 1 128
2679 0.93979876238870963 2.4211005690500653 2.9397069365727657 75 49 22 1.6804684989648688 8 311 6 232 61 215 57 203
2680 -0.090693422303458601 1.3166376670647182 2.8476548204686298 172 79 87 2.1209823497396552 5 221 9 278 6 268 3 212 4 285 2 206
2681 -0.26418587538154059 1.3144213892487662 2.9283356826576168 139 124 124 0.99766342102023797 5 255 6 275
2683 0.70742116592554372 0.79515942316914412 3.1831444515972556 144 62 4 0.89080715219223394 5 231 6 296 4 179
2684 2.1174776835330764 0.80781424742053376 2.9937414418426247 0 0 0 1.784302678538582 5 356 7 487
2685 -0.2190417188187902 1.1465960242186981 2.7196837107178506 63 12 24 1.9415919010987315 5 224 12 180 6 316 1 174
2686 0.30607003622318391 2.630876568736936 3.8434526029554372 155 76 98 1.3849082794252563 5 392 6 337
2687 0.8862859330337004 2.1941513076023709 2.7755850652838152 22 94 196 1.3586231452893385 5 268 6 367 2 221
2688 1.6068443097855158 2.0597613273241206 3.1536687541196793 157 44 40 1.5534053655653663 5 259 6 375 2 343
2689 0.4617498386937266 1.7959752087507432 3.9708313728763782 36 8 0 1.9521306204265523 9 419 6 391
2690 0.028065590941724786 2.279592966363631 3.8049518147203427 157 41 50 1.08248804261954 6 418 3 265
2691 0.34648005200811732 2.4985844032657964 3.5386067553379013 72 11 7 1.1825002959576274 10 462 6 424
2692 0.072658891233756365 0.85486385760857009 2.6381632366203158 162 129 1 1.20722373937483 5 519 12 296 6 448 3 550
2693 -0.1679967664538996 1.4822908268420323 3.121931418360647 0 0 0 2.0309387675132422 5 341 14 415
2694 0.70771760766508207 2.0876183284273777 3.2827792263701427 24 93 188 1.387945815686394 5 438 6 452 3 700
2696 0.041196177191836013 0.98993923170327014 2.7461904025727644 185 151 28 0.41224646568062284 5 497 6 464
2697 -0.29311713961642888 1.4488487546250344 3.1040314112107406 183 155 106 0.6443705266527181 5 530 6 465 3 587
2698 1.1539515420388606 1.4004464534290799 3.2789136546335591 121 111 122 0.90489446070759028 8 432 61 388 4 534 58 414 60 339 57 483
2699 0.10645301107189999 1.353705846156769 3.4090859928814026 12 3 0 1.1112241335309634 5 533 6 469 3 562
2700 1.6588767151654611 1.2643336709857 3.4149921442762343 110 78 94 1.8309846261126088 5 541 6 484
2701 -0.29475512594597308 1.2827652928066031 3.123060000224998 104 99 100 1.7284821873730229 4 296 3 321 58 207 61 237 60 141 59 205 57 188 2 287
2702 0.12280327023309008 0.96137103935604318 2.7099687897593521 215 178 66 1.2009549482566102 5 590 6 531 3 639 4 603
2703 2.2601380692084798 2.9134353737638166 4.1370208117209391 168 55 65 1.1910551427258917 7 612 8 795 6 548
2704 -0.42163070658317858 1.5327381091907011 3.2136329066990217 150 116 90 0.85510603149854347 5 574 6 559 3 602
2705 -0.049415064929243614 2.7874923531969023 4.4312630374440669 118 8 21 1.0280387339254151 5 398 6 568 61 127
2706 0.11252040877918253 2.4555549721943324 4.0666655882566642 215 240 254 1.412914982660638 6 591 61 290 60 265 59 198 2 251
2707 -0.34553835347902212 1.2271415247917581 2.7699962459486729 73 23 33 1.2854098933345368 14 923 6 602 5 520
2708 2.1205547765492616 3.2686044832239718 4.1523590814155202 166 180 193 1.3066053485346589 8 740 6 604 61 618
2709 0.71178669866908817 1.4748074612122644 3.3469872935190317 67 72 91 2.3792372428554653 5 523 14 632 6 611
2710 1.6594532593647622 1.2484698076294809 3.2802434624656658 61 4 9 1.2271125618131209 5 543 6 624 3 583
2712 -0.2697203233771614 1.5493860277632896 3.2633766672800153 127 100 19 1.6839487318166857 5 445 61 507 4 461 3 341 14 262 60 454 59 470
2713 -0.34134683305518543 1.4982141156243296 3.1767311260357234 134 108 82 1.1062264073565242 5 713 6 650 3 596
2715 2.0392580996870682 3.1218010303663477 4.1222080457362713 186 94 105 0.095207879966464584 8 829 6 699
2716 -0.35313674704833148 3.0065188896225843 4.9222542892585697 104 12 12 0.35178156118397297 7 850 6 700 3 809
2717 0.12711890352739344 2.9572715180414764 4.6061000090468509 162 61 62 1.2200624189366225 5 620 6 703 2 505
2718 -0.2263660084143741 2.7507603860390728 4.8912620251576264 149 32 41 1.4160606490842833 5 770 6 709 61 574 3 850 2 803
2719 -0.079955269902316328 2.4673280121256078 4.1820372395339671 108 22 29 1.3850542799626739 5 618 6 715 3 390
2720 0.21206218127202667 3.418507264195235 4.570286098173538 183 198 205 1.0610901871977882 5 785 6 720 4 750 3 684 59 965 2 517
2722 0.757996560132151 1.9855462490685591 3.1919640598711236 123 92 44 0.5295541675145885 5 809 6 750
2723 1.9553106807272511 1.8915293133658395 3.1675061675607177 144 42 115 1.6961214401468285 8 844 4 1168
2724 1.1917344967774393 1.1711537500429947 3.2906855798140042 148 49 54 0.85929201572654446 5 745 6 871
2725 1.7880741196357237 1.2677842662887966 3.5058148932247706 0 0 0 1.5586242016568741 9 875 12 1103
2727 -0.46517347586498786 3.2137274549779202 4.8117840002742884 170 173 182 0.66684130002669695 8 1119 6 901 61 845 58 735 59 788
2729 -0.21023825490542367 3.4607309740299024 4.7127028362542696 149 148 146 0.71562272726995013 5 1091 6 945 4 1316
2730 -0.19231223409423256 3.439301398269925 4.7015871985578945 180 190 199 0.6552795587782474 5 1070 6 946 61 1464 58 1260 59 960
2731 0.74214121265241084 2.5637624989149645 3.3206887244668564 170 141 50 1.6309705218657249 11 692 4 1345
2732 -0.22170243912840476 1.4145661272204162 3.0183844383203957 176 142 81 1.0425356496735985 5 1039 6 1024 3 753
2733 1.3304601194588523 1.3313733839959898 3.1311851756405003 218 170 184 2.5228075313599425 14 1195 6 1034 1 464
2734 -0.073563577844920319 1.5207609273065632 3.336167890590648 10 23 72 1.4656114390618431 8 1879 6 1052 3 786 57 845
2735 -0.025999569176146674 1.5962745113786851 3.2742769846451796 50 101 202 1.874687727926337 5 954 6 1058 3 1035
2736 -0.39878075898265031 1.4423530301554459 3.1603270812682762 216 165 84 1.682341937306868 5 1575 6 1071 4 1262 3 1388
2737 -0.38319332398922445 1.2941043592261618 2.881547154228973 95 27 40 1.2346222859211344 5 1521 6 1072 1 657
2738 0.075126831091318194 2.7459312548229979 4.1752481274878921 108 34 71 1.6038735959507158 8 2217 6 1157 3 859 60 1562
2739 -0.34427293509234091 2.8538939820828499 4.9350108356523181 174 86 84 2.1059634634824183 5 914 6 1162 61 1089 4 1017 3 896
2741 -0.43215942548769642 3.2038364529650822 4.8908009656110591 93 84 79 1.7550459106831982 8 2169 6 1211 60 3264
2742 -0.13516880871178574 2.2999532065418005 3.9435141261319995 253 245 243 2.0489596735631128 5 1279 6 1279 61 1552 4 1844
2743 1.3506325547315723 1.3634799736925785 3.176467276881576 76 58 78 1.847456703421084 8 2536 6 1351 4 3361
2744 -0.25417840356892069 1.1520224588149304 2.6704875633858696 137 157 181 1.2645735526918898 5 2239 6 1451 3 1793
2745 -0.24053476919048308 1.1441615040184112 2.6798579795814099 87 103 118 0.91258334660161877 10 2243 61 2550 58 1578
2747 -0.45426417794064411 1.1461256705595628 2.783107986913969 0 0 0 0.78099307639652227 13 3571 14 3490
2748 -0.36460715988682879 1.2326003601818381 2.7413716343895937 176 157 168 0.2612511535242435 5 1097 6 1531
2749 0.085079624521852332 2.7111942762293006 4.1727836096530222 91 24 59 0.59482648085330725 8 1540 6 1557
2750 -0.091343540661795161 2.3987227254616545 4.0405679310759322 129 102 107 0.61752940888706898 5 1461 6 1582 3 1448
2751 0.091483900982634023 3.1724798946642845 4.8282791370296128 93 83 75 0.67513231403249674 5 1385 6 1647
2752 0.95949233744820861 2.0358263575886069 2.9683755851165157 116 137 181 2.29246991331547 5 1935 6 1678 1 704
2754 -0.1220267220166918 1.6039151937881617 3.3499835645185985 120 113 104 1.1136315432072614 5 1638 6 1907 4 2020
2755 -0.33626796016346366 2.7412658456655126 4.9343785362341617 108 52 42 0.79451690743193237 5 1078 6 1981 3 1117
2756 2.4130131715702521 3.087722954707306 4.2397516770885604 52 51 49 1.9580682042343314 8 2175 6 1984
2757 0.13109265024189717 2.5958855420631997 4.0790808298896346 144 153 184 1.6649969142825523 8 3624 6 1998 61 2268 58 1393 3 1437 60 1544
2758 -0.16212071277376924 2.6668676442635806 4.6902432863506291 161 75 86 1.8225643278366643 5 1782 7 2631 6 2004
2759 -0.14104464341096704 3.0961048407888101 4.1972079434541181 149 130 132 0.62471148473152804 7 1839 6 2074
2760 1.7721359526578566 3.3467760496140571 4.2045364411781936 168 176 179 2.3391088321857665 8 3475 6 2244 60 4872
2761 -0.58182538357967761 3.3232887064207497 4.8886493735766328 139 138 134 1.4340254655110474 5 2217 6 2269 61 1414 4 3120 58 942 60 1098 59 1644
2762 -0.091261848010479027 3.0079389572408046 4.5907679466212841 126 9 17 1.3701582713107887 8 2228 6 2873 2 1849
2763 1.7893867410115545 3.1863581016038105 4.1897376962213126 123 78 80 0.7841335579575951 10 644 11 583 5 551
2764 1.4813382451694386 1.1642590179481234 2.8675842797723994 63 52 56 1.5909197958416175 10 1242 11 1097 14 1971 15 3517 12 2065 61 1387 58 1162 6 1141 60 1376
2765 0.30816486068180693 3.2574646291756366 4.7359177043187985 143 127 113 1.7269393666858872 8 183 10 256 7 345 14 339 6 347 5 290 12 339 13 299 3 412
2766 1.2013593072187421 2.3122871184531877 3.3422266261522497 76 26 17 1.3692242238552916 7 19 6 24
2767 1.4970055988246798 1.324253901949425 3.1080902198678233 87 48 66 2.0621359104678003 5 258 6 272
2768 2.0355205162732743 1.0600637318072834 2.7674875524042259 132 33 55 3.0033662427279295 11 322 6 461
2771 2.0731112578559108 2.5790797316690455 3.161034937371451 82 10 13 0.4501172046640608 15 2 17 2
2772 0.67471742101346366 3.4072774698505568 4.6750178997000695 158 146 134 1.4684280635737421 14 5 15 6 17 5 8 5
2773 -0.11968701957518796 1.2264322336721731 2.6396452883062951 127 42 39 0.84278749959479748 14 22 15 20 17 15
2774 1.5087013677249426 2.1868852652919912 3.4330006109381572 102 13 9 1.45495650427095 15 18 17 20
2775 1.2748942648017545 1.6293110686661574 3.6858591306501158 4 4 4 1.7334226749289097 14 36 17 24
2776 0.02416629936147072 0.85054508334066714 3.1743049836221156 71 11 0 0.89411617932322573 15 83 17 44
2778 0.3227249411123681 1.5802327487293089 3.4176556236473532 2 8 27 1.1697468778358195 15 72 18 67 16 75
2779 0.76658275736062986 1.6682215501675526 3.6177619228966797 10 12 11 1.260838378617412 15 29 17 52 18 58 16 52
2780 0.41274248856717266 3.2545842277030745 4.6843350600287978 144 130 113 1.2578077611578882 14 55 15 65 17 61
2781 0.3478959175776043 1.8653557517674249 3.2750679064422545 1 10 45 1.4976754148279925 15 123 17 81 18 85 16 73
2782 1.4290366739388651 1.3585029853095412 3.1864868112784968 76 14 15 1.6940632998681089 15 104 17 122 18 167
2784 0.29982226974654608 1.8228793040022007 4.024200165922033 147 131 112 1.2953191962954897 14 155 17 176
2785 0.89137121817215248 1.6373814497444001 3.5770018973780697 31 11 10 1.3471875716263464 14 234 17 179 18 302
2786 0.94123297468266953 0.61627460685196178 3.5952296832705959 213 142 34 1.2550150253584798 15 173 17 183 18 188
2787 0.75318821323833463 0.6614681448098465 3.3585624399166991 125 41 0 0.46805280200569616 15 175 17 188 18 158
2788 0.82718946791234882 0.45045358319947354 3.8282975508158339 0 0 0 0.35391263973863951 9 201 11 226
2789 1.763970992429768 2.8679186418237563 4.0989155547971245 81 9 14 0.60142842154610643 15 195 17 201 18 363
2790 1.7570814051246411 2.0541829342898974 3.3216226296001081 116 22 17 1.1102122911670353 15 201 17 206 14 231
2791 0.8794359428996178 1.4857233969824526 3.3052244949189893 175 181 189 0.9406671286070305 5 150 14 280 17 245 18 250
2792 -0.66408106799565958 1.3053318366426334 2.837579112355562 132 108 80 1.8451836582045809 14 304 17 266 61 229
2793 1.785648341643258 2.3252216044492271 3.4385594343628112 169 95 95 0.37499656381532304 15 578 17 281 14 566
2794 2.0649353792537202 1.7057315377404552 3.0455371107323952 175 67 132 0.21340442628128459 15 433 16 234
2795 1.3481387024476863 1.3357843178904014 3.206694209872635 154 156 183 0.61967478842899271 14 279 17 298 18 300
2796 1.4670692301710486 1.3055856072090368 3.1447341337811197 102 55 62 0.90628619344300609 12 543 17 324 18 303
2797 0.40777568328396752 1.8425767590271178 3.3210560199322745 0 9 40 1.2203618405545908 15 349 17 325 18 252
2798 0.40702848834179967 1.1489922837525388 2.9269454313521202 108 29 25 1.2370544650486288 12 552 17 343 23 856
2799 0.061790223887513089 1.3772223345045722 3.2351879602021989 12 5 0 1.3043098362384349 15 512 17 349
2801 0.30859533923028976 2.3268006717089484 3.2535208348941955 149 132 111 1.6147953530578072 15 843 17 394 18 331
2802 -0.35827023826332605 1.3058581536958587 2.8060360836911218 110 22 21 0.97795076707915218 15 223 17 412 18 648
2803 0.13840425453555139 0.94694185751152504 2.8402421655044114 78 9 2 1.8257965326976084 13 505 17 426 18 273
2805 -0.016277169608008034 1.1339088978603558 2.6080048094104282 0 30 38 1.5834753653931692 15 456 17 442 18 605
2806 -0.48681120546669621 1.2875284226186838 2.8103968785688269 116 28 24 0.63682044742554356 17 444 58 124
2809 0.090584271511619907 0.85721783643856386 2.6509448911861919 146 93 2 0.43136250884396665 15 471 17 472
2810 -0.20169512879515189 0.99976823601887876 2.5969437819386143 17 34 44 1.7565772230969081 15 339 17 473 18 402 16 325
2812 1.2749132624257877 0.71086709339540177 3.5839634685665258 148 67 17 0.71870070590441038 15 463 17 515
2813 0.7447190224185295 1.4747041650883586 3.3261340243788355 220 250 241 0.75568292286827143 15 617 17 606 58 1049
2815 0.19068335883782173 2.9108951087927371 4.2081670872924724 169 80 84 0.81912995875461014 15 605 17 723
2816 -0.027661166687394146 2.8913751715963469 4.384702644918776 78 0 1 1.4074143529846721 13 1088 15 385 17 732
2817 2.2674699756017627 1.9833451859651738 2.9848671887842313 151 122 44 1.9941668850621863 15 1035 17 755 18 955
2818 -0.36465150154204196 1.2840893113537013 2.7918909382652179 164 102 108 1.0725664948863978 15 2017 17 897 18 1049
2820 0.72987785918441361 0.58555292078236509 3.2536329820490142 164 100 13 0.60102111010637538 15 953 17 973
2821 0.78525496647484827 0.6968642930627591 3.1756737906283017 164 90 3 0.60822762889284765 18 641 16 611
2822 1.917294800698663 1.7466163121252589 3.0466340812443411 236 131 197 1.5084735092059021 15 1639 17 1035 18 1633
2823 0.12927637451160484 0.94479602238612403 2.8020650549819108 145 87 16 1.7644794166596243 13 1453 15 946 17 1086 18 801
2824 0.053934884223781301 0.89839546772618672 2.6935025802279364 252 205 75 1.1292725438339282 10 762 15 950 17 1099
2825 0.24777274012374409 1.9964576944260128 3.0663088503183573 102 162 232 0.28927607154338736 12 1314 15 2689 17 1164
2826 0.93425384019806501 1.6211746125818045 3.5853644927237704 59 35 30 1.3459783361575977 13 664 15 1896 17 1172
2827 -0.22777984522793362 1.2175346112290015 2.7682785735740896 76 12 8 1.3670289986266568 12 1373 17 1214 58 1056 57 1638
2828 -0.20328102257216624 0.85905030258694015 2.72265074898394 29 42 48 1.2966089613230878 13 1446 15 1548 17 1233 18 1503
2829 -0.32629498890259684 1.4759888646708961 3.1508222623740942 195 189 147 0.44227195753917203 13 1002 17 1261 18 1127
2830 -0.26988784637125796 1.5494635954998524 3.280141983021887 78 40 0 0.27108500271222991 13 1821 17 1277 18 1097
2831 0.49121041934277837 1.2989975525913897 3.0793923033447399 133 105 107 1.1713430773464579 13 1882 17 1284 60 3017 23 3782
2832 -0.21522851238469204 1.5212372983933857 3.205206403672217 119 80 25 0.587207218622393 12 1252 13 1871 17 1605
2833 1.3982990245233624 1.2772886354230204 3.1284973691923779 121 17 25 1.7793180208215018 12 2062 61 2494 60 2892
2835 -0.52169001514618962 1.1809704556822289 2.7068379353436756 115 104 118 1.7780338593399903 13 1996 17 1728 58 1559 7 1771 59 1201 18 1516
2836 -0.47476922750175188 1.155336398782336 2.6877496396023437 97 114 128 1.6169223583203831 13 2001 17 1729 61 1816 15 3607 4 2494
2837 -0.51947709970142553 1.3179788151139049 2.8892082489015589 47 26 5 0.7599290049952504 15 3389 17 1732 18 2339
2838 -0.35315113921756963 1.2719934240755026 2.8034553968293046 65 29 40 0.39362028230613427 15 2020 17 1734 18 1460
2839 0.64615123276330633 0.39653012129545678 3.2164165689694024 125 102 9 1.4714532775743829 12 1217 17 1771
2840 0.048181665279679049 0.86267521257491697 2.6608973579138766 150 96 0 1.7345309745111475 15 2085 17 1778 61 1752 8 1958 58 2243 60 3661
2841 1.003585455642104 0.8489126942037063 3.1228308914660374 148 57 28 2.7833462688596775 15 3640 17 1800 18 872
2842 -0.31956240768162969 1.3237888200485477 2.8708701716636522 152 124 103 1.2730526304323735 15 2153 17 1833 18 2859
2843 0.18647969231732267 1.171438168126208 2.632081161102394 150 149 156 1.7713724611943842 12 2611 15 3878 17 1834
2845 0.1157534094434042 3.1540889110090506 4.6602383720435387 189 195 192 0.67907617830527467 13 2305 17 1996
2846 0.3681535674581311 1.9946690255925188 3.1323197627462394 173 129 37 0.58745485305871192 13 3332 15 2625 17 2033
2847 0.63808487852703288 1.5435745380105657 3.3788707387921519 170 123 49 0.35578626614516745 12 2797 15 2812 17 2318
2848 1.336722315878178 1.3600891950141745 3.2166732443184389 80 46 55 2.5293763892835308 5 2195 7 2447 17 2374 61 2525 57 2487
2849 0.36985668403889327 1.0881079045951969 2.8401707177233306 111 92 96 2.128562943573999 12 2598 17 2609 4 3827
2850 0.010306939967307728 1.1930938528471258 2.6849387928013249 200 107 115 0.65643723078255567 17 2734 60 984
2852 0.27673852573921393 1.6213415736374162 3.2326033640955067 89 62 0 0.4647584160324012 13 3180 15 4231 17 2816
2853 -0.0010792070006966463 1.8464792658594937 3.258944384026881 175 215 255 1.0627081156789941 15 1214 17 2847 12 673 13 691
2854 0.34034660041540243 1.6790735446874951 3.2818919050123712 185 145 46 0.82815925352486219 14 3689 15 4099 17 2881 23 2951
2855 0.48679540929955101 1.41836878397176 3.2054041430114082 55 5 2 0.24204195073660328 13 3624 17 3175
2856 0.1942322363535621 1.5886514407798571 3.2251504813552487 4 38 99 0.38078838539907367 13 4194 17 3180
2857 -0.59832441215610221 1.2229392963646399 2.7405917826331172 119 18 24 1.9027329634998751 13 2993 17 3186 58 2235
2859 -0.31291727003616543 1.2588173329437 2.7971322770781244 110 83 92 1.2484105316592227 7 1719 17 3209 60 2118 18 2336
2860 0.71639301650619103 1.3408693682110395 3.3003311817834544 102 46 53 2.3135123778983333 12 1993 17 3230
2861 0.21320315216068469 3.0750031223115659 4.4614811071490452 167 93 94 0.27770690390640673 15 2662 17 3330
2862 -0.46802199538120964 3.1835676980984022 4.8258551150773235 54 64 71 1.1730217771806304 15 3007 17 3438
2863 -0.11587222150002426 0.71563236925279428 2.9068426545799348 133 116 99 0.10275825796084997 11 2142 17 3603
2864 0.31523312024202305 1.1691831308185312 2.8207609586654168 114 105 107 1.1186311769178878 12 1730 17 3632
2865 0.67290899791297265 1.474085566218629 3.3194334954133962 211 213 223 1.7556384995399241 10 750 11 642 13 622 7 557 17 1112 12 1267 15 1248 5 1185 4 453 3 675
2866 0.15173764771802309 1.3291711449674783 3.1086934830810224 100 81 60 1.3426071951891114 8 348 10 210 11 146 14 72 15 114 17 162 13 114
2867 0.88378073530560419 2.0821558457198517 2.932699609818874 70 146 223 0.70378199221028193 12 2527 13 2467 17 2250 14 2784 15 3094
2868 0.29504565142374251 1.4188981537585721 3.0447942190741299 56 51 50 2.9359247886690074 13 649 17 624 10 899 15 1412 17 1072
2869 -0.38987867029514944 3.0595527218559226 4.8225184179360365 99 24 29 1.2499772711881445 12 459 15 523 17 736 13 781 5 768 6 557 4 365 61 770 58 760 60 792 59 797 2 382
2870 0.88117907060421952 1.3566959360526876 3.2182445716606902 5 5 11 3.05609274157794 13 357 17 360 14 665 15 612
2871 0.17162374718679477 1.2059350685284254 2.6683665044449634 87 31 40 1.247630746791041 8 3444 12 3448 13 2157 15 1351 17 1862 14 3518 15 3666
2872 1.0562946344138811 1.3121247917218812 3.1785461503635646 44 22 41 1.4422448361909301 10 536 13 614 9 495 17 470 12 516 14 528 15 623 61 692 58 689 60 640 59 542
2873 0.13626016147485653 1.1811333767948573 2.6679985623549869 130 105 116 1.866445534777657 13 2116 17 3142 8 2008 12 1916 15 3877
2875 0.34450306975799305 1.4006411561104053 3.013148428545755 30 5 4 1.285206009197555 13 444 15 515 11 327 12 279 13 425 15 371 17 481
2876 1.3583956190068023 1.6034511610251849 4.0077191220249189 112 93 70 2.8508332074234928 14 82 17 106
2877 -0.6541541102677072 1.2558076731262751 2.8263314589419668 118 18 20 2.0064629684755517 15 265 17 263
2878 -0.26725589184677434 1.2347882075651597 2.7648196961277813 45 6 9 1.7700901185502884 12 309 17 432 3 213
2879 0.68533783797313563 1.3047550507392589 3.2250602396825467 115 137 135 1.9238102371601871 15 3477 17 3194
2881 1.423476530544872 0.91650267138916719 3.0471823522979427 162 28 25 2.1724559694405161 5 27 61 21 58 19 56 14 55 15 2 24
2882 -0.04160553716878921 1.3839103595621918 3.0632384714793175 192 154 28 1.3268954773216337 61 25 58 22 60 28 59 25 57 21 56 15 2 19
2883 1.9065795303292157 2.0339008901382067 3.3926827006807279 127 117 102 0.35041102435967492 61 29 4 44
2887 1.734495670687092 1.6139160907801848 3.3852298561972254 144 42 125 1.4291885513825868 5 146 61 74 58 56 60 55 59 44 57 64
2888 2.3645324832394543 3.0362010344461163 4.3319214381239748 95 16 12 1.0336600246532477 6 156 61 88
2889 0.72595871282599533 1.1937649362447882 3.2226174772799503 99 6 1 1.0343704129388889 8 69 9 80 61 118 4 141 3 151 58 91 60 99
2890 1.1885673977394922 1.0288068692864534 3.2019714987529166 204 89 90 1.0425050085311893 5 115 6 181 57 117 56 159
2891 1.5805372372436046 2.3528160938495861 3.525044602092505 125 122 133 1.3962365022868433 5 81 61 137 4 170 3 120 58 113 60 184 59 114 2 96
2892 -0.10422673348079961 1.5438329073832924 3.3772173239132761 147 134 118 0.2354459333410536 6 244 7 217 61 150
2893 0.63630433151989341 0.52867803215391107 2.9779831233297087 0 0 0 1.4321650475628078 8 176 11 144
2896 1.7891397678128567 2.0420286718525507 3.3500418663412979 133 27 31 0.90169309451485058 5 271 61 221 4 252 60 200 2 224
2897 0.26881623287211581 1.3986781093893197 3.0684600339314816 115 107 119 1.3110902792274672 6 279 61 239 4 197 3 223
2898 0.27650807570858532 2.4503581654113704 3.5042939034920955 192 160 75 2.2222751219322059 6 335 61 285 58 259 57 241
2899 0.5776856846777173 2.5734743626823215 3.2880064535549929 54 34 24 0.38865754950160503 6 423 61 289
2900 -0.089409286054501561 1.6145070535303909 3.3604716416290583 0 7 79 1.2957845573662912 5 411 6 401 61 295 4 383 3 345 58 288 60 227 59 314 57 340 2 216 56 316
2901 1.7589517004279804 1.5531374389401431 3.3420371226957677 235 189 104 0.69174998474840288 8 408 61 334 58 327 60 433 57 477 56 409
2902 1.9049188963309691 1.5565097508523622 3.2886949755066595 254 178 252 1.230234921365124 61 340 60 434 57 258
2903 1.1053320496574646 1.668614676387641 3.6393479892894756 139 164 179 0.47271874073692771 6 397 61 353 58 281 60 225 59 316 57 273
2904 -0.033134150665938222 1.199991006777297 2.6441934174180348 20 26 28 1.3673384193747073 7 530 9 430 59 502
2906 1.6277189134337924 1.3219857157472339 3.2426841750433488 122 84 95 1.6012114349733653 8 358 61 379 4 295 3 220 58 431 60 391
2907 0.83956591417463533 1.3492100596256571 3.2027882300127848 129 146 166 0.67463293328292639 8 395 61 384 60 340
2908 0.14910683744407641 3.0798166037109382 4.5781310329883036 239 196 215 1.1493011804179794 61 406 4 363 3 408 58 354 60 274 59 426
2909 0.11891662432024482 3.3903972813505217 4.6401579384268397 148 141 126 2.0505520352843027 5 786 61 410 58 532 60 384 59 302 2 516
2912 -0.13602878345728031 1.0108451308804669 2.6350509926102634 23 47 63 1.1867445980652953 7 568 61 530
2913 -0.20851723176986203 0.78317278847163285 2.8231869975642772 44 52 65 1.6158570874305855 8 472 61 539 58 230
2914 -0.010750780659300706 2.7242259431066445 4.2847373573043033 112 136 168 1.4392867903596842 6 994 61 582 3 858 59 567
2915 -0.0025327291585933321 2.5594719674912279 4.2554331658633773 84 1 13 1.1737597875746935 5 472 6 421 61 584 4 523 3 400 58 514
2916 1.7586676593483228 3.4286349560670981 4.213381763659152 119 119 109 1.3131952280582073 5 416 61 608 7 438 3 494 58 358 59 418 57 558
2917 0.13524050800974993 3.1564304483913252 4.596218505706883 224 254 255 1.0054151867931138 5 628 61 611 60 543
2918 2.2524753456092355 3.4246883044173799 4.1241083707026105 127 131 132 0.44604918148257344 5 442 61 612
2919 -0.48449919725782908 2.963479274013527 4.8480231928030708 154 149 129 1.5773173978055264 5 762 61 617 58 705 59 1039
2920 1.8618164086367288 2.1131803094587056 3.3951333672937229 89 27 25 1.0179437383749816 61 624 4 531 3 692 60 818
2921 0.7056201019261773 2.2603401880178033 3.0555047870293217 28 109 216 1.2786276144332196 5 661 61 657 4 697
2923 1.7159234177409834 1.3952321197778534 3.298294076117918 253 209 169 1.1370706372276682 7 1016 8 1047 61 701 4 805 58 1030
2924 -0.26733458448268987 1.5029386753985878 3.4137314694494609 0 0 0 0.055501444008137675 5 709 11 519
2925 1.7242038127195678 1.5658605764795572 3.3999715342753802 225 110 194 0.75679670180862635 8 911 61 741 58 466 60 431
2927 0.6758264720359981 1.2189733990372471 3.2123391937433565 108 17 14 0.3219509995635621 10 777 61 765
2929 -0.38277075180372788 1.0475097704245475 3.0708541548459136 0 0 0 0.98411746801733457 9 620 10 794
2930 1.9536817951689973 1.0635437552936011 3.0014018218113967 81 85 96 0.47387196505788681 7 789 4 579
2931 2.0661504728928275 3.1623902358731297 4.1793130594110073 113 29 44 1.2050875512700938 8 1121 61 820 4 724 57 553
2932 2.0988544689226454 3.2145116945097154 4.1997918306066824 140 154 175 0.89975206891432113 6 908 61 822 4 755 3 659 57 555
2933 -0.48679364687297905 3.1876683306804425 4.8043671585400833 66 94 109 0.89457856966958749 5 631 6 731 61 844 3 727 59 791
2934 -0.49099259487340435 3.3176932501309047 4.8509021635469196 154 145 133 1.0358587246519 6 1226 61 850 58 943 60 1086 59 1058
2935 -0.46767129652050321 3.0223281930918922 4.7859366342041927 190 206 212 1.0181892550897831 5 758 61 869 4 1336 59 798
2936 0.030083047015101592 1.902551117988911 3.2109238292153783 21 106 192 1.8253186928884273 5 813 61 878 4 713 3 988 58 1322 60 829 59 826 57 1310
2937 -0.57174933342798662 1.3010855432696828 2.8472017207319826 100 12 10 2.0557139212862938 7 930 15 597 61 933 60 449
2938 -0.11931568389200123 1.3197929437955662 2.8352506661367576 207 125 124 0.85077317009726561 8 1476 61 934 58 681 60 635 59 640
2939 -0.58650713044900438 1.224024953120314 2.7464937380244958 170 61 67 1.6525878914797543 15 1382 61 944 59 737
2940 0.95873777613429867 1.0150377848016596 3.0129845519121146 99 23 0 0.87011084027749874 9 621 61 967 58 1001
2943 0.0014760338155322709 1.8427962922570109 3.2609328891314053 168 215 255 1.5166381516958243 5 985 61 1028 4 1132 58 791 60 825 59 781 2 947
2944 1.6885241522625678 1.5895252486144771 3.4995771977377337 113 35 87 0.21747022876422792 8 1751 61 1035 58 1082
2945 1.6920982145201737 1.501285556997394 3.4546830178988741 101 3 78 1.7479089207708207 8 2890 61 1048 58 591 60 701 59 662 57 601 8 933 56 386
2946 0.070417699388430885 1.6037600534173981 3.2264385653929972 55 138 230 0.93289582445880126 7 979 61 1063 60 628 59 695
2948 0.32865918848614817 1.0840891717310885 2.8229029079163674 144 62 68 0.65802263261690863 8 1222 61 1107 58 1205
2949 1.7796445699088894 2.295424511760273 3.3984541475419525 26 8 2 2.109472230564474 9 544 61 1149 60 873
2950 2.0706257570185622 3.1024296283821662 4.1093615352476629 193 92 103 2.0379755781230551 6 914 61 1186 4 2101
2951 1.7168300357677961 1.518349002409217 3.3819592134127552 229 167 137 1.4462171512292947 8 1386 61 1216 58 1092 57 1067
2952 0.43913903469502369 1.2747682547529948 3.0494336478457136 56 0 0 1.7319922891439319 9 569 61 1235 4 1776 58 1576
2953 0.27085316942609139 1.8296829406876129 3.1854267026777126 28 83 164 1.0428825941736111 8 974 12 1897 61 1266 58 892
2954 0.59701607985676974 1.5719248792034735 3.8615686197773993 126 78 32 1.3137270032967181 5 956 4 1161
2955 1.1338815273689393 2.1036915426592686 2.6630055080965254 106 101 79 2.0474863629456808 12 2503 15 3194 61 1272 4 1187 58 1103 12 2399 60 2645
2956 0.1372287338946343 0.77248506610105738 2.6312231230086476 147 107 6 0.37121695885747341 11 1102 61 1326
2957 0.58535236639997923 0.48267348419363443 3.1801536212385768 255 227 88 0.47927275863525115 8 733 58 1254
2960 0.010615885745232458 0.97023514280059708 2.6793997370285694 168 123 8 0.10860728377396894 8 1269 61 1454
2961 1.8184846649954498 2.7057897380316613 3.8413226630223836 101 95 100 1.6572426037501602 61 1565 58 1653 2 653
2962 2.099039740136547 3.1153210184305093 4.1383704602819691 120 52 67 2.6653690480941443 6 913 61 1569 4 1277
2963 1.58466546953168 1.3348709915384986 3.2377290113101105 36 1 10 1.374851062764739 7 1583 61 1571 4 809 58 613 60 1010
2964 0.18801135732243363 3.1120070734739129 4.5404242384984093 86 21 33 1.8709255968950813 8 1576 61 1575 59 1798 57 1385 2 810
2965 -0.085958227165516557 1.6940841577948957 3.3709306320449222 29 79 149 1.7952201497544948 6 1238 61 1583 4 2792 3 772 58 898 59 1397
2966 0.29049423367839755 1.4094103596870182 3.0706347817136388 117 112 124 1.3383474754195006 12 2903 15 2110 61 1594 4 2185 60 5401
2968 1.0424979327359996 1.2937885951109129 3.1636382044005176 88 117 129 0.50920366207638545 15 1749 61 1624 58 1912 60 1786
2969 0.82362691586036352 1.3353280891895594 3.2068871200902045 146 142 160 0.90145470750662204 8 1839 61 1643 58 1433 59 1191
2970 1.8347383912545978 1.5832673367542693 3.2963064082450821 219 115 201 1.4068854625077918 8 1239 61 1679 60 1850
2971 -0.2083671504741825 1.1154703716970942 2.6584164232906158 110 142 157 0.79750662425825891 8 3087 61 1728 58 1581 60 1395
2972 1.7174560921551116 0.80338647563259025 3.0887067871235785 113 48 53 2.1810112816486362 8 1450 61 1761 58 1199
2973 -0.52712991199470904 1.1710879119252695 2.7093538525260437 85 111 135 1.2253945570537748 7 1770 61 1770 58 1383 60 1476
2974 -0.040916370699998997 1.2033394080314477 2.6933870819220136 95 18 24 1.2637702171334155 8 2973 61 1773 58 2210 60 1423
2975 0.92868304117919553 1.056998344741612 3.0725103402390568 89 12 0 1.6306685557451637 10 2176 61 1784 60 4057 4 3329
2976 1.7113988532300619 1.135939965051606 2.9635165199051765 175 150 162 1.3380534591137077 8 2047 61 1799 58 1590
2977 1.5661636192671478 1.1736759315901073 2.8883331733948263 58 15 31 1.8538859886105121 9 1316 61 1817 58 1597 60 3615
2978 -0.48728622992688214 1.1645078323788882 2.6505573167518128 94 116 130 0.19669737747977351 8 2070 60 2153
2979 0.32534097450424881 1.1244029374840705 2.8512382321008265 116 131 145 0.74077702105861665 7 912 61 1820
2980 1.5749866963216888 1.1782361427912116 2.899500708275617 201 171 181 0.20605439981483242 11 1485 61 1825
2981 -0.49822207059035328 1.1688128655936731 2.69010018072114 91 103 114 1.8904044131721189 7 1769 61 1826 58 1555 4 2487 59 1587
2982 -0.017233123663272589 1.2107498165582311 2.6683874828643677 168 107 122 0.086280810811148523 11 1501 60 1383
2983 0.089153439402752305 2.7854871829329282 4.2464588873772211 161 32 38 1.45623418202771 5 1487 61 1843 10 1290 58 1295
2984 -0.11955358737879064 2.3158730698266097 3.9350289399405014 223 212 228 1.1080691791019919 7 1781 61 1862
2985 -0.14496833695801564 2.3096721845045307 3.9292495030993644 97 50 53 1.0735555585535514 6 2001 61 1863 4 2592 3 2189
2986 0.021691805664588806 2.6108660120910971 4.2590841043664449 120 139 166 1.7701814790460673 5 2054 7 2045 61 1890 4 2545 3 1433 58 2607 59 1020 2 1493
2987 -0.39815033094343982 3.2042404251190577 4.8932189656145137 102 93 81 0.77011218705198015 5 2225 61 1941 4 2122 58 2844 60 4560 2 1860
2989 1.2195419998088437 2.0825752243103905 2.7492119194752056 167 155 149 0.0027576729596334769 7 2072 61 1957
2990 0.018134163773553379 1.8481720182597694 3.2288691311860518 51 97 144 1.4835085608932566 6 1836 61 1959 4 1985 3 1533 58 1742 60 1173
2991 1.1078233893847 2.1195952706388934 2.7403394355403163 54 25 0 0.87978575653342372 5 1940 61 1966
2993 0.73435015367311895 2.322354558074788 2.9962784945417802 130 189 249 1.6076737026569183 10 2612 61 2072 59 1303
2994 1.1260794073527227 1.6680567910874839 3.6049193991620401 100 128 142 1.2808217757713956 8 3757 61 2079 60 1951
2995 0.9152516330236169 1.4967076557514567 3.3207768035546397 100 112 134 1.3987052210116893 8 927 61 2144 60 1448
2996 0.68365113627988805 1.4923979171685438 3.3043522307606832 61 74 100 1.2984459698151438 8 3142 61 2146 57 2401
2997 1.6972805485325315 1.5740805646916756 3.4614571074332683 210 108 194 0.57350398890165277 8 1348 61 2169 59 1292
2999 0.38064911666935058 1.0805091170201291 2.8326734365889781 103 99 106 1.6295544085344229 8 2086 61 2377 60 2915
3000 -0.15560288571825359 1.0945560702932502 2.6160619914278227 114 135 155 1.5537698140016039 8 3036 61 2389 57 1540 60 3679
3001 -0.43819671593600124 3.1764995987958646 4.8344610624231734 100 104 110 1.2194980378759854 5 1897 61 2445 4 1911 58 2840 59 1871
3002 1.799010332806785 1.3083216191324518 3.3032338242378838 183 86 170 2.0074292415862134 7 1576 61 2460 58 1421
3003 1.1145411654047772 1.2937586075426857 3.1726800084944298 116 88 110 1.7348401785169916 15 3226 61 2468 58 1914 60 3779
3004 0.78403914748024628 1.2804191407592009 3.1846624056434281 211 204 219 2.1143267243319843 7 1315 61 2480 57 1588
3005 1.4990622265580484 1.163491549465006 2.8954847342643446 124 80 105 1.7122169395581124 10 1605 15 4157 61 2541 58 2229
3006 1.7132606491182878 1.1206988058294982 2.9645164995906925 69 3 13 1.5766730948929635 11 2330 61 2547 58 2289
3007 0.64832021837293485 1.2663139167528801 3.1907660927574621 114 35 36 1.0019498943543923 8 1848 61 2597 58 1577
3008 0.87003664686577886 1.6783783926524138 3.6487214417794793 157 174 185 1.3067067470084974 5 2563 61 2599
3010 1.2490702066110133 2.0625508922181295 2.5673047785949938 145 99 12 1.7101364689600602 12 3639 58 1872 8 2724
3011 1.6356419945293723 1.1521458872018122 2.9069083287912436 131 134 149 1.2886896621152346 7 1767 11 2243 61 2826 58 2472
3012 1.8100351275669024 1.1144110175694171 2.9923076525329066 176 200 221 2.5250990237093003 7 2293 61 2830 60 3895
3013 1.7652858887821321 1.0801358954484805 3.0159390268361124 67 26 24 2.0363630455125272 7 1753 61 2837 60 3687 59 4160 57 1533
3014 -0.17077930204002117 1.0826185786264171 2.5734435904435213 105 141 151 1.842357877306964 8 3274 61 2886 58 2455
3015 1.0341269702935865 2.1478103553289576 2.7721423545901742 98 50 25 2.0297762618846664 15 4622 61 3067 57 2059
3017 1.7693213677457167 1.2050832324422942 3.0451250194841295 104 71 119 2.3113945735680139 11 1925 13 3365 61 3163
3018 1.1194393600518424 1.3019697841177496 3.1797299384194666 31 4 9 1.1808148930490281 61 549 8 544 10 489 12 408 13 359 14 527 15 489 17 467 4 650 58 488 60 500 59 543
3019 0.83951188231771146 1.3199704764534508 3.1878051012258468 77 87 95 1.2510921704659543 8 3122 10 1478 7 1578 13 1888 61 2617 12 3325 14 3377 60 3590
3020 1.1966968976286105 1.2777406730435863 3.1811200307020102 104 93 100 1.996376942014243 8 2975 14 1924 5 1411 61 2487 13 3144 15 3276 60 2174
3021 1.7537358967644359 1.2671406702604078 3.0875916541893802 37 6 10 2.0306423915397223 8 36 10 40 7 35 11 39 12 46 13 49 9 41 14 35 15 47 61 46 5 42
3022 1.5304948262537446 2.163955413439032 2.9787184996410052 0 0 0 0.22013143480377478 6 11 7 14
3023 1.0611906573486256 0.8917102958091474 3.0927003993450075 231 198 59 1.3811615524328917 10 58 61 43 1 44
3024 1.5370062885946811 1.4270369219404442 3.1918544349699385 0 0 0 0.20968662203988503 6 76 9 77
3025 -0.053637211893221674 1.7236225774477751 3.3188008399474427 2 84 183 1.8070907857463407 61 194 4 256 3 293 59 214 2 220
3027 1.060604915301957 0.95248310955128335 3.0693491373045716 138 99 9 0.12193132353055838 5 495 4 587
3028 1.7141762977348673 1.159045847090427 2.9889574898297759 78 73 95 2.8877788090076661 11 706 61 985
3029 -0.06261167971620453 2.112718926540571 3.2490817811920385 33 87 172 2.5192276824801998 10 1758 8 2586 6 1713 3 2074
3030 1.8993620382010634 3.4099996925500267 4.2200051207109874 83 79 72 1.4814811673491615 8 332 7 215 9 251 6 350 10 251 11 227 12 170 13 203 14 132
3031 0.65987594247202663 3.4721147405977812 4.4688411874414227 170 162 151 1.9903443443999946 5 3 58 4 60 5 61 5 2 3
3032 -0.11439404353963886 1.2086119929040866 2.8005495512830918 125 28 37 1.7206457941928324 5 10 6 14 2 10
3033 1.3254781458298226 2.6562862301225909 4.6064396874634923 0 0 0 1.4790912819427673 5 15 6 16 2 15
3034 1.7776367879988166 2.0405690672883128 3.7055711355377241 107 12 8 0.36856646242924712 61 16 58 24 59 27
3035 0.2996594696487454 0.81531835641679251 2.6304910651774911 131 121 109 1.8945030093921673 5 25 4 24 3 24
3037 0.8203718631614797 1.0795120754156424 3.2400944122741033 177 96 92 2.0758325440771954 61 23 4 29 1 34 3 28
3038 0.98094752970946619 2.3820154409495475 2.8633631483985065 224 201 107 1.8360647275301898 61 63 4 36 3 45 58 52
3039 1.0412971789691374 1.6195214397110747 3.6298443810331764 42 7 6 1.4641755519430981 61 33 4 40 3 39 58 27 60 33 59 30 57 45 2 27
3040 0.018358885396587497 1.9984656478978515 3.3212815377402705 49 133 236 1.3306510471331996 61 32 4 45 3 43 58 26 59 29
3041 -0.12602373024093061 2.0431251558591055 3.2581672751746358 156 146 134 1.9766765620886302 61 53 2 42
3042 0.86011426042658756 2.463235864387368 3.0335511669973769 218 197 82 1.377059592931553 61 55 4 49 3 46 58 45 60 49 59 50 57 58 2 37 5 80 1 40
3043 -0.08196309097603012 2.8829273401895144 4.8402785841996225 230 114 123 1.7510338575028195 61 86 4 52
3044 1.6390036659955751 3.2435343385261657 4.3393307280756295 130 122 111 2.4435999689896355 61 38 3 69 58 33 59 57 1 94 4 54 56 64
3045 0.80581834937944496 1.0517340525524297 3.1056202621589555 139 28 21 1.9377843409857789 9 82 4 57 3 56 1 69
3046 1.5343435578792795 1.2665592753362533 3.103543718149762 108 20 36 2.1740498377884725 61 76 4 59 58 61 60 66 59 72
3048 0.41070411305922488 1.3828769337618414 3.116795673410234 79 13 15 2.3065931484895721 5 89 61 70 4 63 3 61 58 57 60 62 59 76 57 65
3049 0.19022251855876898 1.3648437652851255 2.9913289711608475 41 3 2 1.0712703841114299 61 68 58 59 60 64 59 74 57 67
3050 0.096467972435319474 1.3877302914076646 2.9874097901886447 145 104 22 0.97963289741928017 61 113 58 87 60 90 59 98 57 149
3051 1.882941203668649 1.3173689090240082 3.2312997027565333 203 143 199 1.4410834836580484 5 55 4 86 3 84
3052 1.2881869346451382 1.2823658439550278 3.1860986662543125 109 16 16 1.7893865350027367 61 115 4 87 58 89 60 100 59 62 57 108
3053 1.850554175355672 1.0328622160333263 2.9903861790202662 150 31 50 1.8815027920087393 6 86 61 146 4 95 3 175
3054 1.3802281475088238 0.7724745470607095 3.1403502298717458 145 138 128 2.5712721694124414 4 99 3 147 56 83
3056 0.81716432143621998 2.498168392126408 3.1959787517601681 73 60 55 1.3855439965117362 4 112 3 121 58 110
3057 0.80047839239536878 1.4335264976887041 3.2636997919135715 113 35 49 1.2027998113425267 61 101 4 119 3 89 58 85 60 91 59 95 57 148 56 181
3058 0.30888385559073334 1.7653005540161262 3.2168036065664576 197 176 61 1.2855052424009734 61 106 4 131 3 139 58 84
3059 1.6003356297100502 1.3141178076493123 3.5178313355517288 138 140 141 1.7365839583973726 5 95 3 87 2 76 1 104
3060 0.36915645401791153 1.3779320041291891 3.1243978866930284 70 14 14 1.980166870165635 5 153 6 138 3 128 4 138 57 179
3061 1.2852334542991111 1.3560835399156597 3.2308231295288414 63 6 10 2.6549977375342193 61 158 4 139 59 200 57 190 56 198
3062 1.9451831081679418 1.110763556806178 3.033519058990148 85 91 103 0.80042610251022328 61 183 4 145 60 196
3063 0.67342966931695458 0.794486645164725 3.3799698438237509 155 64 9 1.0346121543021529 61 147 4 146
3064 2.084805762209005 2.5282727536779923 4.1214235490771607 98 86 75 1.0458382015993166 5 116 3 123
3065 1.8235117466272008 2.4220457541699143 3.6254970600868544 116 31 31 2.0286843271817379 61 204 4 168 2 266
3066 1.6976165570627233 2.3236458849053974 3.5992883475105137 100 11 13 0.3056975155627748 61 217 4 169 3 192
3068 1.4151958182126696 1.1044586912844736 2.7653679616333702 190 94 111 0.094905265208008543 61 180 4 177
3069 -0.086000295906524846 1.9519012092845458 3.4177520941260675 152 145 130 1.2701829832103475 61 140 4 178 58 117 59 128
3070 1.7308148357238364 1.3035218038096135 3.2535222640541845 57 11 32 1.3933029863334294 61 154 4 180 58 203 60 205 59 231 57 303
3071 1.7230295961642859 2.2326082767812094 3.3811424717101466 130 30 32 1.7809991202754849 5 285 61 213 4 182 3 187 60 129 57 213
3072 1.3788379320674187 2.2325967621004947 3.2869895525660286 173 194 211 0.92521266243376221 61 190 4 183 3 177 58 178 60 188 59 127
3073 -0.2915927859368988 0.77297886745660016 2.9308076106619212 121 126 119 1.0029172737218361 5 113 4 187 3 196
3074 -0.12074049230699375 1.4091916691771493 3.0144330812824216 148 109 15 1.0497403839335693 61 241 4 198 58 212 59 241
3075 -0.44662017885262084 1.4207287437546849 3.2629716831573514 144 80 0 1.2243003012842546 5 240 4 203 6 291 3 134 59 125 2 211
3076 1.1607038716329325 1.5116480107550709 3.417419727403805 179 142 59 1.0747984516806246 61 164 4 204 58 133 60 145 59 208 57 186 2 165
3077 0.10030401382597386 1.190244191349382 2.6611616725888947 114 34 37 1.5313077086511089 11 366 61 277 17 441 18 483
3078 -0.13081129051213286 1.0617824337772215 2.5934293614684845 225 249 252 1.1042110122780038 61 265 4 213 58 236 60 236 59 175 55 164
3080 -0.56228394539715165 1.1015984386913942 2.7332160891466488 56 73 92 0.25222284666377354 6 256 4 222
3081 0.8157416499514023 2.4331097836523381 3.0526903486419221 221 198 96 1.8109618045444065 8 313 61 203 4 232 3 262 58 183 60 165 57 212
3082 0.26097468989292288 2.2776967983979919 3.455207671587281 22 22 30 2.9599711820672301 9 299 4 234
3083 0.22699154834464547 2.4328797415727084 3.5511870100560077 20 43 111 1.6139310784297565 61 286 4 239 3 393 6 426 58 258 60 261 59 283 57 308
3084 1.7634891301829176 2.7400766881740601 3.7844696720718609 104 122 136 1.2255575720899947 61 193 4 241 3 164 58 251 60 419 59 286 57 363
3085 0.21985996461542578 2.8077705606543657 4.143459674903049 169 45 56 2.7694288904317319 5 297 4 245 3 271
3086 0.19303818182297092 2.8884291200715566 4.1949469383554856 166 40 53 1.6275466670932695 3 159 60 111 58 104 59 118 57 144 2 248
3087 -0.0043730001126657172 2.8491023792004424 4.7974974455054546 186 73 93 1.6668142267796904 61 296 3 274 58 272 60 272
3088 0.34808541431397289 3.1711730420044639 4.7681821029427915 121 111 102 1.5391477351804363 61 301 4 250 58 276 60 380 59 299 57 330
3089 0.31794702963378257 2.0721460005255685 2.8328574850741237 6 7 55 1.0664449941969913 61 209 4 257
3090 0.23336872084589222 2.0364045286653645 3.058087559420001 8 45 151 0.9943335278750588 61 329 4 262 3 181 58 222 60 290 59 328
3091 0.86381986298276126 1.7937846351533908 3.7448313354328993 0 6 14 0.81370880554309377 4 263 3 299
3092 0.85691653837293047 1.1441025884532956 3.2498159214933393 61 1 1 1.2958825697939462 61 233 4 277 3 211 58 425 60 356 59 548 57 443
3093 1.4568809623546819 1.2940233443762437 3.0970593881303903 80 12 24 1.7504580970021546 61 373 4 283 58 426 60 511 59 359 57 429
3094 1.9567363519595846 1.3586403006231371 3.2117370479402116 255 192 255 0.96397933828356974 61 226 4 284 60 206
3095 0.8585298330995832 1.0657570437391339 3.2287611554925619 23 7 12 1.6643785243147116 61 560 4 287 3 366
3096 1.1723053623567969 1.1074746289294446 3.1487865148342666 135 24 33 1.3720226432697888 61 365 4 289 3 370 58 387 60 249 59 446 57 453
3097 -0.3688162350837158 1.1805145365157315 2.8582685510676349 0 0 0 0.41331180891164715 6 320 9 416
3098 1.4382213605182932 1.3262501900163675 3.1792777614475161 80 14 18 0.7262404473626981 61 227 4 292 58 423 60 208
3099 0.43895605406923793 1.4140597790056881 3.3740949509180838 69 15 10 0.93335251839192379 4 306 58 310 60 213 59 336
3100 0.33269848487526388 1.4890408524976948 3.4029578623703038 160 120 32 1.876177846240918 4 310 3 339 58 187 59 233
3101 -0.014173888870988804 1.6740362392016694 3.2237503214990593 19 110 209 1.7569483272913331 5 412 4 311
3102 0.026036795539039936 2.7904850146665128 4.2687898232036066 221 241 252 1.9491073992923766 61 293 4 315 3 357 58 269 60 374 59 296 56 214 55 195
3103 -0.3178530370776832 2.7329120894696501 4.9677374975623509 170 73 82 1.5204856567328271 61 575 4 316 58 716 60 2234 59 759
3104 0.94018271869042191 0.90498014311144326 2.9794141124099665 167 92 11 1.2431068258869604 61 528 4 329 58 477
3105 0.13050370792538674 1.1550024905143026 2.6538931454100174 173 198 223 1.7436817259891124 6 218 4 332 3 248 60 198 57 160
3106 2.0190474306399468 1.0777149051527619 2.9897184455997814 91 100 115 0.71171156018855197 8 289 4 334
3107 1.6961640688212667 1.114543829215922 2.9622142666994877 98 15 29 1.7980437765567514 8 160 61 463 4 336 58 392 60 489 59 506 56 535
3108 0.83433191079797975 1.051238904534326 2.9923993780844986 0 0 0 3.5234695548987238 7 186 61 274
3109 0.24899833591590284 2.398768818422885 3.4847172255713517 11 40 108 1.6776309719313034 61 284 4 346 3 396 58 256 60 259 59 392 57 322
3110 0.34923687697341393 2.4504457828925323 3.6017894969695048 69 9 11 1.0148630683076576 4 349 3 392 2 261
3112 0.97182294348225973 1.8260454304417206 3.4346214400109569 13 21 31 1.1093004847769072 3 424 60 126 58 109 59 131
3114 0.54397779563163529 1.4429281041294097 3.5256152091184192 135 85 32 0.43380532772940139 5 505 4 376 6 513
3115 0.16301879179656453 2.05046379917736 3.1156110402742443 18 121 214 1.2565373566967286 61 623 4 395 3 441
3116 2.095213105962709 1.249345885427154 3.1265245582241663 183 204 217 1.8758354603457343 61 369 4 402 57 455
3117 0.77423496768518152 1.0412207047807096 3.1816112769207492 133 22 13 1.4274398921450098 61 563 4 408 3 537 58 388
3118 0.18249563899413959 1.2925132763076694 2.9012971645230579 130 35 41 1.1530983504007204 61 555 3 578 58 485 60 612 57 603
3119 0.097647929210220766 1.3121117341651063 2.8642280153011472 99 12 19 0.61004594026687498 61 553 4 414 58 493 60 499
3120 1.9620324069223669 1.2363507640505862 3.1852576246815536 81 26 84 1.3350076529707635 61 784 4 418 3 579
3121 0.86082162039665644 1.7140129773802215 3.6012056129022825 178 212 224 0.72760835944639624 61 355 4 419 3 421 58 291 60 266 59 318
3122 0.092924491302580917 1.0080610469353843 2.7216188106556158 242 221 91 0.7950237394918499 61 470 4 430 3 351 60 235 58 237 59 264
3123 1.3639437691840246 0.72419962855731812 3.2444143210936005 141 94 12 1.1548672587179143 61 264 3 603
3124 -0.12065777652845398 1.1798216118744904 2.6721854458167136 26 35 41 2.1109901571429721 4 439 3 627 58 390 60 478 59 448 56 396 55 355
3126 0.80341083414327064 1.4867806083832713 3.3803176892089875 65 37 12 0.3420849048372423 61 476 4 454 58 458 60 429
3127 0.0011111173491532905 1.5317361520704171 3.2741484787397712 0 18 95 1.3703693082070738 4 460 3 573 58 334 61 417 60 327 59 308 57 280
3128 0.77432924104483758 1.5535097501048698 3.4707641920988914 93 40 1 1.0481722074034852 61 508 4 463 58 457 60 460 59 482
3129 1.5893802249458742 2.7970045905657308 3.6673877135376722 107 11 15 1.3662292848370901 4 496 3 388 60 521 57 546
3130 0.15494276678193264 2.4702087013807001 4.0006071331350928 111 128 156 0.50758986672099893 61 390 4 499 58 265 59 288
3131 -0.1281786985896608 2.1951812834431315 4.0276419524522478 165 156 143 2.1363121745758384 61 435 4 505 3 936
3132 0.069732296926095894 3.5178926765274672 4.5700868468279587 152 143 134 0.80085838397186671 6 759 4 510 60 796
3133 1.7301374265534548 3.2590149407942461 4.3430424627730515 136 127 118 2.3180422925790589 61 415 4 513 3 407 58 274 60 375 57 324 59 422
3134 -0.10668943926579402 2.7184932376524102 4.6829281874604449 158 39 45 1.6816777118383872 61 399 4 519 58 268 60 411 59 417 57 416
3135 -0.31065999491498053 1.3287280055216921 3.1636821570601961 145 151 183 1.3420561552405617 61 386 4 528 58 524 59 373 57 278
3136 0.6565155300715364 2.1391531405416018 3.2323948863083065 5 70 172 1.6404187928555811 61 330 4 529 3 696 60 187 59 182
3137 0.61868231962496811 2.2972066992139002 3.1361168258933541 0 48 157 2.1429725988517059 61 649 4 542 3 462 58 813 60 610 59 388
3138 -0.05263720293113798 2.1277075234948697 3.7788725347301351 242 252 253 2.1951012507591345 61 647 4 545 3 944 60 412 57 359
3139 0.71871189393886703 2.4156857432119412 3.1250220635073238 15 42 129 1.3442455662896751 61 418 4 548 3 432 58 367 59 431
3140 0.4954419192719417 2.3589380814861185 3.1892180001276427 0 40 142 2.0007135389642974 5 516 4 549 2 355 7 1148
3141 0.3205375917458278 1.4383198242142468 3.4137799562589191 10 3 0 1.550310305526525 61 690 4 569 3 601 58 597 60 466 59 341 57 656
3144 0.82648873786306321 0.97296151901555206 3.1137853633121781 220 183 49 1.4258463476661642 61 533 4 584 3 835 58 472 60 486 59 452
3145 -0.43969308568989907 1.315526514160517 2.7246419006735803 167 75 88 1.7467320612556454 61 557 4 594 60 352
3147 -0.17350074877768662 1.3905380380572321 3.0418620876456717 224 193 110 0.81028259580859385 12 786 4 619 3 586
3148 0.94413643810244718 1.4464739319493858 3.3198722478874219 12 22 32 0.90996300856048362 5 529 3 564 59 374
3149 1.0178865364044067 1.1950658840293051 3.2398322922020211 171 91 102 1.7116281514126539 8 356 4 642 60 509
3150 1.9293777528977742 1.2518355023191623 3.2310267673315169 83 11 88 2.3539118069557716 61 554 4 643 3 816 60 472
3151 -0.083351013853955117 1.2981645149479146 3.0053320358567062 147 96 30 1.6062011331889658 61 550 4 646 58 494 60 448 59 539 57 491
3152 1.1481344669032232 1.3487845194800312 3.2209955073700431 108 19 39 0.72894782204619057 8 494 4 656 60 630
3153 1.6311691761657674 2.5471727281872152 3.6738894831925504 83 8 5 0.4378890492454276 4 660 58 560
3154 0.20665103186548336 2.5025910819791393 3.774155769419675 79 26 63 1.5805315939108555 61 589 58 380 59 287 60 264 57 313 56 210 55 133
3155 2.1974559109908824 2.850866081438304 4.2463833007300344 186 99 108 1.828948765641967 5 469 4 672 3 862
3157 2.0230519858395724 3.0714429150694951 4.1670108932290919 211 114 125 1.187094538196438 61 576 4 680 60 756
3158 2.0011401769362918 3.1039086297524672 4.1612271458779686 112 17 23 0.99104254838166617 61 816 4 682 57 552
3159 0.80549509788634299 2.0830328747599562 3.0809542739512263 58 88 157 1.8432491115565397 61 419 4 685 60 288 59 385
3160 1.1443665048101062 1.6447432952613923 3.5578031281429965 178 212 227 1.6269600697847906 61 501 4 698 3 468 60 457 59 313 57 471
3162 0.32110433533135535 1.8115287371491346 3.2316602162454786 228 205 109 0.83995997228852026 61 641 4 725 3 473 58 555 60 848 59 477
3163 0.89119698603766428 1.6472891455868828 3.6702197688840243 5 1 11 1.0396916318110832 61 354 4 727 60 394 59 401 56 334 55 285
3164 0.00023689933270840211 3.083789818016589 4.8962848188328758 28 3 0 1.022241784089267 61 614 4 738 58 538 59 799
3165 0.093101558288752301 2.9885415476416175 4.7894982761996543 106 12 12 0.24831328600722435 61 825 4 741 58 710
3166 1.817925620203702 3.2339944527542013 4.1171028190618921 184 207 238 1.352496547913016 61 583 4 751 60 1053 58 714
3167 0.28485363267442265 2.1695010919756639 3.0505530261938119 200 188 159 1.1755714496301357 61 928 4 761 3 451 58 573 59 806
3168 -0.011358421803994601 1.3842614360964607 2.9162113296125511 163 124 41 0.98931689461580552 61 940 4 785 59 870
3169 -0.27445035786849553 1.4890532370437035 3.1524507623001781 199 197 176 1.4251624128378813 61 1044 4 788 3 740 5 1027 58 629 60 661
3170 0.69284214276673006 1.3120446946616413 3.226696669763236 67 16 47 1.9453975085294277 12 666 15 1432 57 482 59 535
3171 -0.4042879884211838 1.3331804510044483 3.2196213893755536 101 95 83 2.0164943724711377 61 375 58 214 60 276 59 421 57 183
3172 0.031606808929620561 1.6695472606576127 3.2540015611508943 0 83 181 1.4100312221373195 61 1053 4 818 58 1247 60 947 57 1090
3173 1.1741487058513698 1.5921732580648047 3.6202927549521782 55 6 13 2.0984432006534846 61 1117 4 821 60 890 58 451
3174 -0.0029637241850594079 1.8020148707588592 3.26028108017683 36 116 226 1.7032610286020804 61 901 4 830 59 899
3175 -0.49491994650229459 1.4244810552506419 3.3184861233602216 198 166 110 1.7639541455009513 5 1178 61 726 4 838 58 643
3176 1.296542984872445 1.4896989976303279 3.4170111978602806 205 163 85 0.51188252483339491 61 1217 4 848 58 1401 60 1462
3177 0.058977045966150325 2.7381629730677601 4.2284790999523603 206 224 238 1.0078943351315333 61 838 4 880 3 857 58 704 60 760 59 765
3178 0.57900834029614001 1.5422450398454854 3.3959804030618121 183 137 87 0.79550437655196093 61 731 4 888 58 637 60 880
3179 0.45296400864248498 1.07060037369698 2.8552140891500835 104 116 130 2.0896140212135363 7 1216 4 926 60 1371 58 1208
3180 0.045252061852104147 2.7679970949804149 4.2084604189929413 109 99 110 0.95109146183877791 61 841 4 959 3 1121 58 719 60 764 59 763
3181 1.7913056181509579 2.5145050906697382 3.7804705803902632 25 0 0 1.2326512269846863 61 918 58 804 59 817 1 284 60 1166
3182 0.20073088663019886 2.5193139447809769 3.9686050229271865 124 49 96 0.94064407847418685 61 1172 4 983 60 1152
3183 -0.022210185983920713 3.0576728429189091 4.8696077560453102 108 40 32 1.6784813078051941 5 624 4 990 2 678
3184 -0.18517443130696315 3.12650268473794 4.6793154801249317 206 223 234 0.88818474089262089 5 798 4 993
3185 -0.56111280535586849 3.3173321995925522 4.8891270373563573 186 205 220 0.16126970466205323 5 1436 4 1007
3187 1.7820521981659643 3.1659005119628838 4.2822018475328765 189 78 87 0.99836217517041359 61 1087 4 1013
3189 -0.390214235707809 2.8672424189111285 4.9191185664938386 194 178 165 1.1472335567596128 61 824 4 1018 58 713 8 790
3190 0.85081499701991414 1.7184926249027894 3.6606747093345207 18 36 45 1.4426720127131516 61 1113 4 1020 58 894 60 845 59 476 56 379 55 337 53 270
3191 1.7890403667438757 3.3013170487653682 4.2642245645534693 135 152 175 0.72568214312319435 61 1100 4 1021 60 1047 57 1028 56 743
3192 1.7768469001705158 3.3278528216757333 4.2626126647238047 14 19 25 1.3668484716808751 61 871 4 1024 3 886 58 1014 60 1060 59 755 57 915
3193 0.080993789750712947 3.0468357274803748 4.7478045641452029 22 1 0 2.000324947134299 61 1111 4 1026 3 890 58 707 60 812 59 803
3194 1.8090010402252568 2.0990374370263516 3.345171320047831 192 197 201 0.89563083057235982 61 882 4 1035 60 851 57 787
3195 1.3058782725052909 2.1538380272244795 3.271555792221629 229 204 207 1.5242443887555015 61 971 4 1044 58 864 60 1138
3196 0.37344572997520914 2.1171067317851175 3.1670637701546775 8 32 102 0.98759881819797646 5 803 4 1046
3197 1.7831325729462248 2.1833984852693056 3.3616684971239676 126 40 41 0.41256770310893687 61 1168 4 1049 60 1297 57 772
3198 -0.060531818849011605 2.137963769345232 3.8405416465369995 115 66 96 1.0494843679074664 61 1193 4 1089 3 1222 58 807 59 833
3199 0.726117822143581 2.3170069031065217 2.9344588709290735 187 229 251 0.70043556700957943 6 592 4 1094 3 709
3200 0.91229691601467677 2.3454292709241837 2.9138789651864827 162 147 96 0.17966640100873951 13 1171 4 1103
3201 0.59716530772945076 1.5024482607417347 3.4310601880201532 52 6 0 1.2981291849770937 61 735 4 1143 60 908 58 639 59 648 57 493 61 347
3202 0.027673144271285876 1.8179129435721646 3.2030915132678244 0 71 173 1.3154328833142725 61 1001 4 1155 3 1537 58 672 60 926 59 1125
3203 -0.098093682052759867 1.4248872137490285 3.0056891238842591 160 120 20 0.68388306761899054 7 1336 4 1197
3204 0.59770867085009027 1.4861410854745121 3.3132788144911971 144 108 92 0.96103408876936114 61 1045 4 1236 3 1087 58 1053 59 1094
3205 -0.12909234133002251 1.5033324951538227 3.2671476890916096 0 0 0 1.4902016447246484 7 730 61 2209 8 1372
3206 1.9839956969226116 1.2619614343039396 3.1306874949469261 129 128 136 1.686511198355328 61 1798 4 1254 3 819
3207 1.7362379405205339 3.1512046693466171 4.1810473975427502 170 63 73 2.4856349554508204 61 1425 3 843 60 762 4 1270 59 760
3208 1.788613348170869 3.3349121360433704 3.9411355577995493 89 84 88 1.5326212100411574 61 1395 4 1287 58 708
3209 0.13373968634768207 3.0457956501356245 4.6120491315495329 249 157 172 0.46181349162432012 61 875 4 1288 58 709 59 766
3210 -0.38470061866301952 3.019387168297472 4.7704644653253832 193 79 89 0.87569087134238666 6 910 61 1399 4 1303 59 1235
3211 0.10247624049845869 3.0397667416635721 4.6946734650199158 215 89 101 1.3601353738506021 61 1925 4 1320 58 1700 60 1035 59 1337
3212 0.8679070531353098 0.86654817257707972 3.1276127399933675 231 204 53 1.0092614528472867 61 753 4 1323
3213 0.30293446835886906 1.8486551879060491 3.2090406886744098 0 1 47 1.4892086680294967 61 898 4 1333 58 887 60 931 57 1925
3214 -0.16896742581230029 3.0889681621005729 4.6493310489908657 225 127 148 0.95900352640442454 5 1883 4 1337
3215 0.28935470765999632 3.3512937528164106 4.6377762923207655 154 151 142 2.1710776281986188 61 602 4 1350 59 789 2 426
3216 -0.079472180407127405 1.8060154565375794 3.4374008235340083 7 34 103 1.5599524010581107 61 1019 4 1387 58 789 57 990
3217 0.92206724597286815 2.2582594791004436 2.8103785532472507 40 122 228 0.46418496117102243 61 2278 4 1397 58 2056
3218 0.2233967520610538 2.393813833651198 3.4914202637705642 37 43 26 0.87155293693396896 61 1550 4 1410 3 1414 60 2520 59 994
3220 0.84123267670839452 1.7698387600433871 3.6088276361179914 15 35 44 1.5338404741126703 61 1270 4 1430 3 811 58 1121 60 921
3221 1.7543373410594816 2.3335140801211414 3.5729259893899195 174 74 75 1.2939323160539142 61 1189 4 1435 3 1220
3222 0.88319893527781168 0.92818046485449357 3.0635434847183536 251 214 80 0.64837802968586933 61 973 4 1470 58 993 60 1225
3223 0.26419084830785144 1.1774347439570838 2.8576594924937258 94 8 19 0.89619567780061749 61 1783 4 1549 58 2217
3224 0.46560752881968592 1.4706686294120332 3.3024477441065581 55 8 0 1.3564749221411869 61 1047 4 1580 3 1091 60 470 58 595
3225 0.66894035573580168 1.5687532451686099 3.4218004817547576 107 67 0 0.43759805801573731 8 1881 4 1632 60 2709
3226 1.7706625394436051 1.0496457235242613 3.0095871715358116 103 21 27 0.26033955464377767 5 850 3 1748
3227 0.83020454661654874 0.93630970443736206 3.0752437211678756 254 225 77 0.7307376057330357 61 979 4 1709 58 994 60 1220
3228 -0.5681635498861598 1.1691184167008724 2.6896517585794455 54 56 79 1.0119442546497328 61 986 4 1732 3 629
3229 0.24418900535384649 1.3128561489513595 2.9670534223990881 151 127 141 1.7202577105722412 6 1032 4 1801 3 1616 60 2108 7 1743
3230 1.6776160437696239 1.261555671498811 3.3074753213652035 36 0 30 0.35784511686616582 61 792 4 1809
3231 -0.12538167334384637 2.2879727701222441 3.8744065512135046 239 212 215 0.8700935777899218 61 2270 4 1848 3 1409
3232 0.64401014629825581 2.3998279905698334 3.0929262440008003 51 125 230 0.50906043960254899 61 2322 4 1881 60 2556
3234 0.21661516446115689 3.2888835878035305 4.5542958344421249 64 87 105 0.86153160770557202 5 1077 4 1913 3 1576
3235 0.11547968083811003 3.0690704671711919 4.611894453848377 142 28 35 1.1499518301495932 61 1199 4 1923 58 720 59 1231
3236 1.1131389933898834 0.31045324295894267 3.2951594060743501 123 109 106 1.7249889545118562 8 1971 4 1925 58 1018
3237 1.1663611018532292 1.3039836220151613 3.2133795122746061 162 69 78 1.2409165178178398 8 1310 60 1490 58 1169 59 859 57 1181
3238 0.079911744737358001 2.8232854193322781 4.1991322377883673 157 45 71 2.050326672569593 6 1581 4 1945 3 1565 7 1870
3240 0.86642015368273873 1.7627893840375286 3.5358968188907762 121 149 170 1.6685181426382931 61 1006 4 1950 58 618 60 576 59 676 57 490
3241 0.026809466482614046 2.5463168089398138 4.225356298203474 206 238 255 0.11593737731694004 61 1127 4 1960 58 977
3242 -0.16897554358317327 2.8661718704983437 4.8100738423684497 142 26 37 1.4852403723884706 5 1476 4 1969 57 1760
3243 1.7925780173736849 3.2198377488057486 4.197589521421289 117 38 48 1.1305652007643159 61 1430 58 1691
3244 -0.0068893926380506057 2.8842008277764166 4.6832258752913747 214 103 120 1.4393860403392746 5 912 4 1972 59 1323
3245 0.1400558118583855 3.2188170381902124 4.6080646964999206 212 234 246 0.84763345431875792 61 1074 4 2000 58 754
3246 0.81937365666509743 1.7899083307287462 3.5877320960473345 213 226 235 2.3557961211794511 61 1032 4 2012 3 1536 58 671 59 674
3247 1.1682825052498065 2.081832643162477 2.6030873147894695 152 121 48 1.8634155200834848 8 2740 4 2018 58 1878 61 3060 57 2033
3248 1.1971469966800703 1.6186395246631706 3.5715408845197434 152 140 147 2.1472767254443008 61 1664 4 2022 58 1137 60 886 57 801
3249 1.3539921110502222 2.2458541494898148 3.3131097104412084 0 11 21 0.88703872062187161 8 2135 4 2077
3250 -0.070576918325611721 1.8585364578218064 3.4929987947812702 0 31 80 0.95366681779060747 61 1503 4 2089 3 1004 58 833 60 2458 59 1136
3251 0.21330906805913227 2.4837238707760387 3.4937700205591171 149 135 50 1.5609752053423547 61 1870 4 2134 59 1014
3253 1.453834652670517 1.4133176301399228 3.3365429200769325 85 85 95 1.2399757744901749 7 1589 4 2169 58 1938 60 3044
3254 1.7803243498086454 1.4814947975256947 3.2330474184453877 149 50 141 1.2240648205494715 8 1288 4 2172 60 2132
3255 0.27257919236943273 1.4227519697646693 3.0827995867383318 119 117 133 1.4637503192703598 12 2907 4 2181 58 1440
3256 1.3633308684450234 1.3600758514632467 3.114623791121526 173 174 202 1.9445273778336252 5 2324 4 2198
3258 0.92412066400865067 1.2579093562425034 3.2751308863755026 110 117 142 0.61260983922505818 4 2219 58 2585
3259 1.6363196447997375 1.3108613815806449 3.2376180094266567 130 106 128 0.75755019832308512 8 3552 4 2228 60 5141
3260 0.65908782150392764 1.5615198597993993 3.4099521139446263 183 148 55 0.55772999504034737 8 2421 4 2267 60 2715
3261 0.0050436979865977555 1.4726881748677079 3.27076264802567 17 26 83 2.4779527549161586 6 1407 61 2696 4 2314
3263 0.057934551817643058 1.1626320575767215 2.6369352854065031 128 128 152 1.4349144040298398 7 1202 4 2371
3265 1.4223952426391366 1.2327418596391517 3.161581843839758 125 15 36 1.637518137140183 7 1209 4 2450
3266 -0.51790032426818489 1.1782944593683322 2.7065100523773205 87 111 132 1.814087316583237 61 1775 4 2479 3 1322
3267 0.26646734649597631 3.3092881075471192 4.5447644142541908 138 134 125 1.7255940412028039 61 1942 4 2629 58 2189
3268 0.064747786542936961 2.6633996394902888 4.1999450926689548 120 142 170 0.88120649538591744 61 2272 4 2686 58 2614 59 2316 60 4705
3269 0.061318693108832555 2.6442159492506154 4.187412343550271 191 210 250 1.2229671505825392 61 1832 4 2688 60 2291 59 1765
3270 -0.060350022543560526 2.9076828676005411 4.738777593874155 245 131 139 1.3997134189495819 61 1858 4 2694 58 2119 60 1029
3271 -0.27783096786595429 2.8523429978114865 4.8581747007163205 241 126 135 0.78157587096189962 61 2997 4 2697 58 2117 60 1032
3272 -0.308128421781319 2.8349008360525056 4.8595415601504968 212 94 106 1.1894449846907382 61 3172 4 2698 58 1289 59 1326 57 1280
3273 0.93874858889030233 2.0614519737641328 2.9240239938823867 38 121 219 2.113208598598352 61 1017 4 2723 58 839
3274 -0.11257565298954236 1.61571919307627 3.3748605188577248 10 19 68 0.93666551128011799 61 1586 4 2766 58 1499 60 1975
3275 -0.094978282890143512 1.6445254554506139 3.3519890246043906 10 22 69 0.63231283385060122 61 1987 4 2808 3 1687 58 1141
3277 -0.34896687367274304 1.485260625703146 3.1552041662052748 219 205 194 1.1376654170394127 61 2436 4 3118 59 1415
3278 0.1923614720804139 3.4720682001621324 4.6179480627322915 129 134 138 1.8285488860582499 5 2198 4 3121 58 2875 59 3504
3279 -0.43036905310326595 3.1616641576154998 4.8432468638906832 174 166 179 0.91410956812691613 61 2444 4 3144 59 1214
3280 0.072130217132642407 2.4385711178576694 4.1197296648990651 127 106 117 2.0150865008263694 61 2217 4 3209 58 2880
3281 0.080402168635168345 2.4576284858039736 4.1135542346192908 41 45 74 1.0122830195135466 61 2876 4 3212 60 2266
3282 -0.051879729542831043 2.3082256433070207 3.9323083167997215 181 201 225 2.3825182248719003 5 1976 4 3219 2 846
3283 1.3890678649491379 1.2718640135856281 3.1764459869797332 158 54 69 0.89443676539337391 61 1619 4 3342 60 1474
3284 0.67193272806131354 1.2872646562477248 3.2289598254781757 123 135 157 1.1870196400446937 61 2610 4 3360 58 1427 60 2144
3285 -0.031936564059618186 1.0383102660631287 2.6152455684319187 133 149 154 1.2520104334617461 61 2770 4 3427 59 2893
3286 -0.14632234324046001 1.0476071488488059 2.5931916307329921 176 201 221 1.9102073674692757 5 1699 61 2769 4 3428 3 2376 58 2884 60 3975 57 3208 7 2199
3287 -0.43486497905688354 1.128512000632321 2.7701423980140252 0 0 0 1.30117959845794 6 2500 8 3429
3288 1.7529107349313819 1.4388007944632508 3.2133168407455983 214 119 211 0.82752107562032184 8 3250 4 3601 60 3013
3289 0.25339046503843993 1.3779127830014126 3.0960354332549938 58 5 11 2.2388137306766138 61 950 4 3604 58 1188 59 1571 57 882
3290 0.60688253961455951 1.5083091566935423 3.4076885047043666 186 143 108 1.8836704827331727 8 2444 4 3815 59 1416
3291 -0.32606059373339208 1.219826917583356 2.7653843569403875 143 117 144 0.7307806032030536 61 2570 4 3988
3292 0.12225621218014375 2.6156333526322522 4.1363815776723492 156 161 191 1.7280322989759305 61 2962 4 4030 60 4791 59 3183
3293 0.022119811898039753 2.5589801544441406 4.2493650504775538 57 66 91 0.71476374130500542 61 2267 4 4032 58 2717
3294 0.16234478757550672 3.0179883715139137 4.6308047342383167 179 78 90 0.99902706419108078 61 1877 4 4188 58 1681 59 1846
3295 0.24881755906058864 2.4248970622107344 3.5032259313732745 21 38 111 0.62716426695483463 5 1982 4 4341 57 2106
3296 -0.23109409081083704 1.5319823852959182 3.1805124148783115 130 89 19 2.0979755786841503 5 344 4 374 8 489 7 397 12 280 9 359 15 237 61 348 60 326 59 349
3297 -0.51305446323484216 3.2410337020111424 4.8818382161286644 53 70 80 1.4564754486143383 5 1080 4 1351 8 826 13 830 9 655 61 1079 2 669 10 1029
3298 -0.075669754637762793 2.6207153100486931 4.2269135363760082 160 60 84 1.4073087948977958 61 83 4 74 3 71
3299 0.18640059036159173 1.3181924383305481 2.9885992712042966 38 10 6 1.4971648049860136 7 142 3 82 8 168
3300 -0.62314991594771674 1.2501286681055068 3.0968792056842331 0 0 0 0.85560597416956896 6 276 7 709
3301 1.6646769682950393 1.0830953819825579 2.8836307784958293 153 47 61 0.45304907747578338 11 562 57 889
3302 1.6889883462272153 3.1507800175750416 4.3090655433823084 92 81 73 1.0199053342203375 61 572 3 490
3303 0.70982470032601241 2.5740440093308679 4.2743938346853243 0 0 0 1.2156828496657939 8 1049 14 4007
3304 0.85926169951968168 1.35952447024639 3.2068802925974813 147 159 183 2.0829878591416766 6 2207 4 2142 60 2128
3306 0.20335264941496156 1.3062954264476765 2.9699178388868774 42 4 4 2.3109169111381069 5 0 3 0 2 0 4 0
3307 1.6705488918079159 2.9852506327612081 3.9512325340308894 105 15 24 1.3755249555274569 4 3 3 4
3308 -0.15987634805424628 3.0153693042596394 4.2096766431458681 137 40 41 0.62081825490499909 4 5 3 7 1 7
3310 0.21332253475251486 2.2716713069545089 3.4234765592227183 19 19 25 0.47682742536412648 4 7 3 9
3312 1.3167839834680737 3.0438413819932668 4.6139434367707199 86 75 71 1.9397632586822207 4 13 3 14 58 8 59 10
3314 0.020432504927962652 0.96971322005187344 2.6097606760108496 226 188 53 2.8119953314239332 4 18 3 19 1 6
3315 0.29792354331857307 1.6939869266304752 3.2256828328769891 214 188 77 2.4236175313750561 4 31 61 28 3 25 1 23
3316 0.26470504192185607 2.2566894643302851 3.1888350279433806 4 10 28 1.0391864169442191 4 32 3 32 2 31
3317 0.31839615365997387 2.0617557815769136 3.0937101452260944 197 175 74 0.7950246453389368 4 70 5 54 3 33
3319 0.083026850811489583 1.0147375970672834 2.7525073322726441 164 149 109 2.2814084590130221 4 55 3 36 57 51 56 59 60 54
3320 1.7757449914699071 1.2495243000044127 3.1336546051414724 50 6 22 1.9610420432514761 4 38 3 37 2 45
3321 0.89852413773547846 1.8186414742464259 3.5066567036838654 222 199 130 0.77830373242878592 4 42 3 41 1 52
3322 0.51600948462978846 2.0241731015787936 3.3823770913448046 5 16 36 1.1575352087820052 61 41 2 30 5 39
3323 1.7690111495807512 2.8606741910146214 3.9276030323369766 67 6 6 1.2965539443926266 3 48 58 72 59 55
3324 0.81938047025341432 0.64048630550347652 3.7686942532919385 196 115 98 0.69222559213138923 4 58 3 57
3325 1.4478658382349141 1.3599877671698926 3.2266040683959694 82 14 14 1.3214435588050106 5 63 6 78 3 62 2 59
3326 1.9734002266069341 2.7458544910435085 4.0569717831114005 83 14 17 1.686937755666331 4 75 3 72 58 156 2 90
3327 0.69011965686246668 2.5311974230728 3.1181314639317432 221 198 95 1.0972084680284717 4 78 3 75 2 93 1 87
3329 0.068959556934915053 1.3570493045187664 3.3109427486121783 152 133 126 1.0482996009232934 4 123 3 88 2 170 1 106
3330 1.5555991130481004 1.7469718013319944 3.5932465872592458 182 154 103 0.35059756639628376 4 117 3 91
3331 1.052908106642845 0.73175939127507406 3.1814766664751888 163 111 0 1.4682296444032776 5 202 3 99 2 120
3332 -0.2058819893175062 1.0543213041678432 2.5981180330680389 50 79 97 2.2053155120265449 4 101 3 100 2 117
3333 0.81148664369712109 2.1998023017889046 2.9442032742816475 0 54 161 1.2760958903759472 4 163 3 103 59 89
3334 1.6102958779189545 2.9419683836169286 4.6348422951030113 87 73 73 1.0677939365342906 4 159 3 108 58 106 57 128 2 176
3335 2.0631114946892803 3.0413297515578752 4.1920642446406333 165 63 84 1.4764464663486347 4 103 3 109 57 129
3336 0.70425238165928961 2.1549357627454735 3.2317890737027106 21 98 204 1.9640609672781786 4 114 6 112 3 115 5 135 2 154
3337 1.5409366431632954 2.0027212282149529 3.4552886409922277 167 62 76 2.1808450256090572 4 130 3 119 2 150 5 137 1 133
3338 0.6408722021091936 2.5199080523198676 3.326493946363819 89 80 73 0.92714202856390981 4 111 3 122
3339 0.92722317631288875 1.2741137537826059 3.1945482699481675 169 184 205 1.7953553564481948 6 141 3 125 56 171 55 150
3340 0.25125167494486383 1.4454309728198631 3.2091176077870314 106 56 33 1.7001459169771613 4 124 59 207 57 185 56 185
3341 0.87893884634763375 1.5604301337580397 3.5047947211153492 152 111 30 1.5292838614311801 6 132 3 137 60 116 59 210 57 180 2 111 1 131
3342 0.73294252867510301 0.59380649767953353 3.3148786524826601 229 193 62 1.0247130920145469 4 326 6 203 3 144 59 168
3343 -0.1560643922953654 1.1220523739175008 2.6868635849786506 31 18 24 1.3582518431271129 61 182 3 153 58 148 60 159 59 108 57 161
3344 0.51133400006373952 1.0992375379019741 2.905554256134868 217 189 44 1.8606160615174179 5 372 3 156 1 67
3345 1.5666628481159377 2.5348636333798558 3.4250164181220035 137 137 149 0.71476376095568295 61 133 3 160
3347 0.077872284466478398 2.8247855492948455 4.6082100491604407 128 21 37 1.7616486433198009 61 400 3 167 58 349 60 270 59 255
3348 -0.057375874631364537 2.2630890261299639 3.9018862520761117 16 29 41 1.5318964558260117 4 165 5 301 3 168 2 245
3349 -0.46898340944563988 0.94985079405958195 2.9289893500225084 204 229 249 1.6986090871726756 4 135 3 174 1 45
3351 1.0392853963242146 0.56770191090745603 3.28066064693324 228 203 49 1.0404508113794215 4 188 3 201
3352 1.491922879377209 1.2223775184727028 3.2030967073738656 0 0 0 0.046210666203485247 5 323 6 322
3353 1.3396249951506325 1.3103516215904181 2.9575060899254293 0 0 0 1.4165886288193785 6 211 9 216
3354 0.15151835674827793 1.1806902457041861 3.5173427642293857 30 0 0 1.5648452687525509 4 309 3 227
3355 -0.27348240499986337 1.3903696437676836 3.1320790903027063 125 107 87 1.4725009135359775 4 302 5 245 3 228 58 132 60 144 59 243 57 184 2 240
3357 0.59288115184073364 0.62480684508640372 3.0478585606641215 183 137 17 2.4758459011976517 5 208 3 235 2 227
3358 -0.085262320910503717 0.79875806519068837 2.8029188157012404 223 205 120 0.65518930781717444 4 211 3 236
3359 0.17882316494922487 0.85065014397709959 2.8544423521940825 118 79 14 1.4468247104049856 4 307 3 240 2 194
3360 0.13014755980241208 1.0304068398242752 2.7480079757563853 110 106 95 1.4526876718966413 4 216 61 178 3 245 58 239 59 251 57 296
3364 -0.08571856303639748 2.1791645794002599 3.2367998422230144 5 109 213 0.65376262836009069 4 269 3 303
3367 0.20583577437124828 2.0550725401909733 3.1850205022208313 69 149 201 1.4738825693491022 4 264 3 312 60 292 58 313 59 331
3368 1.0262718904723949 1.4323123008953238 3.287985340862885 77 16 38 2.9875704672031032 6 509 14 278 3 314 57 500
3369 0.72657276611538291 1.335761294167398 3.1918426644930022 119 56 88 0.66977322137932704 5 326 6 491 3 319
3370 1.0843319212459113 1.4680168096610531 3.3957472992079305 0 0 0 0.36834255067929822 4 387 61 479
3371 1.1620780973328817 1.526664135610813 3.4378157346238942 185 144 69 0.76108193490645171 61 452 3 340 59 342
3372 0.67262597672313806 1.6035781721701736 3.4620408948755492 81 31 0 1.4544287854294726 3 343 58 337 60 330 59 365
3374 0.63396314894489492 1.1240354004126494 3.1185049325299254 176 88 79 0.76116344193422847 5 314 3 367
3375 1.921779064791741 1.1583885063768071 3.1240491819884229 0 0 0 0.22039695592133102 5 222 6 319
3378 1.9720508022723768 2.8764114276881614 4.1009400887065572 124 35 41 1.3347431665617104 61 397 3 402 60 365
3379 1.7517075374866102 3.2560276907794159 4.2559416481230015 128 52 58 1.5359006342850241 61 299 3 406 58 159 59 196 57 163 56 144
3380 1.7735996476224249 3.5233342681811131 4.1608205122398578 156 148 145 1.447007643821254 7 440 61 409 3 411 58 359 59 430
3381 0.25180872513081698 2.1398882733743503 3.0389003555083938 5 80 170 1.0820806186111909 61 1115 3 439 58 768 59 605 57 366
3382 0.88973690416201101 2.3312915649393311 2.8833967353069894 37 48 114 1.452678336409188 5 352 6 378 11 458 2 320
3383 0.99797838504368563 2.1562458003083331 2.7735620878973903 116 79 25 1.5549910773597131 61 359 3 445 60 400 59 456 57 387
3384 0.83911753001104794 2.2989219557916871 2.832142858950141 176 237 255 0.82222569442128535 4 508 3 453 60 875
3385 0.7730604033940458 2.290905807892369 2.9404465527800756 132 195 255 0.5858525488351688 4 1104 3 454 59 844
3386 0.11836050744346012 2.9534896463407803 4.6946942322138447 166 61 66 1.6095660399938547 4 514 3 481 58 352 60 376 59 423 57 411
3388 -0.46294348919217604 2.9333582232534994 4.7529542354082555 178 160 148 0.46565738027645459 4 362 7 431 3 492
3389 1.7416136676362359 3.3623898366750908 4.2777104581989081 149 144 138 1.5697579562914266 61 407 3 493 58 356 59 424 57 415 56 298
3391 0.66513956643987482 2.4136348424229195 3.0356934685197334 29 110 215 1.4165782535264992 4 550 3 504 60 844 57 780
3392 0.48567794499009076 2.3961010146164252 3.2582951958844397 20 108 211 0.95177162868186105 9 507 3 507
3393 1.1257261977853954 0.96989699756664471 3.2441087404849895 114 27 6 0.78008297124557713 4 404 3 520
3395 0.59009594583910341 1.1382658536366461 3.1729388294286567 172 96 40 0.98695653056307897 4 920 3 546 1 369
3396 0.45697348374598812 1.4551489139122584 3.1874829514914644 77 12 8 1.4057690299449481 61 678 3 559 58 440 60 660
3397 0.43790603230395181 1.4164930195133749 3.2876793202770944 112 128 141 1.4385278703386752 4 488 3 560 58 412
3399 0.29151501173665317 1.4812651572247604 3.430803840731548 23 15 2 1.6995671341374856 4 564 3 574 58 332 60 650
3400 -0.57890158738672148 1.2895795044143372 2.91837699018983 165 145 148 0.88832116487966439 4 282 3 581
3401 1.0050998312680968 0.47790227088802467 3.4351417045745332 138 126 109 1.8092851707835471 4 428 3 594
3402 -0.48067189975112851 1.5168012585807256 3.3057305465839915 199 178 93 1.6398084319932118 5 1414 61 711 3 607 58 453
3403 -0.419444008071299 1.5486119815105892 3.3449856783323231 150 129 62 1.2021599638200844 5 512 3 612
3404 -0.31090462542180786 1.5582328733542004 3.1662378379536236 147 114 17 1.6648846886482229 5 710 3 624
3405 0.99677836938664588 0.88565180678298594 3.1662551711972067 224 179 61 1.157236675262332 4 929 3 626
3406 0.21982044827788796 2.8825596560219302 4.1418235300443857 162 42 52 1.2448772305733695 61 817 3 661 58 1291 59 761
3407 0.11637657955864583 2.7799873627754352 4.0882788141569604 189 70 90 1.3252345984512495 4 520 3 663 59 416
3408 -0.16290417531296447 2.6129446538528525 4.631786503006901 151 86 90 0.79007959472128297 4 521 6 601 3 664
3409 -0.059324175784912697 1.369630170717002 3.385245898790548 136 98 36 0.94822557885739711 4 787 5 527 2 421
3410 1.7949117551649467 3.4434856227975916 4.1935440370213231 178 203 223 1.6815917072411235 7 955 3 688 58 537
3411 -0.2332549303593652 3.1846122060768631 4.6433246921312543 168 161 153 1.9635368299426896 4 995 3 689 58 751 59 793
3412 0.1858955243025642 2.1044725644218829 3.0865171995102352 39 126 204 1.4255904709133755 61 1088 60 1717 59 814
3413 0.37412595011937944 2.2482829871143668 3.1450371728124948 2 55 152 1.3234347348279063 5 660 3 713
3414 0.42535518450964216 2.3146389280872981 3.2459315176367114 0 17 88 0.88232733802017749 4 706 61 924 3 722 58 808 60 860 59 835 57 777
3415 1.2690252305126408 1.4343471322578103 3.3772709654609434 79 62 66 1.5369716748418867 61 677 3 749 60 668
3416 1.7529672234005811 1.3282787304895651 3.2804559018077515 193 102 180 0.92591402085619878 4 797 5 1011 3 755
3417 0.32219428098220193 1.8775427855824964 3.2228089711960104 207 191 109 1.6355796740350939 6 599 3 768 58 551 60 568 59 410
3418 1.8016273400970733 2.0809927333983991 3.3330423528437532 123 40 36 0.76028518841226556 4 1393 60 928 61 1485
3419 -0.0083528816078460473 1.5986263523458366 3.2849716619247964 0 0 0 0.39086943378671141 4 853 5 671
3420 -0.23974872668271674 1.1228287986319525 2.663606704962199 67 99 120 1.4464013867391621 4 1460 60 975 57 1187
3421 0.1480740059681793 0.7534678775573117 2.6169987867261653 113 107 66 0.8798565357894943 5 1069 3 807
3422 1.8023881782567464 1.155819242616241 3.0181868001833507 119 123 163 1.3091244654008518 4 403 3 815 60 301
3423 -0.10554573843107141 1.2807025681046924 2.9753998694859014 61 1 1 1.7546394305643498 61 791 3 817 58 677 60 494 59 730 57 543
3424 0.45798409525087985 1.2428984772122078 3.0048111383726606 0 0 0 0.30064955242125135 6 628 14 727
3426 1.9239364512307997 2.9535875155817042 4.1904916138671 82 6 10 0.063604305189358806 5 909 58 1297
3427 1.9735452967791975 3.1357516061682986 4.3208817422275905 71 59 48 1.1356351079095985 4 1011 3 847 60 2287
3428 2.115619646205408 3.258693512957564 4.2313230872051433 19 12 2 1.3546843717234911 4 1016 3 893 57 749
3429 0.43580921262778749 2.214137807632421 3.2545172725461682 62 139 229 1.1090143421153935 4 1075 3 898
3430 0.75042562414351377 2.3231220518164424 3.0007245269171037 31 89 173 2.8802262709887425 4 2080 61 1171 3 899 60 1693
3433 0.17127638141051937 2.4710158670628002 3.6160003048937592 22 35 77 0.52694579372351213 4 662 6 1180 3 931
3434 1.6933779753767468 2.5766526567318051 3.6810214491718991 96 96 108 1.2442270661014474 61 915 3 933 60 1171 4 974
3435 0.16989806420334122 1.2812296123034856 2.7915586806259634 236 158 163 1.473920804493299 4 1512 3 953 58 1060 60 963
3438 1.1280223514218917 1.5110209787914706 3.4458368325289546 147 106 55 0.88871755389171203 61 1225 3 996 58 1100 60 1006 59 1095
3439 -0.49061565360320208 1.1603134300500539 2.6879577510465467 116 134 148 1.0269880043768218 8 2024 57 1630
3441 0.40465116027853715 1.6745714545506083 3.4458615793337262 145 129 96 0.98375240532743069 4 2786 2 573
3442 0.61643870511743137 1.4810290014106648 3.3106451829349495 33 27 21 1.4291157242510437 4 1233 3 1089 60 1005 59 1093
3443 -0.022694602003551057 2.7804429529974306 4.225296009167975 166 197 208 1.0013596934588513 4 960 3 1118 60 1054
3444 0.21454988215155307 2.4061471044491096 3.503583342191936 123 118 117 0.61943537309122798 4 1413 3 1124 60 2513
3445 1.762399846999738 3.3841471789887394 4.0933058112965499 141 175 197 1.7868997612068593 4 1921 3 1160 58 1239 61 1070
3446 1.7286758714177648 3.3480655620058539 4.1812490806482101 143 129 126 0.33686063909518654 61 1402 3 1163 58 2126 60 1506
3447 0.79173491151621622 2.2196932022293172 2.967202894369235 1 83 189 1.3963544173726035 4 1043 3 1186 58 767 61 890 60 869 59 815 57 756
3448 -0.099160550838894565 1.6565464167295048 3.3638733884204055 131 140 157 0.85488740408336739 61 1293 3 1193 59 948
3449 -0.022953276739864539 2.2021262597864579 3.9315487040388302 16 0 26 0.75532171583211649 61 2034 3 1208 58 1372 60 1176
3450 0.51400959680999514 1.1904850650169418 3.039533665464305 83 14 1 0.89997068952431458 4 2424 3 1283
3451 1.1547720196641047 1.4870793664200128 3.3803975690574375 135 96 27 1.1912278119473989 4 2319 3 1327 60 3003 61 2175 57 2801
3452 1.2174849815074722 1.5289133240565911 3.4004293855613583 186 150 56 0.083242872503363458 4 1247 60 1454 58 1392
3454 0.19348039829004349 2.4171887180376479 3.5464270942223699 129 126 144 1.3997361085805722 4 1849 3 1406 60 2508
3455 0.20211538080740768 2.4084305370072006 3.5347897518670948 42 44 39 1.1846554440540007 4 2612 3 1408 60 3500
3456 0.024239439875851188 2.5780952082199415 4.2367324405611386 167 176 199 1.1622792273205529 4 1957 6 1187 3 1435 58 1614
3457 1.4644903198439032 2.3729246416280936 3.4091181533928374 140 53 61 1.3728154017605594 4 1436 3 1443 60 1636
3458 0.087809011683422075 2.4264913436987308 4.082907842581819 22 1 5 1.3836127894819577 61 1873 3 1446 59 1750
3459 0.15290418168167161 2.4221826560799133 4.0637981182707223 91 111 144 0.98014360779578702 61 1178 3 1447 58 1273 60 1149
3460 0.016550914891742759 2.0231084471123757 3.1796041379068267 0 58 161 1.1746302287106032 4 2104 3 1460 60 1143
3461 1.4985821238685666 2.3666634764085943 3.4447436344795008 93 34 38 2.1528184788301745 4 2591 3 1481 60 2435
3462 -0.096868869510414568 2.1128759748929897 3.3028365093382486 126 142 183 1.5714031395927364 6 2027 8 2334 3 1499
3463 0.91146269218211518 2.0770450277488783 2.7913666970576547 203 207 184 0.85938768253101738 4 829 3 1529
3464 1.7233801411948866 3.2158555736643719 4.0453595775600464 148 48 60 1.0649754475703992 4 1284 3 1563 60 3145
3465 1.7686175737985574 3.3322324402869081 4.1373809422139818 136 162 184 1.0941061859190717 4 1934 3 1581 58 1284 59 1331
3466 -0.060570662841405006 2.4419656085667403 4.0775873730924941 193 106 119 1.5026666075238406 4 1854 5 1454 3 1609
3468 0.77117104947002979 1.5216754839290156 3.4589718770403066 112 73 5 1.4388740711199779 4 1642 3 1714 58 1481
3469 0.70712262346438393 2.7339395281252745 1.0986451960374553 153 101 53 2.2748220281468736 4 3522 3 1728
3470 -0.15214307647546796 1.1168715948676728 2.6309441665607967 97 117 144 1.8568621818883007 7 2519 3 1784 59 1496
3472 -0.41706725162033781 1.2620472475335704 2.8064776536852847 115 26 36 2.2495844714138751 5 2763 3 1854 60 2114
3473 -0.10878195460569395 3.005274924456268 4.6823184929871227 147 43 50 2.060735097742453 4 1289 6 2705 3 1884
3474 0.1880575174455372 2.5107619207227478 3.9765523150347342 119 122 160 1.3985087037713375 4 2526 3 1886 58 2908 59 2343 57 2877
3475 0.020329849616242627 2.3238802062277122 4.1015374885153104 98 18 38 1.0600122019966065 4 3241 2 1328
3476 0.19598851224324798 2.5073386660993724 3.9546931568556563 212 212 255 1.2915793791411496 4 3186 3 1900 59 2345
3477 0.15484584327231085 3.1224284676134477 4.5651257764685056 192 191 197 1.3946351145440528 4 1335 3 1951 60 1041
3478 1.3118997827893737 2.4329519913985167 3.4046559694891334 153 57 58 1.1563017935489683 4 2582 3 2043 60 4253
3479 0.42153600443024497 2.2938416446134879 3.2404840946474205 41 95 193 0.91787518400825707 4 1433 3 2094 60 3301 59 1024
3480 0.08578002357869384 2.6961494763974359 4.1997802949152847 206 233 255 0.019850783937781301 61 2277 58 2152
3481 0.084639835755925694 2.5751674163027101 4.0326614222111843 114 136 160 0.86534203823255629 4 3217 3 2107
3482 0.040409866579560666 2.8255146140838483 4.1898408792457769 0 0 0 0.1789119110304932 6 1977 61 2254
3483 0.040879576312796727 2.7748925444023769 4.2413914109678528 129 125 145 1.445202660988385 4 3285 3 2150 59 2301
3486 1.4655826725063084 1.1175961447106983 2.882785279919577 157 55 77 1.5248865860115304 6 2141 3 2393
3488 0.31929247150422191 1.1485993264366015 2.8408279597117647 111 125 140 0.64451517902764521 4 3455 12 1940 3 2436
3489 -0.025775482473258123 1.8349312798767581 3.2606128058293464 46 134 234 0.21310721517347408 4 4127 3 2652 60 2833
3490 1.189904583939021 1.4291029285416734 3.3013360244842427 139 136 147 2.1566102825937676 4 3156 8 2581 3 2766
3491 0.081604476061576461 2.6958505129446908 4.1651638682104837 109 129 166 1.7791335869220148 4 4015 61 2936 3 2962
3492 0.27105828115845765 3.3335984900339493 4.6786248868144114 128 124 115 0.13106449629362013 5 2775 3 3024
3493 0.68151341651598485 2.0254789078392803 3.395164752804682 206 182 53 1.5384765283971031 61 96 4 175 3 183 8 150 10 176 7 119 11 181 12 157 13 214 9 180 14 240 6 124 5 190 58 67 60 85 59 90 2 151
3494 -0.46337335410467845 2.9928418798728806 4.8473539586024526 119 49 52 2.0504818770705282 5 621 6 1169 61 1202 4 1920 3 674 8 475 12 1097 13 1079 17 2518 60 1044 58 1656 59 1804 2 507
3495 0.35824939625330759 2.1980690882420397 3.151170993563531 36 77 131 1.9280097907072198 61 425 4 355 3 438 9 269 10 234 15 307 8 625 7 458 11 376 14 369 5 435 6 570 17 308 57 784 59 600 18 298 19 332
3496 0.62695689287702605 1.5087084901022887 3.3684150783746354 194 155 53 1.1818203095289725 8 407 10 285 7 364 5 345 6 295 3 338 61 346 4 375 58 283 60 217 59 344
3497 -0.10548414462414669 1.1339714573955568 2.675761445210465 25 74 78 1.2208050583646428 5 493 6 435 12 470 14 747 3 381
3498 1.6902818166112532 1.1692114660537185 3.0075107263958709 41 18 23 2.7391475457404981 13 454 14 272 17 296 61 785 9 425 11 503 4 589 3 535 7 517 2 413
3499 0.95912158798942915 0.69880171489470055 3.3077142146704999 214 188 43 1.5397153325405979 6 7 59 8
3500 1.9597519287293035 1.1887521521317792 3.2212280425577671 175 200 235 0.6789196086995668 61 234 56 438
3501 1.5798656289118891 2.8471665421879053 3.7087913293371817 126 34 37 1.0413833314313887 4 490 60 518
3502 0.63874579443052037 0.85844276456296797 3.1586317939979724 166 120 1 0.1023659629347098 6 787 3 840
3503 0.37415592060904057 1.3500412205545027 2.9409949155004593 58 2 1 1.5671574941603192 7 1311 3 1079
3505 0.21298784365522136 1.5453819603125327 3.2919864916204808 0 8 60 1.0913183309670804 4 1930 3 1358
3506 -0.43876127769808992 1.1559345505151559 2.6796225456999907 197 192 201 1.619802202996651 7 913 13 1450 15 1391 17 1727 61 980 4 438 15 3603 58 1154 60 987 18 1080
3508 0.62491528328451362 1.7818009559741934 3.5052504579957131 5 9 12 1.4893301532539986 61 17 58 15 59 17
3509 1.2445508397794895 0.52857714010508972 3.3250687451415373 160 104 21 1.1261438374855219 61 20 58 17 59 20
3510 0.995403998251982 1.1398442612595003 3.077080521519731 71 6 0 1.448104760364441 5 28 61 22 58 20 60 27 59 23 57 29 56 24
3512 0.11932073409825154 2.2896429070420683 3.8448366872731983 45 3 0 0.95451170888760373 61 56 58 46 60 51 59 51
3513 0.91515900910332415 1.72443869413086 3.6141715681658355 174 204 211 1.5910501318303172 61 107 58 53 60 58 59 84 57 53
3514 -0.065170466284934628 1.5361937573818534 3.2029227360841701 0 0 0 1.1795062385178097 61 73 58 55 59 45 57 44
3515 -0.35339095334443438 3.1061025886517575 4.8999252412246195 88 31 20 0.95104402984163838 61 87 58 68 60 73 59 79
3516 0.40622401150362747 2.8166144252308882 4.5795566896100475 57 23 14 1.0866305722472902 61 61 58 71
3517 0.81287740784633844 1.9971372971732464 3.1484208033714656 228 199 59 0.64166106454552496 61 52 58 74 60 72 59 93
3518 0.69288363831245103 2.3882548790703524 3.1941553500168642 16 97 205 0.62537257845238081 61 92 58 77 60 71 59 86
3519 1.1439018480462468 1.5684131131541241 3.6469750673121242 66 12 10 1.2954232999372235 61 104 58 81 60 95 59 133 57 145
3520 1.4100094467716224 0.42206895410174428 3.395427141719821 149 97 26 1.8075849428266195 61 69 58 97 59 112
3521 0.00092055159790515716 1.1667594552323721 2.6256483930691701 6 15 20 1.8435654602052107 5 167 58 100 60 105 59 109
3523 0.62148856682805098 2.5197918432809101 3.2652585025019758 68 49 28 1.2911757577855536 61 132 58 108 60 118 59 120 57 134
3524 0.096004818971667655 2.2351484178473209 3.4661076114496296 12 92 191 1.9517351577540119 61 214 58 112 59 188
3525 1.5895279869215129 2.1379443963530891 3.5148060832154466 69 4 5 1.1358279299871412 61 94 58 116 60 124 59 129
3527 0.99552728792393763 2.0072773110296409 2.9086432239293551 228 206 87 0.27982715744180914 61 207 58 164 59 320
3528 -0.15390875787903832 3.1554497583829617 4.6872826270096057 221 251 250 1.4258549221144685 61 199 58 165 60 176 59 224 57 226 56 138 55 188 53 89 54 64 51 74 52 75 50 110
3529 0.88562805462696725 2.3996756235470609 2.9824913138244953 224 184 78 0.9929873598929686 61 216 58 180 60 182 59 186
3530 0.11093591961096391 1.1778402255742604 2.6960622088696686 96 7 13 0.6911475874282913 3 253 4 208 58 196 60 161 59 272 57 299
3531 0.22502208158653367 1.2738718169100378 2.8853704246588827 114 17 22 0.65203542624276967 61 232 58 201 60 204
3532 -0.26242926677777995 1.3417075153499554 3.0397155527559883 159 135 107 1.0397517729605661 61 383 58 208 60 390 59 239
3533 -0.35700401023006112 1.3242803046157043 3.1586082164068756 73 75 69 0.80291245195540117 61 240 58 211 60 143
3534 0.7990068820424443 2.0285572445550795 3.192960248454642 222 196 55 1.0363362916990329 61 433 58 221 60 285 59 327
3535 0.81948215839645411 0.97719070005941422 2.9831446086524704 230 172 34 0.81990119830039543 61 270 58 243 60 239
3536 0.81627807332988744 0.94649310011219223 3.0852086199759481 236 177 47 1.7873925208074475 61 181 58 245 60 228 59 140 57 120 56 156
3537 0.16041428904798635 2.3662677614999543 3.9252973928299117 155 175 197 1.4909896959700641 61 592 58 260 59 394 58 582 57 156
3538 0.14689221995995577 2.4524230981273827 3.6022298942991955 15 40 97 1.0498401336485439 61 288 58 263 60 262 59 284 57 425
3539 1.7349597417447866 1.5957466021167979 3.4820653698463646 102 11 81 0.99134584049372343 61 248 58 282 60 282 59 246 57 251 56 348
3540 -0.45193193962153844 1.3641099028522623 3.407458427766076 141 71 1 0.5020202858141678 61 163 58 284 60 219
3541 1.6642591314674069 2.0177383931364297 3.3459834384087661 178 60 60 1.5091598833312247 61 317 58 296 60 398
3542 -0.093597267722866764 1.810546526479029 3.3892947884140687 6 51 141 1.6140753312870164 61 308 58 304 59 324 60 404 57 382
3543 0.95594548987355388 2.1349329008209463 2.7716366041107352 220 188 90 1.1688246288840263 61 318 58 307 60 366 59 322 57 343
3544 0.64252379360203871 2.0921057132607674 3.3411938357977697 228 190 55 1.557641843759239 61 664 58 314 60 578
3545 0.076857215682283153 2.1130612310459407 3.1856123670022476 143 224 252 0.54304708781129085 61 423 58 316 59 381
3546 0.33875174009304543 2.1586503141653104 3.1332957070243315 5 12 40 0.89711390299299132 61 326 58 317 59 604 60 595
3547 -0.53306603897928129 3.17796401989479 4.7850882129674197 223 253 255 0.66319430548893432 61 302 58 320 59 301 60 277
3548 0.21867532127436279 1.5970999293022861 3.269875962758928 90 159 243 1.326975512140347 61 506 58 326 59 312 57 275
3549 -0.088687406730994484 1.4976268530790293 3.3288617839809951 11 12 69 1.2858523023530692 58 333 60 427 59 351 57 474 61 247
3550 0.86702407301066931 1.8008004463640583 3.705206836563705 0 8 10 0.56971563394403513 61 449 58 343 59 411 57 388
3551 -0.20061014493002549 3.023594674701533 4.888501439817869 161 143 126 0.80756810503086973 61 616 58 345 60 379 59 427 57 333
3552 -0.14208049156080016 2.5948439070278737 5.1464062517314311 189 71 87 1.1878668124496929 61 416 58 347 59 294
3553 0.13550823359067285 2.8833863226151872 4.1702646302424862 171 43 42 0.15684124975173697 61 402 59 419
3555 1.2897703528848135 0.95723967627247408 3.2038566126426677 184 64 65 0.93408824307025273 61 465 58 363 57 294
3556 0.68680496486862019 2.4202333129193647 3.185021093711859 10 63 157 1.010525295916272 61 256 58 369 59 293
3557 0.52813768330899291 2.3614058499325874 3.5000796298502452 19 99 191 1.8821315726242407 61 434 60 424 59 589
3558 -0.044437011672225364 2.5373747551284378 4.242201527629673 188 63 65 1.297986286512544 61 392 58 381 60 369 59 466 2 406
3559 -0.59326688386214976 1.1528124690258801 2.7540743240052565 211 140 148 0.69499907049873899 61 364 58 389 60 360 59 445
3560 0.15973571370428866 0.97936997535984649 2.6426236967601326 198 140 41 1.4928973632885549 61 536 58 402 60 307 59 518
3561 1.0136009644917083 0.60225618280586179 3.3898994969095697 237 194 27 1.818759418368179 61 473 58 403 60 229 59 306
3562 1.1815353970079032 1.4991240288449821 3.5765744471403451 108 58 13 1.8714318177739835 61 513 58 408 60 320 59 335 57 264
3564 1.7814175863934603 1.4277722268274737 3.3113666900809338 0 0 0 0.074317368374474418 7 566 61 387
3565 0.41233238582703147 1.0606581730601579 3.6672158396662047 0 0 0 2.1464670738028815 3 224 4 300
3566 1.3254283808723319 1.4316898262133206 3.3883503204809311 159 136 127 2.2170998295998539 61 343 58 442 60 435 59 531 57 486 56 256
3567 -0.34540952594334945 1.2642511313554035 3.1477924398235517 146 130 114 0.65836957089211456 61 495 58 447 60 437 59 369
3568 1.8415952201046994 1.3934222273143089 3.2261056247754185 162 54 137 1.2252672439047059 61 382 58 448 60 503 3 225 57 572
3569 1.7726032814061827 1.7098369647453318 3.3105112879898515 255 200 179 1.3715596771586183 6 1373 61 1062 58 454
3570 0.046403011095461535 1.584481292668444 3.2294865913227189 0 39 127 0.72287607830943301 61 497 58 455 60 328 59 352 57 396
3571 -0.34993878674318535 1.5324397520312767 3.1892532225195693 227 204 98 0.72972966618774648 61 512 58 459 60 458 59 481 4 567
3572 1.773457375734115 1.6245646596604058 3.4254746298697918 182 82 155 1.2666989020407309 61 732 58 461 60 468 59 487
3573 -0.56990457929017979 1.2939055327942199 2.9185236839693145 151 140 125 1.3698535990305238 61 793 58 462 60 443 59 863 57 618
3574 1.7593251036345703 1.6453138873124984 3.3351136324404274 140 44 133 1.908822199658232 61 733 58 463 60 345 59 343 57 461
3575 1.0512595958289643 1.5126926070651967 3.4299978298288187 135 83 31 1.1793894121801636 61 518 58 464 60 469
3576 1.3714264874428308 0.83170232870756289 3.2006812847860284 148 24 22 0.018188105839971054 61 742 58 467
3577 1.0391494654172557 0.97980189126346129 2.9680856327769303 144 91 15 2.3127329594163353 61 524 58 474
3578 0.025188749968840487 1.0115393158979549 2.6691488410601871 188 141 79 0.65564106755646645 61 665 58 478 60 685
3579 0.15920296215673485 0.98039279349929254 2.7109749710005806 138 79 21 1.4376815857425773 61 675 58 480 60 682 57 519
3580 0.12439667841192699 0.96386284318766713 2.708079913065387 247 195 58 0.4194616742272177 61 531 58 481 60 421 59 515 57 464
3581 0.13872312487348637 0.84200976820376661 2.3809243999154077 0 0 0 3.15925943841762 9 412 12 291
3582 1.3273167764459712 1.2865614164143118 3.2517661827065645 156 35 43 1.0343274266008751 61 693 58 487 59 731
3583 1.132504373907792 1.3001893302105367 3.1899564604570436 0 0 0 0.41898695836022204 7 389 11 496
3584 0.089937748797794412 1.3682972580564978 2.807363281575189 147 49 46 0.83834074425068239 61 374 58 490 60 1014 57 877
3585 -0.25377556973927484 1.2432204528345576 2.8447307205668042 137 38 42 1.5894075365449973 4 288 58 497 60 504
3586 0.028670298746210469 2.8011208360308499 4.4871418972409698 121 18 20 2.6219619614877443 61 1417 60 547 59 571 58 504
3587 -0.12403100581059943 2.6827117898311119 4.5213304611876231 141 21 20 1.4668300297310839 61 837 58 508 60 552 59 568
3588 -0.14892706112659665 2.6043456683929191 4.7291914689098089 158 39 40 2.1580262864403443 61 833 58 509 60 393 59 566 57 556
3589 0.074444796465353874 2.6099107659918079 4.1580351411523262 112 144 169 1.4615920270229721 4 657 6 712 58 512
3590 0.19523713346901161 2.4601151709769709 3.5972413622229817 225 205 177 0.53408240019557673 61 590 58 519 60 526 59 555
3591 -0.048150192921929943 1.3288643510491005 2.9025715248311847 156 61 55 1.2305957018599378 61 376 58 526 60 536
3592 0.97873852878026346 2.0758447595290752 2.8491032242509569 5 48 143 1.825515517018417 4 889 58 527 60 396 59 478 57 390 56 474
3593 1.1421818030126614 1.6786989816053142 3.6019402179774271 6 38 49 1.121791888602879 61 710 58 533 60 452 59 685 57 504
3594 1.1718730267403492 1.8094053556315719 3.3937126753508209 82 20 5 0.83873463972052553 61 356 57 220 56 61
3595 0.24420236699954503 1.7491377395411183 3.1710702021286634 3 57 147 0.24416883277364101 61 496 58 558 59 946
3596 0.06107072579215108 1.5092467341028739 3.2379639069971851 7 11 40 1.8521049975946227 61 517 58 583 60 463 59 346
3597 1.0036224758691581 1.4610176269511481 3.3374854664927218 0 0 0 0.3318356745909446 7 740 61 960
3598 1.1370363092863909 1.4788485684419139 3.4176323873562868 164 117 49 1.9679563341015411 61 478 58 592 59 656 57 616
3599 -0.40162767182054387 1.4708253662601547 3.1002092069050535 197 142 46 1.0851698965273153 61 683 58 594 59 652
3600 1.5037600731202436 1.3878763691365565 3.2325426384330833 154 133 142 1.365702434202652 61 1248 58 605 57 627 59 367 60 633
3601 0.29197514335553809 1.3648767074124952 3.0149246605899025 0 0 0 1.2361680930622072 4 651 5 557 58 606 57 1064
3603 -0.080676972397195762 1.7406527640307348 3.4188152205476627 38 96 161 1.9893091160496457 61 900 58 616 59 673
3604 0.25495518736502792 1.7834117446014142 3.1940461383077938 33 101 187 1.1290817842802234 61 1258 58 620 59 679
3605 1.0707198410274961 1.69237980342239 3.6360379429425413 14 22 29 1.5218146511587549 61 903 58 623 60 837 59 683
3606 -0.1198826489824862 1.6381161402892768 3.3551089192382122 0 0 0 1.6022017250739369 13 1278 61 1025
3607 1.1517871177009988 1.6969236228310891 3.5505306657550699 156 182 197 0.40791817691752025 61 725 58 627 60 838
3608 0.066687539290910439 1.6211451975985844 3.2508426876171157 11 97 182 0.45982659376819818 61 717 58 630 59 692
3609 1.6727428725345361 1.5692056794439431 3.4989542328481589 226 145 195 1.0815363420642459 8 689 61 734 58 641 60 657 57 615
3610 0.35044482331434074 1.072527833532686 2.7952652170680543 148 63 62 1.1691013048469634 61 972 58 645 59 702
3611 0.17834349433124702 1.0690846231415774 2.7533222635168686 130 98 86 0.90117638459952443 61 768 58 648 60 1211 59 877
3612 1.5839792566212429 1.1372754793787143 2.7806080145730538 152 43 54 0.35904646492767522 61 976 58 649
3613 0.86107800872444296 0.93116865685988059 3.0084923405218582 162 72 14 1.2555093094965211 61 755 58 652 60 1229 59 876
3614 0.97299896838576483 0.90720477058361759 2.9773074688315759 249 194 85 0.22960688892481707 61 749 58 655 60 680
3615 -0.12164778270944503 0.91718518153534268 2.6783068978557467 78 87 102 1.7997854603078536 4 1501 58 662 60 305 59 714
3616 0.89478863167911082 1.1614452615790258 3.2430345614600937 66 0 7 2.254983905285997 4 1212 58 684 60 510
3617 0.91209329281424278 1.1034690728479009 3.2554641490677927 140 89 95 0.78809094972454785 61 942 58 688 60 952 57 687
3618 1.0807437343045161 0.99714743065879552 3.0842376450370801 161 71 56 1.5868703993325799 61 569 60 313 57 523
3619 0.074832658300170912 2.9555823850383396 4.6838512703738759 119 17 12 1.4761168105584075 3 658 58 712 60 1031
3620 0.1451925291563686 2.8222095201824851 4.2667225814960279 153 20 21 0.40908102495733267 61 577 58 718 60 801
3621 -0.13164120245863109 2.6147057976407906 4.5599667783604163 191 65 66 0.85993400790255614 61 832 58 724 60 554 59 768
3622 0.076055023539508382 2.5049850907905218 4.1397393617701486 80 96 122 2.4836083756087288 61 930 58 729 57 566
3623 0.2029386751366162 2.4557876615547936 3.8737076754582929 192 207 246 0.86367404854373964 61 767 58 733 60 522 59 557
3625 0.11623835440229878 3.2332981861413592 4.5948670163537777 91 81 79 1.1887794585796658 61 862 58 752 59 795
3626 0.17768697175151749 3.209125716287982 4.4592491212643868 186 208 216 0.68549752092522487 61 609 58 756 59 979
3627 0.12108294052581618 3.1763431616540179 4.6915115478529588 108 62 47 0.67520395350628104 61 866 58 758 60 542 59 634
3628 -0.19138134458792525 3.0497718775127782 4.6403202054943913 164 46 46 0.84283751704227339 61 870 58 762 59 1038
3629 0.82451621491112392 2.0828308781167788 2.9424886307353382 24 102 176 1.3733441611421628 61 880 58 786 57 575
3630 -0.10320495770402359 1.8247826061898449 3.4460609649573395 154 154 138 1.2938742705294284 61 1018 58 788 60 561 59 615 57 365
3631 0.053321146902733783 1.8678435673155542 3.1760738307659548 23 115 192 1.8145126754289067 4 835 61 894 58 793 59 902 57 765
3632 0.19665132206484745 2.4299366645756142 3.6011485909269081 16 29 82 1.5029870115919948 61 914 58 799 60 779 59 776 57 717
3633 0.44794415329505888 2.3604707734456225 3.3569181746463039 0 28 92 1.0144704956627537 61 667 58 806 60 771
3634 0.89303628027651272 2.3594684373830193 2.9130586081459962 187 138 81 0.73922219419240187 61 926 58 815 60 697 59 597
3635 1.3348610499797529 2.2062940869897738 3.3130177374594223 0 5 0 0.44784057136247285 61 892 58 824 59 923
3636 0.85134260433018849 2.0949624679233385 2.975012505932392 178 224 250 0.51194419667281632 61 881 58 825 59 616
3637 0.70785185568474163 2.0693902955281582 3.1930025837182239 216 201 79 1.1185934030706066 61 876 58 827 60 1726 59 819
3638 0.85582401029330291 2.1137439824730491 3.0134822836941995 1 45 130 1.4611113371867568 61 1450 58 830 60 828
3639 0.94090630843923218 2.1123001442718103 2.849508604941553 30 104 200 1.6280768673610015 4 1054 61 1023 58 837 57 760
3640 1.0755444494819106 2.1161544944414881 2.6979876580151294 137 82 78 1.7619573761509475 13 2476 61 1026 58 844 59 1124 3 770 57 1083
3641 1.3316531833451131 2.2525337888906076 3.2794219942935219 1 2 3 1.1242415990467005 61 1144 58 854 60 1115 59 933
3642 1.3146308570452132 2.1704053388375537 3.2917519520503076 4 7 3 1.7955009980202465 61 1154 58 862 60 834 59 919
3643 0.2416078368814723 1.6781356792924214 3.1918975345219285 2 45 130 0.55285313027558203 61 722 58 868 59 687
3644 -0.091435992999631399 1.5874752284796758 3.3297592430511451 147 143 114 0.45534993753559871 61 719 58 869 60 940
3645 0.091014302118927151 1.6378231455223506 3.2067257160165976 64 141 230 1.0988072556361732 61 709 58 872 59 691
3646 1.794626663309572 1.6169619228217986 3.5149993191073268 155 70 135 0.63444263463984829 61 1042 58 878 59 1069
3647 -0.18640706250964895 1.5311912449245431 3.196642014901657 166 140 103 2.1947555632108031 4 568 58 880
3648 -0.41269911472573051 1.4924038046755739 3.1487184595046109 161 112 0 2.0590579816811729 61 482 58 883 60 450 59 486
3649 0.92072591591373765 1.7058724354200436 3.5228602930600146 1 5 16 1.040365438831236 61 1581 58 902 60 1253
3650 0.12867471183203993 3.3307880164039778 4.6420140422587526 149 144 137 0.26193267997988467 4 1916 60 1632
3651 -0.44637539096525203 3.1609998316536965 4.8083997221403703 162 170 178 0.14753581979491512 61 1076 58 910 59 974
3652 -0.54644105728591641 3.0961595887185318 4.8054466128896838 121 112 105 1.5476175887267269 9 1042 61 1072 58 913
3653 -0.12380572780930603 3.0398570392918076 4.6580137238854089 232 206 195 0.35888581323370766 61 1101 58 917 59 1040
3654 1.7784171946806002 3.3238047647199043 4.213308875862138 136 154 175 0.89261824407156676 61 1398 58 918 59 1320
3655 1.7361150795312272 1.5709972502147653 3.3568098210781709 97 11 75 1.0226720518805277 8 1341 58 928 60 664
3656 -0.25031183433830234 1.5433483704231303 3.0615789266895814 252 213 76 1.1636370341645255 61 1041 58 936
3657 0.167295999301734 3.4521051866437715 4.5633946153295373 182 190 189 0.67863698319613142 61 1462 58 941 59 1227 5 1094
3658 -0.51196314809745258 3.2999656323599589 5.2126307630770734 0 0 0 1.2276836072525357 4 1354 5 1088
3659 0.64530856644466872 2.3033192530262721 3.1053613194991274 33 119 215 0.66613771168144342 61 1488 58 962 57 1840
3660 -0.0034858772207449528 2.746408355490582 4.3011898688600541 117 138 159 2.0068587032155984 5 1489 6 1560 61 1204 58 967 59 1836 56 739
3661 -0.17918922139550128 2.6472385077898353 4.6453163248319287 200 77 79 0.56997130585585754 61 1536 58 968 59 1348
3662 -0.18623609893319357 2.4768887578871244 5.1711023714230588 152 140 125 0.41142718557710234 61 1180 58 974 59 1055
3663 0.058452714293998155 2.5430469766077484 4.2106074224808436 91 110 142 0.53474129689195815 4 949 58 978 59 1010
3664 0.1096512129023775 0.96349833832708531 2.7478620625874601 158 106 0 0.27008200351572986 61 1303 58 987 60 1235
3665 0.99731753021672498 0.91441578312280836 2.9891100318061903 162 118 0 1.8838296715710043 61 1134 58 992 60 1231
3666 0.86979439202497355 0.96234543261063443 3.0345064794311787 158 99 0 0.86636023679510021 61 978 58 995 60 1218 59 886
3667 -0.058735991732239951 0.87658944037336417 2.7439628728375922 170 134 7 1.0407324509803892 61 744 58 996 57 1131
3668 0.94431439284149998 0.99611751791776337 3.0069876010951719 248 192 66 0.30247726975379902 61 807 58 999 60 693
3669 0.84360863756847926 0.9806423792011405 3.0375128371805067 227 169 36 0.71805315438169381 61 1376 58 1000 60 1215 59 1494
3670 -0.24171219164069807 3.2423169350160124 4.7309614979618893 136 124 105 1.7626899270081553 4 1910 58 1008 59 435
3671 -0.067910936850050188 0.87726336004303906 2.7127969772430514 255 231 100 1.1661066524895212 61 1165 58 1010 60 1405
3672 -0.53773687355558941 1.2996397562709505 2.8535833938153159 116 93 97 1.9817653209318145 13 3047 61 2893 58 1033 60 1020 59 2428
3673 1.291012859402515 1.4777321237296528 3.396935180221357 71 28 0 0.71092422268429334 61 947 58 1035 60 1433 4 1231
3675 -0.17467137436222258 1.4822745687113141 3.1566904483577107 118 68 0 0.8725735984150651 58 1045 60 653
3676 1.6740201833624739 1.4896456026880587 3.483737976068316 162 121 137 1.59409501056841 61 1050 58 1047 60 996 59 928
3677 1.1612225627583019 1.2018203984408014 3.2172427068468559 197 87 88 0.090357753214926007 12 793 58 1052
3678 0.83228262394661723 1.005102951953688 3.2443936521178021 255 166 166 2.4391328218898445 61 981 58 1054 60 983 57 906 59 1198
3679 1.1877886684731112 1.2080986643285732 3.2674347387538241 146 67 86 0.42991304087834353 61 1290 58 1066 60 2177
3680 1.2292594245191713 1.5457456503586406 3.4781299403308794 84 41 0 0.70757471104693248 4 1139 58 1074 60 1607
3681 -0.39751090402462558 1.2715825690792502 3.3214842709159114 154 132 102 0.24098796510879003 61 1254 58 1086 59 1575
3682 1.7470445330809539 1.5823931923207688 3.316763441780874 215 144 138 1.4000897096532756 8 1342 58 1095 60 1848 57 1430
3683 1.1894897856502653 1.6659157464223342 3.5477268307332968 135 162 179 0.43237431403893628 61 1285 58 1138 60 1289
3684 0.15224862757561353 1.7130026908334006 3.1776618999379438 55 130 221 0.60566196492988256 7 1615 61 1289 58 1139 60 944
3685 1.259718870266356 2.0270045316842369 2.6119162517064045 255 218 77 2.0997339418652898 61 1995 58 1140 60 1193
3686 -0.47010658149491863 1.1473998017623763 2.6826645237313853 90 123 132 2.3614670574393131 15 2013 58 1145 59 1195
3687 -0.5587295619661552 1.1784429249996535 2.7369249695970281 108 31 51 1.6064633150406176 61 989 58 1150 57 1641
3688 1.7971603596636556 1.2868655854047346 3.2906332065001087 147 64 118 1.3207930412029314 61 1239 58 1165 60 1496 59 850 57 857
3689 -0.61961409405336176 1.3151595368721058 2.859313505373033 155 118 102 1.0407029255716582 13 2134 58 1168 59 1561
3690 1.3746767844139445 1.2837055713008532 3.1709188428049502 171 53 65 0.90089313488732381 3 1270 58 1179 57 1167
3691 0.74015164374766784 0.61693752935235258 3.40910500876821 174 117 7 0.88684772588663296 61 1455 58 1190
3692 1.0654626598981611 0.86371534216630008 2.9252394366844015 251 213 78 0.34031183913071045 61 1762 58 1197
3694 -0.11665468559262583 1.1120746361582639 2.6648085907182781 1 5 16 0.55158556614842758 7 1680 8 1485 58 1211
3695 1.7597555174333739 1.4184964577395405 3.2393876188055821 143 40 123 1.1735915447770111 61 1597 58 1218 60 1485 57 1182
3696 -0.17749090834051487 3.3635018035739863 4.7174178346506075 165 197 210 1.2885720080363436 4 2652 58 1223 59 1225
3698 0.11548669772489455 3.0886343216307206 4.6131275882147849 155 37 41 1.0481206517598809 61 2549 58 1241 59 1857
3699 0.8437977875811844 1.696719949928142 3.6386210840318394 168 186 193 1.0882723677826707 8 1362 58 1246 59 949
3700 0.75307109473869971 1.3207159774801673 3.19583613926067 59 1 28 0.55773050248991052 61 1232 58 1249 60 1082
3701 0.07149275699254036 2.8030364762184856 4.3606632728216193 144 30 62 1.859813507248089 61 1546 58 1294 60 3127
3702 -0.14484882044841141 2.6656242719913026 4.6409489308037406 192 67 63 0.3468983904979297 61 1539 58 1296 59 764 60 763
3703 0.16129947289211072 2.0328258456538197 3.0570928001250208 90 181 254 0.77104199217062541 61 1029 59 914 60 1309
3704 0.21847274366092093 2.0703469967668182 3.0465706882850663 5 97 162 1.6096696321953168 61 2309 58 1307 59 1452
3705 0.25216098682337695 1.9039287314329394 3.1115679196378463 32 106 192 1.6597509422591012 61 1958 58 1311 60 1940 59 1477
3706 0.83781315405359713 1.8124211547162152 3.5957906516189824 0 9 13 0.80189220196459987 61 1277 58 1314 60 1351
3707 -0.067327460609790585 1.8313743924278227 3.4556934660660064 0 33 86 1.4026792129555301 61 1556 58 1325 60 1728 59 1133 57 986
3708 -0.14494308619162577 3.0007645136158674 4.7680297954597739 242 172 162 0.98653994098530073 61 1434 58 1339 59 1998
3709 0.028549457128863125 3.0245019362407088 4.5405175930860571 110 22 20 1.5246010962091074 61 1095 58 1352 60 1522 59 3096
3710 0.21575409468581613 2.4009814297816909 3.5154436434957068 148 127 77 0.59452133376905891 5 1977 8 2090 58 1357
3711 -0.075043448606161134 2.2018139296471517 3.9432651708598567 148 63 70 0.8959402797598478 61 2036 58 1358 60 2526
3712 0.69024233879951025 2.4446066830103783 3.0942302077406039 163 120 86 1.0555187638184984 61 1495 58 1369 60 2600 57 1863
3713 1.0356030240978964 1.2836613644274815 3.2012134220316701 83 84 97 1.1760125569911617 61 2457 58 1380 60 2111
3714 0.90112039553392476 1.8162984363683088 3.5177867715915054 134 156 165 1.5509437146480625 61 1000 58 1381 60 849
3715 0.99028203655144242 0.4974367435992163 3.4247145570816069 224 186 66 0.066554268645195938 61 1163 56 1159
3716 0.078032003813907916 2.6334973664862908 4.1760754316514364 107 136 165 1.4057632937280933 61 1533 58 1397 60 1161 59 1344
3717 0.89731377882110375 2.1409535004483899 2.9084937424871331 31 91 189 1.1294146160420704 4 2747 59 910
3718 1.2074476562658334 1.5095463060725045 3.4057829307757794 143 94 15 1.2680267483322254 4 1675 58 1405 60 1842
3719 1.3409646830355089 1.3571356046258145 3.2001286634884103 89 77 99 0.97250024865274776 10 2340 58 1426 57 1582
3720 0.89140944350545159 1.3218721294674509 3.2145680903580303 48 41 57 0.62426056553581377 4 2160 58 1430 59 1564
3721 0.848715022147711 1.3349140434346001 3.1803436967067413 93 101 120 1.1053404108486398 61 2526 58 1431 60 3062
3722 0.32287389782013931 1.4252231151146251 3.149176989972287 109 73 75 0.94321182568888329 3 1402 58 1445 60 1434 56 864
3723 0.34174110133697566 1.8370445006476526 3.2307117135009777 50 82 133 0.27343027737524223 61 2133 58 1470 59 1468
3724 0.16596560118677611 1.677557324505571 3.220478790440569 0 53 145 1.777200739075063 61 2100 58 1496 57 1503
3725 1.7686694492621859 0.95296451426033235 2.9491478626245273 246 151 159 1.4651407519536934 7 2196 10 1411 58 1508 60 2087
3726 0.041662750967536404 0.90294275877255858 2.6952226293068873 255 223 73 1.2436573239240281 61 1341 58 1545 60 679 59 715 57 1574
3727 0.83398176700202575 1.0678744807834277 3.1464515340586314 125 20 23 1.0586740760794084 61 2797 58 1558 60 2936
3728 0.88883509976356179 1.1376078607406399 3.2542804608996088 118 57 66 1.1748778000094875 61 2497 58 1570 60 2184 57 2497
3729 1.3011955348180164 1.3591401100889724 3.1046728358407654 135 37 48 1.5684958225324419 61 2476 58 1591 60 2868
3731 1.6547312305010291 1.1509783220501439 2.9230700425247456 135 142 147 0.15931260042489537 61 1392 58 1594
3732 -0.21159593224405179 2.5678058903975165 5.1350213741252704 165 155 147 0.72072112972635916 61 1834 58 1621 59 1831
3734 0.15225488096892473 2.3351089036678347 4.0371912034248858 169 153 164 0.39614848762708849 61 1864 58 1638 59 2321
3735 0.11471787231564604 2.3685574405396728 4.1030102789068152 176 146 154 0.7938372469625552 61 1871 58 1646 57 1660
3736 0.11608143149303529 2.3878951659800225 4.0938234448535606 5 6 24 0.88778991083866254 61 1561 58 1647 59 1013
3737 -0.41595862644138393 3.0186291473301425 4.8525433391052406 101 35 47 0.12425313832963485 61 1401 58 1657
3738 -0.17344358313505773 3.0631583525621395 4.6806991146073909 250 174 166 0.24658562819689278 61 1934 58 1658 59 1806
3739 -0.18444641549199209 3.1157441382178526 4.6759701051967708 200 192 177 0.26747248737305168 61 1937 58 1662 59 1811
3740 -0.21752236697278321 3.1311072156154802 4.6383831211436108 135 117 105 1.7900995656707777 61 1923 58 1664 59 1242
3741 -0.10750497801918114 3.2555229027143802 4.7643193818605463 168 170 167 0.71047799225181352 61 1943 58 1671 59 1824
3742 0.1112373261037968 3.3765054872817655 4.6708573754136129 145 137 126 0.42186872182285839 6 1604 60 2366
3743 -0.17993600341660862 3.4072852078376803 4.6758109550541365 189 223 234 0.34890784406907466 61 1463 58 1677 59 1228
3744 0.02611741141861439 2.8311256493100432 4.2695471150486091 83 19 45 0.63625645482378712 61 1418 58 1684 2 804
3745 0.68099133059058325 2.4781910699138989 3.1838672133750854 230 192 85 0.93675978451527242 4 1885 8 2832 58 1694 60 2589 57 1686
3746 -0.4015915423509685 2.9351460137183318 4.7643963125336981 188 92 89 0.89095477270812717 61 1860 58 1696 59 1853
3747 1.7562316402676348 3.347663663430493 4.1740362912725057 78 86 95 1.2820987951433034 61 1935 58 1705 57 1229
3748 0.19654044612098445 2.0265831201902027 3.0661655498553451 105 190 255 1.7333890300323738 61 1509 58 1710 59 1428
3749 1.184109366473004 2.1008742891283188 2.7698547423117024 167 155 120 0.80256228393867879 10 2527 58 1736
3750 0.87068050297763933 2.0888120289244694 2.9424308604327121 39 95 150 2.2049059660633787 11 1776 61 2121 58 1753 57 1937
3752 0.80817968107635985 2.3442494563869687 3.0436480678837201 19 85 166 1.7473938583717363 61 1584 58 1760 59 1026
3754 0.40823686545310045 2.2680750747039014 3.1626573815043209 0 41 131 1.7852483795051153 61 2331 58 1762 60 4120 57 1851
3755 0.72049398565186817 2.3598892500205007 3.0706881040245153 0 80 188 0.23158097765595848 61 1746 58 1768
3756 0.44507985511929649 2.3294411348310495 3.2648219335702438 42 78 162 0.78394104054228997 4 1093 60 1664 59 1766 61 2028
3758 0.52985185808990465 2.4037304438671487 3.2184980038891209 58 141 235 1.3181560006975479 4 1400 58 1780 57 1335 61 2035
3759 0.20517940521879136 2.333475807830137 3.4099352544906387 74 17 4 0.040046113940780032 61 1496 59 1313
3760 0.96438003040484332 2.3295159237595167 2.8106626198370153 197 150 34 1.0054925299916289 4 2050 57 2217
3761 0.35989708777317153 2.1756017974127864 3.1796745364051997 74 139 213 1.2450936370416534 61 3136 58 1799 60 2445 59 3872
3762 -0.068961489962631808 2.4429197087611527 4.0760298943368953 210 143 152 0.7995029621693831 61 1879 58 1826 59 1753
3764 1.0385702615871897 2.1591349268095463 2.8020373306855779 157 108 39 1.455491544494109 10 1950 61 2423 58 1860 7 1997
3765 1.313122809294148 2.0325589804277167 2.6030462169760069 190 113 43 1.728991777124091 61 2083 58 1868 59 2510
3766 1.4438631991242348 1.9966635021611037 2.7934647670387682 207 139 78 1.2860770369015762 61 1998 59 2464
3767 0.95780169278155425 1.6600933415430643 3.6188098183574557 104 101 101 0.53615168206437702 61 2660 58 1870 60 2612 4 3030
3768 1.2101120951857134 1.5223823345195018 3.4842828773364829 120 73 0 1.4192134440348112 61 1692 58 1873 60 2987 57 2793
3769 1.3226584102286156 1.3368983633590423 3.2168417761171351 130 23 37 1.5647844325715132 61 1637 58 1890 60 3741 57 2495
3770 0.74741525390583918 1.3353941575921697 3.1921595861283341 165 118 129 1.3743416860070563 8 3217 61 2605 58 1897 60 3794
3771 1.3995381690124771 1.3177686391862236 3.1526635212996608 108 110 128 1.0248238412458572 7 2159 61 2483 58 1909 60 4025
3773 0.98761071757451713 1.5001426462853158 3.3430251241900835 126 120 119 0.84745857105970546 11 1938 58 1927 60 2981
3774 1.1534137263488973 1.4702439571190571 3.3906662902816778 141 97 37 1.1145980957933803 61 1614 58 1952 60 1847
3775 1.6983969998769011 2.3400197459142493 3.6450344054724524 140 110 112 2.1955493781322404 5 2016 58 1967 2 839
3776 -0.076914894639071474 2.2258140953222054 3.8937420531653291 198 140 152 0.71635878977327083 61 1498 58 2001 60 1756
3777 0.15932854273176292 2.3497736897757835 4.0225932049215434 95 87 102 0.52552561176865065 61 2905 58 2007 59 2640
3778 0.1485543151063177 2.3597606433711213 4.0224756242785702 120 116 133 0.54217496236997398 61 2241 58 2008 59 3210
3779 -0.032700944737918812 2.2009316105497856 3.8562108659245542 198 118 133 0.25605823675349981 61 3107 58 2010 60 2583
3781 0.87355150483904986 2.2424436086705928 2.7901622171656539 38 126 216 0.94287667204020209 61 3031 58 2042 60 2733 57 1988
3782 0.47266527864573793 2.1552254556496391 3.2829767261909191 173 178 199 0.46184024655163114 61 3138 58 2078 60 1680
3783 0.24962539226801775 2.209694779338093 3.0268156283661654 54 119 219 1.2643552932533468 61 2065 58 2082 60 3405 59 1771 57 2267
3784 -0.38979343581713066 2.9900990415794513 4.7412388566957544 136 38 35 0.57380131595515105 61 2919 58 2101 59 1880
3786 1.8047103064018795 2.938921314979468 4.1543580061259897 208 116 117 0.79521504682754041 61 2253 58 2150 60 3507
3787 -0.43920540702192817 1.4991096433676778 3.1927053347096064 218 167 40 1.4482172171597325 7 2435 58 2161 59 2499
3788 -0.59570412963539265 1.110666455216184 2.8005419285444644 167 67 75 0.91157844636613927 61 2531 58 2174 59 1589
3789 0.69739750729884187 2.3199621778858948 2.9534514403553622 0 76 178 2.2046549002117275 61 2333 58 2182 59 1773 57 2258
3790 0.014134102912231869 1.1842283064828305 2.67786845854403 82 18 32 1.2347788895957703 8 2955 58 2225 60 2082
3791 0.90060417303239193 1.080633471523865 3.0092206342441741 209 150 84 1.4542387223379509 61 2536 58 2226 60 2899 59 1517 57 2311
3792 -0.29711682282721286 1.2656867164494841 2.6554466529684326 87 108 129 0.63611227731941233 61 1786 58 1562
3793 -0.31677631522218042 1.2595615565760108 2.785252561372122 101 117 143 2.0140237333280906 7 2691 13 3050 61 1796 58 2246 60 2872
3795 -0.14576452015863003 1.0946935516006118 2.6094942087736852 123 145 168 2.1731156638674496 7 2212 58 2260 59 1549
3796 1.086503494382848 0.85951188815715729 2.9560376812474667 224 186 53 0.60186830672793434 61 2782 58 2272 59 2019
3797 1.4294486463656253 0.78948777707299334 3.0035553506938855 113 32 27 0.63580972705610084 61 1759 58 2276 60 3665
3798 1.0889930446856728 2.1422673469281546 2.6959388213114344 184 158 107 0.9814191023015576 61 3065 58 2308 57 2614
3799 1.0978339688179723 2.1396439553020157 2.692258870742779 165 155 101 1.3178136859620084 61 2113 58 2312 57 2610
3800 0.81329700481808098 2.0505372841156864 3.1130020206597626 133 122 71 1.2769236026369195 61 3024 58 2324 59 2810
3801 0.043591064827777991 1.8058606691045747 3.212694886030782 48 126 209 1.6832615336998547 61 2012 58 2384 60 2790 4 1152 59 951
3802 0.31290351758010204 1.1389228027582325 2.8917121443344866 124 125 129 0.84537863284839621 61 2573 58 2399 60 4073
3803 1.5010776502280812 1.1583777872498178 2.9402241423480202 108 91 106 1.1752935592811606 3 2433 61 2530 58 2409
3805 -0.54153060704626443 1.1806019031766708 2.7157776053712475 107 135 136 1.3102268864905269 15 3973 61 2800 58 2440
3806 0.075738660993410103 0.61400212786484454 3.3849836190142288 75 90 97 0.039866294802540309 10 2408 58 2459
3807 -0.47798347598332452 1.1041281800133136 2.7136210315260545 83 112 124 1.1398833247754088 61 2776 58 2473 59 1967
3808 0.84711135164040929 1.01300712955586 3.0322253622605708 138 39 34 0.71253357624982183 61 2838 58 2484 60 3919
3809 1.4970670765269793 1.1092546545399906 2.9136620512435276 216 117 124 1.7150453949615505 61 2839 58 2485 60 3912 57 2697
3810 1.2240592993878192 1.5275783230612232 3.2985168805487048 138 91 9 1.6227507417490283 61 2704 58 2495 60 5070
3811 1.7234000133064142 1.5029178344791603 3.3799491543645486 176 130 34 1.1852215392850221 61 2167 58 2502 60 2970 57 2417
3812 1.3462835401158575 1.3959601281972431 3.422952301366359 61 13 19 1.57772644458768 61 2666 58 2515 60 3867
3814 1.6279927451371543 1.6267717469049103 3.3306260378205716 143 44 121 1.3262556271833561 61 2636 58 2531 60 3823
3815 -0.44727821227745701 1.3076364937276392 2.8476341711323001 119 96 92 2.730013251501425 7 2574 61 2452 58 2547
3817 1.5550270131819803 1.3843395361078024 3.1998369522943588 136 89 105 1.0479651681768918 61 2606 60 3750
3818 -0.18031038681063843 3.0542494544945229 4.5550659959700255 159 116 111 0.47409172990703885 61 2976 58 2634 59 3550
3819 -0.12266187687787448 3.0699076616171834 4.6531838729040134 251 184 188 0.64273826567641901 61 2381 58 2637 59 1807
3820 -0.24998474906936088 3.0547978997124776 4.9105158633966557 123 97 82 1.4299921801661464 61 2981 58 2638 60 1046
3821 -0.14556264931993912 3.138352125550909 4.5985207323966941 168 189 181 0.42121725149599348 61 2985 58 2643 59 3579
3822 0.24347518991875197 3.2494498097702227 4.673528442601997 147 161 169 0.40774728066857496 61 2443 58 2644 2 813
3823 -0.14251681026755411 3.0221575945241241 4.6333859296196787 142 94 83 0.27881256468063348 61 3008 58 2660 59 2003
3824 -0.39928364918781101 2.9830300616044583 4.7467190876245819 203 105 104 0.29265923449105902 61 2195 58 2663 59 1932
3826 0.49939813521079368 2.1406008161122982 3.3870042061184593 24 78 135 0.68249291240348009 61 3130 58 2775 59 2207
3827 0.69427504270453178 1.6058641013979078 3.36092940602735 105 50 0 1.3194703841409636 61 2619 58 2825 57 1451
3828 0.9295054641225784 2.2925796076258114 2.8131548093909524 6 50 115 1.254672349232522 12 2413 13 2879 61 2293 58 2830 59 1106
3829 -0.5384417561458068 3.3305931213153168 4.8607528407332365 94 94 93 1.3241553118137521 4 4408 61 2459 58 2846
3830 -0.36943845241062684 3.0220017314888237 4.8374551239877439 127 29 22 1.4392092045339189 5 1879 58 2866 2 1507 15 1752
3831 1.37956592346415 1.2995168464514355 3.1283977394931992 125 22 23 2.1794571288571314 10 2318 11 1329 9 1796 4 1800 61 1236 7 2576 60 1498 57 858
3832 0.98482426117690647 0.42964174665640986 3.5625652836383668 226 195 40 1.6553724484043866 61 173 4 215 58 139 8 259 10 311 7 305 60 110 59 165
3833 -0.50048618667939748 1.3838221055786906 3.3079756247934875 169 148 97 1.518349821657621 5 526 4 714 58 432 8 704 10 724 7 1020 61 682 60 647 59 490
3834 -0.40257755467582917 1.5087207784708505 3.1861706287362166 231 203 155 1.3345845388020743 7 1452 13 2100 58 638 61 737 4 572 3 600 60 624 59 649
3835 -0.043026873779737948 2.7199886022854973 4.3602479150311382 208 214 227 1.0296821167059875 61 581 4 678 3 662 58 507 8 1059 10 1049 7 1066 5 773 60 551 59 569 57 325
3836 -0.31288407689980713 1.5110305158420756 3.1792911499545204 208 186 138 1.3531059258471678 13 642 9 455 17 934 58 640 61 738 4 573 7 991 60 629 2 380 18 837
3837 -0.15952453483985501 3.4270561950885767 4.7064286979417682 47 50 53 1.5740135487223879 61 1084 58 744 8 816 7 831 5 784 6 718 4 988 59 1229
3838 1.4533486785476433 1.1539622383302057 2.8852585891746192 92 7 15 0.69390954154417439 4 2476 12 1222 7 2279 8 1505 61 1388 58 1592
3839 0.59491428443325456 2.4727825906162395 3.268124151696667 177 146 79 2.0530709929358446 12 3381 5 2367 4 2573 58 2668 8 2110 13 2219 61 1551 60 1174
3840 -0.24167984836374867 1.1415497628370694 2.6626173388214283 194 216 240 2.1208666424606548 4 1753 58 1175 8 1768 10 1162 59 1512
3841 1.2949808646005754 1.2346042004790425 3.1508940719323246 186 66 79 1.787967579582995 5 1124 3 973 58 683 8 672 6 640 61 372 59 547 57 576
3842 1.7834510909524119 1.4914000574838333 3.247567440855522 133 66 113 2.3496063371902496 10 1482 7 1547 58 1941 61 2501 58 2528
3843 -0.07985832896183831 3.3446163148355623 4.7705026792153546 163 147 144 1.5348863988411132 61 849 4 1008 3 873 58 944 8 1591 7 1081 6 723 2 1461
3844 -0.46760545904151957 1.2762309602521344 3.1078555022997874 145 132 115 0.67875921901368219 61 35 58 29 60 35 59 32 57 30
3845 0.58654248654148677 1.4160708356041674 3.6478165810116927 111 52 14 2.2720261822998022 61 515 58 331
3846 0.18243172869372418 2.9218363035005117 4.1504613698794834 160 44 44 1.8628641426754138 61 403 58 513 60 535 59 572
3847 0.80224429406742015 1.5138243483834126 3.4571492560242709 79 24 0 1.6731650641119447 3 500 58 576
3848 0.14409633861192525 0.78601715002857153 2.6668638278253547 143 100 1 1.6713934549958576 15 948 58 1083
3851 0.19282971203772678 1.304948963478066 2.7755926803251816 113 19 20 2.8620696438933995 4 4005 58 2559
3852 -0.13478265464802941 3.0585096387982875 4.6183565905870827 128 82 82 0.56005921795563818 61 2977 58 2734 59 3549
3854 -0.10104999501213006 1.978774469991708 4.1369583255362565 167 150 130 0.21430940032103596 58 9 60 9
3855 1.6594982829549147 0.81436778889359174 3.0399026246001504 170 162 149 0.57812584590184957 58 18 60 13 59 21
3857 0.14679344828019436 1.451994551744054 3.3081416679768196 11 5 9 1.1122715146361712 58 23 60 23 59 26 57 22 61 18
3858 1.131002830221413 1.8608562972074032 3.436280861558191 206 188 126 1.1022368076156237 58 42 60 32 59 48
3859 -0.3457914689496106 0.82292751385749474 2.8352842882684022 150 134 111 1.0388591019392037 61 39 60 34
3860 1.8211352451941694 1.3102812704350923 3.5481389305605751 218 175 141 1.872324013364516 3 64 4 64 2 49 1 48
3861 0.61302937189803675 1.0648104798255182 3.0702723015809936 187 81 65 1.2548182651862356 58 30 60 38 59 34
3862 0.57909111184098971 0.57502723848061832 3.2951107678155593 186 119 14 1.0381406254565115 58 32 60 39 59 37 61 37 4 37
3863 1.1409992268373024 2.4053842998602235 2.9656734221216237 124 15 12 1.051265248093378 58 44 60 47 59 40
3864 0.66866927014018718 2.5184179919785477 3.1200469098388814 225 189 66 0.57085230601532666 58 51 60 50 59 52 57 57
3865 -0.30151113167356491 1.5543972345043016 3.273956428377141 153 129 55 1.0039743810667425 3 67 5 100 1 79
3866 0.26486881168194276 1.0272509862314774 2.8376792765699661 152 59 52 1.6356339195828626 58 64 61 79 60 68 59 68 56 81 57 75 3 55 55 117 53 108
3867 -0.10233653236793704 2.3716035694104671 4.0558628169278768 46 15 29 0.43550132363211991 58 66 60 79 59 77 57 89
3868 1.5956466939248057 1.356000111579954 3.504186038313799 153 139 134 1.7803655283103514 58 131 61 111 60 89 59 96
3869 0.55636692882909433 1.4817132220083951 3.3777215787753234 60 10 1 1.9462801501714484 58 83 60 92 59 115 57 146
3870 -0.46432270206078335 1.4663050161228735 3.3589410478433521 211 173 30 1.8258668184657232 58 82 60 93 59 134 57 63 56 100 55 65
3871 -0.066131497534031386 2.2709101190403054 3.8752815734502115 17 24 33 0.37541312626419243 58 99 60 117 59 121
3872 0.17623530526132336 2.3233434559021662 3.230350915996306 18 22 25 0.74379662906212529 58 111 60 120 59 123 57 202
3873 0.90229087670459418 2.4268034068849054 2.8760017997397469 94 11 0 0.81686661404225036 58 181 60 128 59 187
3875 0.33611903706755536 1.1736857969110559 2.8760115140580251 77 11 0 0.24376572219386883 4 228 60 131
3876 -0.24035605075569139 1.2077760874115882 2.7247476387343808 76 10 11 1.9776172478043281 15 221 60 133 59 153 18 274
3877 -0.43144040593500854 1.2603016355404948 3.467929964064167 162 144 122 0.46961932314531774 58 215 60 146
3878 0.8030853906129416 0.86494500412311015 3.3100836735399786 216 139 25 1.2601929842287738 58 247 60 157 59 143
3879 -0.19951462042657514 1.095444540969045 2.6567047173019489 231 255 255 1.7078685534891536 4 218 60 158 59 141 56 77
3880 0.021085520407912003 2.2702936255390096 3.8464185478286579 183 51 49 0.5422543263429026 58 184 60 166 59 189 57 243
3881 0.34161548153988114 2.4470007802550815 3.5166352122570737 78 9 2 0.82607225055881983 58 154 60 167 59 169 57 427
3882 0.041584521173780475 2.3814118062918292 3.7691933544745577 51 11 9 0.76536513670533957 58 107 60 168 59 94
3883 -0.010896365095129631 2.3517330150187621 3.946132023374906 199 75 70 1.2074907860617898 58 262 60 169 59 199 57 239
3884 -0.13411111278442187 2.7453407095144557 4.8563407004126482 140 7 8 1.1539824314164733 58 157 60 172 59 151 56 157 55 130
3885 1.6665120900835142 1.6887071951122603 3.3980144051254286 149 136 113 0.98500383591062046 60 173 57 147 56 114
3886 -0.066067791405967205 3.1985681123561314 4.7836408076837564 80 28 21 0.67691855631560816 58 166 61 124 60 177 59 192
3887 0.87552638087072365 1.8639199675839535 3.7732696566748221 9 8 16 1.362442231474889 58 306 60 194 59 222
3889 1.8247990328967509 1.5679683909994411 3.2603955332273649 200 93 171 1.1617571900596269 58 218 61 162 60 210 57 194
3890 0.72403448593981401 1.5289926479922986 3.3913781840035093 173 122 39 0.88194683663848927 61 246 60 218 57 265
3891 0.54823255877669241 1.6157475582453593 3.3319897826243166 71 18 0 1.3847212536606888 58 400 59 353 57 502
3892 1.4876263301668682 1.8260777264496761 3.2918829868403972 133 17 10 1.6865646052142385 58 559 60 223 59 473
3893 -0.33075089118206674 1.4984422084637186 3.4898866355209637 157 109 9 1.3346451079015718 61 166 60 226
3894 0.58761562964479008 0.76777102483958082 3.254034793222973 244 193 40 1.8186764766144943 58 238 60 234
3895 0.40529102984129944 0.87969479196931544 3.062141199620485 182 103 98 1.5120930497236997 58 240 60 238 59 266
3896 0.85017326928741732 0.68735394059790866 3.5376253930438786 177 100 9 1.2068884963273079 58 242 61 269 60 240 59 268
3897 1.1369383142427367 2.1019163665401854 2.5987582732820327 18 52 112 1.7106550198226878 58 293 60 241 59 319
3898 0.78442676625601204 0.93965435892390425 3.1386629760867564 136 30 1 1.716700023758694 58 394 60 242 61 521 57 297 1 500 56 129
3899 0.90160426937049476 1.0177570772547728 3.0503196406324915 235 178 48 0.90212175870084366 4 441 58 224 61 464 60 244 59 271 57 298
3900 -0.60934097781589092 1.0837662225172144 2.7909786607762666 196 95 103 1.4760201272262874 58 391 60 251 59 273 57 165
3901 -0.062888062238424997 2.4774796149090617 4.1911862441357659 123 9 8 1.2938503803833976 61 291 60 253 57 422
3902 0.24594781503206939 2.3397258183998311 3.5249833559721817 148 107 26 0.92243487697854443 58 255 61 282 60 258 59 280
3903 1.3045449375285465 2.104677681285156 3.2043115626456493 148 49 30 1.0824773812483544 58 173 60 284 59 218
3904 0.93673333451695628 1.021239724733763 3.0231924007960806 147 47 36 0.9955731234518338 58 225 61 272 60 314
3905 0.52762267519240347 1.3627751292743771 3.6610555927637036 123 61 24 1.3036373037336004 58 329 60 321 59 250 57 466
3906 0.48197480154539851 1.4647666052670698 3.2451940292003774 121 117 114 1.5843700945605708 4 304 60 333 59 247 57 263
3907 -0.3608282024448361 1.1929868548529965 3.4669730124168159 165 148 123 2.0497217673585748 58 210 60 335 59 372
3908 0.092158840032841416 2.3947665640603524 4.1512207032874064 62 18 22 1.1464088410935578 58 377 60 364 59 439 57 311
3909 -0.13700714798733715 3.8867932282154789 4.4008001720530618 175 157 143 1.7155704903271067 61 413 60 386 59 436
3910 0.88539763338825705 1.8926527728991513 3.6425444426032794 185 213 216 0.64553451929032879 58 336 60 401 59 413 57 344 56 226
3911 1.3183829722688796 2.1573532398667692 3.2215887212365057 196 210 216 0.53080136385951615 58 303 60 405 59 329
3912 -0.061739794151707356 2.1629225247264809 3.314021964405574 100 194 255 1.9511748080941327 58 568 60 410 59 578 57 374
3913 -0.12278646567493048 2.2926336664892162 3.9398220356072273 186 112 124 0.7793164043572095 58 373 60 418 59 393 57 426
3914 1.6557863454053268 1.4420033239796921 3.4178380057185422 164 89 138 1.0915942964153673 61 958 60 438 59 532 56 407
3915 0.87444184075983422 1.3537433779887595 3.2060664133397228 10 16 30 1.7030106363512985 4 627 8 1042 60 445
3917 1.2451991898001873 1.6626760061273484 3.5851980032080739 143 132 128 1.6000422777658967 58 520 60 456 59 397 57 492
3918 0.38512215418670093 1.4570343401619221 3.4309902947226805 101 42 1 1.4010529207685714 58 465 60 465 59 1071
3919 -0.6698543305064758 1.066326180583985 2.8959264242980467 156 32 35 1.4198668323218433 58 694 60 482 59 743 57 682
3920 1.6226559760864456 1.1873768823459554 3.0089216224486948 87 10 28 0.21673610064117652 4 590 60 484
3921 0.38844894675239899 2.3824699141995231 3.3776876497865231 3 32 95 1.0661231365232486 58 563 60 533 59 591
3922 0.88851672367142864 1.9597971402802741 3.522958210260251 188 205 212 1.9963422979322705 58 545 60 562 59 822
3923 0.82310388767551457 1.7720476053739258 4.0250254083093697 4 4 2 1.0522022042596957 58 784 60 563 57 577
3924 0.775888427622764 1.9967006242290981 3.2504645010749171 66 89 83 1.0258818282704307 58 782 60 564 59 825
3925 0.19993862290243419 1.8091868030629377 3.2122460926384191 2 86 176 0.37474005584829784 61 640 59 404
3926 0.99379550969242891 2.2415320053580028 2.3368924325486145 120 18 0 0.6628563065966746 58 790 60 572
3927 0.034230997724758398 2.1269628719688431 3.2431908180163678 120 212 253 1.1143766526551113 61 909 60 589 59 384 58 819
3928 -0.037548771474983214 2.288661910578492 4.099147489195655 67 76 85 0.74416810308211812 58 800 60 609 59 1015
3929 -0.062806566915076453 2.0613503485721725 3.5760504952061041 209 243 245 1.7449636058128197 58 1360 60 611 59 1029 57 372
3930 -0.062682365909912718 1.5507428731196973 3.3629829286713435 5 34 93 2.7550987992438674 58 633 61 505 60 638 57 646 59 354 56 605
3931 -0.32951759988813367 1.4910110061927568 3.1021324208018548 215 188 75 1.4664418619211679 58 435 61 1046 60 649
3932 -0.35107936818689262 1.2318058184023966 3.3032851765839704 135 109 63 1.0334069836977422 61 946 60 667
3933 0.82239081249935286 1.3684744665170774 3.2221426489707174 113 28 44 2.0345261871922644 7 1456 14 984 60 674
3935 0.8249574207278072 2.1592432620736148 2.9529138261074093 76 153 243 1.9335694774004801 61 1514 60 695 57 751
3936 1.6937149437853087 1.0595053576232842 2.8732956260077227 197 86 95 2.1617785387401103 4 771 60 698 59 512
3937 -0.64601447812921298 1.0497994633085439 2.9475678359419697 216 95 100 1.9386180126940973 58 1006 60 713 57 1165
3938 -0.66290388246590271 1.1628117381260699 2.776996761477053 149 32 41 1.2871001953626382 58 692 61 780 60 724 59 550
3939 0.48293696079066367 1.0168605505703736 2.9207934110481477 187 178 189 1.572445071166082 58 659 60 734 59 701 57 902
3940 1.7760054623278554 1.1580057090054494 3.0059577586389619 0 0 0 0.45848595596772207 4 943 8 663
3941 2.1399824631926667 3.0662627006233616 4.095903568504645 201 84 100 0.848254494507102 3 853 57 713
3942 2.1090546374901944 3.0709677313924857 4.3222016349299244 0 0 0 1.7180149998537171 3 660 58 348
3943 0.19660474841668882 2.2995402820440094 4.1270036362235878 51 7 8 0.89527275227573511 58 802 60 778
3945 0.11801108852688467 3.1790247580977837 4.8190859265062551 183 165 144 0.60380674506958654 58 914 60 815 59 1007
3946 0.95732156219321418 2.2646527449668525 2.7662906590097331 28 35 87 1.8922214645285516 4 1032 61 661 60 833
3947 -0.028953140808639959 2.1556335203276467 3.247753580816259 117 218 251 1.1151014260078131 58 846 60 856 59 632
3948 -0.13319497324489082 1.5376675508113136 3.1604715607495248 138 93 58 0.93926739963059858 58 1478 60 884 59 1425
3949 0.024078749127907754 1.5566119715938669 3.1863348877717748 76 145 224 0.57983511074812222 58 879 60 889 57 851
3951 -0.069699295854372401 1.4831864486982911 3.219868382662896 149 101 38 1.1948474412682322 58 1099 60 909 59 935 57 1052
3952 1.7612812180672224 2.0040584791222855 3.3000282031750681 232 191 180 1.2966329845986746 3 540 4 775 60 914
3953 -0.015100755934562879 1.8338494190131829 3.2440117116550349 0 23 121 1.0187344222293355 3 2018 4 1162 60 920
3954 0.93907964600614391 2.042104790769693 2.9214253358638165 17 104 197 1.8192203029183993 61 1016 60 925 59 981 57 753
3955 -0.46648993581155596 1.2590743305936043 2.7325722335060418 123 16 24 0.98236705291396065 3 635 60 966 59 857
3956 0.43082620240832503 1.2649269205607678 3.0222987078736399 122 30 31 1.5056354859038403 61 1618 60 968 57 1586
3957 0.15799246669754446 1.1795421006060791 2.7200835275791149 240 165 179 1.6400911398966642 58 1599 60 981 59 1582
3958 1.0052643792424896 1.5098751420099401 3.3035302222919842 66 52 51 0.61979393460001819 10 914 60 1001
3959 -0.17853250063481191 1.4279557126245803 3.1266134918095005 152 103 1 0.82495790918809953 58 587 61 1215 60 1004
3960 0.64695971657359475 1.2641850988990078 3.2003277555066321 140 35 44 0.28316773831004316 11 697 60 1015
3962 0.69179940620379266 1.3296360974662476 3.2295950301763146 0 0 0 2.2638113420821053 4 803 11 1162
3963 -0.38077432360213653 2.9000811724412769 4.7987564796153759 182 80 85 0.40614576228738297 58 711 60 1034 59 756
3964 -0.17454433794869695 2.9867459348121272 4.8768776845613173 63 1 0 2.2663952149803319 58 1015 60 1036 57 739
3965 -0.33689448487340556 2.9586322936862732 4.8070850190842043 201 79 78 0.71107976921599036 60 1039 57 1291
3966 -0.32450416761900053 2.9933875298223533 4.8647562280542012 117 26 12 0.56987994375977202 58 539 60 1042 57 964
3967 0.064940252309057908 2.8427839814998768 4.2783319568490148 176 50 61 0.99804897289270145 61 1205 60 1056 59 2450 4 2677
3968 -0.23922838956633047 2.7758132598558873 4.8055239688105464 165 39 42 0.2312473710706523 58 715 60 1058
3969 -0.02129597417010589 2.6840457540640483 4.204381619730964 118 143 165 0.43686198857576941 58 969 60 1073
3970 0.81763040249892638 2.0716106485167161 3.0138764840732057 34 79 138 1.0250394277821215 58 1328 60 1083 57 1001
3971 0.011622412640678481 1.5523362635221589 3.5464356611257095 0 35 131 1.6628093542728071 58 875 60 1085 57 636
3972 -0.5252916713388931 3.0873150311770008 4.6960568024705269 221 230 232 0.9007581804925141 61 1071 60 1087 59 993
3973 -0.17798903939957569 3.1709163555272144 4.6481536036942179 186 211 218 0.67108711957922829 58 1235 60 1088 57 1254
3974 2.3664153063692108 3.1508069227117539 5.5551949518848511 101 35 27 0.20373944993120219 5 1405 60 1096
3976 0.83441585384760253 2.1427170707572483 2.8941851579885438 33 121 201 1.0656286771207313 61 1508 60 1132 57 995
3977 -0.14079807918816345 2.5230235313408524 4.5852568123781277 210 86 86 1.1518378395710287 58 965 60 1160 59 770
3978 0.45528780857920653 2.331591745165873 3.4069963873034004 67 133 212 1.2074153925603825 58 1777 60 1167
3979 1.3575039734108445 1.4234411569481749 3.3753364970698758 46 9 5 1.0978384981129772 61 1213 60 1205 59 940
3980 1.1564406938542073 2.0813834639700284 2.5289253286692746 162 112 0 1.9385038963628578 58 1105 60 1243 57 1104
3981 1.1891765379764085 2.0869479504654147 2.5784920219195087 167 139 76 1.7303082724374499 5 1373 58 1113 60 1247 57 1412
3982 0.038312294055079937 1.5108351096694002 3.2614285692049436 0 32 103 1.0468034322370374 58 882 60 1277 59 984 61 1676
3983 1.1888671159935937 1.5857309094220073 3.6024351226924027 190 148 131 0.46404746874667668 58 873 60 1281 57 1048
3984 0.81206779897959036 2.1071713636936935 3.0124204790820275 11 71 143 1.9564469035317176 61 1507 60 1298 57 1804
3985 0.92716501200103618 2.1808491611116732 2.7961380692113882 30 119 219 0.40511727281392812 61 1510 60 1299 57 1369
3986 0.88209280980530957 1.8537809535574938 3.7145152268751493 4 19 23 2.5766238708805993 58 929 60 1302 59 906 57 941
3987 1.0579732013353351 1.8161328147936633 3.5109183906038584 165 189 199 1.8363532767592845 58 1122 60 1328 59 1121
3988 0.016690807603221846 1.7957326110390175 3.2292646170464829 45 131 222 0.88863605205274343 4 2005 58 891 60 1348
3989 1.0674998025278477 1.8566749122443584 3.5179571705619317 48 50 49 1.5702622293562911 58 842 60 1357 59 912
3990 -0.084412656966289384 0.966040612430482 2.9056792127771653 105 126 145 1.1803467855561356 58 1216 60 1370
3991 0.019228688748720406 0.89530288047319695 2.6986795633975205 178 114 0 1.7689114363671308 4 2416 60 1397 57 1127
3992 1.7057353531880974 1.5214450041880279 3.4551655578429648 217 122 206 1.0858505486331171 8 3135 58 1068 60 1432
3993 1.7662700124191113 1.5860494398315146 3.2457505390105119 242 177 141 1.1496057152821182 8 1884 60 1435 57 2807
3994 -0.16520103161559851 1.4189075188034741 3.030093555059175 143 95 1 1.3485927274917087 8 1322 58 1087 60 1464 2 893
3995 -0.074602593157009789 0.7969349096703634 2.7968478319285279 132 117 96 1.472522174917416 61 1338 60 1588 57 885
3997 -0.33499106674394552 3.1123249253976328 5.0521434266970493 101 43 29 1.7773459147658197 58 1347 60 1610 57 1256
3998 1.7661487640049105 1.5968358750028999 3.2812082089541184 142 49 84 0.47272636073045554 61 1043 57 619
3999 0.37099887046290381 2.2688110658001195 3.1991995534127069 131 171 254 0.83721654049624838 4 1072 58 1365 60 1635
4000 0.092148308871578918 2.1780588451028535 3.1845856009183207 65 158 241 0.86837131344893137 61 1147 60 1640 59 721
4001 0.40665979253524775 2.2575192515529112 3.1494927559461621 104 175 255 0.5420892984734349 60 1643 57 1847
4003 0.14089864646488265 2.2932314437698205 3.213693041129293 84 111 144 0.73264522957147526 58 1972 60 1683 57 1680
4004 0.42336960096721815 2.3344441694701867 3.3263936237118412 12 69 153 1.6568433675341812 61 1483 60 1731 57 1756
4005 0.67373117244933722 2.4364122546676072 3.2070128664125011 162 134 84 1.7056500806371631 4 1895 60 1735 59 1787 58 2024
4006 1.72731494911663 2.5476417202435844 3.7079015130230553 156 154 155 1.0961540024220586 4 1417 60 1736 59 1317
4007 0.72254016138144384 1.5193803094011391 3.227310630811723 115 118 135 0.1511834369976772 61 2152 60 1888
4008 0.85090882004791268 2.0598373400202985 2.898946801138675 44 81 109 0.74032544451213778 58 1851 60 1896 57 1474
4010 0.97924162450849683 2.1658598298245098 2.7900536813691339 106 170 241 0.53573214694738458 4 2760 61 2194 60 1935
4011 1.0636175990267385 2.0994757526035808 2.6304935383438961 148 112 0 0.0017557537684149765 58 1855 57 1555
4012 0.0017680026536545526 1.6705336092844465 3.2830683309199626 45 132 220 0.90077993656915567 58 2350 60 1974 57 2637
4015 -0.27778222531633312 1.1214101686588569 2.7030704146552562 100 124 138 1.3310005075083238 58 2294 60 2022 57 2474
4016 1.0246431654914105 0.91587446355636515 3.0183281427370496 226 195 42 2.1445227187248443 61 1312 60 2071
4017 0.87812409763494714 1.0333829798643295 3.2479282695669425 184 114 116 1.0367055482069933 58 1151 60 2160 57 1199
4018 -0.37931926892017886 1.1495016777884184 2.6496167656490917 99 104 116 1.5263485514754052 58 1161 60 2166 57 1205
4019 1.7352988999327952 1.3390762352033059 3.2054549082433677 127 39 107 0.75306561893744284 58 1918 60 2173 57 1168
4020 -0.23340642733702519 1.2267918221199041 2.753102175179591 95 9 7 0.79890951719660086 4 1802 60 2186 59 1581
4021 -0.089819783372324866 2.3733145230177133 5.457695233044058 21 20 16 0.96001619176782471 58 976 60 2249 59 1009 57 922
4022 1.8191838654467942 2.3008045868985327 3.4282594400826936 60 50 59 1.5475483688357412 3 1488 4 1429 60 2481
4023 0.80842967519893472 2.2737994867730138 2.8605042743672864 5 91 178 0.62622727402116984 12 2351 58 1793 60 2485
4025 0.96050737683956366 2.4957066487974133 2.828343468941378 92 10 0 0.20268606476770398 58 2012 60 2552
4026 1.8182002621516851 2.4915774121814418 3.7980177263793409 198 127 121 0.94726812617057077 61 2041 60 2553 59 3126
4027 0.019186989458219637 1.4659429821308909 3.2696106819904407 84 85 120 0.25398370974108586 8 3236 60 2680
4028 0.36612547966936676 1.4304792475819093 3.486952365522396 125 91 71 2.4670207354090006 58 1416 60 2685 59 1098
4029 0.88380345405716698 2.0594921464603955 2.8271593639540016 51 94 145 0.33129973134627522 58 2164 60 2705
4030 0.92778885280285206 2.2494833998503498 2.8181791758972361 0 81 178 0.29648613673634128 61 2285 60 2730
4031 0.84013139401920189 2.2880027916820063 2.7633120855020046 74 166 249 0.76193568169459691 58 2096 60 2760 57 2209
4032 0.93320155252327286 2.1492777709296127 2.7738862941001092 35 91 212 0.85751834775604607 3 1307 61 2124 60 2779
4033 0.42883725334383183 1.8429160289179491 3.4007445811852821 119 111 155 0.22166760567141205 58 1741 60 2781 59 1126
4034 0.91429638861912688 2.1455835950014523 2.7288275219930713 181 187 201 1.7892586574888671 58 1750 60 2787 57 2567
4035 0.90194370643048383 2.0796567953932787 3.0172260605897776 61 148 227 1.4810224311685394 58 1859 61 2122 60 2792
4036 1.665819887128138 2.0332645112072774 3.3584558527263071 217 104 98 0.58424889124690838 61 1974 60 2796 59 1484
4037 1.7024518340715742 2.1298456327836779 3.3857465284653196 219 105 104 0.33979364353911762 61 2310 60 2829 59 2240
4038 0.95823203756884834 2.1713761436535348 2.7957009209877524 88 164 251 1.5097738206356468 61 3018 60 2834 57 2544
4039 0.48892766499548235 1.2624111802375453 3.0425291265602308 113 114 126 0.54208987106573236 5 2337 6 1133 60 2870
4040 0.91565455106402416 1.0449402913435444 3.0699894918176907 135 81 0 1.2107910983865966 61 2853 60 2900 59 2876 57 2312
4041 -0.50386500848338589 1.1842352373173883 2.522430657211463 27 54 67 1.8426771632833541 58 2479 60 2949
4042 0.85773619487104191 1.4542065017204682 3.3414805764989706 87 43 65 0.87654523660261818 4 3630 61 1613 60 3007
4043 1.85930048147065 3.545336654008032 4.1402147575111945 155 174 189 0.39887989800930196 61 1410 60 3073
4045 0.628243183210207 2.3439377964147687 3.1587950160026876 95 168 255 1.103666121031724 61 2024 60 3320 59 1309
4046 0.53759499328454896 1.3362441366642037 3.1337271203817001 110 104 118 0.63801869006316747 13 3710 60 3751
4047 0.53149892397457732 1.3914169671856937 3.1924465645670983 115 94 108 2.170746849349936 5 2357 60 3859 2 1639
4048 0.24388642879640135 1.4121361744132175 3.0631357879856282 75 25 29 0.65100341996022382 7 2455 13 4180 60 3860
4049 1.1722624079589856 1.4365959999484614 3.306879059859464 156 146 154 0.77143490947668414 3 1622 60 3861
4050 1.7643329531199903 1.1516997269013887 3.0377338360105699 97 101 130 1.6037808750792151 7 2126 61 2574 60 3921
4052 0.89452096713708529 1.112615544247278 3.0838472813653981 190 144 92 0.37131173868931672 61 2794 60 4074 57 2483
4053 -0.084659545776128428 2.1428193255712173 3.7334012220341126 143 136 146 1.3016127265372868 58 2689 60 4237 59 3117
4054 1.1519575067589705 2.1212691420962142 2.6026354640259055 176 149 184 1.8238729610446496 58 2371 60 4289 57 2016
4055 1.1162706125895192 2.1281913513518118 2.7168586208907817 198 172 124 0.99580844121395362 5 2440 60 4310
4056 1.0389103961180639 2.1552257692743368 2.7948862059530741 184 134 95 1.377851838112381 61 2123 60 4433 57 2546
4057 1.0870103173638002 2.1403490245711239 2.7442496104485259 217 157 146 0.92868345319321455 12 2386 60 4442 15 4807
4058 -0.42826836673285035 2.9830636703756332 4.7804683789002889 208 108 106 1.5267208929373464 58 2140 60 4844 59 1883 4 3266
4059 0.76461934067620874 2.2405536646014506 2.9199614379740599 0 59 162 1.5357160048446976 58 2802 60 5050 57 2215
4060 1.1209887056601744 1.5519133124591273 3.5213622349689211 118 65 25 0.70723546266027726 58 1081 60 5067
4061 0.066139591726155925 1.1727974497882183 2.6837815820149995 215 124 133 0.53733584931409906 8 3419 58 2419 60 5148
4063 -0.38507044921226458 1.1524023419012506 2.6988614411752105 66 10 12 0.8545169904945068 7 276 61 184 3 252 58 150 60 163 13 264 15 261 17 247 18 398
4064 1.2357012304321966 1.5118532978907386 3.3893814769303758 136 92 17 0.72677792706412458 8 2442 4 3000 60 1843 61 2700 58 1919
4065 0.65516938883659726 1.4660147633573293 3.3028875901524262 134 140 162 2.109672301392961 4 3618 5 1579 3 2369 60 3825 8 3900 10 1937 7 2326
4066 0.070090153212449616 0.99099725447891962 2.7250383925432042 83 45 0 1.3269169455880101 58 2264 61 963 8 1401 12 1981 13 1621 15 955 60 2016
4067 0.93279274665911338 1.1301770965835407 3.2637786999917973 107 62 55 1.1502201061056307 8 3412 10 1604 13 3231 14 3079 60 2838 61 2584 58 2249
4068 0.82079252628071442 1.5050271624637699 3.3882746426744594 84 60 35 1.9234953500495886 58 1407 61 1040 7 1643 8 1381 4 1664 3 746 60 1018
4069 0.98995688022617045 1.3229277046396697 3.1962679074929765 67 78 86 1.8497139978136066 12 2785 13 3176 61 1636 12 2028 4 3698 60 2098 15 1232 17 911
4070 1.1349844039107946 2.0926900847361796 2.6526564716268211 41 32 38 1.3004569496840699 12 1727 58 1468 60 1343 12 3546 61 1954
4071 -0.17144204880049929 1.38664776846428 3.0068400074574804 163 121 15 1.9367727479218968 8 1315 58 1042 60 1204 12 1979 61 1598
4072 0.80289024299902279 1.32605575931775 3.1913499728688066 8 3 25 1.6368576098820113 8 509 10 526 7 543 12 522 13 494 14 651 15 616 5 559 6 500 4 806 3 646 60 622 61 697 58 607
4073 0.91033559796209784 2.3755094899427034 2.953648888925017 107 69 19 1.2617548042835998 3 911 60 1695 6 2783 61 2017 58 1761 59 1779
4074 0.045375375203094231 2.2373217040427833 2.9734626983093562 0 0 0 0.77343793547674788 4 1101 61 1203
4075 1.6351259975387069 1.0579159917758829 2.9294263886101088 159 59 67 1.7648686194891425 8 643 60 1232 59 873 57 887
4076 0.63320383993457963 2.1134813007663746 3.0955979450914346 240 210 95 1.6861090499760905 61 996 60 1317
4077 0.29628913882523122 1.1963688545666427 2.8648509823610517 118 100 100 1.8233710496879469 8 2999 60 4064
4078 0.35036040812379271 1.1101438370071115 2.8287646360744518 110 104 107 1.5000829207928468 8 1491 10 927 61 1806 58 1163 60 2033 7 2532 58 2434
4080 1.4760057489881269 1.0832912216264534 3.3034057532207584 185 67 79 1.6405983350968789 9 1 58 2 59 2
4082 1.2972045696602674 2.6766608130410989 4.7610164138512641 136 121 100 0.59947142064037595 58 12 60 18 59 13
4083 0.27452696511604696 2.2857499813579611 3.2392830751679029 17 21 30 2.084375906097093 58 14 61 12 59 15 56 7 55 9
4084 0.70051046180777909 1.7108960601733325 3.6826614302487481 8 8 10 1.7259524479793937 4 16 60 11 57 14
4085 -0.062911034550391737 2.440668049845105 4.1649063667698929 108 31 47 2.3238799469528821 58 16 61 19 59 19
4089 0.86044611983666819 1.8287797008947753 3.7614563829749699 5 8 13 1.164344123477407 61 121 59 63 57 99 56 71
4090 0.011036127002246671 2.7427728606534916 4.8878412732609453 101 0 0 0.72551541643102035 58 105 60 76 59 64
4091 -0.070171613585055942 2.8659525744032539 4.7728019718221955 245 148 151 0.87315181423575106 58 70 60 75 59 81 57 85
4093 0.75505933165928596 0.65825377282608433 3.3706808562245261 166 80 6 1.5015365168003709 3 152 60 153 59 110 61 167 58 136
4094 1.2022453403666356 2.3970036598006312 3.1690267921043915 105 6 0 1.7797249424759671 58 114 60 181 59 124
4095 0.20059970775198896 2.1940573171683302 3.3310856609825072 11 98 193 1.5105584318396776 61 212 59 126
4096 0.27694429554056393 1.7138401763596278 3.1517242030690507 199 158 66 1.1217331956183316 58 135 60 191 59 137 57 93
4099 1.3851622091071827 0.82822791741834012 3.2124337360296296 157 38 25 0.70293914061057183 4 437 57 289
4100 -0.11843020818447633 3.3223272302798281 4.671063655191241 61 60 51 0.8682028931062874 58 167 60 178 59 191
4102 0.72441028387336093 1.0871407411122544 3.2547993838337859 149 21 22 2.203766906379764 58 197 60 359 57 444
4103 1.3679579982067511 1.312759799137267 3.2323224579325944 179 186 215 1.2894637938119371 3 219 6 209 59 235
4104 0.68457280731568582 0.58127382354636126 3.3090185788556274 180 115 12 0.14915461888458253 3 230 59 258
4105 0.90548394397946996 0.84479603077922205 2.9502074657597972 230 181 33 1.7873837411901405 58 482 60 303 59 260 57 176
4106 -0.21241263416492392 1.0758029843841468 2.6277966899740144 35 61 74 0.21238634828167546 4 327 59 267
4107 0.85669031660942818 1.0068632419985251 3.0606635372255924 148 41 21 0.97345928252854941 58 248 60 245 59 270
4108 1.4670107709531059 2.4262294067349117 3.4037666392602675 127 23 24 1.5725604009997127 58 253 60 299 59 333
4109 1.2906640730401391 1.5067807971542009 3.4567351187504274 151 110 39 1.6291558929368222 61 519 59 339 57 817
4110 1.1829682895701508 1.558952435816402 3.5579639536586685 152 134 114 1.9900705089998356 61 250 59 350 57 467 56 306
4111 -0.3858932147888815 1.2640506909420528 2.8398463238965892 0 0 0 1.0589342596264635 3 538 4 596
4112 0.066988201619608653 2.1600485537238292 3.2022376379154212 1 55 141 0.23757437080097032 61 658 59 375
4113 0.77145168277113907 2.3984129447569762 3.0696757778797079 47 60 112 1.2836917486212007 3 433 60 584 4 340 59 390
4114 0.33591433896211342 2.5184463878030798 3.548606758529846 86 31 0 0.28414681298006494 4 665 59 398
4115 -0.39438716496489884 3.1558805240051226 4.8982043133504796 16 0 0 1.14824895758408 4 367 60 786 61 408 59 415
4116 0.0079872106546774631 3.2675006114336571 5.0842094381609595 162 146 130 1.4068553800121444 58 360 60 787 59 434
4117 0.01923212036413912 1.6370991728987143 3.2258760505376496 81 162 250 0.7379267974354945 61 309 59 441 57 281
4118 -0.0062846022359536666 1.5025387187732135 3.413068138209213 27 68 150 1.8648912429672346 61 510 59 480 57 648
4119 -0.048592048188565044 1.4772688174147315 3.1681383043020959 133 90 28 0.0087583700045900659 61 686 59 491
4120 0.28732040569120126 1.1793605683440742 2.8741380882579262 114 85 89 0.76519512519027322 4 405 60 475 59 498
4121 -0.056764886973784658 1.1245982113048378 2.7609067379036678 29 58 62 0.95690178809184789 60 471 61 799 59 504
4122 1.4316665876956802 0.69562793386866473 3.6377367585767884 160 95 39 0.748097263932478 58 998 60 402 59 509
4123 -0.20133156857105852 0.85905057198605062 2.7734227920217864 32 54 67 0.16077220685699961 61 537 56 370
4124 -0.47562629689753433 1.295433737430306 2.875908116481336 142 124 124 0.21525987343335382 58 678 60 342 59 541
4125 0.33839618209656636 2.3856507398300573 3.4970782608787983 22 55 130 0.56311897035056124 7 1147 59 563
4126 -0.14837268984745167 2.5155147602817545 5.4149531048310831 13 14 9 0.82626758324918426 58 355 60 371 59 565
4127 -0.23832260778036302 3.0182222462764101 5.0513410223500284 68 14 1 1.1652081515629105 61 873 59 607 57 738
4128 0.17677044320071433 2.0418444625065941 3.1196026346324701 32 123 203 0.77994639214194927 58 543 60 870 59 612
4130 0.32651924506099755 3.2312532300060282 4.8065159786058222 143 128 109 2.1644620482338643 4 366 58 536 59 626
4131 0.93531607985770915 1.7714752715259663 3.4828843282748254 183 207 216 0.72125883954925729 4 831 60 949 59 643
4132 -0.3382146585244481 1.5559932968771686 3.2980794778885878 145 102 0 2.6716307105989165 4 852 11 649 59 690
4133 0.27076635086902973 1.0097538042967207 2.8226296184504864 131 48 32 1.679482823942676 60 694 61 525 59 706
4134 1.0694904772208544 1.2780299287793793 3.0947628410527299 170 68 83 1.510317643921699 4 935 60 964 59 736
4135 -0.44005242159919694 1.2020382682899518 2.7380990635464983 109 17 18 1.2686682250428412 7 775 59 740
4136 -0.56229935800204445 1.1566782931593875 2.7063574277922773 51 48 59 1.393941112596464 15 1396 58 695 59 745 18 603
4137 1.3053037753916579 1.0423095095577297 3.2065671816670731 193 67 68 1.3675910602991064 60 746 61 564 59 746 57 698
4138 -0.043807130286090845 2.3524664026152986 4.6149864749036187 136 77 81 1.5516024775644592 58 732 60 750 59 773
4139 -0.51410237468325659 3.3092388753279915 4.894147031613417 80 95 100 0.69259589147140599 58 748 60 799 59 786
4140 1.7940665881665832 3.4226845607425886 4.2017354018482482 162 191 207 0.86349102409204281 4 992 60 807 59 802
4141 0.76378173306127495 2.1378181197681787 3.0740756602904007 141 215 255 0.44924492668398947 4 1037 61 962 59 818
4144 0.23290753779030482 2.3405251350179017 3.1652923865725269 14 19 29 0.72390333400131845 60 768 59 832 57 1346
4145 -0.11555457171232431 1.2982013507961252 2.8389848782483789 129 21 21 1.209646812064594 4 1534 59 851
4146 0.018736072419541595 1.0810261711781872 2.6068031358468793 93 82 84 0.22838152697908062 60 1224 61 752 59 881
4147 0.049324539275742922 2.1267648127052019 3.1979158729698902 0 44 129 0.59295548531753373 58 1319 61 1141 59 893
4148 0.91428386364199299 2.1340706788196266 2.888838088273646 8 103 197 2.2647038563396062 4 2008 61 627 59 908
4149 0.230485898672288 3.4319382535488772 4.5270418468564904 116 112 114 0.40136181823415973 61 851 59 963
4150 0.27791677466189474 2.4537243898295742 3.729574495576804 0 0 0 0.92352087894479973 58 1278 60 2544
4151 0.30882595875149749 2.2595995594942688 3.1375133644117645 25 45 80 2.3528187779634759 60 587 59 1025 57 781
4152 0.83967023578014099 2.3194814613318195 2.9592634825181752 30 84 158 1.2528386023495222 58 1361 61 1153 59 1030
4153 -0.26405447616845312 3.0905568775172245 4.9697424468692777 148 117 98 1.6433652906949154 4 1339 61 2441 59 1034 2 1501
4154 -0.41799901496280756 2.9976278866250725 4.749541752269276 226 121 125 1.3211212622818984 58 916 61 1397 59 1037
4155 1.4055342991711215 2.2067465704033742 3.2691797383001697 106 61 66 2.127854920954968 4 2066 60 2455 59 1103
4156 0.29464023788545918 2.1833609861631325 3.095755457251276 14 63 140 0.85698084804758023 60 3410 61 2064 59 1112
4157 -0.041771242263934173 1.0748833477835045 2.6563863409459176 134 136 156 3.6974790132987536 60 1216 59 1173 1 736
4159 -0.33546831761843898 1.2659147465707441 2.8512672817880942 0 0 0 1.4251255925679653 3 980 61 1815
4162 1.7726222154043434 3.2100574535338855 4.1051097034800001 114 21 25 1.4535192639879395 4 1971 60 1049 59 1321 57 920
4163 -0.033917999276902866 2.8863808561248474 4.5749585974808076 0 0 0 0.03977204087455892 60 1062 61 1426
4164 -0.36766336691716306 2.9305726031813686 4.8057960505194766 233 117 121 1.2319755345460546 58 920 60 2198 59 1335
4165 0.19026304605718769 1.5787723513566658 3.3220290226158995 5 65 147 1.2313064108756986 58 865 61 1655 59 1373
4166 0.5467466762867178 0.88618880004904144 3.1203904834237539 182 102 95 1.5908000471044055 58 1525 60 1217 59 1489
4167 -0.3087373340663257 1.1803065444680609 2.752149629910233 133 74 94 0.31820114941748345 6 1523 59 1594
4168 1.6135810227966279 2.7873550121402775 4.3987982039249589 70 2 24 1.3785327328174199 58 1615 61 1891 59 1761 57 1654
4169 0.61934169047314902 2.2479911352339572 3.1453656962839465 34 113 207 1.5551668596132044 60 1691 61 2067 59 1772
4170 0.74096128692295271 2.350245312841543 3.0332073541175744 103 165 226 1.0999094515297672 3 2088 59 1780
4171 0.12838535823711786 3.2606354845802108 4.6168896258626377 204 206 201 1.4956088625520538 4 4198 58 1233 59 1818
4172 1.4372466646740865 1.147939392843371 2.8511811962909164 134 15 24 1.8606315199823391 58 2483 60 3666 59 1954 57 2287
4173 0.82740785418745932 0.9965782873044694 3.0413459094217408 108 32 0 0.1167965108259484 61 1736 57 2321
4174 0.15079684436051333 3.0306084875650408 4.6316298427943563 161 57 61 0.92773367594940603 58 2653 61 2088 59 1984
4175 -0.036556713582050676 1.096820659697435 2.5884210819882849 132 161 174 1.8821487966942569 4 2404 61 2376 59 2010
4176 0.91967027484546959 2.3244313026695602 2.8718785044659945 111 105 104 2.2692074527169339 3 2243 61 1146 59 2211
4177 -0.4204513624926739 2.8169357479111659 1.122560719776619 168 136 44 2.2967200378442474 58 2017 59 2322
4178 -0.48583964228665749 1.1560909180446961 2.7288236006662001 91 96 112 1.9991241958614538 3 1737 59 2411
4179 1.0368946379675978 1.3399771837088812 3.1566813783186087 66 60 86 0.43529809086836713 4 3354 56 1062
4180 -0.12894357128750231 1.3112975488754479 2.8274312327793125 122 21 24 0.99581228050294779 4 2464 58 2176 59 2432
4181 -0.40485328070695276 1.5231993938774611 3.2238089952240165 161 147 117 1.3134608068380678 10 2287 58 2524 59 2525
4182 0.83349038127995501 1.6997691761789007 3.5927082594225475 127 139 148 1.48458779044811 11 1839 59 2851
4183 0.90604405668815724 1.0470174109892501 3.044014932945355 196 136 26 1.2700816892097331 61 2546 59 2852 57 1537
4184 -0.23456144717534924 1.1496285672036433 2.6716871533266056 95 112 128 0.61520291322857312 4 3409 59 2875
4185 -0.074393097630710614 2.1123814957432216 3.7463596662829914 136 113 105 0.71202549809524918 60 4246 61 3092 59 3114
4186 -0.45515968919985283 2.987410192237606 4.8455043441934453 205 109 110 0.97507231947581385 4 2380 61 3143 59 3551
4187 1.74860532928653 1.0857899496144909 3.0409977893846865 149 116 127 0.33976330274015099 4 3456 59 4172
4188 1.0060099412119812 1.3067477571112125 3.2043168365289012 23 23 43 1.7013633285554013 8 1242 10 1260 13 1334 15 1230 61 937 58 611 60 636 61 668 7 927 9 1030 59 1187
4189 0.016567014362666978 0.87027451888208651 2.6920031879932411 127 102 12 1.9674249247650271 4 186 5 234 3 234 7 177 59 166 6 303 60 150
4190 1.0408748150918632 2.1179799425313917 2.7429467250516688 129 72 110 0.7615839326425492 4 133 61 208 3 186 59 216 58 162 60 195
4191 0.83824904857697879 0.94774149921405326 3.0925229940670373 170 123 4 1.3191475916308457 4 2125 3 2395 59 1140 61 1374 58 1203
4192 0.080918872605152167 2.7985120140461839 4.2520633001114323 218 101 117 2.2639975639898058 6 1160 4 1948 59 1350 61 1830 58 1626 60 1557
4193 0.039253868148121346 2.7867498357207352 4.2226583236476207 230 212 235 1.9620953954835001 58 2861 60 3146 59 2303 61 2943 60 5424 56 1492 55 1226
4194 -0.30340379040095417 1.1498741131369576 2.6894035123330635 54 7 9 2.1830007872289197 10 328 7 277 12 305 13 265 15 333 61 275 58 202 60 248 4 223 8 287 60 162
4195 -0.54408460680437953 1.9790247078177541 3.2939484679895696 160 145 124 3.2804998030950983 6 0 59 0
4196 -1.1170377944727548 3.2421823195067732 4.8684065781964847 155 138 122 0.27756124309204533 59 116 2 126
4197 -0.11785494010923069 0.90572029711245883 2.5728311193522679 129 116 100 2.1629666363770701 61 457 59 438
4200 0.5182587683715939 2.4225652573597243 3.0583467190654874 37 122 213 1.9378289109036273 60 769 57 596
4201 1.6206918008510793 1.0723655162584522 2.9307083134233931 193 95 105 0.11833902072330998 4 1472 59 884
4203 -0.032115059973642737 2.1572103125376692 3.8564769323845054 172 59 76 1.1474434863445833 4 2581 59 1785
4205 1.3778115499947201 1.0296007366619633 2.9069395741799013 159 40 33 1.4978232200189108 3 27 4 27 1 36
4206 0.89360587631189581 0.6027958080549789 3.3625788452635144 247 205 33 0.23130802059315125 57 17 56 20
4207 1.6793220089515857 1.254856594795893 3.1074713460736105 92 46 75 1.7160752603077185 60 15 57 19
4209 1.8103109402767592 2.4952119850883463 3.5927360613505579 0 0 0 0.040574933540216365 3 30 4 25
4210 1.3736469289714668 1.1245816142103802 3.1641827455974538 206 92 102 1.2698816792426333 59 41 60 42 57 41
4211 -0.052751276948945443 1.4641544872405809 3.625271877492275 176 161 137 0.54462918987931352 59 211 57 83
4212 0.074891202346486843 1.9281428727705467 3.8853176006656605 152 57 86 2.561140254429449 59 88 57 94
4213 1.2835066807709041 1.2229018287023679 3.0740453894995636 194 79 92 1.7341834740022566 59 103 61 119 57 110 1 225 56 195
4214 1.253187097736405 2.6739059826913052 4.2605685844326446 136 120 99 1.1638152106772157 59 83 60 78 57 131
4215 0.74566303635488795 2.5082521080278237 3.0134145381233388 131 35 39 0.89681005729875363 59 122 60 119 57 135
4216 0.34351931137210356 1.9503839159084069 3.2253177773790025 234 183 101 1.7026298589906883 59 130 57 140 55 98
4217 -0.39429277745924263 1.1678024747136571 2.7934311629064048 124 133 150 1.135893595411124 59 154 57 158 60 134 56 252
4218 1.0838503220984386 0.80986349696044069 3.1190327717398758 167 109 10 0.061227558164114439 58 399 56 241
4219 1.0108142970805796 1.4618125834174236 3.3336820860268888 127 142 165 1.1874716117845461 59 101 57 189
4220 1.9187504295572155 2.4814100979820308 3.7100361907728669 100 21 14 1.0566818661934443 60 121 61 135 57 204
4221 0.5203348408538091 2.2520114743041431 3.1496394286005533 32 123 216 1.8122364156799982 60 296 57 205 56 236
4223 -0.017176944529119491 2.6023078625542042 4.4299237823117918 106 0 2 1.5344998574652713 59 254 60 281 57 242
4224 -0.069476905002735609 1.3910108553480598 2.7705423810068961 187 71 56 0.35927273327554088 59 252 57 257
4226 -0.0088795223726560284 2.058145874053237 3.8597780304470115 197 77 87 1.584493310129822 60 190 57 276 56 237 55 204
4227 -0.024683810743148755 0.92589218194267153 2.7857470569411662 94 105 108 1.6109663950363868 58 233 59 263 57 293
4228 2.0480604055201219 1.3550649845374623 3.2354109347841891 136 51 99 1.0400361577257093 4 471 61 225 57 301
4230 0.087535221918531081 2.053542261431736 3.1161618428701945 34 134 226 1.3930005779381922 60 189 57 353 59 180
4231 1.7745867494814842 3.2651672100347642 3.9365442639775092 140 132 121 1.3777372480157049 58 353 57 419 61 1103
4232 1.4796978889468864 1.2649214407976472 3.1214767600274609 0 0 0 1.9253536479542306 3 208 9 217
4233 1.1099020857194983 1.3430313013846542 3.2131105699926161 153 121 145 1.7408598552857628 11 337 58 364 57 432
4234 0.44098311641359672 1.1641016341919321 2.9695416060230864 124 30 28 1.7505225166421532 59 265 61 366 57 447
4236 -0.42723502362690596 1.1540384712330778 3.0116195860158768 161 48 54 0.40510257599589633 59 546 57 469
4237 0.45399596912210327 1.3321859865591916 3.0677809042067978 67 16 21 1.7799898592304852 9 281 59 203 18 343
4238 1.0631244164590554 1.4921781300532653 3.2932605092972196 91 64 19 0.69106943764835127 59 526 57 498
4239 1.8640333914353646 1.1522932484695725 3.2117638745589518 140 97 133 2.2814677914314676 60 1388 57 525 56 537
4240 0.26316471973703348 1.3534036553885698 3.0152976872874113 97 71 80 1.7379928723959601 10 542 57 530
4241 0.32358285346691451 1.6809834440499845 3.3829048865725935 28 103 172 1.1231135892172586 60 841 56 324
4242 0.5772336894493304 2.2871302253880521 3.0264631418058618 47 145 236 1.2159319684654224 59 596 57 588
4243 0.16079298311881401 1.3497503648860425 2.7967344225927095 0 0 0 1.6508963609586069 4 411 59 846
4244 1.9008449404622301 1.2225633903158242 3.2312875700562143 147 72 137 0.68970120148636971 60 717 57 681 56 650
4245 2.0026387149040525 1.1944082799354656 3.1191375371865351 122 115 122 1.4362453178695329 61 367 57 700
4246 0.16597956237073239 2.5355721087700207 3.9870952424196684 158 166 195 1.3035734741754001 59 559 57 708 58 728
4247 -0.15744914787228717 2.8233923236489802 4.9299868262172977 160 43 52 0.45646214027417037 58 922 59 1322 57 744
4248 0.3909675196780607 2.3053821279072491 3.2415014166156486 34 90 174 1.7523528461894535 60 582 57 778 2 364 3 721
4249 0.76232249458473611 2.3976625323830887 2.9471244017965899 8 73 158 0.72037361060672478 58 795 59 580 57 782
4250 1.6873642277019412 0.77974571816858307 3.0570576853725226 140 121 114 0.060713874132101331 59 978 57 812
4251 0.83678277160464665 1.7526437890550948 3.7253556001685948 0 6 9 2.5820220666176561 59 1472 60 1345 57 826
4252 0.25658779238279084 1.1406818502510294 2.8173811834592986 120 14 34 1.5276817455112799 59 748 60 481 57 854
4253 1.3999385119989254 1.2552529545657234 3.0966467985186346 156 18 32 2.0131019063497551 6 1128 57 856
4255 -0.34156538745496784 1.2295701820722338 2.7925697999303494 111 90 109 2.0474563521360953 58 499 60 729 57 869
4256 1.4018033243428483 1.1771306417716261 2.8278885544480805 169 20 28 2.3132819835132112 59 700 57 895
4257 0.041146963628856163 2.2012995890286469 3.1353818851653572 47 141 235 0.8981778835738462 58 895 57 1011 59 1777
4258 1.000712398061403 1.4780580636392242 3.3965949394466817 112 114 129 2.2778236395143248 3 1084 59 930 57 1036
4259 2.1185076342165652 0.77413155409458001 3.0257048299732952 136 127 130 1.0773280522807498 4 322 57 1145
4260 -0.032352779624408322 2.5687477225205706 4.2735093172264094 181 49 60 2.0089142107183591 58 1301 59 1008 57 1218
4261 -0.11673385898819434 2.4727275886939131 5.3994270501699413 56 45 49 0.31326262977053781 59 1346 57 1222 58 1299
4262 0.22370066623590651 2.3746445246270729 3.4104426584010663 149 142 92 1.3466544885866576 58 1341 57 1235 59 1790
4263 0.2154284586310008 2.3940053710568852 3.4230023177404849 30 30 64 1.6288042623736088 58 952 57 1238
4264 0.2158731814385412 3.4517789210079495 4.6011879277045109 189 201 214 1.1680469470976849 59 1643 57 1262 58 1676
4265 -0.24220300203379136 2.8475614637563544 4.9580901976107876 210 86 97 1.9777205756395371 59 1982 57 1278
4266 1.3694417902413438 1.2163070954460093 3.018690622747684 248 131 140 0.87029396800676562 60 2932 57 1546 56 652
4267 0.77503363791998536 2.2894288567077106 2.816133953603781 4 69 150 1.6637631472594978 61 2343 57 1869
4268 0.7790452959039087 2.321212537008428 2.9305278317857684 18 84 177 1.7935001069313266 7 2644 60 2449 57 1887
4269 0.91168212209247868 1.7828395621090443 3.7478101395857579 71 88 98 1.5132760672007954 58 1739 57 2056 59 2475
4270 0.93177249914798821 2.1115710370259859 2.7974222538475746 32 116 212 0.91944283813583105 58 1732 60 3628 57 2058
4271 1.7630107484679864 3.3598291506745297 4.1588166073887241 177 202 221 1.3070383936267467 58 1668 61 1077 57 2066
4272 1.429906667556275 0.77963763401946584 2.9751630867784713 138 123 107 1.2451374589494246 58 2464 60 5154 57 2296
4273 0.89589757947067516 1.0697652710955146 2.99127818878573 191 125 31 1.7114558080950406 59 2866 57 2315 55 864
4274 -0.16102425781946936 1.160414585262735 2.908018914690544 204 100 101 1.4378140757116253 59 1597 57 2491
4275 1.3867975538508472 1.2869204301001869 3.1295272768132123 192 128 124 1.9273832839293121 6 2298 59 2971 56 1185
4276 -0.19288514931429326 1.0441150911932093 2.7428602371267479 187 208 225 1.6618526676553182 59 2905 57 2722 58 2457
4277 0.90124417568121129 1.488951807805809 3.2583294665157245 89 98 108 0.76809612505243419 59 2944 57 2800 58 1447
4278 0.20919062443866746 2.478942692106092 3.8549773605356097 136 114 162 1.9598461780507563 58 2901 59 3218 57 2993
4279 -0.27393622480381241 1.4699357738114043 3.1209355223944941 121 110 113 1.2109408682723339 11 504 12 495 13 406 17 510 57 569 61 481 4 447 58 328 60 322 59 340 18 636
4280 -0.45023753107830805 1.5262022072160462 3.2089965234117006 136 111 85 0.89187132557497384 7 1538 13 2098 17 2674 57 1498 61 1700 58 1827
4281 0.0036558893043799915 2.7887302743727234 4.2278222063609645 147 169 183 1.3634967863239218 61 2251 58 2109 57 2070 4 2670 3 2151 59 2228
4282 0.29990566644593664 2.434999126751535 3.5107480035180982 123 77 8 1.4832911339671349 8 3657 61 2234 58 2678 57 1697 4 1415 60 2511
4283 0.8801436337306795 1.0838797659835508 3.1975851619915803 33 6 0 1.1943654959927081 61 782 58 411 60 361 57 450 4 595 3 824 59 551
4284 0.096943570774354129 0.98001219092429537 2.7188580993508191 127 71 0 1.1842395631592295 8 2723 10 1551 12 1415 57 892 13 1452 17 1719
4285 0.12022186785952828 2.4943138300456567 4.0553746073796146 150 168 183 1.8945485142384066 7 127 6 103 61 90 4 81 57 34 1 90 56 25 59 53 58 47
4286 0.83478668353905394 2.3058717829232021 2.8730250725671223 14 67 131 2.3402205669846565 61 1143 3 905 58 852 4 1368 60 1112 59 856 57 974 10 819 11 904 13 1196
4287 1.6694976106629955 1.3418262778464134 3.4769276383615848 57 11 33 2.2768443506279303 59 206 61 160 58 129 60 130 57 261
4288 0.084652870399324315 3.2010957834725571 4.3609740934084948 203 220 236 1.3351147607010061 60 29 57 28
4289 2.2060740482581189 1.567054438214861 3.8051470522861708 236 198 98 2.6719941914536296 60 21 57 31
4290 -0.12606126787145996 1.4509952873925387 3.1539191022559967 243 196 78 2.1431608899336254 60 902 57 655
4291 1.3353146607092734 1.3118277977887982 3.2043168396373689 156 63 68 1.6200811400820356 59 1175 56 1064 3 1381
4292 1.0439024740773883 2.1536741124737406 2.7686911628391138 166 126 70 1.5118948809025743 57 2563 13 4000 15 4842 8 3807
4293 0.8821347499801353 2.115754239888322 2.9260418931011212 1 32 137 1.2578826212611023 4 393 61 320 3 310 8 308 10 340 15 423 17 398 58 305 60 283 59 326 57 345
4294 0.45103372243190354 2.8617810427540977 4.5865857665570875 0 0 0 2.6384317123687531 4 1 7 5
4295 0.64676017150355269 3.4870546661130022 4.4628156033511912 0 0 0 2.4716667939071586 3 3 4 2
4297 1.6486857329096933 1.2541825799437467 3.1213833780921165 109 66 96 2.1064339056624566 59 18 2 14 1 13
4300 0.89708524816488755 2.1674786741411949 2.9047508008641989 0 0 0 1.1690575821229092 9 27 11 31 10 29
4302 0.41046715242723641 2.4715768618937064 3.4463868211648014 0 0 0 0.52911696150653187 3 47 10 65
4303 1.3629013409358812 2.1947313601750853 3.2778994744530481 163 172 187 1.4552654384149999 5 84 2 41 1 84
4304 1.0054196422266732 0.52287841298435589 3.4414504051115911 0 0 0 0.91190832635061447 6 67 7 49 11 54
4305 -0.26226556756774388 2.5699334378125753 4.8067322255895588 171 159 145 1.4839811781384844 5 52 6 59 2 44
4307 -0.15751590095027246 1.300051136981909 2.9756222927034095 0 0 0 1.9249405608290706 4 60 57 66
4309 0.19170609251788887 1.3600384211662859 3.0376857905852055 0 0 0 1.6726278349614032 4 84 5 94
4311 1.3373869378581724 2.0738914373439066 3.1231707953994476 134 31 38 1.8186330389439764 5 74 2 83 1 135
4313 0.14783062923770302 2.5095536786598776 3.8620654066643358 0 0 0 0.078456720719505657 5 77 8 148
4315 0.1053351960172848 1.3695010398113179 2.9937553685126659 137 88 19 1.5714332882543693 3 85 4 85 2 103
4316 -0.17200787239196144 1.361271296299785 3.0336679401934936 0 0 0 1.8130103657076675 3 86 5 201
4317 -1.1580678127313235 3.2308562585412073 5.067167745652787 0 0 0 1.2280088428634521 5 172 58 101 61 123
4318 0.16600707717632651 2.2134530291963181 3.1592809481278965 9 94 201 0.96180258850384159 3 188 5 134 2 141
4320 1.5146797226774897 1.9487481429341202 3.2596268711843814 76 15 20 1.3587172952135236 5 195 2 147 1 96
4322 0.38992913967952436 1.844947532701054 3.3508114258837711 2 12 64 0.42079678644604196 3 179 2 160
4323 0.23442736779084558 1.8210923412412356 3.3124629455717649 20 98 188 0.90770769691797681 5 197 6 252 2 161
4324 0.861060777833627 1.3980692619855764 3.2405864004373797 125 120 140 0.97265118999678724 7 353 57 193 56 258
4325 -0.47009835988155479 1.1914718870144461 2.7010844206931348 0 0 0 0.90352615453589391 3 154 6 214
4326 0.99664836873358853 1.8958800015981623 3.2738336207031433 231 222 205 0.32842383824414867 3 425 2 222
4327 1.0478053773431193 1.4511806058900911 3.3535501830821652 0 0 0 0.13955508765854924 5 336 6 201
4328 0.53355935008764921 1.2487433507795049 3.0331790355053507 94 15 18 1.4014032902705187 9 220 2 253 14 172
4329 -0.029231128856281652 2.448324910949923 4.0803009396277048 142 60 74 1.7422310270650334 3 268 10 514 2 259
4330 0.67126738316537304 1.4021143295423941 3.3806054489646873 0 0 0 0.90852229748987823 5 318 6 473
4331 0.17700169866104218 0.75248612985322583 2.7567741440971485 0 0 0 0.9779676533347299 3 539 5 506
4332 0.78340548948857813 0.84422786120782178 3.5212261792924848 225 157 76 2.9682590212706335 5 373 2 314
4334 0.40261446501813852 2.3565824276016287 3.4004809553705524 0 0 0 1.5219789441984422 5 480 10 516 11 463
4335 0.03930963946250874 3.0697637158433606 4.961592155763257 0 0 0 1.0356385157132957 5 464 6 567 7 849
4336 0.19337086251473862 2.103399387282987 3.020479546813462 41 131 227 0.52759871015759296 5 436 2 337
4337 0.60126868119661758 1.6355390493959494 3.5016648087251618 121 77 16 0.32271555937441543 6 354 2 338
4338 1.8466149183441234 2.1161623184765612 3.4122613021716135 80 28 25 1.0491636780793576 5 431 2 353
4340 1.9898093750617598 2.4937400297428627 3.9283384770853069 84 16 15 1.5246666693519924 3 510 2 410
4341 -0.027047777905280738 1.4758809050726787 3.0786244495254009 0 0 0 1.4296788627085013 8 401 9 451 58 439
4342 0.79228176515377957 1.2094895012726656 2.9450342661221609 143 64 70 1.6522432641349265 5 550 2 446
4343 0.73466227067643664 1.4844877168059238 3.3382789388087026 156 151 166 0.85426936880354887 9 902 2 465
4344 -0.59489347657189828 3.2387575822359067 4.8695975995787206 0 0 0 0.98956491339818586 4 1352 9 520
4345 0.86181688037791049 1.1570494945609668 3.3021652973915865 140 53 69 1.3631086811627884 4 644 2 619
4346 -0.54508475314676397 1.1829351634392737 2.6518296930674858 53 65 78 0.57794366764302485 7 910 2 639
4348 0.10839223210153345 2.3781062317659338 3.8177454126481418 42 1 0 0.13864317317933192 9 1066 2 663
4350 -0.55918368852102107 3.0499404946525033 5.0735188557033606 0 0 0 0.74066379909153102 7 685 9 675
4351 0.92549979916106984 2.1606877303220999 2.8040463425979518 23 100 206 0.22361728785778506 9 816 2 750
4352 0.061559056468325178 2.5122605868833618 4.2984552385738573 54 83 127 0.60930937503868199 6 981 2 796
4353 0.75773606688694872 1.5225926834978576 3.3650038151616171 138 95 43 0.037672755743653238 9 758 2 919
4354 1.7394004569704424 2.7755490627995885 3.5776024912735958 50 5 21 1.2545282418915324 5 1188 2 1032
4355 0.34769229386862016 2.323187486842234 3.3596631686077831 27 54 117 2.04808820842669 5 2020 10 953 2 1095
4356 1.3552030990361599 2.2617658757307111 3.4129201630629433 162 94 97 1.3614488156580986 6 1265 7 1807 2 1104
4357 1.6496399199230489 2.6982019636238288 3.6647118614507268 120 51 56 1.8828375062715828 9 1558 2 1312
4358 0.093772590833251471 2.5228424687844462 4.0725419257077267 161 192 220 2.4822268531003839 8 3669 2 1495
4359 0.030302871264656268 2.7966951798812101 4.2432047288375987 202 213 235 1.8159502564076149 58 2588 2 1818 59 2209
4360 0.40411993932914564 2.2301933475755042 3.1362597472614899 32 102 190 1.9039453377710143 4 68 61 93 3 77 2 86 8 94 9 109 1 85
4361 -0.38694507260210248 1.5323727564122009 3.2583960688451721 215 190 116 1.420721712021179 4 205 6 273 3 284 2 214 61 727 60 453
4362 1.7819453463626567 3.1300810690633702 4.1407931861253022 185 114 115 1.5331669210362568 3 176 4 156 57 235 2 177 8 302 10 255 7 235 11 279 9 254 5 295 6 227 61 196 58 158 59 197 1 221
4363 1.7751503745841812 2.7227757323209207 3.7900374697920518 72 78 79 2.1829240654846096 9 805 61 1527 10 841 7 1140 11 964 12 592
4364 0.62337612939515963 2.1288791105011184 3.3923429250627035 34 56 101 2.8561198794739338 3 455 6 772 8 1696 7 1389 2 360
4365 0.17329196307330361 1.8185995919305562 3.1689575609839418 2 54 134 2.1006334234462112 8 32 10 44 7 44 11 43 12 45 13 29 9 33 15 54 6 32 58 41 60 45 59 47 5 46 61 51
4366 -0.33676860733438235 1.2124683026923506 3.7167873328715348 152 129 123 2.8672009526128583 5 9 2 6
4367 1.4506129439783668 2.286069104801999 4.22575655818929 106 18 16 1.175977331885139 2 7 1 8
4368 -0.47604847387533233 1.2197507739815994 3.1920194584393324 146 130 114 0.93767541631063223 5 22 2 20
4369 1.8921998391201105 3.0993308678087614 4.1298222239999722 43 5 0 1.0024844944501374 58 49 1 93
4373 -0.080027786818667207 1.2245990389954609 2.7305792435936938 0 0 0 0.52626300975718587 3 11 4 10
4376 0.65681628623981481 1.5423815086030852 3.3466007100758972 176 138 55 0.74336740540471091 2 50 5 44 1 39
4378 1.4523808089602819 0.34800553735033768 3.5896716619545108 143 99 24 0.48579055044452391 2 61 1 61
4379 0.84385025365331578 0.96055559965218162 3.2617516356900862 0 0 0 0.19896211147917081 2 112 61 44
4380 1.5772186774308472 1.1523275968490843 3.0560733477944648 88 15 27 1.9823380354277698 2 69 6 82 1 70
4381 -0.17970110609119322 1.4253209428735407 2.9088647872553839 174 140 69 2.7829987865393262 2 104 1 75
4382 0.1231140244636741 2.4894140538996781 4.0154161124240266 0 0 0 0.85424742188796343 2 92 3 73
4384 0.064217474469772565 1.6187993883774996 3.2411123570819824 0 0 0 0.9945042395299023 2 144 3 90 4 121
4386 -0.2894752107016858 1.3037664454988649 2.955027267415693 0 0 0 1.4767375816036143 2 205 3 92 4 89
4387 1.3924954217240046 2.5990461293459775 3.1590726074481044 0 0 0 1.1221113480706271 2 36 4 236
4388 -0.40640090111565097 1.1903260514916152 2.7899754220898156 0 0 0 0.63819071941873262 2 209 5 215
4389 0.23295141175147782 1.8557656422149542 2.8507586797429569 30 103 184 3.10649600795873 2 217 1 230
4391 0.65017242512663376 1.4981413184944943 3.0783069589727354 107 37 65 3.2257984364115231 2 294 1 291
4392 -0.34889090063295175 1.2756112949561647 2.913236489444115 107 75 87 0.76872689386980608 6 208 1 366 10 125
4393 -0.0022424966874711287 1.5356324815261111 2.3214407211198109 113 21 34 2.5479754116154263 2 307 1 375
4395 -0.42860194017621334 1.1800152476813368 2.6908930645565659 135 163 184 0.28912365769092396 5 751 1 502
4397 -0.34038648926791826 3.0566513415536836 4.9404611404027214 74 17 16 2.3995645442556426 5 53 7 45 8 28 9 47 4 51 3 49 1 59 2 55 6 57
4398 0.47666275092579102 2.5236539876960009 3.3793974645590357 72 37 28 2.4882714158065777 3 161 58 155 59 212 57 244 11 189 10 224 7 242 5 299 1 216
4399 -0.41174776508444833 2.4220972842768371 4.1476278224735923 168 158 146 1.424058122487398 2 2 1 2
4400 1.1427147412698848 1.9715267552971825 2.7151092493793119 200 184 109 1.6660868075147337 3 10 1 10
4401 1.792995332921635 2.6159637217775917 5.2567348341401061 0 0 0 0.26325798657099875 2 133 3 307
4402 1.293534323141295 0.76785339763740634 3.556027090672178 173 111 88 2.9511018025993128 3 94 1 112
4403 0.49942281121709531 1.7798076999400574 3.5178873580541685 146 108 45 0.32652571507038153 6 66 1 138
4404 1.0564322865733704 1.4070936742383855 3.1816309669654399 122 31 46 2.1172788763747645 6 137 1 152
4405 0.18461779914092252 2.5700990575090028 3.3902160045379648 0 0 0 1.8329481629342745 3 162 4 149
4406 1.5406347170737944 2.3842549400277959 3.5396666958542187 136 83 89 1.0975879249342728 6 1275 1 794
4410 1.4661851007077986 2.8385605563003482 4.0221171728887875 128 30 27 1.1026460596864691 17 11 18 19
4411 1.0444931608606687 0.98642566578994784 3.2211852867653712 85 8 0 1.9166270894260191 17 49 18 48 13 66 16 48
4412 0.94717782047585775 2.3890602840984543 2.8876898031538278 187 156 89 0.49734337063836498 17 37 18 59
4413 0.16334008383329951 1.8119821456225451 3.1648478333977579 5 55 126 1.4971725251028407 18 65 22 38 16 50 20 52 25 37
4414 0.93766736382336946 1.3803946886002614 3.2315064134418816 16 16 28 1.0981140626650812 15 73 17 75 18 74 16 72
4415 1.3036514787915019 1.9496488801402487 3.5714929054492632 163 78 81 1.3084403779795561 17 113 18 109 16 131
4416 0.36932897328046205 1.7236269823529868 3.3508129852210735 4 18 89 1.0851604339351852 17 125 18 119 14 169 15 169 16 140
4417 2.5115542073817085 3.1673991291277988 4.2284575790979542 153 158 152 1.2253717909085964 17 130 18 131 16 170
4418 2.560746688027939 3.0668567847084689 4.2337346662705819 89 96 89 1.0929024196122021 17 131 18 132 16 84
4419 0.95926815043563818 0.84909394299824248 3.1435345734308706 141 31 14 1.9190712096654459 17 165 18 166 16 137 23 104
4420 0.79856123320253503 0.49395909435302621 3.5742576846616489 164 101 6 1.2499111932667473 14 194 15 178 18 195
4421 -0.17721134117700607 1.2894632657743244 2.827263028016918 121 44 48 2.8627870638874029 14 81 18 198
4422 1.8934057749339626 1.6401196880954692 3.2037227078413748 207 91 162 1.5727103421790161 17 221 18 230 16 244 19 240
4423 0.13881915656501365 1.1204178411204997 2.8105592506181076 145 53 48 0.85473705161288471 17 428 18 244 16 214
4424 0.031524358020358606 0.74115274640032236 2.8526910655538193 40 27 11 0.75330606040826398 18 258 13 415 16 168
4425 0.9153432379263533 1.7640277961277859 3.6868958778097265 26 36 41 1.8255580625210559 17 597 16 299
4426 1.4987777957532531 2.3433379373933652 3.5063035004510499 112 91 86 1.1329542493408129 17 373 18 391 16 288
4427 -0.4886251470709112 0.98899596258814293 2.7481733486852651 30 49 58 1.6721341219576324 13 516 18 403 16 255
4428 1.0161796315163452 2.0537252684007563 2.7699415511936296 13 39 98 0.83888546132387498 17 1007 18 456 16 370
4429 2.6033076010067977 3.2036700452232125 4.2860611535552842 107 111 112 0.79118610574580817 17 562 18 542 16 328
4430 0.24488432310546085 2.1267296791196362 3.1231042339007979 205 172 95 1.1765374692608905 17 850 23 624 18 585
4432 2.2539335365628079 3.443106318106675 4.2716269800028606 93 99 101 0.73020464804548846 17 561 18 673 16 354
4433 0.2306233552422588 0.95387533221890042 2.7748808223806676 71 9 0 1.2007863674967274 17 1206 18 802 22 623
4434 -0.29056491000777668 1.4974004870437394 3.1024743089658826 119 101 80 0.21591422056626011 17 697 18 838
4436 0.98916863808716937 1.3364904167307834 3.2339524309910246 2 8 18 0.80645119103515128 17 907 18 966 23 2994
4438 2.0915125328924491 3.1652166766363234 4.0626148141739105 151 153 146 1.17025796250173 17 1975 18 1200 16 971
4440 1.9659283156113958 1.0859868241976038 2.906778082474669 78 75 85 2.2409197311388258 17 2070 18 1205
4441 -0.51871940146377371 3.2776442346849408 4.9297223389775402 174 180 180 0.56296001263593154 9 1371 17 1042 18 1322
4442 1.6178936371739405 2.2938283389195187 3.6501146175702126 201 142 144 1.844018853386548 17 2025 18 1610 16 1063
4443 2.0070732059460514 1.6024890119671313 3.1537170465644335 67 13 49 2.3366144703995824 17 799 18 936 12 915 15 797
4444 1.0498593088249264 1.420144681181599 3.0962484575720226 145 150 163 1.4752517265540894 17 653 18 594
4446 0.96508964129876729 0.90848364078065236 3.3610904226993048 95 4 0 2.809603431741349 15 474 18 638
4447 0.071692049488978185 1.0336515367115335 2.6705364040378821 150 120 62 2.153667800779679 17 2748 18 2517
4449 -0.11677515676562404 1.3131269474309841 2.5119162590427178 0 0 0 0.86631150761084508 60 6 61 8
4450 1.2805224276687819 1.6184748637519728 3.2736028921967604 165 149 133 0.50787501623373177 57 9 56 4
4451 0.010280806576924116 2.2828341901493538 3.9939272713544858 131 37 47 0.79044638632936559 60 19 56 8
4452 1.4644918928315782 0.89286107846251472 3.1254548283281234 0 0 0 0.90143802913891202 57 13 59 22 60 25
4453 -0.31853074794176112 0.76978011335629681 2.9071296222848138 175 162 145 1.8880557961863864 59 36 56 22 55 21
4454 1.5388161847988446 1.3635626860150976 3.2781625689142047 129 71 93 1.3894886734483929 60 37 56 72 59 33
4455 1.4757193106280462 1.4402622440695909 3.326855385438114 169 151 139 1.5907743807658052 57 104 56 117
4456 0.86085963213410444 1.0281750790627762 3.1255535966097239 172 46 31 1.4437161946004802 57 103 56 125 55 138
4457 -0.16472059671133549 3.31886474939791 4.5029559939566735 159 154 150 1.5017968902825081 57 225 56 136
4459 0.28986901580771363 2.5441175911147744 3.7789810046998733 208 154 37 1.6669672034989336 57 315 56 211 55 132
4460 0.071238003773761605 2.5050039515849996 4.315255565351392 153 139 176 2.468024152738709 57 421 56 292 55 207
4461 1.6850577406969955 1.5734002223316377 3.3603160217894588 233 141 224 0.17197647232682187 59 338 56 385
4464 1.0055449273604369 1.1824323268849504 3.3176936699935555 196 82 88 1.7844076499961732 57 536 56 403 55 320
4465 0.12797950717703885 3.2205923577929165 4.6840801067908941 133 123 122 1.3597204598850443 57 408 56 464 55 364
4466 0.0487884535707441 2.0906658361914219 3.2023372801166547 12 96 182 0.050080002686997492 56 487 55 390
4467 0.87526821611551153 1.0554219939057126 3.0467970776309721 237 168 105 0.88356257928244109 59 1154 56 647 55 876
4468 0.062960462090712238 1.1088387209198629 2.7081488627760555 113 131 143 0.25580291776047159 59 864 56 658
4469 1.2100445332967504 1.1134587368124218 3.0974093006501366 175 65 76 1.9377202546273551 57 903 56 919 55 676
4470 0.8356397676996391 1.7751790658054669 3.5990195017471804 60 81 92 1.7858073801949457 57 1461 56 964 55 852
4471 1.0262781201570284 1.3018693379306761 3.2436567271591001 153 155 183 2.1511349155293242 59 1189 56 1073
4473 0.94427697698492485 1.9161763104908691 3.8007663282623678 133 144 136 1.1974285485197864 56 1301 55 839
4474 1.3461289302044082 1.3159442486139583 3.1717178234912815 218 146 170 0.90750175657079801 59 2917 56 1726
4475 0.86345309178668472 1.8280776726200858 3.6364068964798197 88 108 115 0.90709564864927528 58 2311 59 2472 56 1770
4476 0.86144702096624992 1.8371140287169021 3.6322765186836121 49 67 73 1.0290323661493737 59 3876 56 1788 55 1448
4477 0.78744825286681552 2.3765432800365449 3.342878984372033 10 90 189 0.86903770225394306 57 82 56 68
4478 -0.024548631417206628 1.1425895579765377 2.7630130943926803 1 57 57 3.0803018109782636 61 362 56 394
4479 0.15763722020948248 1.2168159574244293 3.2449062831103692 87 21 22 0.9285212856845706 18 0 16 3 17 1
4480 0.40964000209654644 1.9342651018079733 3.5461958669880875 29 1 0 1.535465928415306 18 6 16 9
4481 2.28265001106733 2.1603305252689395 3.0636734693891352 197 153 25 1.6564004747537584 18 3 16 13 23 29
4482 0.23371271559924617 0.88741234004009817 2.8371512060043518 62 4 0 1.4337318072741014 18 38 16 28 19 38 23 31 20 34 21 21 22 20 25 19
4483 1.7286853290373654 2.6637481858921963 3.8120260822342749 97 99 96 1.3383752548453502 18 36 16 29 19 56
4484 0.82040629141494459 2.0297551342384845 3.2098045719576493 210 176 66 1.7152746660500042 16 34 19 23 23 27
4485 0.54834209176688298 0.60622947963311402 3.3244943221321455 155 93 10 1.8395829961158505 17 14 18 24 16 37 19 37 23 32
4486 0.31850890009026583 1.6833232335442638 3.2345025425597784 176 134 35 1.2055115236093767 18 50 16 51 19 51 23 51 20 51 21 44 22 54 25 47 24 67
4487 1.9424223103778981 1.9784594210717807 3.2248736307305745 75 17 15 0.65164894103550663 18 33 16 56
4488 0.3443628469269579 0.93007660476146448 2.9357947932873922 147 38 33 1.6387570292898572 18 82 16 79 19 43 20 54
4489 2.1962741672844759 1.9640631449857049 3.0579922969192319 23 35 47 2.8575440790949242 18 141 16 90
4490 0.94258889351649233 1.9419916809761921 3.6049067045726408 139 147 149 1.2984080950257213 18 214 16 110 19 103 23 254 20 122
4491 1.5091576779896652 1.2180363929529741 2.9931494195235073 82 16 20 1.925903457555552 18 70 16 132
4492 1.1671549766149318 1.2582318649468986 3.1862684318664343 206 203 217 1.6805595758790195 18 118 16 138 20 229 19 99
4493 0.23275239249364166 1.7966148901299277 3.9010888391700647 24 10 7 1.2323029841933586 18 249 19 114
4495 0.12467509562445202 1.9667403743403586 3.1138118393244869 20 63 132 1.5326279153661651 18 247 22 139 25 126
4496 0.35308663683110719 1.1351750793253086 2.9020146612025295 70 13 9 0.99278108215602423 16 157 20 226 23 231
4497 0.16984603899060083 0.79099213323333728 2.9026253504087101 173 124 19 1.8563410115512775 18 268 16 166 19 157 22 136
4498 -0.33230577984966631 0.89737040744246621 2.808971169440297 35 50 53 1.4966859658795768 18 453 16 247 19 258
4499 0.59450370661379337 2.1746966602515934 3.2343888610998359 49 47 68 2.2069222101714003 18 1750 19 610
4500 2.0768184628141317 3.2546705259926516 4.2303746871860062 213 222 223 0.71347441742540285 18 1201 16 778
4501 2.2453327315738574 3.4016719051434219 4.2459448174936183 151 157 155 0.74781415115425809 17 1970 18 1203 16 964
4502 0.1915360059142871 1.7298753420756363 3.8286321201514801 135 123 107 0.55213403157837437 16 141 19 115 23 157
4503 0.12583302020212922 1.9049697133038876 3.7615462141961582 29 49 108 0.11621511208373134 18 595 16 265
4505 0.0037748108805166309 1.2209736410102747 2.7386838869159682 144 53 58 0.79387782116170413 56 3 55 6
4507 0.80016319919895407 1.1181921797423773 3.1250889111104843 130 51 46 1.577851265934729 56 12 55 12
4508 0.014174472380810453 2.9075162027401142 4.4724393313037583 167 56 63 0.36781379914466883 56 18 53 17
4509 1.0681872986264638 0.4134587054839497 3.1816219560795682 243 203 46 0.82383333874839371 56 87 55 45
4511 0.63181839910002902 1.547994035790337 3.3766745035549657 176 130 34 0.693540247988776 56 51 55 53
4512 0.066504950015264394 1.5055866398862541 3.1270407395143875 19 4 7 0.83025470098779186 56 31 53 22
4513 0.97782073014362436 1.4707770794428241 3.2486939472639191 155 174 194 0.82149740725098508 56 112 55 71
4514 -0.15927778133952844 2.5508898568708309 4.8911479578609018 194 144 147 0.74876516066760335 56 130 55 86 53 61
4515 0.33833884091616623 1.6669358733795343 3.3151487483457034 139 131 146 0.48397851193106578 56 110 55 87
4516 -0.4503743470929511 1.3857800612287643 3.3156058485440068 197 141 19 0.70776425920065411 56 101 55 101
4517 -0.17605045332630759 1.1527133803039589 2.6521448752701975 35 29 45 0.11563405765504178 56 122 55 116
4518 0.034429770445240079 2.9706999458613406 4.7940013380487914 119 34 27 1.929400812101179 56 142 55 120 53 138 54 161
4519 -0.19711629543722539 3.0089594919372149 4.8670311322530315 178 164 148 1.9637407808070357 56 217 55 126 53 88
4520 -0.0053655850605485965 0.92861599910531289 2.7100540587145159 254 215 57 1.6728465760304647 56 170 55 148 53 107
4521 -0.20735901187629471 1.1844298215225941 2.747646393022142 141 31 38 1.2797855028624339 56 119 53 119 54 130 51 127 52 143
4522 -0.038780816667601026 3.1429780914536569 4.7937992026081426 160 87 80 1.5881035543110062 56 219 55 189 53 133 54 156
4523 -0.075729986274136962 2.9285692510733488 4.806656103040484 238 128 127 1.3366857294696846 55 191 53 137 54 107
4524 -0.19225951835616137 2.8087983358505251 4.8082420599207989 222 102 104 1.6294925281729917 56 240 55 192 53 235 54 160
4525 -0.0050301813144528985 2.8447136403608746 4.668947352538229 182 63 65 0.99249709075498183 56 158 55 193 54 109
4526 1.0375426036982394 1.5277037274794567 3.3608506068957151 131 97 72 0.99001388501220666 56 182 55 217
4527 0.55108831257586111 1.4917585735176604 3.3849469206317062 88 15 3 0.71296842133448568 56 307 55 222 53 272
4528 -0.040226253827809519 2.4935042343766498 4.2088625847506913 151 18 26 0.57367108944095768 56 213 55 239
4529 0.13241130135493256 2.9535226120847859 4.7336750098110754 166 55 64 0.8306334012546458 56 322 55 251 53 237
4530 -0.23023820925082283 2.6910355658737548 4.9434763282745076 202 89 93 2.0352844884878998 56 344 55 252 53 142 54 108
4531 0.059138052236639739 2.572551390529541 4.1336702774814773 154 181 211 2.4381949425300138 56 283 55 254 53 297
4532 0.16498681041502994 1.728497290040929 3.2121143245227359 9 97 186 0.75923030313515794 56 304 55 272
4533 0.072731965085023303 0.95975690528438884 2.7198162980083702 201 160 8 0.78766509451049416 56 276 55 313 53 177
4534 0.10319131062410396 2.7937953552823371 4.3041864872206554 171 48 76 0.99162316244635051 56 491 55 398 54 417 52 382 50 603
4535 -0.41831078683376971 1.1552212366434196 2.7341688030661522 135 142 160 1.1496764300021591 56 391 53 324 54 199 52 328
4536 -0.14316099234477986 1.1573920195565062 2.6400643717801424 31 76 80 0.56499292210859375 56 564 55 458 53 320
4537 0.10536856697764529 2.7752784995048527 4.2597349175642005 176 147 166 1.1559109899478539 56 1277 55 811 54 909
4538 0.80618664634438264 1.2899021940696367 3.2110144701879366 115 137 150 1.7239089025781031 56 54 61 48 58 39 59 43 57 48
4540 0.10199088610163443 2.2639031154993536 3.8034970569615054 121 15 27 1.64820083794887 56 66 55 59
4541 1.0408051503270619 1.0440766453287997 3.3276759361467758 116 22 19 1.4028185825258699 16 8 19 8 23 16
4543 0.233050587881314 1.4947185567373718 3.1117759624051478 0 12 56 1.2134583798169685 16 22 19 19 23 46
4544 0.95648644024265683 0.80736313547904437 3.5134626016620238 146 39 9 1.6219488392970998 16 76 19 35 23 35 20 38 21 34
4545 0.35822558518198361 1.0662561666014654 2.8855100417491517 150 116 118 1.2460604966675399 16 44 19 45 20 53 21 42 22 56 25 49
4546 0.12955484926574196 1.4423856138232034 2.9292877655801894 130 113 85 2.5184283412460036 16 46 19 46 23 33
4547 0.37167760875808575 2.1458696926747316 3.2308986187310698 6 32 93 1.2956706780777685 16 65 19 52
4548 0.1019524332008583 0.77952389630473029 3.2348032476643018 143 113 89 1.4731486072574231 19 77 20 55
4550 0.52887563481384514 2.0501769823930869 3.5413709276373178 54 9 6 1.3003171329588712 16 114 19 138 23 123 20 141
4551 -5.7699911182290089 3.2117492277867519 5.7265000455867705 119 97 74 0.64416673077826114 16 40 19 140 23 85
4552 0.74720579874084458 0.4730583621811314 3.498044649323834 224 170 35 2.0625554557189454 16 159 19 150 23 160 20 161 21 132 22 113
4553 0.22941401018563665 0.98843108703975469 2.7527513669449566 205 164 70 2.0327904061577766 16 134 19 155 23 228 21 216 22 116 25 153
4554 -0.16227257469495143 1.1488700886965548 2.6474644709035453 75 44 60 0.79299568114816277 16 164 19 176 23 152
4555 1.8164901196943137 2.3670754949656825 3.5142820208186958 51 27 22 2.2873539907492275 16 181 19 189 23 241
4556 1.8381792851439207 1.5332535156491427 3.24247064288256 180 60 126 1.2069664619922122 16 190 19 194 23 173
4557 0.63358639409052664 2.0338574006402506 3.4852231859330227 217 174 62 1.00973956745028 16 363 19 407 23 376
4559 0.30053730192120509 1.5829745616946045 3.2000801712636147 96 78 64 2.4787287710356978 16 1164 22 1120 25 1623 23 3755
4560 2.3134921736908232 2.3555983530297731 4.8546661873147965 97 87 78 1.995348484008358 19 12 23 12 20 12
4561 2.5803552138408681 3.0641925945334734 4.7580348378666697 193 199 199 0.98710891727119154 23 19 20 11 21 10 22 13 25 11 24 11
4562 -0.28801191823661232 0.94531460966543435 2.6871941771699266 31 54 70 0.708163825020931 23 22 20 26
4563 0.72477928370474298 2.0699565909687432 3.6983848606399001 17 2 0 0.80107122313538515 23 39 20 46
4564 1.4028312396324176 2.4517979886224528 3.5015351486555599 127 33 29 1.9249112534994985 19 32 23 42 20 59 21 28
4565 0.70730110520048817 0.74512061760261938 3.4278793863508779 139 46 2 1.5805564942670063 19 47 23 49 20 91 21 65 22 75
4566 0.10678651427483825 1.8565194768705164 3.8064569892810014 18 9 26 1.8080207324937998 19 71 23 52
4567 0.37573752193952026 1.8872925679018349 3.2631427474874015 10 14 41 2.0309802411850244 19 68 23 54 20 50 21 46 25 44 22 50
4568 1.0072785472995562 1.8027425763153682 3.6527494785741976 33 14 10 1.0330980880763705 19 64 23 57
4569 1.6479903299938179 1.6711059245876334 3.3950671725879418 60 5 0 1.3394429008271527 19 60 23 59 20 62
4570 2.1255907726056327 1.9179429943958997 3.0713631232001344 168 191 201 2.059537044281571 19 57 23 63 20 67 21 60 22 65
4571 2.3810921321133489 3.0609115701114891 4.1541239187718499 194 202 204 1.8280465663944792 19 27 23 64 20 72 21 50 22 68 25 61 24 46 26 51
4572 2.0947250314216537 1.545822951040392 3.1442244203242242 13 11 26 1.6579627789781979 19 58 23 65 20 66 21 54 22 63 25 58
4573 0.12167057800880123 0.83970576384954543 2.7327334860367865 89 26 0 1.21458847818812 19 222 23 105 20 149 21 127 22 131 25 79
4574 0.11737007745714804 1.2996150336567358 2.7486788126439174 140 43 47 0.065942541824124248 19 73 23 108
4575 0.4930015037645662 0.7227497681993591 3.4826598067700716 143 83 13 1.1432124838015785 19 151 23 109 20 154 21 128
4576 0.72578535819101009 0.85398829981945612 3.5419577799946493 225 171 36 1.0700729192127809 23 112 20 162 21 135 22 73 25 72
4577 1.1396232277247138 0.76779921564979925 3.5320669558738111 240 187 78 0.55822200996046367 19 70 23 118 20 84 21 126 22 98 25 64
4578 1.1246223860378044 1.0725552753009682 3.2219786291428258 162 45 51 0.93458549729862872 19 66 20 126 21 96
4579 1.1823837346675488 1.8429849435828767 3.6033851086128887 156 171 178 1.0622693612160101 19 119 23 125 20 111 21 137 22 176
4580 2.2601297998380625 1.9041414246510533 3.2197527815842784 87 85 90 1.28701502070933 19 187 23 128 20 136 21 122
4581 1.9070175310997066 1.1764608694077068 3.0884015292937739 49 24 40 1.4081304242149379 19 128 23 136 20 198
4582 0.93670985187514189 1.0620716358941471 3.0771378711243518 104 19 14 1.2467131773396567 19 163 23 140 21 138 22 146 25 187
4583 0.90689326038461238 1.4049556322486467 3.2945581618646109 9 16 24 2.1045459100862467 19 112 23 145 20 214
4584 0.28554476962262959 0.83210323377043005 3.1713735382274622 116 16 2 0.47870799336760772 19 154 20 151
4585 0.30921430167392278 1.1102773966077681 2.850147929064935 150 136 133 1.9082047806815263 16 144 19 153 23 158 20 152
4586 0.91456610666666183 1.7617649096626731 3.4995207178564245 152 176 183 1.0737809309954065 19 105 23 166 20 124 21 149 22 187 25 176 24 149 26 100
4587 0.8040501215203868 1.8035759702947194 3.7794901996266281 219 241 242 1.0077182061430978 19 85 23 167 20 77
4588 1.2897653572136933 1.8453994445554545 3.5555375100712805 18 9 17 0.9731263499563868 19 130 20 112 21 111
4589 1.7891460212218941 3.3179939003811554 4.1671163098299555 176 191 195 0.16972468490211939 19 121 23 180
4590 1.1779880593719634 1.6611855727386602 3.5334125480653205 145 166 167 1.1251010299872717 19 127 23 183 20 120 21 175
4591 0.099219535958958077 1.007870227420921 2.7210073865406974 229 194 76 1.2595842606791026 19 156 23 191 21 210 25 222
4593 0.36222341421852178 1.8207119793146544 3.3553584469643725 20 41 97 0.22180640088181683 19 264 22 216
4594 0.0096371035597559961 0.86868269474613768 2.6591588450154648 169 125 4 0.98860925752963036 19 224 23 222 21 349
4595 0.72853732737323362 1.3465197057061409 3.2566956538559642 254 254 255 0.5418432800227384 19 339 21 274
4596 1.1861771118414586 1.9197543605222971 3.5734546862016736 161 174 178 1.2333518621327428 19 247 23 372 21 251 22 273 25 319
4597 0.30743610313727371 2.2850038151216117 3.1816326547848344 1 7 21 0.56870269992021794 16 286 23 391 21 808
4598 -0.45881365366572596 1.2259731075048561 2.8403233347188586 44 25 47 0.84675350858691867 19 223 23 430
4599 0.20688981572302617 1.9807761491155387 3.0285399102743491 48 106 179 2.0052038779637353 19 337 23 439 22 438
4600 0.30289839429252813 1.789186343474668 2.9904587170089973 4 51 123 0.73670349778233513 19 448 23 443 25 633
4601 1.0285107911878157 1.4333250531868706 3.2755244672884869 37 6 6 1.6296416806309106 19 215 23 531 22 575 21 538 25 1197
4602 0.32526335518190541 2.0879537208116399 3.3713663641820744 1 7 39 1.8671865783755432 19 639 23 537 22 296
4603 1.2639008848982924 1.2238745067322663 3.1432649198331317 113 21 26 0.8801639301383839 18 446 23 538
4604 0.28283570806339964 2.150627141456233 3.0501654687426258 153 147 59 1.2949406265195433 19 266 21 409 25 430
4605 0.75681913684016222 1.3673096443935182 3.2483352293103773 33 31 35 1.0261036980544342 19 436 21 503
4606 0.24044977856944011 2.0282696919931422 3.1497171137128919 213 182 79 0.53231479760937761 19 435 21 414
4607 0.84943354907879653 1.109866872682864 3.1148982985696634 228 172 147 0.34089563589597616 19 381 21 507
4608 2.1003015046440905 1.257207673996354 3.1355414968074551 177 181 189 1.8341575483640187 23 757 22 487 21 354 25 971
4609 0.35474926906252652 2.1112646031433058 3.146171366955004 161 131 81 1.2887242206687972 18 777 23 797 20 500 21 802
4610 0.93570446382883821 0.90042369898615526 3.0549138893641006 95 8 0 1.5502906910636014 19 850 23 886 21 490 22 427 25 282
4611 0.32497427404663293 1.8162883936641225 3.2088865109212676 240 193 95 0.9882075946724026 18 1328 23 2036 22 2610
4612 0.32469377181561637 1.7964226964320598 3.2280814888237828 234 184 92 0.76160414621562189 17 2292 23 2037 25 2964
4613 0.96049904849203105 1.0099535761243927 3.0410690702171603 99 14 1 1.8216753979774731 17 1606 23 2038 21 1298 22 1204
4614 0.27827123280625182 1.6559198083682487 3.2289991027249854 159 120 24 1.0125322453508414 17 2795 23 2131 25 1621
4615 0.30140119208003696 1.8142528427221702 3.2289851558775662 145 94 2 1.3094692602586357 18 2348 23 2863 25 1646 22 1742
4616 1.0130738338866536 0.91306198311006537 3.0648789471180633 218 156 81 0.94682078119601099 15 2185 23 2933 21 2235 25 1794
4617 0.27758183552165777 2.1147015183280757 3.0951403667330766 165 127 25 1.0489995853913416 18 2625 23 3700 25 1767
4618 0.28395585619088759 1.3727596109323958 3.0350122631970864 29 11 14 1.5934166215377805 8 1037 7 1026 13 1043 9 1008 15 3457 17 1279 61 1245 60 1022 18 950 23 1962 9 1952 58 2573
4619 0.20477340030329386 1.1748306143009397 2.7915864104010204 79 5 2 1.9936024197769742 19 17 23 21 20 28 21 22
4620 -0.46199759908142396 1.1448877743624699 2.710657696821543 94 105 125 2.7189792995147837 17 1252 23 1537
4621 1.4181020782620004 2.62011573387097 3.8283120458112987 71 62 57 0.41503980805538837 19 1302 23 5426
4623 0.15692963908852478 1.1950782208096864 3.2283248200877668 133 39 35 1.2277789183469614 23 4 20 3
4624 3.018168137106231 3.0609451606791613 4.6622721685602686 147 152 146 1.5340194180702773 23 18 20 17 21 14 25 15 24 13
4625 0.40199444047399807 0.98419409243891853 3.1960628411055971 77 10 2 1.1011117833053539 23 24 20 23
4627 0.33839734763721274 1.9655842472737879 3.1096052151279747 157 125 37 0.67084908359548034 23 53 20 37
4629 2.1359332629637606 0.92276297620858083 2.9655545394110927 225 245 254 1.8626459680112588 21 56 22 62 24 42 26 30
4630 1.4107989058916683 2.7084306059082084 3.5826348047100312 165 159 149 0.79782184072967965 23 95 21 84
4631 2.2744529816170198 1.634134430158714 3.2753658202083389 136 40 82 1.3150306112305326 23 131 20 69 21 123 22 130 25 88 24 102 26 78
4632 0.12411887391449002 0.78552399614707769 3.077089672401657 86 12 0 1.2289240239116117 23 106 20 86 21 74 22 58 25 50
4633 0.60238130665073963 0.44543894099511017 3.1604479275847233 219 183 37 1.6328371960961245 19 42 23 82 20 94
4634 1.7472535700322178 0.79360418128153165 3.0823885815482024 235 252 252 0.86515226639960574 23 182 20 118 21 109 22 119 25 113 24 110
4635 2.1432083558148745 1.436869348163778 3.1518489364253415 182 75 133 1.6174090689671634 19 100 20 133 22 185 21 167 25 129 24 117 26 108 27 98 28 79
4636 0.10915951830774485 0.77082099809419413 2.7877227538114884 220 189 44 2.0945992168031471 19 158 22 83 25 80
4637 0.67950325768934794 0.434408836003979 3.1942602584575561 151 92 23 1.7049896838104575 23 147 21 156 19 220
4638 0.32709870300736588 1.7677055148520189 3.4098374751348253 15 16 37 2.0833812999664865 23 116 20 156 21 68
4639 1.2468737875152056 0.89254902349808285 3.3571161701285765 116 4 2 1.5863021737907956 23 206 20 167 21 194 22 173 25 101 24 139
4640 0.080449559646377913 1.5152947684745275 3.198037606489331 9 28 85 0.84044270889434003 23 110 22 134 25 133
4641 1.1436085115276065 0.68353104727552594 3.4799415000685969 134 52 0 1.0620417969561962 23 143 20 216 21 188 22 337 25 572
4642 2.2334225595366162 1.8635799546996534 3.2722552658181225 69 12 19 1.0671976371398952 23 330 21 235 22 253 25 165
4643 2.4836823677448048 2.9694068147929307 4.0917553436115179 118 136 138 0.70214512638657278 19 331 20 277
4644 0.20077003926454737 1.6307703461754901 3.1718677786854159 29 78 148 2.195850042315584 19 278 20 286 21 288 22 307
4645 0.82325954789792533 0.80395110363156719 3.5381420623203512 203 130 51 1.6200834985082477 23 447 20 290 21 412 22 362 25 439
4646 1.1377027130475406 0.85953358029035387 3.5388658233966708 206 125 55 0.78198243970600989 23 392 21 407 22 334 25 400
4647 1.0352226986494646 0.77068249693088242 3.5548689642400171 211 129 54 0.67480855720862787 23 398 21 401 22 297 25 285
4648 2.1449486418149037 2.5188719135910778 4.765658792921462 64 55 53 0.68339517330749178 23 653 20 437 21 640 22 668
4649 1.2056504862727073 1.8186162336955047 3.6319420947328132 30 31 35 0.20714261539869633 23 1001 21 669
4650 1.228216845670687 1.8316783966360344 3.619114478204954 118 123 127 0.54521892660795246 23 728 21 668 22 596
4651 1.183546203171449 1.2399809244956967 3.2044268793690618 169 90 96 0.77545819765308521 23 548 21 534
4652 2.3737866611886878 0.80721653025209383 3.0292683373516867 48 41 33 1.5516551857974787 23 1644 20 534 21 612
4653 2.383924998489241 2.9071120730466897 4.1227685797322371 91 34 41 0.88425906692208023 19 261 20 543
4654 2.0601581343453863 2.402522461882882 4.8159944409389981 38 19 13 1.4281512820230915 23 5357 20 1127 25 2621
4655 2.349833735557652 0.90123037454295496 3.0516648554588781 165 169 170 0.67509352793024724 23 5430 22 3635
4656 2.6975936641236031 2.4559443127292342 5.4121678239543618 68 50 40 0.66648154235770907 21 7 22 8 25 6 24 6
4657 2.202148596008441 0.91218445769772016 3.0058382384537348 131 151 159 2.2508281202230398 20 10 21 12 22 11 25 8
4658 0.44394114940999563 0.88780087019384191 3.5044805176905691 127 112 91 2.0696858694584415 20 33 21 18 22 23
4659 2.7483535702556683 2.5967561652943409 4.9416037954900576 59 43 30 2.0534633835953633 21 19 22 31 25 26 24 35 26 16 27 12 28 10 20 18
4661 0.14368887410354184 2.3565800882546952 3.7901240335234165 148 132 122 1.6993735382816417 20 49 21 27 22 34 25 34 24 38 26 39
4662 1.5293790909830083 0.63074638965435748 3.9217890015122374 118 38 1 1.0133135301328449 20 42 21 29 22 44 25 33
4663 0.098891965032795057 0.94987299038107931 2.7070481982228776 163 125 20 1.3392520477400793 20 35 21 40 22 59 25 51
4664 2.1861567677189293 3.1147809486542335 4.2144612988736903 65 17 10 0.81457281033774898 20 71 21 52 22 67 25 60 24 79
4665 1.597977576276296 1.348523630224548 3.0991338540531888 2 3 5 2.6665910407879823 20 44 21 57 22 71 25 94
4667 1.1733172328377357 0.81537859653650513 3.6529878386938321 116 31 1 1.5076867900507895 21 64 22 105 25 102
4668 0.85252481248770884 0.7354234751581068 3.5552738660907535 156 70 13 1.9095051108844059 20 160 21 67 22 110 25 69
4669 0.27502635303473866 2.100345864223859 3.1437675145084198 169 135 45 0.77971774559002682 23 74 21 69 25 71
4670 0.45481451700941899 1.0321890508298137 2.9443878330435211 84 11 5 1.9363643054498709 19 149 21 71 25 76
4671 1.840231080642688 2.2600363791413276 3.4582932255352894 113 34 21 1.1151786952917844 20 57 21 82
4672 1.4930831690078403 0.85865727866834518 4.2861673571610783 137 122 101 1.1731623181702109 20 83 21 86 22 87
4673 1.0031669273177952 2.0056397561962811 3.716565445310426 12 7 7 0.86398254982087241 20 105 21 94 22 100
4674 1.7011221354511916 2.4024775566506911 3.5008451626961468 126 87 70 1.4465291156693068 20 191 21 104 25 281
4676 2.2755181594588159 2.7519186712092227 4.1276494966420696 190 129 124 0.79917895195273891 20 138 21 121 22 127 25 122 24 123 26 76
4677 0.77924497353219524 0.92485656173048525 3.077229202835313 231 178 70 1.8140363848043861 20 90 21 134 22 74 25 75 24 60
4678 0.73436539287066149 2.1249401524493505 3.106902917428918 120 176 235 1.1213389049628317 20 170 21 142 22 164 25 167
4680 0.11892908018487598 1.6261643253853382 3.1974795870464541 2 50 112 1.1518873505487377 23 162 21 154 22 153 19 210 25 146
4681 0.29244839574755327 1.278361140742527 2.892728993620735 130 110 95 2.3701269790787829 20 179 21 155 22 115 25 148
4682 2.5496166197127388 3.0362454897609203 4.3475109610251188 186 189 188 1.4363084941576199 23 250 21 160 22 256 25 251 24 158
4683 2.1645298986511414 0.80029478004688381 3.0063885967317217 231 248 248 0.88934712259831183 21 169 22 170 25 169
4684 0.0037111394834734085 0.69087754511141608 3.0071764730523034 126 116 99 1.2677016021904273 23 150 21 178 25 130
4685 2.1783644787478602 0.99971144450114002 2.9024930865518415 233 253 253 1.4616372375229802 20 132 21 180 22 245 25 248 24 116 26 82
4686 0.99929402243602361 1.045029211446258 3.1063962503873461 89 15 9 1.369117688564738 23 276 21 187 25 202
4687 1.1417076317855641 0.92191063126536077 3.2595622279166667 151 46 43 0.4962201606011829 20 168 22 107
4689 0.18879898324751426 0.7843685683545103 2.9007516499466055 214 188 56 1.3191420478209956 23 225 21 211 25 156
4690 0.16209703858075628 1.0429386608336702 2.7266430192991806 16 14 15 0.78555582671981927 23 227 21 213 25 225
4691 2.1994526879335159 0.85190081208579282 2.9211482845393828 226 250 255 0.81007381195277461 23 364 21 224 22 244 25 367
4692 2.2229799584956291 0.90081344409345976 2.9484374928208719 131 150 157 0.25810167285510999 23 368 21 227
4693 1.9609092533534938 1.7391226506443296 3.1033868941482941 187 81 147 0.77257875739296433 23 195 21 230 22 169 25 237
4694 2.074701762337984 2.450760802629834 4.853892987240032 83 72 68 1.1980133307570635 20 231 21 236
4696 0.37219109688423041 1.9326375351490288 3.1633938859962107 171 139 54 0.70612043565423921 23 395 21 263 22 258
4697 1.1729270339633251 0.82051029453738633 3.5380163231906079 132 53 10 0.89725900148262872 23 272 21 264 22 449 25 399
4698 1.1930167015466873 0.75119077260229117 3.5701590524611717 120 35 0 1.8195493458694751 23 795 21 265 22 346 25 339
4699 1.1174393334524448 0.81942673403393196 2.9771195919581985 236 193 80 1.1432447051829304 23 437 21 275 22 203
4700 0.21633308240060661 2.0516348870792895 3.003803099057079 4 36 97 1.3406217711882871 23 436 21 282 22 226 25 224
4701 1.3679187966937996 2.5492983332474646 3.4822646763873482 130 37 38 1.624647771131607 23 1626 21 285 22 949 25 699
4702 0.75284396753137683 0.53644955893841084 3.4065974946095441 151 91 6 1.0081816799739005 23 309 21 289 22 227 25 229
4703 0.98759526264742514 2.0973633887203884 3.5894962590728867 136 153 152 1.2623141257698585 20 117 23 345 21 290 22 332
4704 1.4864133773613193 1.8619301704609894 3.3959658634569672 131 13 11 1.8569981673095115 19 326 23 497 21 296 22 703 25 499
4705 1.8121385959204002 0.79509799617739585 3.1045226057219062 67 90 90 0.4756169206670019 23 459 21 302 22 381 25 518
4706 1.1579933270862204 2.1101060410021528 2.7583099058110432 164 160 149 2.8584120168904721 20 257 21 306 25 390
4707 2.2628317286639481 3.2573681749708809 4.1865767494637787 24 18 13 0.49384764298404643 23 341 21 334 22 370 25 353
4708 2.2527861146287518 1.029440077216077 2.955405558573124 117 114 121 1.4257366488520709 23 235 21 339 22 249 25 241
4709 0.16216722825379162 0.94848748790205584 2.7079685445220822 125 74 0 1.1827875154888792 23 226 21 342 25 514
4710 0.11516431441341511 0.86907842086824871 2.7215873369937991 89 29 5 1.1272845430723875 23 427 21 348
4711 1.9826530575845724 1.5861699040212947 3.1249919239374258 249 143 204 1.2046038516733497 23 237 21 355 22 406 25 345
4712 -0.026138400774921071 0.80804151424349102 2.9337308045490822 20 19 17 2.0665457445968034 23 428 21 389 25 219
4713 0.30924432495759641 2.1974790983056876 3.2030944221575162 0 2 39 1.1792424592304016 21 404 25 433
4714 0.32133297988286563 1.9290989400329461 3.2373822717831402 23 13 21 0.77479349510885054 23 628 21 410 22 435 25 441
4715 2.4534324480169643 3.0577733214634693 4.1458017001593239 148 164 161 0.999978236569256 23 483 21 474 22 700 25 897
4716 0.28643692331795667 1.8492787619582978 3.2598375029800972 192 161 80 0.91879013793264419 23 473 21 479 22 284 25 446 27 214
4717 0.20126777087138512 0.87849835445014079 2.7502869757949031 129 74 33 2.118515893441149 23 843 22 625 25 422
4718 1.1377083042992922 0.81608934013237944 3.4921910406874583 122 27 2 1.607041697118289 23 1328 21 493 22 465 25 579
4719 1.0890937357955248 0.82975736490528507 3.555533817865757 245 172 70 1.607173045933401 20 367 21 496 22 466 25 404
4720 0.30776481746693279 1.8957204029731496 3.223525481864729 184 147 80 1.1321336927057575 23 784 21 513 25 820
4721 0.81544122279467468 0.81751913377076701 3.501820757660226 118 26 0 0.88357563810713147 23 881 21 514 25 557
4722 0.07763940779088474 0.84753600579103094 2.7339502281429215 139 84 20 1.8628106990095492 23 613 21 563 25 598
4723 0.62525859419213226 0.8826634457405097 3.5920584345904802 114 33 4 1.5358062489058184 21 572 22 812 25 449
4724 0.28564142308401963 1.8706021248619993 3.1958176099818894 25 31 91 0.20185403554343692 23 621 21 573 25 824
4725 0.4356655528799992 1.3030851777280315 3.0682949199801612 159 171 187 0.53922206067430312 21 595 22 228 25 409
4726 2.0470257826328124 1.9252977524477723 3.1199046485222182 213 199 196 0.27420352222066335 23 674 21 607 22 729 25 1388
4727 2.0184336738048638 1.8930908240580062 3.1894828768340537 155 79 102 1.1786866535182574 23 676 21 610 22 730
4728 2.3583707269984964 0.79862430892678793 3.0083957050330925 152 165 171 1.3028609614948661 23 1658 21 615 22 485 25 454
4729 2.1212043509171243 1.3427075714869203 3.21954264073536 153 59 111 1.8287864497890931 23 499 21 620 22 982 25 2050
4730 2.1132742059085676 1.2870175856293118 3.1507600254465404 101 10 54 1.0335105911301372 20 271 21 625 22 739 25 1386
4731 2.504442997670969 3.0257496954045466 4.1191579897985386 135 151 150 0.82115288138602882 23 472 21 628 25 681
4732 1.3664104330710758 2.1251311374118695 3.3138261524065094 164 154 144 0.31420185435865072 23 715 21 656 22 583 25 706
4733 1.9776908509480335 1.3844776664981908 3.1565579696405277 192 86 150 1.6216787564714081 23 514 21 682 25 931
4734 1.5228931675111013 2.3562430437787674 3.4474035712570412 125 94 76 0.77382433838492515 23 1064 21 685 25 738
4735 1.1706106051361687 0.79056885000565291 3.5189818061516864 250 190 76 1.4760469575155482 23 636 21 760 22 992 25 890
4736 0.21947761143208996 2.1306601867190764 3.0244660362067295 10 21 81 1.4213693611835361 23 629 21 789 25 623
4737 0.97818645612017074 0.89714827494462879 3.0027906821836456 255 200 128 0.81943385856492079 23 1363 21 791 25 808 22 422
4738 2.4027843297268165 2.0100537148828406 2.9210159063469936 93 37 0 1.14888424963553 23 927 21 820 25 687 22 665
4739 2.243749170955271 1.809282786312737 3.1374236432625087 51 20 23 2.236221523708521 23 663 21 832 22 674 25 647
4740 1.1834025408210656 0.85327469158589941 3.5526939334380221 253 182 90 0.46572167836069317 23 547 21 847 22 839
4741 2.3879992892492878 2.9612175518090798 4.151972133354473 164 162 157 0.74955270718911804 20 445 21 868 25 1232
4742 1.8536889918915571 0.85022845987280182 3.069934748316177 255 245 245 1.0973299950738107 20 465 21 882 22 560 25 704
4743 1.172278335019076 1.9165328325812014 3.5475505563414664 14 16 11 0.35573936447718252 23 1173 21 888 22 791 25 799
4744 2.3701926521042145 0.98443926406672266 2.9548133702104313 130 130 136 0.68502130457815325 23 1043 21 900 22 957 25 952
4745 1.8100852292921532 1.5734324965385307 3.2551509323619578 177 73 132 0.71109879761106642 23 755 21 918 22 944
4746 0.91919228246574014 2.0733077806463371 2.961215435543056 139 151 163 0.37190150893161245 21 1008 25 1056
4747 0.24958305835672492 1.7550716601298517 3.2111043467202345 148 124 74 1.1838121675712869 23 2118 21 1053 25 1129
4748 0.22352189015106941 1.6763032329045338 3.208191391665081 22 68 145 1.0056100705597151 23 2136 21 1084 25 1123
4749 2.2867115683865284 1.0182541320467327 2.9719137309667945 87 58 71 1.7399899537123404 23 510 21 1102 25 1392
4750 2.3071885363079701 0.96128167703260081 2.9571497779487808 196 214 216 1.3068375826469032 23 2476 21 1103 22 2059 25 1375
4751 2.320187943040962 0.96563692639344623 2.9579394984400778 68 86 88 1.0615655294056823 23 1648 21 1104 22 978 25 1987
4752 2.1938223587091468 0.81427535160233033 3.0204032968291195 144 161 168 1.5530541654361141 23 4717 21 1120 25 921 22 746
4753 1.6777274504072488 2.170697455601843 3.3391592000759647 107 42 36 0.85105616312438936 23 3189 21 1123 22 1369
4754 2.2033549322922705 0.94070060785913834 2.9022550467480501 113 136 144 1.3919917589380146 23 2571 21 1124 25 2023 22 2155
4755 2.5862524098831634 3.2033353914513301 4.1581500204181996 194 203 198 0.52420293529784145 23 2338 21 1170 22 1768
4756 1.201560188423876 1.8894794296003437 3.5861528333915134 0 15 19 0.77822278208562934 23 1569 21 1174 22 789 25 1074
4757 1.2754260198720642 1.9177537975138614 3.7002170740368934 116 118 117 0.71176154927987445 23 2383 21 1230 22 1536
4758 1.3515959832917823 2.15006157383579 3.2710254762375088 247 244 237 1.0102918536876748 23 2393 21 1241 25 1049
4759 1.2142768316019581 1.9187249946030065 3.5235585705113852 123 24 36 1.4321787362041141 23 2455 21 1260 25 1466
4760 0.96139197435219725 0.98293976190041266 3.0581733125799047 152 81 30 1.127993896506535 23 2043 21 1294 25 3003
4761 1.2044845234516026 1.2352255037874857 3.2339613941501759 207 121 132 0.98348691543123257 23 3719 21 1319 22 1527
4762 1.5473321908571025 0.79938120554293757 3.045842838154853 97 16 25 1.233340045887007 20 646 23 1752 21 1325
4763 1.5833404512851326 0.77408969551967399 3.018113683669521 73 11 18 0.75582471516413163 23 1703 21 1327 22 1462
4764 1.7597516342908053 2.2637618204859176 3.4159623371277825 114 67 57 0.61298256492296876 23 1046 21 1459 25 2031
4765 1.6994795386290711 2.7245115770566932 3.6849995110242544 122 48 48 0.70432022922428184 23 2200 21 1524 25 2045
4766 1.1736385262588136 1.978514378081341 3.5126300479235244 30 16 13 1.2979458750082504 23 3476 21 1557 22 1003
4767 0.32213951000918589 1.7613761316858336 3.2564872083386018 177 130 42 1.4904551852605004 23 2935 21 1683 25 4012
4768 1.8015381443033121 0.85007992334250115 3.1626063023804791 101 96 102 2.3156516034700547 23 5231 21 1734 25 1616 22 1089
4769 1.1309804962247303 2.1283630255789396 3.5894916820833518 116 28 37 2.1748537335514007 23 3455 21 1753 22 1595
4770 1.1881335690606762 1.8545631410843899 3.5769073907515665 127 139 141 0.74229950856547333 23 2414 21 1850 22 2642
4771 1.3444542557905093 2.1401103204019627 3.2748808986116522 169 163 154 0.29361100489868536 23 3392 21 2089 25 2200
4772 1.7622485202111013 2.1106525327114034 3.3372833005429148 233 138 132 0.42494492822048247 23 2510 21 2119 22 1931 25 2040
4773 0.31677913909568828 1.0786553385226039 2.7994702546623333 95 52 49 2.4785704494164831 23 1938 21 2272 25 2761
4774 2.1045657591509603 0.78106919898880989 3.0356321421932857 111 122 118 1.6684090411259593 23 2411 21 2484 25 1567
4775 2.4039886025619932 2.9370131960750228 5.1879195814743513 85 78 68 1.5741218370173509 20 45 21 51 22 47 25 29 24 47
4777 2.2138432471842 2.2573333929427215 3.8727656135617083 51 3 1 0.56262124590289853 22 6 25 2 24 2
4778 2.2479279224318178 2.7909902515856353 5.469880664554454 140 147 140 1.9376867939071289 22 12 25 10 24 12 26 9 27 9
4779 0.77433374402889354 1.7420300758624845 3.4043069315243324 52 8 5 1.6573265380347906 22 16 25 16 24 29
4781 1.4936745261027216 0.3920288705753443 3.6017751107963276 161 113 3 1.8204802270521536 20 41 22 26 25 21
4782 1.7112673156953253 0.94272041839991272 2.9746810754696273 178 89 93 1.9925152398292643 21 25 22 28 25 23
4783 0.31661215395552017 0.73862830828974291 3.6795693014947162 148 94 24 1.7433459249582579 21 35 22 39 20 36
4785 2.4480639066396237 2.9330073373045669 4.2640590604364936 59 16 10 1.1561742679489642 21 38 22 48 25 30 24 48 26 28 27 20
4786 0.99966311941796215 1.0838913944591004 3.2429503799801362 91 12 9 1.9043461834794504 21 47 22 49 25 43
4787 1.943359747604624 1.28115602031289 3.0962869921090315 155 131 150 0.61268496154691865 21 58 22 52 25 56
4788 1.6593456762897376 1.5983219029876883 3.3144704496189972 45 4 1 2.7746876445736124 22 60 25 93 24 108
4789 2.2859161669552219 1.082566089041219 2.9689441377702943 89 14 37 1.4981965398716266 21 53 22 64 25 59 24 78 26 50 27 38
4790 2.0298413305609992 1.4823621420556625 3.2144483700396851 27 13 22 1.229095316268157 21 115 22 78 25 91
4791 0.2371910268248951 0.83677749100122412 3.0793650077107499 155 61 62 0.6139950084363629 21 73 22 82 25 78
4792 1.0177027237839056 0.84584486102647327 3.5435376096314406 110 20 0 1.1966026489911172 21 70 22 89 25 65
4793 2.2329424669079638 1.9412679336982983 2.9174025621346713 21 34 42 0.71326972706187186 21 81 22 93 25 89
4794 1.6745239833270673 0.80433149566453532 3.0396433930486793 126 23 24 0.94469548312125229 21 91 22 99 25 96
4795 1.9965317350452698 0.86287873725982922 2.9073343570600292 191 99 103 1.4273652366308909 21 79 22 102 25 171
4796 1.4732870780199638 0.37726947642016523 3.5339281623413044 205 167 30 0.6482385419712412 21 97 22 104 25 99
4797 1.3782125693332241 0.42911689281219545 3.3236271487477795 122 59 15 1.0794560767368417 21 136 22 106 25 135
4798 1.7040746336085153 0.80484765089677368 3.2568776434436995 62 18 17 1.8614109563680989 21 250 22 109 25 95
4799 0.78766831819234817 0.51039479618556693 3.5802829290851697 170 103 24 0.63140785637580277 20 164 22 111 25 106
4800 0.24490664872151255 1.5952772529246373 3.2753305314353431 8 16 29 1.3732490303989049 21 153 22 112 25 107
4801 0.63960836321312009 0.69165967899007974 3.3979997896899738 202 160 102 1.6496914941826097 21 131 22 114 25 108 24 133
4802 0.19922550697303121 2.4453633058997428 3.6592836898117693 37 4 6 1.4786103431645314 21 95 22 118 25 104
4803 1.8203015439662251 0.82155360777468611 3.0485498719968849 134 32 43 0.80645378820494207 21 117 22 120 25 115
4804 2.0756850347243643 1.1398132286780362 3.0173260691125781 93 13 42 0.60182247999221239 21 112 22 122 25 116
4805 2.1950407571307871 1.6078506217670143 2.9946426529484591 20 23 28 0.61407324792748641 21 124 25 118
4806 0.95388028022078142 1.7887896550638838 3.5836159595338706 14 9 13 2.3564604324225762 21 103 22 135 25 178 24 140
4808 0.3804701422757103 1.1294498672703395 2.8569932071414481 64 19 24 1.4958760164337888 21 157 22 150 25 149
4809 0.58798741416110267 1.0412218790923726 3.1909329001564544 53 2 0 0.12530078704397557 20 155 22 152 25 231
4810 0.22287980880320088 0.79751933616855653 3.0242157462664041 147 62 69 0.87021973504592243 21 215 22 156 25 152
4811 2.2616446356302937 2.0023757341196182 2.8700897223206998 213 188 72 0.77998799492188386 21 164 22 167 25 164 24 164
4812 1.4823220768818901 2.513213184981915 3.5033146359558818 101 21 20 1.7324659247065497 21 159 22 171 25 277
4813 1.7492187257721039 1.1498757274895297 2.9762879082202289 226 243 254 1.7013227491027507 21 172 22 174 25 273
4814 1.6475748023507051 0.82054248187425649 3.1410084080954777 71 17 16 0.36718024672470873 21 179 22 179 25 185
4815 0.23690707856658647 3.0800048342054116 4.4463832177364608 167 198 193 2.071743971235037 21 108 22 180 25 179 24 146
4816 1.0094265080023235 2.1713388409364236 2.9718727283338016 15 7 25 1.9833422873877471 21 106 22 181 25 180 24 147 26 133
4817 1.3659074845805614 0.84865587701965173 3.3760334534002054 95 20 15 0.89844993865012401 21 197 22 188 25 177
4818 1.2385489971720067 1.1196174804341104 3.1879007997168469 115 5 10 0.6210840832464446 21 98 22 189 25 159
4819 0.22774535603265178 2.3918975396172271 3.7561214356751953 152 140 131 1.5591722880091636 21 396 22 207 25 284
4820 0.5030062684249601 2.2059312461993517 3.1730997582752702 73 136 204 0.71090513539264999 21 190 22 208 25 204
4821 1.9199030993201132 0.82975692994804573 3.1076513754878468 63 67 70 0.58715922882241511 21 295 22 217 25 276
4822 0.071040514900859913 0.79540661518067657 2.9617034874929962 18 9 15 2.0405979120427693 21 346 22 222 25 220
4823 0.2478995853334717 0.91129970583165054 2.7240011114177838 62 11 0 0.09584353160020026 22 224 25 211
4824 0.59116702629574502 0.94626944723924045 3.2856740178330339 108 22 0 0.93825959102199796 21 594 22 229 24 222
4825 0.81853994252262818 0.50706076322370586 3.5636545504270871 151 83 2 0.88535352513551835 23 304 22 231 25 199
4826 0.58489524894530376 0.90223342637345572 3.5565872640732246 145 130 107 1.8228503909982345 21 221 22 232 25 235
4827 0.32631748888858031 1.5813522870051346 3.2755883850466971 17 11 29 1.0803489100326591 21 183 22 234 25 307
4828 0.9299681381650039 0.75102494776890372 3.0544204700500575 108 0 0 1.5505366571151924 21 152 22 235 25 143
4829 0.42521807331304545 1.5102143940028463 3.2935095320777776 75 56 68 1.0998385843271885 21 338 22 236 25 196
4830 1.5552218448815296 1.8241099476800255 3.3429463490447242 192 78 78 1.3763523808762681 19 311 21 258 22 238
4831 1.9109495746185814 1.2522827696311003 3.0748070972784967 181 190 219 0.54264279865425002 21 259 22 240 25 383
4832 2.0088405307651227 1.2498170252907368 3.0687440237411381 168 175 186 1.4212964765157159 21 351 22 242 25 385
4833 2.2373993283536864 0.79534547078302631 3.0700037522601216 114 117 124 1.8586087617595333 21 226 22 246 25 361
4834 2.0285007576700211 1.9364882863814723 3.1913263687738724 92 11 20 0.57785148733420055 21 321 22 250 25 242
4835 2.1198272429466694 1.8192196969287662 3.1009837455363147 206 118 156 0.37116914165304382 21 234 22 251 25 243
4836 2.3708677166824521 0.95546596893302449 2.8233679241713454 114 31 59 0.4814111471126033 21 611 25 347
4837 0.99108746000292036 2.0749229946365526 2.9206123681170983 215 180 76 1.1014240527399992 21 310 22 259 25 265 27 117 28 86 29 105 30 209 32 148
4838 1.3429850560884526 0.81858936949456296 3.315172593938732 142 82 74 0.72968018377107902 21 314 22 260 25 261
4839 1.4276516007090392 0.59664146260811601 3.5056671668903943 116 59 6 0.63849023432054763 21 140 22 265
4840 0.95980642449052134 1.9238872971711447 3.5829216840031584 167 172 176 0.36197053893084291 21 246 22 271 25 313
4841 1.2460093212372514 1.8553339185339517 3.5656975795028041 27 30 35 0.51015030719712662 21 252 22 275 25 270
4842 0.98763119267429611 1.0018144653270955 3.0869630280575349 243 183 115 0.5848473253127463 21 405 22 295 25 292
4843 0.66566268452244604 1.3855794748392267 2.523502465793968 124 136 157 2.7642838648295456 21 380 25 419
4844 0.70518958454160841 1.0351779822491896 3.0727032811080854 162 50 49 1.2757119428060999 21 212 22 311 25 451
4845 1.5169998045048168 0.44658931141398506 3.775828818409968 127 80 23 1.3186874146859024 20 242 22 316 25 327
4846 0.82605231957434599 2.1351790314184065 2.945147377304298 0 32 113 0.89148601592877164 21 311 22 320 25 336
4847 0.95300445550354573 2.0591658941773932 2.907634358163202 17 35 88 0.95691405909027694 21 361 22 322 25 333
4848 0.77223729008771802 2.0692977850258014 3.1585326452748328 27 52 109 0.29266772090660287 21 366 22 325 25 338
4849 1.0850724094470843 2.0982201750799923 2.7932905942524289 132 83 45 1.4298209928957573 21 308 22 328 25 331 24 264
4850 1.6195633337326165 0.77858108650378977 3.0946446994693608 123 98 90 0.21386850056328158 21 466 22 329 25 325
4851 0.41790260168859111 2.1861699870037605 3.6036811933475703 33 15 22 1.0459099050032148 21 266 22 340 25 283 26 156
4852 0.35888937536689169 2.3778366112982576 3.5489745956444949 148 146 149 0.77097091511077276 21 370 22 342 25 206
4853 2.1519365290140255 1.4998279482964079 3.1251300276284386 38 7 26 0.75142765731743033 21 207 22 354 25 362
4854 2.3154428814807111 1.8732696902739807 2.9991427888767643 7 17 19 0.74828750950068157 21 324 22 358 25 352
4855 2.3067866914528157 1.9734431569818536 2.9279767499523444 181 191 203 0.99337310459154604 21 325 22 360 25 349
4856 2.3664211832426818 2.2338775365787202 2.9775940338667723 91 71 51 0.72081189587571115 21 330 22 366 25 351
4857 2.5592926959479314 3.0316871407739621 4.2347814490697413 17 15 10 1.0787223657051921 23 480 22 371 25 354 24 227
4858 1.013674819665328 2.1208033876435164 2.967414555518499 5 3 8 1.2005183257753238 21 522 22 378 25 366 24 446
4859 1.3381609616550583 2.1636064017254437 3.2918265738912016 237 237 229 0.62252242485522236 21 294 22 393 25 306
4860 1.4907157050398052 1.9327675888302358 3.3838874337642073 116 12 11 0.63112101191894865 21 316 22 396 25 379
4861 2.1705617028070439 0.95714389841111813 2.9065593405058023 101 121 132 0.85257378512262771 21 352 22 402 25 471
4862 0.21159787878185904 2.2997502779965742 3.5191506074623793 135 145 137 0.18502541994527696 21 499 22 403 25 293
4863 1.7728897166335582 2.0586699558513817 3.3303094530479713 128 21 26 0.32538954053451891 21 229 22 405 25 384
4864 1.0181791317709183 2.2411538761832155 2.9895162804551156 163 157 159 0.78056638270508871 21 673 22 411 25 762
4865 1.558572273048314 0.48696867561918483 3.5737630072927296 150 95 31 1.3132533008319938 21 359 22 417 25 720
4866 0.21764426149400176 2.1946875917884285 3.066648300818597 19 27 87 0.48342857205589285 21 411 22 425 25 443
4867 0.84473163129071327 2.072085058128144 3.1263989435448925 203 190 137 1.1996617337189939 21 363 22 454 25 568 27 252 29 296
4868 1.3985297710308928 0.73517583761526228 3.6404606157010444 111 49 12 1.1126814022104898 20 338 22 463 25 330
4869 1.0738709386122347 0.79329791877435429 3.5372377900582688 131 49 7 0.78820458560268103 21 399 22 468 25 298
4870 0.36452626754570783 2.1758327507827708 3.1480627996068273 35 101 166 0.41775091634369083 21 849 22 471 25 804
4871 0.98632169806367087 0.95993866927798421 3.0574163654497561 92 14 4 0.44201360788296656 21 395 22 475 25 431
4872 2.2707760040920593 0.80312941479498967 3.0304553472991831 7 27 36 1.2767947150244543 21 429 22 478 25 486
4873 2.2324100896520793 1.5960534090734655 3.2489975891546115 109 14 58 0.6682793903006381 21 423 22 489 25 457
4874 2.2445979159892717 1.8504616524924806 3.0818171553797216 21 26 29 1.8556960182609175 21 422 22 490 25 348
4875 2.3618942674735277 2.1298615332437421 2.8315504976141201 134 81 14 0.87841421123082064 21 460 22 494 25 461
4876 1.3226380859551761 2.1415542179732303 3.3306718786119114 110 13 20 0.88894239476074188 21 447 22 499 25 492
4877 1.8818398145301218 1.042127714692767 2.9462198810033757 81 13 14 0.31132959959379142 21 292 22 500 25 502
4878 1.9046570456427678 0.99644601971867919 2.9488226645648248 166 69 76 1.5215489325662812 21 291 22 501 25 489
4879 1.9357178091531715 1.231460084152836 3.0981340621056632 172 176 183 1.1788844098812905 23 492 22 508 25 522
4880 1.8005070373265939 1.6093713121542692 3.2560155692947848 234 124 171 0.53123660037295506 21 438 22 510 25 475
4881 1.6655581389675733 1.0549254528287839 2.9476077115470072 205 118 137 0.66487556496241351 21 477 22 522 25 490
4882 2.0914593530139336 0.81278658104179202 3.0441602958949385 254 254 254 0.76893145391840567 21 442 22 523 25 477
4883 2.2223672040721922 2.7679104178184062 4.225595539110615 89 15 14 0.3509862359921409 21 471 22 535 25 453
4884 2.3877117013483771 2.429804638413958 2.9948740244244494 213 190 93 0.60662382980027296 21 634 22 538 25 463
4885 2.3488514227962161 2.9621529804048459 4.1503230117984788 136 37 40 1.039505712743731 23 488 22 541 25 467
4886 1.7386148013918772 0.82448422734908877 3.0527778938206085 130 24 28 2.0787831507287367 21 894 22 590 25 1080
4887 1.8407253680627624 0.83485259122874622 3.0788962093522212 72 8 9 1.1527501446527983 21 883 22 593 25 495
4888 1.622525273206967 1.0221079539170559 2.925054757453649 174 68 72 0.38924690919945026 21 451 25 498
4889 1.2980207099156633 2.1552237611698026 3.2799000478074398 107 36 32 1.1193181548781066 21 659 22 598 25 1092
4890 1.6346225939703491 0.92765400336482673 2.915861957689204 186 82 83 1.1223798344438727 21 520 22 600 24 316
4891 1.5474255272841844 0.96911095986204432 3.0844770514289386 177 74 77 0.15468364945065505 21 485 25 715
4892 0.74739028647502148 0.68816199347627593 3.4264317786388854 170 97 46 0.44191793737145657 21 378 22 610 25 629
4894 2.3379280079403348 1.981169280718877 2.9414246270288285 43 45 27 0.55125190719728145 21 644 22 669 25 656
4895 2.2875433798893985 1.8270243087162608 2.9477830139171268 33 46 52 0.89134326710412093 21 1163 22 672 24 493
4896 2.2129840709136896 1.8266578890448091 3.1706196968719973 100 32 55 0.98962913857263579 21 601 22 675 25 458
4897 2.6191634520188165 3.1829372463795127 4.2123690312219253 35 40 36 2.288316850150423 21 627 22 689 25 680
4898 2.4284409348199691 2.9187367331097303 4.187504079075449 91 19 32 0.86927562785782564 23 978 22 702 25 382
4899 2.0752406786921593 0.82893587227324783 3.0365142299865746 109 33 40 0.65600344292511759 21 921 22 713 25 736
4900 1.8475093596378751 1.3855092105130369 3.1890914474426508 154 53 107 1.950806429502671 21 692 22 714 25 961
4901 2.1594977232537191 1.3972958904404165 2.8855925537660143 158 80 119 0.19688435012929553 21 617 25 488
4902 2.292486213154302 0.80911649433010568 3.0759445274009267 211 221 220 0.30605458880233777 21 624 22 737 25 657
4903 1.7844052193291569 2.0362531754721602 3.3318379744165565 115 35 36 0.38185895955821764 21 695 22 743 25 930
4904 2.1795392900625306 0.88422390709730903 2.8992876947597956 146 169 176 0.80540324672153341 21 684 22 744 25 896
4905 1.9728297069915803 1.479841021216654 3.1342672719420177 204 89 154 0.53685365395239304 21 681 22 745 25 928
4906 0.19477718755869727 3.105800394314588 4.5583674725197154 94 4 17 1.1745808760172911 21 730 22 759 25 768
4907 -0.0021525630466026615 3.394657282190376 4.7109100462794951 145 143 139 1.1697609656656216 21 989 25 1036
4908 1.3488419797600146 2.1071299744095939 3.3502500689788639 157 63 59 2.274105968848247 21 1242 23 1006 22 765 25 707
4909 1.8137883542258113 0.80751582785858456 3.0590760627928879 74 35 32 0.83008112312991555 21 1561 22 783 25 1093
4910 0.98407213639528157 1.951228148417572 3.5820412563206689 27 29 35 0.73007016587785101 21 675 22 805 25 758
4911 0.43947428116540094 1.0663838973696667 2.8789460974509589 117 79 85 1.3303905353139551 19 827 22 807 25 3332
4912 0.31546552048610921 1.6511303713792376 3.3241983559023272 197 180 136 1.7354376491924579 21 1060 23 444 22 808
4913 0.86551728084683877 0.53762121584577749 3.5532402192247052 242 193 63 1.0389207426531482 20 610 22 809 25 621
4914 0.27422613839697052 2.3827647657789659 3.6964207031553804 52 21 13 0.99934116479391299 21 492 22 847 25 541
4915 0.47299679745073719 2.2181652709056467 3.2086804692835336 72 106 176 1.3272169484132401 21 758 22 849 25 536
4917 2.3019688915870753 2.0213523204637944 2.8484758511569983 92 30 0 0.99520218372609681 21 823 22 902 25 645
4918 2.3286089598588768 2.1052341448049079 2.8883563921475011 144 93 12 1.2330582671869961 21 1133 22 912 25 883
4919 1.7967566808615461 2.1042530775703381 3.3417801709496939 254 248 246 0.80956995065948367 21 850 22 931 25 924
4920 2.1170470816719962 0.93257329063578542 2.9049111155618905 167 183 206 0.483336863240098 21 1224 22 941 25 1325
4921 2.2876445319124903 0.81187476729753749 3.0191515993109901 147 167 176 0.6423123915965977 21 906 22 942 25 658
4922 1.8645225202451698 1.3207892801541645 3.0142518956229307 49 21 33 1.0288517941370536 21 870 22 950 25 388
4923 1.7756705642495247 1.3893435156256979 3.1694037505371884 235 138 179 0.67351383464647185 21 873 22 953 25 774
4924 2.3418071558154891 2.0322001016699818 2.9692614352301061 213 195 93 1.0989914810538901 21 488 22 959 25 2147
4925 2.320650718036219 2.0800977856342135 2.9030535495993472 141 86 10 1.0186819376562581 21 1132 22 960 25 885
4926 2.0536194339509253 1.8637482015970901 3.1989077321384078 169 69 122 0.81441313790667291 21 608 22 975 25 1390
4927 1.0238092928190461 2.1143111263876366 3.6408138170614452 167 178 174 1.0457430396173955 21 1188 23 2426 22 1006
4928 1.6905150931680577 1.7703500111903219 3.3373046614609945 254 152 155 0.46888670803843385 21 1533 22 1069 25 1374
4929 1.767958088461502 0.95863118472157138 2.9545076927652456 255 189 196 1.4268205308500699 21 885 22 1082 25 792
4930 1.7829908306582307 0.93361867511460017 2.9628624335660585 160 74 79 0.54073005840711053 21 1644 22 1085 25 1091
4931 1.8561941414585481 0.83271815544561767 3.103764483327291 42 38 38 1.3565495897050841 21 1617 22 1098 25 1353
4932 1.8623132420194544 0.83471243907709958 3.1307523037318306 94 101 103 1.3715272830632823 21 1921 22 1101 25 1602
4933 1.552362658659892 0.76827253880135027 3.0269572635765454 62 46 39 1.625583302606632 21 1830 22 1188 25 2295
4934 0.25763930821805919 2.0717433761900068 3.1398084632904824 177 135 37 1.1014159528009462 23 2063 22 1194 25 1161
4935 0.584160226557639 2.3388850549361555 3.3437715478621093 113 168 216 0.64867690344622542 21 992 25 1749
4936 2.2630254973057937 2.7928074571816932 4.1712424775658983 211 130 133 1.109262023198206 21 739 22 1254 25 1274
4937 2.2836189111344485 2.7970171299086579 4.2110973632337831 216 127 129 0.72027911762818109 21 1147 22 1257 25 875
4938 1.4783224276619773 0.64822245194016248 3.7013516069385242 146 83 39 1.4088457975040278 20 481 23 826 22 1258
4939 1.5627748277481044 2.4452486364815456 3.4823558319087726 155 115 110 0.51096565866590149 21 1490 22 1367 25 1330
4940 2.1872864895241166 0.93995651950945824 2.9082585631340572 200 216 229 0.84069257253879792 21 914 23 2576 22 1377
4941 1.9972448396754754 1.4346105611659883 3.1760008159243984 85 7 37 0.33456102337440757 21 1493 22 1379 25 1347
4942 2.0965897123686963 1.832464080879548 3.1429608544215069 174 72 120 0.37946769091219706 21 1152 22 1446 25 1988
4943 1.7231064135700314 2.0194177746958908 3.3166004947131658 238 121 124 0.63804776925799411 23 2480 22 1459 25 2238
4944 1.3135090583281352 2.0911026471140484 3.2894669466019733 254 143 142 0.60112957603244732 21 1625 22 1572 25 1582
4945 0.25462871536267889 3.2754540750877839 4.5868840212981166 76 80 83 0.36217356722246535 23 2457 22 1590
4946 0.7270416660858271 0.77550539674161201 3.0420203457590729 70 18 0 0.53946511415028697 21 1077 22 1619 25 3244
4947 0.99317609100834248 0.78134949641104523 3.5826984208058565 113 27 0 1.0720712659257572 21 969 25 1778
4948 2.6019416472494536 3.0742522825312264 4.0845796645140657 190 196 194 1.2915672366961619 21 1987 22 1780 25 1866
4949 1.4925320533014177 2.6176300460494955 3.5708776866473837 175 129 123 0.64316839862499142 21 1125 22 1937
4950 2.1492358007496928 0.9572590272782775 2.9114595077475127 102 122 133 1.6071515754960981 21 1119 23 1054 22 1938
4951 2.3109689523782206 0.83270918677465044 3.00361633291062 125 144 150 1.2016052236670698 21 1455 22 1951 25 2553
4952 2.2940996569645979 0.8359978212346969 3.0002869722361316 222 240 247 0.63262905374838629 21 1094 22 1957 25 1378
4953 2.28962404785789 0.81835860011292783 2.9826974537413125 88 107 114 0.49793433784314711 21 907 22 1959 25 2551
4954 1.7992078823851831 1.3841946451673155 3.1841213025213921 210 96 158 0.64245169740517882 21 1605 22 1968 25 1539
4955 1.9602578045175023 0.81892766340927514 3.092922071098374 139 145 147 0.55235663757439457 21 1637 22 1982 25 1366
4956 2.1074789186893454 0.8903926400492137 2.8680839294424265 124 41 56 0.62364527582158169 21 1218 22 1992 25 1562
4957 2.1660541609026001 2.4472833348268281 4.7475981621978844 117 106 104 0.018552123220535698 23 1414 25 694
4958 2.2482763438946392 1.8177826426543804 2.9258662648697462 10 27 35 0.75368204444628584 21 1161 22 2063 25 2056
4959 1.4095431796943667 2.2695203745250625 3.3114684714801501 150 128 122 1.3118955970983854 21 2019 22 2096 25 3191
4960 1.3170154282108488 2.1412337395616419 3.3001948036196023 124 56 57 0.23582497807021058 23 3397 22 2129
4961 1.7448064430510462 1.9992926005779796 3.2972036737992063 109 3 3 0.25561084180460375 23 4818 22 2145 25 3919
4962 1.7512529988756504 0.96436625912886453 2.9693643033138857 185 104 110 0.51754533694195859 21 2570 22 2272 25 1587
4963 1.736785723896396 0.74251556467293978 3.0161309605644759 103 80 73 2.1291880656299624 21 1827 22 2292 25 2412
4964 1.7517915297728388 0.76806857844736898 3.0775265860231835 116 131 138 0.54536053181208943 21 1785 22 2306 25 2357
4965 2.0783301848426272 1.3977153700875677 3.2335037450157147 174 59 114 1.7111625070015293 21 2516 22 2459 25 2058
4966 2.0875294553191157 1.3986467250354353 3.2262864745473498 220 106 162 1.1273163568131446 21 1456 22 2461 25 3925
4967 2.1203368467794488 1.354472153593804 3.2212055773004509 167 63 112 1.2593377634864626 21 1951 22 2466 25 3084
4968 2.3634783697911006 1.9204277075668341 2.9215971432522228 25 19 0 1.7983568068444409 21 2017 22 2485 25 3817
4969 2.3535872298334088 2.0419879899119331 2.9514490198035057 206 177 60 0.88682200765334074 21 2022 22 2491 25 2464
4970 0.91560211192125562 0.78497298682877759 3.1530518061812183 209 101 98 1.3517123019401458 21 1417 22 2779 25 1769
4971 0.78723908992620006 1.3042209954826938 3.1602018180636979 229 235 251 1.7578369942109522 21 1877 22 2800 25 3028
4972 1.7428202320772948 0.76406955829396006 3.0796948104493684 215 225 231 0.81409659191039652 21 2691 22 2853 25 2366
4973 1.7822778364646832 0.76354281359008469 3.0833227007600166 208 226 235 0.63582737921742027 21 2698 22 2877 25 2374
4974 0.25089718109093168 0.9999448852136088 2.7711695241185552 193 143 85 1.2800029931792503 23 4190 22 3014 25 3350
4975 0.27974497500577078 1.9384810052399011 3.2735085871082203 18 16 2 1.0480130205929341 21 1958 22 3319 25 2780
4976 2.2633515129877599 0.82049722055044616 3.03025043341191 99 119 128 1.3148446252262895 21 2118 22 3460 25 2616
4977 1.7826389022247231 1.983805348362595 3.321918208866836 98 35 57 1.3396501847674991 21 2532 22 3468 25 3043
4978 1.3751885984260925 2.1112010999788313 3.3276615541985457 124 48 48 0.87656472402972352 23 3386 22 3540 25 2193
4979 2.1746280410721819 0.76151057360376351 3.0001188953039404 122 131 136 0.12870139691210375 21 2499 25 2245
4980 1.3665899166842732 2.1502896957054696 3.2632799503240051 137 142 133 1.1064906080298087 21 1217 22 3586 25 2196 23 4730
4981 2.33597033747147 2.2028242451799858 3.0108942393199611 139 144 154 0.85594544810701978 21 1500 22 3600 25 2456
4982 0.39349404354667905 1.3724408232086425 3.0939278938852204 30 6 6 1.697593786272162 21 335 22 613 18 168 23 201
4983 2.2802380185878386 0.87650758066724799 2.9548960454537716 101 118 126 0.12992939431260059 22 123 25 117
4984 0.76215083545103801 0.90527474083361859 3.5959880602817695 127 26 0 1.0242469710467446 22 143 25 194
4985 1.440579761470187 0.76743997996147617 2.9294321691769651 127 20 24 1.2722841173707491 21 143 22 214
4986 1.3710296601674994 2.1988900159586549 3.3507350210832128 75 44 42 1.8121698203218983 21 256 22 394 25 364
4987 0.42149207201492722 0.94920140556275068 3.1628821130312956 78 11 3 1.3327592770460537 21 13 22 14 24 15
4988 -0.48949142282684038 1.037572039296927 2.8451088571368492 26 55 71 0.87478840869847729 21 20 22 19 25 18
