
mtllib sugarfine_3Dgs7000_densityestim02_sdfnorm02_level03_decim200000_normalconsistency01_gaussperface6.mtl
usemtl mesh

v 0.952378 -0.711408 3.130031
v 0.958088 -0.697455 3.132979
v 0.950392 -0.711391 3.135663
v 0.957779 -0.695669 3.136835
v 0.946309 -0.711669 3.146882
v 0.956111 -0.701274 3.133364
v 0.942270 -0.712199 3.157986
v 0.944416 -0.711908 3.152636
v 0.948311 -0.711486 3.141178
v 0.954324 -0.705769 3.132251
v 0.951866 -0.710820 3.132197
v 0.952311 -0.708399 3.134379
v 0.954189 -0.704162 3.134881
v 0.956042 -0.700031 3.135464
v 0.932028 -0.713471 3.186374
v 0.934104 -0.713205 3.180663
v 0.936164 -0.712939 3.175079
v 0.938300 -0.712349 3.169395
v 0.940247 -0.712104 3.163826
v 0.925651 -0.713470 3.203640
v 0.929881 -0.713219 3.192098
v 0.949872 -0.710850 3.137958
v 0.952060 -0.706376 3.138360
v 0.954100 -0.702932 3.137127
v 0.954151 -0.701516 3.139215
v 0.955971 -0.698684 3.137859
v 0.949816 -0.710833 3.138154
v 0.952035 -0.706300 3.138564
v 0.953338 -0.701278 3.142190
v 0.954135 -0.700191 3.141428
v 0.956053 -0.696047 3.141989
v 0.947282 -0.711396 3.144833
v 0.948487 -0.710955 3.142124
v 0.952233 -0.701771 3.144838
v 0.954057 -0.699044 3.143724
v 0.954146 -0.697653 3.145877
v 0.947920 -0.711486 3.142614
v 0.946341 -0.710528 3.149013
v 0.948141 -0.706832 3.150240
v 0.950159 -0.703247 3.149764
v 0.952233 -0.700630 3.147099
v 0.952347 -0.699243 3.149423
v 0.954096 -0.696484 3.148121
v 0.946232 -0.709669 3.151020
v 0.946351 -0.708247 3.153374
v 0.948220 -0.705351 3.152509
v 0.952055 -0.697958 3.151865
v 0.951932 -0.696613 3.153881
v 0.952011 -0.696445 3.153670
v 0.948123 -0.706758 3.150440
v 0.942942 -0.711839 3.156192
v 0.942669 -0.711073 3.157892
v 0.946711 -0.706286 3.155270
v 0.948134 -0.702664 3.156691
v 0.951149 -0.696962 3.156299
v 0.948262 -0.703945 3.154452
v 0.942215 -0.710536 3.159781
v 0.942738 -0.709922 3.159266
v 0.947734 -0.702812 3.157531
v 0.948654 -0.698903 3.160676
v 0.950045 -0.696691 3.159381
v 0.942006 -0.709299 3.161606
v 0.942038 -0.709233 3.161593
v 0.943688 -0.704342 3.165138
v 0.944562 -0.703859 3.163412
v 0.948536 -0.697511 3.162706
v 0.948628 -0.698889 3.160767
v 0.923742 -0.713957 3.209257
v 0.927923 -0.713836 3.197799
v 0.940116 -0.710887 3.165744
v 0.942215 -0.706276 3.166379
v 0.944075 -0.703707 3.165030
v 0.945963 -0.699308 3.165944
v 0.948030 -0.696711 3.165027
v 0.939939 -0.709613 3.167875
v 0.939849 -0.708210 3.169900
v 0.942104 -0.706318 3.166671
v 0.944008 -0.702491 3.167503
v 0.944104 -0.701158 3.169629
v 0.945876 -0.698311 3.168383
v 0.946014 -0.697013 3.170627
v 0.938107 -0.711252 3.171484
v 0.938164 -0.709726 3.173414
v 0.940034 -0.707301 3.171499
v 0.942013 -0.704063 3.170920
v 0.942109 -0.702786 3.173074
v 0.944007 -0.700051 3.171998
v 0.944098 -0.699107 3.173450
v 0.936206 -0.711581 3.177290
v 0.938072 -0.708579 3.175794
v 0.938119 -0.707338 3.177859
v 0.940160 -0.704329 3.176721
v 0.942082 -0.701681 3.175306
v 0.942097 -0.700325 3.177880
v 0.944132 -0.697417 3.176467
v 0.936092 -0.710522 3.179505
v 0.938015 -0.706104 3.180433
v 0.940044 -0.703207 3.179180
v 0.942094 -0.699087 3.180292
v 0.933630 -0.712999 3.182670
v 0.936861 -0.706503 3.183381
v 0.938331 -0.703896 3.183197
v 0.939648 -0.702101 3.182225
v 0.942054 -0.698761 3.180838
v 0.942094 -0.697652 3.182256
v 0.934766 -0.709723 3.184434
v 0.936506 -0.706068 3.185022
v 0.938090 -0.701825 3.186708
v 0.940272 -0.697918 3.186000
v 0.939832 -0.697756 3.187731
v 0.933354 -0.712861 3.183705
v 0.930782 -0.712921 3.189984
v 0.934038 -0.707627 3.189284
v 0.936379 -0.702776 3.190072
v 0.937802 -0.700544 3.189032
v 0.937699 -0.698985 3.191201
v 0.921350 -0.715092 3.214539
v 0.915545 -0.714969 3.232464
v 0.917684 -0.714812 3.226739
v 0.919853 -0.714656 3.220920
v 0.909060 -0.715472 3.249783
v 0.911219 -0.715313 3.243974
v 0.930007 -0.711932 3.194077
v 0.932091 -0.709401 3.191937
v 0.933977 -0.704959 3.193721
v 0.935850 -0.702229 3.192561
v 0.935972 -0.700667 3.194661
v 0.937799 -0.697901 3.193386
v 0.933927 -0.706388 3.191581
v 0.929910 -0.710795 3.196537
v 0.930376 -0.708835 3.198157
v 0.932252 -0.705395 3.198093
v 0.932921 -0.704179 3.198027
v 0.932290 -0.702747 3.201680
v 0.936109 -0.698507 3.197670
v 0.935585 -0.698007 3.199075
v 0.927827 -0.712359 3.200059
v 0.927820 -0.710875 3.202113
v 0.929922 -0.707947 3.200680
v 0.931701 -0.703483 3.202227
v 0.934094 -0.699784 3.200926
v 0.927775 -0.709468 3.204150
v 0.929806 -0.706592 3.202863
v 0.929844 -0.705092 3.204838
v 0.931635 -0.701848 3.204576
v 0.934051 -0.699677 3.201188
v 0.933987 -0.698404 3.205122
v 0.927488 -0.708936 3.205815
v 0.927707 -0.708131 3.206449
v 0.927750 -0.706681 3.208638
v 0.929788 -0.703419 3.207309
v 0.932824 -0.698562 3.208396
v 0.923960 -0.712441 3.211095
v 0.925668 -0.709966 3.209842
v 0.927727 -0.705378 3.210791
v 0.929689 -0.702532 3.209589
v 0.929794 -0.701295 3.211948
v 0.932134 -0.698610 3.210562
v 0.924153 -0.710714 3.213532
v 0.926079 -0.707191 3.213218
v 0.927638 -0.704067 3.213105
v 0.927739 -0.702497 3.215236
v 0.929838 -0.700110 3.214387
v 0.920708 -0.714318 3.218879
v 0.923058 -0.710551 3.218378
v 0.925651 -0.705953 3.217029
v 0.925734 -0.704400 3.219068
v 0.927630 -0.701485 3.217899
v 0.924124 -0.710645 3.213775
v 0.913402 -0.715089 3.238282
v 0.921827 -0.711454 3.220518
v 0.924857 -0.703950 3.222677
v 0.923695 -0.704048 3.224501
v 0.925672 -0.702831 3.221596
v 0.919636 -0.713286 3.223156
v 0.919614 -0.711674 3.225162
v 0.920552 -0.706749 3.228307
v 0.923350 -0.704157 3.224949
v 0.917664 -0.713319 3.228770
v 0.919344 -0.710405 3.227422
v 0.919375 -0.708748 3.229207
v 0.921112 -0.705581 3.228059
v 0.917532 -0.712022 3.231028
v 0.917535 -0.710519 3.233142
v 0.919056 -0.706905 3.231755
v 0.916514 -0.710369 3.236918
v 0.917422 -0.709186 3.235435
v 0.915425 -0.710819 3.238965
v 0.911194 -0.713935 3.246129
v 0.913645 -0.712143 3.242851
v 0.913076 -0.714635 3.239892
v 0.722388 -0.706250 3.771075
v 0.702536 -0.722833 3.799461
v 0.712553 -0.714351 3.785355
v 0.697357 -0.726251 3.808153
v 0.699943 -0.724424 3.803975
v 0.720041 -0.707770 3.775211
v 0.709908 -0.715998 3.789813
v 0.707457 -0.717750 3.793751
v 0.715029 -0.711326 3.783778
v 0.717579 -0.707037 3.783614
v 0.719647 -0.706418 3.778116
v 0.712288 -0.713428 3.787551
v 0.714750 -0.709867 3.786659
v 0.714634 -0.708138 3.789523
v 0.717048 -0.706715 3.785267
v 0.709710 -0.715266 3.791405
v 0.712227 -0.711284 3.790789
v 0.714344 -0.706715 3.792365
v 0.704980 -0.719314 3.798001
v 0.707210 -0.716258 3.796522
v 0.709828 -0.712809 3.794631
v 0.711938 -0.709812 3.793692
v 0.711843 -0.708077 3.796508
v 0.707092 -0.714576 3.799265
v 0.711196 -0.706702 3.800109
v 0.711589 -0.706503 3.799475
v 0.702335 -0.721135 3.802309
v 0.704718 -0.717836 3.800726
v 0.706821 -0.713057 3.802172
v 0.710494 -0.706633 3.802156
v 0.694578 -0.726144 3.815416
v 0.686082 -0.726407 3.836792
v 0.688900 -0.726347 3.829662
v 0.691743 -0.726213 3.822574
v 0.680375 -0.726588 3.851132
v 0.683188 -0.726586 3.843940
v 0.701992 -0.719761 3.805108
v 0.704446 -0.716309 3.803621
v 0.704324 -0.714622 3.806356
v 0.708175 -0.707112 3.807563
v 0.709709 -0.706663 3.804338
v 0.708976 -0.706715 3.806682
v 0.699571 -0.721179 3.809380
v 0.702082 -0.717580 3.807916
v 0.703721 -0.713088 3.810122
v 0.707337 -0.707295 3.809491
v 0.697135 -0.724579 3.811002
v 0.697034 -0.722806 3.813690
v 0.699302 -0.719643 3.812213
v 0.701507 -0.716644 3.810728
v 0.701573 -0.714603 3.813496
v 0.703938 -0.711410 3.812068
v 0.706190 -0.706662 3.813807
v 0.696805 -0.721144 3.816590
v 0.699176 -0.717910 3.814967
v 0.701283 -0.713172 3.816367
v 0.703666 -0.709924 3.815027
v 0.703557 -0.708243 3.817867
v 0.694327 -0.724621 3.818163
v 0.696397 -0.720106 3.819091
v 0.698899 -0.716416 3.817830
v 0.698781 -0.714687 3.820618
v 0.701233 -0.711326 3.819222
v 0.703282 -0.706761 3.820824
v 0.694118 -0.721048 3.823636
v 0.696371 -0.717987 3.822121
v 0.698504 -0.713177 3.823499
v 0.700842 -0.710160 3.821972
v 0.691496 -0.724685 3.825334
v 0.693829 -0.719877 3.826009
v 0.696032 -0.716330 3.825360
v 0.696150 -0.714777 3.827324
v 0.698392 -0.712065 3.825472
v 0.700686 -0.706444 3.828141
v 0.691343 -0.723027 3.828042
v 0.691205 -0.721269 3.830867
v 0.693595 -0.718015 3.829254
v 0.696289 -0.712424 3.830517
v 0.697802 -0.710298 3.829782
v 0.675053 -0.726656 3.866123
v 0.677875 -0.726663 3.858616
v 0.688792 -0.724637 3.832409
v 0.690955 -0.719769 3.833620
v 0.693317 -0.716493 3.832165
v 0.693195 -0.714792 3.834936
v 0.695772 -0.711512 3.833241
v 0.698003 -0.708420 3.832251
v 0.697914 -0.706671 3.835349
v 0.688504 -0.723117 3.835247
v 0.688402 -0.721355 3.837947
v 0.691037 -0.717599 3.836449
v 0.692911 -0.713256 3.837877
v 0.695142 -0.710705 3.836100
v 0.685942 -0.724681 3.839548
v 0.688116 -0.719821 3.840796
v 0.690497 -0.716378 3.839546
v 0.692532 -0.712889 3.839390
v 0.695221 -0.708491 3.839465
v 0.695156 -0.706735 3.842575
v 0.685704 -0.723062 3.842229
v 0.685579 -0.721307 3.845051
v 0.687954 -0.717733 3.844106
v 0.690106 -0.713307 3.845056
v 0.692500 -0.710319 3.843598
v 0.690546 -0.714365 3.842330
v 0.682967 -0.724638 3.846351
v 0.685296 -0.719808 3.847897
v 0.687496 -0.716567 3.847034
v 0.689975 -0.711722 3.847999
v 0.692298 -0.708774 3.846719
v 0.691832 -0.708247 3.848864
v 0.682804 -0.723097 3.849625
v 0.682795 -0.721559 3.852407
v 0.686897 -0.716856 3.848223
v 0.687747 -0.714642 3.849392
v 0.689703 -0.710289 3.851072
v 0.680081 -0.726484 3.852529
v 0.682523 -0.720238 3.855632
v 0.685076 -0.716801 3.853817
v 0.687996 -0.712228 3.852575
v 0.688215 -0.711256 3.853531
v 0.688373 -0.709867 3.855512
v 0.689732 -0.707021 3.857151
v 0.677924 -0.726628 3.858565
v 0.680477 -0.722923 3.857197
v 0.683271 -0.717829 3.857005
v 0.686657 -0.711652 3.856979
v 0.688138 -0.709768 3.856306
v 0.666225 -0.726717 3.887604
v 0.669063 -0.726754 3.880269
v 0.671891 -0.726704 3.872964
v 0.660463 -0.726822 3.902246
v 0.677165 -0.726545 3.860907
v 0.679713 -0.720067 3.862520
v 0.682346 -0.716188 3.861281
v 0.685737 -0.711789 3.859077
v 0.687448 -0.707406 3.861922
v 0.675601 -0.726279 3.865402
v 0.679502 -0.718276 3.865314
v 0.685006 -0.711587 3.861159
v 0.686915 -0.707473 3.863096
v 0.686842 -0.706862 3.864461
v 0.674713 -0.724961 3.868652
v 0.677337 -0.721232 3.866981
v 0.679174 -0.716603 3.868241
v 0.682089 -0.712616 3.866647
v 0.684644 -0.706929 3.869054
v 0.674326 -0.723326 3.871219
v 0.676939 -0.719884 3.869448
v 0.676536 -0.718321 3.872516
v 0.678955 -0.714913 3.871208
v 0.681373 -0.711715 3.869602
v 0.681274 -0.709935 3.872590
v 0.683969 -0.706582 3.871595
v 0.671189 -0.726395 3.874782
v 0.674115 -0.721489 3.874110
v 0.676345 -0.716626 3.875481
v 0.678760 -0.713291 3.874059
v 0.680989 -0.708476 3.875544
v 0.670238 -0.726147 3.877598
v 0.673896 -0.719952 3.877048
v 0.673799 -0.718270 3.879870
v 0.676501 -0.714743 3.877886
v 0.678526 -0.709961 3.879637
v 0.681203 -0.706397 3.878144
v 0.668944 -0.724934 3.883095
v 0.671138 -0.721355 3.882373
v 0.673501 -0.716893 3.882777
v 0.675989 -0.713385 3.881312
v 0.678026 -0.709488 3.881626
v 0.668642 -0.723481 3.885907
v 0.670993 -0.720502 3.884010
v 0.673400 -0.715048 3.885748
v 0.676653 -0.709855 3.884653
v 0.677936 -0.707015 3.885239
v 0.663384 -0.726690 3.894900
v 0.657533 -0.726966 3.909565
v 0.666209 -0.724400 3.890874
v 0.668943 -0.720849 3.888845
v 0.670856 -0.718495 3.887277
v 0.670710 -0.716781 3.890104
v 0.673205 -0.713060 3.889056
v 0.675492 -0.710166 3.887199
v 0.675324 -0.708327 3.889907
v 0.665814 -0.723423 3.893245
v 0.668208 -0.720105 3.891790
v 0.670417 -0.715241 3.893059
v 0.672930 -0.711745 3.891563
v 0.675000 -0.706776 3.892637
v 0.674332 -0.705630 3.895719
v 0.663168 -0.725067 3.897704
v 0.665620 -0.721714 3.896100
v 0.667643 -0.717640 3.896635
v 0.670421 -0.713157 3.895851
v 0.672460 -0.710152 3.894616
v 0.672222 -0.708317 3.897398
v 0.662878 -0.723494 3.900624
v 0.665234 -0.719177 3.900562
v 0.666946 -0.714476 3.902802
v 0.668282 -0.712635 3.901990
v 0.672647 -0.705650 3.900815
v 0.662957 -0.720927 3.903963
v 0.665195 -0.717264 3.903399
v 0.666132 -0.713893 3.906113
v 0.670865 -0.705916 3.905701
v 0.671870 -0.705616 3.903345
v 0.660207 -0.725237 3.905064
v 0.662240 -0.720517 3.906374
v 0.664556 -0.718018 3.903982
v 0.667402 -0.709218 3.909935
v 0.669944 -0.705638 3.908308
v 0.659885 -0.723262 3.908623
v 0.662309 -0.718431 3.909193
v 0.665144 -0.712655 3.910654
v 0.666633 -0.709566 3.911393
v 0.668930 -0.705352 3.910830
v 0.656341 -0.724876 3.915751
v 0.662045 -0.716897 3.912203
v 0.661925 -0.715198 3.915080
v 0.664378 -0.711529 3.914230
v 0.666792 -0.708577 3.912287
v 0.664080 -0.711446 3.915095
v 0.666436 -0.707034 3.915419
v 0.666204 -0.705383 3.918371
v 0.665565 -0.706633 3.918337
v 0.664544 -0.705316 3.922890
v 0.663486 -0.705039 3.926009
v 3.462239 -0.356595 4.202624
v 3.465611 -0.358119 4.206777
v 3.469142 -0.359665 4.210692
v 3.430604 -0.352920 4.260339
v 3.450142 -0.355655 4.228858
v 3.454243 -0.356018 4.220178
v 3.458323 -0.356340 4.211468
v 3.478761 -0.365551 4.236006
v 3.426566 -0.352652 4.269290
v 3.492095 -0.373131 4.265831
v 3.418343 -0.352076 4.287251
v 3.501843 -0.379293 4.292087
v 3.465089 -0.359363 4.219578
v 3.468495 -0.360905 4.223765
v 3.471925 -0.362445 4.227757
v 3.475315 -0.363992 4.231920
v 3.446305 -0.355411 4.237688
v 3.414312 -0.351701 4.296240
v 3.422556 -0.352362 4.278312
v 3.461175 -0.359073 4.228283
v 3.457605 -0.357523 4.224330
v 3.453649 -0.357224 4.233085
v 3.464557 -0.360601 4.232360
v 3.457112 -0.358764 4.237213
v 3.442237 -0.355111 4.246655
v 3.488533 -0.371531 4.261711
v 3.449703 -0.356943 4.241895
v 3.467874 -0.362132 4.236657
v 3.471395 -0.363691 4.240614
v 3.478251 -0.366810 4.248951
v 3.438184 -0.354800 4.255563
v 3.453066 -0.358462 4.246058
v 3.456522 -0.359991 4.249979
v 3.463919 -0.361842 4.245429
v 3.474720 -0.365235 4.244945
v 3.481584 -0.368367 4.253327
v 3.485087 -0.369953 4.257470
v 3.390642 -0.347908 4.337883
v 3.410102 -0.351341 4.305181
v 3.515249 -0.387205 4.323188
v 3.525353 -0.393684 4.350197
v 3.470756 -0.364940 4.253737
v 3.445538 -0.356613 4.250842
v 3.449094 -0.358177 4.254862
v 3.459886 -0.361537 4.254311
v 3.463495 -0.363099 4.258043
v 3.474006 -0.366462 4.258059
v 3.477679 -0.368086 4.262064
v 3.441643 -0.356342 4.259638
v 3.452386 -0.359677 4.259065
v 3.455944 -0.361251 4.263092
v 3.466751 -0.364640 4.262578
v 3.470249 -0.366222 4.266740
v 3.481040 -0.369652 4.266383
v 3.437580 -0.356024 4.268508
v 3.448480 -0.359404 4.267869
v 3.444902 -0.357831 4.263837
v 3.459229 -0.362774 4.267403
v 3.462806 -0.364359 4.271434
v 3.484565 -0.371250 4.270532
v 3.473576 -0.367772 4.271075
v 3.466165 -0.365906 4.275696
v 3.477143 -0.369376 4.275192
v 3.430001 -0.354174 4.273442
v 3.440845 -0.357524 4.272786
v 3.451797 -0.360928 4.272149
v 3.444427 -0.359093 4.276775
v 3.455297 -0.362484 4.276184
v 3.491429 -0.374434 4.279174
v 3.487966 -0.372834 4.274907
v 3.494892 -0.376037 4.283397
v 3.498424 -0.377677 4.287700
v 3.462189 -0.365620 4.284597
v 3.472975 -0.369049 4.284225
v 3.480457 -0.370938 4.279572
v 3.425925 -0.353879 4.282438
v 3.436859 -0.357234 4.281654
v 3.447858 -0.360641 4.280970
v 3.440215 -0.358765 4.285973
v 3.458647 -0.364031 4.280512
v 3.484029 -0.372559 4.283733
v 3.465530 -0.367176 4.288969
v 3.476587 -0.370678 4.288402
v 3.421870 -0.353590 4.291296
v 3.429376 -0.355416 4.286633
v 3.443759 -0.360316 4.289870
v 3.451130 -0.362156 4.285245
v 3.454735 -0.363761 4.289364
v 3.487393 -0.374139 4.288124
v 3.490931 -0.375756 4.292347
v 3.406063 -0.351084 4.314309
v 3.511801 -0.385566 4.318629
v 3.461579 -0.366884 4.297801
v 3.458023 -0.365286 4.293681
v 3.472482 -0.370355 4.297440
v 3.479899 -0.372234 4.292794
v 3.425199 -0.355060 4.295505
v 3.428674 -0.356566 4.299630
v 3.436274 -0.358473 4.294727
v 3.447102 -0.361867 4.294282
v 3.450635 -0.363431 4.298272
v 3.483477 -0.373859 4.297023
v 3.494257 -0.377354 4.296913
v 3.454035 -0.364996 4.302624
v 3.464948 -0.368454 4.302197
v 3.475971 -0.371959 4.301773
v 3.417683 -0.353204 4.300330
v 3.421190 -0.354765 4.304417
v 3.439561 -0.359985 4.299012
v 3.432099 -0.358125 4.303866
v 3.443148 -0.361571 4.303100
v 3.501264 -0.380633 4.305542
v 3.497800 -0.378996 4.301136
v 3.486846 -0.375454 4.301479
v 3.490295 -0.377064 4.305764
v 3.504766 -0.382272 4.309854
v 3.508224 -0.383914 4.314335
v 3.401819 -0.350720 4.323280
v 3.385570 -0.349018 4.346611
v 3.381713 -0.347935 4.355687
v 3.353209 -0.343720 4.407069
v 3.372761 -0.347494 4.373501
v 3.538417 -0.401821 4.383021
v 3.346869 -0.344920 4.428637
v 3.549764 -0.408691 4.409801
v 0.440270 -0.727272 4.453440
v 3.457406 -0.366548 4.306895
v 3.461013 -0.368176 4.311098
v 3.479478 -0.373585 4.306160
v 3.471886 -0.371660 4.310886
v 3.413625 -0.352910 4.309268
v 3.424507 -0.356270 4.308666
v 3.435549 -0.359677 4.307967
v 3.428086 -0.357841 4.312757
v 3.446461 -0.363110 4.307454
v 3.450019 -0.364700 4.311560
v 3.493823 -0.378709 4.310089
v 3.482900 -0.375165 4.310333
v 3.456922 -0.367859 4.320105
v 3.453362 -0.366255 4.315958
v 3.464317 -0.369727 4.315482
v 3.478834 -0.374860 4.319390
v 3.475372 -0.373256 4.315101
v 3.408379 -0.352299 4.318292
v 3.416971 -0.354429 4.313584
v 3.420490 -0.355969 4.317577
v 3.438917 -0.361225 4.312221
v 3.431417 -0.359357 4.317069
v 3.442500 -0.362825 4.316369
v 3.500698 -0.381957 4.318902
v 3.497291 -0.380339 4.314477
v 3.486286 -0.376770 4.314764
v 3.489863 -0.378422 4.319058
v 3.449343 -0.365955 4.324940
v 3.460280 -0.369430 4.324537
v 3.467855 -0.371345 4.319764
v 3.471400 -0.372967 4.324008
v 3.482383 -0.376496 4.323678
v 3.390907 -0.348032 4.337766
v 3.412798 -0.354230 4.323435
v 3.401668 -0.350867 4.324693
v 3.416333 -0.355673 4.326687
v 3.423819 -0.357547 4.322411
v 3.427150 -0.358986 4.325986
v 3.438363 -0.362487 4.325372
v 3.445813 -0.364356 4.320693
v 3.493246 -0.380030 4.323524
v 3.504334 -0.383640 4.323232
v 3.452828 -0.367542 4.329155
v 3.445346 -0.365665 4.333966
v 3.456232 -0.369125 4.333551
v 3.463764 -0.371013 4.328658
v 3.474717 -0.374548 4.328511
v 3.467264 -0.372640 4.333119
v 3.478347 -0.376199 4.332732
v 3.408806 -0.353835 4.331582
v 3.419815 -0.357209 4.330903
v 3.430754 -0.360605 4.330308
v 3.441968 -0.364119 4.329746
v 3.518343 -0.390300 4.341140
v 3.489334 -0.379761 4.332470
v 3.500266 -0.383332 4.332327
v 3.507721 -0.385269 4.327819
v 3.485719 -0.378098 4.328213
v 3.511298 -0.386932 4.332144
v 3.514758 -0.388594 4.336672
v 3.377178 -0.347970 4.364692
v 3.448779 -0.367242 4.338232
v 3.459711 -0.370726 4.337872
v 3.470805 -0.374271 4.337433
v 3.481746 -0.377809 4.337228
v 3.389589 -0.348177 4.339728
v 3.401218 -0.351998 4.336509
v 3.412096 -0.355310 4.335865
v 3.415688 -0.356860 4.339974
v 3.423123 -0.358713 4.335181
v 3.426727 -0.360312 4.339334
v 3.437696 -0.363750 4.338812
v 3.521703 -0.391953 4.345746
v 3.492698 -0.381376 4.337036
v 3.503881 -0.385059 4.337045
v 3.507221 -0.386646 4.341329
v 3.441157 -0.365330 4.343116
v 3.452094 -0.368806 4.342707
v 3.463198 -0.372336 4.342230
v 3.455714 -0.370437 4.346899
v 3.474150 -0.375868 4.341961
v 3.477766 -0.377523 4.346222
v 3.386579 -0.349356 4.346058
v 3.404488 -0.353464 4.340776
v 3.408092 -0.355007 4.344866
v 3.419061 -0.358393 4.344257
v 3.430026 -0.361833 4.343668
v 3.488754 -0.381104 4.345994
v 3.485204 -0.379439 4.341674
v 3.499740 -0.384704 4.345877
v 3.510802 -0.388325 4.345695
v 3.535382 -0.400206 4.377820
v 3.444662 -0.366952 4.347614
v 3.437037 -0.365034 4.352402
v 3.448155 -0.368526 4.351692
v 3.466654 -0.373947 4.346616
v 3.459110 -0.372026 4.351312
v 3.470202 -0.375584 4.350960
v 3.481189 -0.379150 4.350720
v 3.384230 -0.348624 4.350033
v 3.393012 -0.351013 4.354787
v 3.400468 -0.353225 4.349791
v 3.411384 -0.356520 4.349182
v 3.422509 -0.359958 4.348502
v 3.414966 -0.358105 4.353340
v 3.425976 -0.361528 4.352742
v 3.484670 -0.380797 4.355155
v 3.492203 -0.382759 4.350512
v 3.503248 -0.386366 4.350369
v 3.514229 -0.389985 4.350344
v 3.517857 -0.391701 4.354758
v 3.443967 -0.368190 4.360865
v 3.440475 -0.366593 4.356561
v 3.451465 -0.370092 4.356147
v 3.466133 -0.375283 4.360083
v 3.462533 -0.373631 4.355757
v 3.455072 -0.371732 4.360405
v 3.473578 -0.377195 4.355460
v 3.477190 -0.378864 4.359789
v 3.396057 -0.352600 4.358688
v 3.385214 -0.349172 4.359745
v 3.403774 -0.354703 4.354125
v 3.407382 -0.356258 4.358212
v 3.421854 -0.361216 4.361843
v 3.418300 -0.359633 4.357682
v 3.429474 -0.363115 4.357005
v 3.524817 -0.395071 4.363941
v 3.521230 -0.393357 4.359399
v 3.488170 -0.382446 4.359596
v 3.495600 -0.384382 4.355037
v 3.506752 -0.388027 4.354868
v 3.499310 -0.386093 4.359433
v 3.510262 -0.389708 4.359409
v 3.531931 -0.398500 4.373058
v 3.528310 -0.396770 4.368587
v 3.367871 -0.346871 4.383943
v 3.351443 -0.345361 4.421095
v 3.563182 -0.417267 4.443682
v 3.314565 -0.339946 4.478006
v 3.436413 -0.366289 4.365639
v 3.447499 -0.369806 4.365177
v 3.458452 -0.373327 4.364926
v 3.469535 -0.376888 4.364560
v 3.480553 -0.380476 4.364337
v 3.392091 -0.352565 4.368106
v 3.380866 -0.348320 4.369066
v 3.388496 -0.350829 4.364068
v 3.403081 -0.355934 4.367419
v 3.410653 -0.357738 4.362577
v 3.414283 -0.359310 4.366749
v 3.425249 -0.362777 4.366276
v 3.432845 -0.364678 4.361398
v 3.484203 -0.382168 4.368732
v 3.491748 -0.384119 4.364067
v 3.506295 -0.389424 4.368457
v 3.502676 -0.387717 4.364060
v 3.513726 -0.391384 4.363992
v 3.439757 -0.367855 4.370099
v 3.432231 -0.365951 4.374825
v 3.443404 -0.369499 4.374371
v 3.450845 -0.371388 4.369671
v 3.476636 -0.380203 4.373365
v 3.454461 -0.373035 4.373966
v 3.465489 -0.376593 4.373697
v 3.472968 -0.378519 4.369074
v 3.392452 -0.353224 4.372684
v 3.384406 -0.350295 4.373122
v 3.406362 -0.357258 4.370167
v 3.417665 -0.360869 4.371091
v 3.409985 -0.358985 4.376054
v 3.421138 -0.362460 4.375427
v 3.428628 -0.364343 4.370695
v 3.520772 -0.394778 4.373139
v 3.487540 -0.383778 4.373310
v 3.495110 -0.385748 4.368660
v 3.498778 -0.387457 4.373075
v 3.509706 -0.391093 4.373139
v 3.517351 -0.393098 4.368423
v 3.435761 -0.367566 4.379175
v 3.446716 -0.371068 4.378850
v 3.450352 -0.372725 4.383171
v 3.480011 -0.381831 4.377979
v 3.472407 -0.379854 4.382679
v 3.457633 -0.374595 4.378717
v 3.469126 -0.378309 4.378447
v 3.387758 -0.352236 4.377458
v 3.398355 -0.355493 4.376799
v 3.375332 -0.348412 4.379321
v 3.379267 -0.349902 4.382312
v 3.403055 -0.357359 4.380995
v 3.413538 -0.360569 4.380214
v 3.424591 -0.364036 4.379730
v 3.524375 -0.396531 4.377940
v 3.513273 -0.392828 4.377933
v 3.527797 -0.398182 4.382329
v 3.483598 -0.383510 4.382412
v 3.491128 -0.385465 4.377783
v 3.502146 -0.389109 4.377751
v 3.494653 -0.387140 4.382313
v 3.505791 -0.390825 4.382186
v 3.364819 -0.346507 4.392443
v 3.531523 -0.399958 4.386893
v 3.428068 -0.365627 4.384083
v 3.439109 -0.369143 4.383665
v 3.442725 -0.370785 4.387964
v 3.476056 -0.381555 4.387093
v 3.453638 -0.374299 4.387744
v 3.464936 -0.377957 4.387527
v 3.383049 -0.351764 4.387817
v 3.394792 -0.355230 4.385827
v 3.372506 -0.348434 4.387372
v 3.409281 -0.360222 4.389506
v 3.405840 -0.358669 4.385204
v 3.416886 -0.362119 4.384653
v 3.420502 -0.363729 4.388869
v 3.520384 -0.396219 4.386818
v 3.509254 -0.392507 4.386848
v 3.487029 -0.385157 4.387005
v 3.498244 -0.388841 4.386796
v 3.340977 -0.344920 4.437805
v 3.512825 -0.394212 4.391373
v 3.505285 -0.392230 4.395974
v 3.542113 -0.405117 4.400956
v 3.545818 -0.406867 4.405412
v 3.534888 -0.401634 4.391637
v 3.538777 -0.403470 4.396320
v 3.431492 -0.367208 4.388420
v 3.423909 -0.365308 4.393308
v 3.435060 -0.368839 4.392776
v 3.449605 -0.373980 4.396644
v 3.446140 -0.372388 4.392436
v 3.471877 -0.381222 4.396346
v 3.468385 -0.379572 4.391874
v 3.479402 -0.383180 4.391716
v 3.457340 -0.375982 4.392047
v 3.387033 -0.353319 4.390832
v 3.379414 -0.351461 4.395797
v 3.398095 -0.356745 4.390190
v 3.375830 -0.349921 4.391722
v 3.401725 -0.358344 4.394369
v 3.412841 -0.361818 4.393764
v 3.523840 -0.397919 4.391533
v 3.527465 -0.399658 4.396103
v 3.490602 -0.386845 4.391498
v 3.483049 -0.384880 4.396130
v 3.501610 -0.390501 4.391531
v 3.508680 -0.393903 4.400735
v 3.360976 -0.345953 4.401270
v 3.530979 -0.401396 4.400984
v 3.368111 -0.348011 4.396783
v 3.430868 -0.368512 4.402055
v 3.427383 -0.366905 4.397667
v 3.438469 -0.370449 4.397354
v 3.453115 -0.375645 4.401344
v 3.442079 -0.372090 4.401617
v 3.464327 -0.379274 4.401012
v 3.475405 -0.382894 4.400898
v 3.460687 -0.377593 4.396642
v 3.382728 -0.352974 4.400197
v 3.386339 -0.354548 4.404311
v 3.394025 -0.356441 4.399326
v 3.371717 -0.349589 4.400843
v 3.405042 -0.359882 4.398812
v 3.408642 -0.361483 4.403018
v 3.416180 -0.363377 4.398255
v 3.419793 -0.364994 4.402476
v 3.516278 -0.395915 4.396136
v 3.519905 -0.397644 4.400630
v 3.494074 -0.388517 4.396086
v 3.486455 -0.386530 4.400808
v 3.497716 -0.390241 4.400624
v 3.482523 -0.386265 4.409953
v 3.490113 -0.388248 4.405282
v 3.363924 -0.347664 4.406814
v 3.478811 -0.384531 4.405469
v 3.367524 -0.349185 4.409407
v 3.501077 -0.391893 4.405315
v 3.504781 -0.393639 4.409844
v 3.423203 -0.366581 4.406954
v 3.434445 -0.370149 4.406456
v 3.445456 -0.373687 4.406166
v 3.449045 -0.375347 4.410572
v 3.467704 -0.380902 4.405672
v 3.471371 -0.382595 4.410058
v 3.456709 -0.377313 4.405765
v 3.378631 -0.352664 4.409341
v 3.389682 -0.356091 4.408823
v 3.397357 -0.357979 4.403774
v 3.375022 -0.351093 4.405231
v 3.400962 -0.359575 4.407959
v 3.412131 -0.363071 4.407366
v 3.534753 -0.403264 4.406253
v 3.512279 -0.395627 4.405305
v 3.523339 -0.399343 4.405417
v 3.526967 -0.401096 4.410096
v 3.485857 -0.387893 4.414613
v 3.356141 -0.345455 4.411167
v 3.493480 -0.389896 4.409965
v 3.474799 -0.384251 4.414724
v 3.497185 -0.391639 4.414490
v 3.542345 -0.406887 4.415587
v 3.359705 -0.347416 4.415239
v 3.370832 -0.350772 4.414372
v 3.426654 -0.368176 4.411394
v 3.530585 -0.402841 4.414704
v 3.419096 -0.366266 4.416147
v 3.430230 -0.369810 4.415728
v 3.437764 -0.371727 4.410991
v 3.441436 -0.373401 4.415360
v 3.452461 -0.376967 4.415139
v 3.463749 -0.380624 4.414815
v 3.460077 -0.378931 4.410408
v 3.382007 -0.354191 4.413692
v 3.393197 -0.357673 4.413204
v 3.404306 -0.361127 4.412443
v 3.396672 -0.359219 4.417318
v 3.407920 -0.362738 4.416671
v 3.415460 -0.364634 4.411898
v 3.508234 -0.395330 4.414543
v 3.515785 -0.397339 4.410011
v 3.519418 -0.399079 4.414551
v 3.559554 -0.415468 4.438892
v 3.573580 -0.424273 4.472682
v 0.439511 -0.723717 4.460677
v 3.331160 -0.342536 4.453746
v 0.439767 -0.725505 4.457048
v 0.436597 -0.727329 4.462419
v 3.301284 -0.338836 4.506697
v 3.310131 -0.339601 4.487538
v 0.439034 -0.721608 4.464073
v 3.587849 -0.433258 4.507103
v 3.351964 -0.345440 4.420376
v 3.504225 -0.395044 4.423763
v 3.511841 -0.397065 4.419153
v 3.522885 -0.400797 4.419384
v 3.526456 -0.402546 4.424132
v 3.534214 -0.404667 4.419945
v 3.489516 -0.389633 4.419263
v 3.478327 -0.385929 4.419259
v 3.492946 -0.391293 4.423853
v 3.500584 -0.393306 4.419245
v 3.544812 -0.408263 4.420223
v 3.548750 -0.410108 4.424567
v 3.552372 -0.411892 4.429264
v 3.555958 -0.413677 4.434069
v 3.363030 -0.348896 4.419592
v 3.366628 -0.350439 4.423738
v 3.422587 -0.367871 4.420561
v 3.433641 -0.371415 4.420286
v 3.444806 -0.375009 4.419964
v 3.437146 -0.373050 4.424779
v 3.448402 -0.376667 4.424332
v 3.467104 -0.382250 4.419456
v 3.459533 -0.380279 4.424145
v 3.470764 -0.383958 4.423932
v 3.456008 -0.378630 4.419668
v 3.374243 -0.352296 4.418798
v 3.377816 -0.353860 4.422945
v 3.388951 -0.357309 4.422327
v 3.400224 -0.360820 4.421634
v 3.411273 -0.364306 4.421186
v 3.414880 -0.365930 4.425475
v 3.355279 -0.346989 4.424705
v 3.347229 -0.345021 4.428194
v 3.358885 -0.348598 4.428818
v 3.369995 -0.351934 4.428062
v 3.518947 -0.400528 4.428545
v 3.425928 -0.369458 4.425158
v 3.429579 -0.371114 4.429476
v 3.507675 -0.396751 4.428563
v 3.440726 -0.374700 4.429141
v 3.515272 -0.398767 4.423952
v 3.451825 -0.378301 4.428986
v 3.530108 -0.404306 4.428700
v 3.463119 -0.381966 4.428652
v 3.474253 -0.385637 4.428636
v 3.485432 -0.389313 4.428425
v 3.381279 -0.355410 4.427287
v 3.496632 -0.393044 4.428422
v 3.392428 -0.358881 4.426679
v 3.403556 -0.362372 4.426110
v 3.407192 -0.364001 4.430408
v 3.541214 -0.408089 4.428985
v 3.481825 -0.387598 4.423789
v 3.335441 -0.342932 4.444427
v 3.500030 -0.394718 4.433173
v 3.503659 -0.396458 4.437754
v 3.351075 -0.347012 4.433729
v 3.522378 -0.402252 4.433490
v 3.514843 -0.400224 4.437921
v 3.511291 -0.398502 4.433284
v 3.526008 -0.404006 4.438076
v 3.362204 -0.350081 4.433211
v 3.533559 -0.406037 4.433570
v 3.477764 -0.387311 4.433156
v 3.488887 -0.391007 4.433184
v 3.492513 -0.392733 4.437725
v 3.544868 -0.409881 4.433689
v 3.537250 -0.407825 4.438233
v 3.365808 -0.351621 4.437352
v 3.418485 -0.367573 4.429873
v 3.410583 -0.365573 4.434844
v 3.421864 -0.369156 4.434365
v 3.436443 -0.374345 4.438584
v 3.433011 -0.372729 4.434044
v 3.444160 -0.376333 4.433785
v 3.455446 -0.379979 4.433392
v 3.466499 -0.383611 4.433348
v 3.470152 -0.385323 4.437832
v 3.373493 -0.353497 4.432409
v 3.384631 -0.356955 4.431726
v 3.395903 -0.360459 4.431010
v 3.388257 -0.358560 4.435927
v 3.399467 -0.362067 4.435357
v 3.495940 -0.394421 4.442510
v 3.507267 -0.398208 4.442482
v 3.341014 -0.344938 4.437798
v 3.518458 -0.401979 4.442600
v 3.369137 -0.353145 4.441812
v 3.349681 -0.347842 4.447813
v 3.529542 -0.405755 4.442885
v 3.354455 -0.348406 4.438341
v 3.481278 -0.389006 4.437827
v 3.358037 -0.349818 4.442479
v 3.484826 -0.390702 4.442395
v 3.417533 -0.368804 4.443820
v 3.406465 -0.365270 4.444195
v 3.540836 -0.409597 4.443017
v 3.548295 -0.411626 4.438639
v 3.552018 -0.413438 4.443308
v 3.425255 -0.370758 4.438949
v 3.428866 -0.372407 4.443318
v 3.440095 -0.376036 4.443023
v 3.451302 -0.379669 4.442768
v 3.458846 -0.381628 4.438129
v 3.462493 -0.383323 4.442551
v 3.473580 -0.386990 4.442582
v 3.372758 -0.354729 4.445991
v 3.380502 -0.356639 4.440972
v 3.391605 -0.360113 4.440453
v 3.395164 -0.361711 4.444732
v 3.402816 -0.363629 4.439853
v 0.429305 -0.727273 4.480468
v 0.433017 -0.727186 4.471370
v 0.438231 -0.717813 4.471354
v 0.437756 -0.715982 4.474927
v 0.436897 -0.712271 4.482369
v 0.436513 -0.710457 4.486198
v 3.387474 -0.359797 4.449718
v 3.398708 -0.363322 4.449121
v 3.383864 -0.358187 4.445423
v 3.409811 -0.366835 4.448731
v 3.491919 -0.394134 4.451816
v 3.338998 -0.344469 4.448528
v 3.499434 -0.396130 4.447262
v 3.364959 -0.352813 4.451092
v 3.361394 -0.351185 4.446856
v 3.349953 -0.347948 4.448088
v 3.510844 -0.399943 4.447181
v 3.353570 -0.349365 4.451985
v 3.533165 -0.407530 4.447637
v 3.521904 -0.403703 4.447464
v 3.525600 -0.405488 4.452129
v 3.421172 -0.370462 4.448209
v 3.454683 -0.381303 4.447449
v 3.432264 -0.374027 4.447949
v 3.435896 -0.375702 4.452400
v 3.443456 -0.377650 4.447628
v 3.458354 -0.383011 4.451942
v 3.465953 -0.385004 4.447348
v 3.469537 -0.386702 4.451921
v 3.477205 -0.388715 4.447229
v 3.376159 -0.356282 4.450419
v 3.488365 -0.392418 4.447146
v 3.544289 -0.411348 4.447971
v 3.548010 -0.413160 4.452660
v 3.555498 -0.415206 4.448304
v 3.390816 -0.361351 4.454216
v 3.383140 -0.359436 4.459171
v 3.394473 -0.362988 4.458553
v 3.379656 -0.357864 4.454828
v 3.402079 -0.364903 4.453708
v 3.405703 -0.366537 4.458024
v 3.326075 -0.341718 4.461481
v 3.495464 -0.395853 4.456528
v 3.342305 -0.345937 4.452877
v 3.506697 -0.399629 4.456574
v 3.536693 -0.409309 4.452659
v 3.368318 -0.354351 4.455523
v 3.357209 -0.350942 4.456199
v 3.345924 -0.347491 4.457037
v 3.566329 -0.420614 4.462842
v 3.529113 -0.407238 4.456988
v 3.416880 -0.370102 4.457669
v 3.424554 -0.372060 4.452816
v 3.450656 -0.381004 4.456717
v 3.514260 -0.401657 4.452084
v 3.428175 -0.373720 4.457274
v 3.439307 -0.377326 4.457038
v 3.517980 -0.403441 4.456702
v 3.447016 -0.379328 4.452293
v 3.480638 -0.390379 4.451871
v 3.461640 -0.384607 4.456510
v 3.484331 -0.392128 4.456439
v 3.473020 -0.388367 4.456443
v 3.540399 -0.411091 4.457173
v 3.371935 -0.355952 4.459795
v 3.551530 -0.414935 4.457594
v 3.562705 -0.418797 4.457965
v 3.569965 -0.422441 4.467725
v 0.438473 -0.719899 4.467802
v 3.468896 -0.388066 4.465902
v 3.465369 -0.386368 4.461208
v 3.476653 -0.390106 4.461152
v 3.364192 -0.354035 4.464865
v 3.375304 -0.357494 4.464253
v 3.386669 -0.361031 4.463536
v 3.397888 -0.364571 4.463064
v 3.491440 -0.395573 4.465863
v 3.487738 -0.393810 4.461250
v 3.499107 -0.397605 4.461182
v 3.510334 -0.401393 4.461318
v 3.322298 -0.341730 4.472655
v 3.532766 -0.409027 4.461735
v 3.521405 -0.405168 4.461637
v 3.338101 -0.345599 4.462218
v 3.525137 -0.406967 4.466292
v 3.334526 -0.344042 4.458058
v 3.360502 -0.352432 4.460606
v 3.543849 -0.412849 4.462177
v 3.547589 -0.414672 4.466888
v 3.555202 -0.416750 4.462410
v 3.349247 -0.348991 4.461420
v 3.352881 -0.350571 4.465643
v 3.409208 -0.368157 4.462529
v 3.420399 -0.371740 4.462230
v 3.454074 -0.382658 4.461424
v 3.442963 -0.379023 4.461524
v 3.431639 -0.375354 4.461838
v 3.435165 -0.377014 4.466396
v 3.457693 -0.384362 4.465983
v 3.461260 -0.386064 4.470590
v 3.472445 -0.389778 4.470617
v 3.480055 -0.391778 4.465930
v 3.378861 -0.359091 4.468620
v 3.367600 -0.355564 4.469250
v 3.390082 -0.362618 4.468090
v 3.393665 -0.364238 4.472435
v 3.401448 -0.366194 4.467459
v 3.483785 -0.393543 4.470559
v 3.494858 -0.397268 4.470714
v 3.506243 -0.401093 4.470703
v 3.330307 -0.343632 4.467553
v 3.502530 -0.399315 4.466080
v 3.341439 -0.347102 4.466612
v 3.334168 -0.345238 4.470701
v 3.528395 -0.408632 4.471126
v 3.536225 -0.410779 4.466709
v 3.513756 -0.403113 4.466227
v 3.356284 -0.352097 4.470020
v 3.517486 -0.404910 4.470896
v 3.345058 -0.348669 4.470773
v 3.412591 -0.369755 4.467124
v 3.423887 -0.373375 4.466775
v 3.539951 -0.412591 4.471417
v 3.416229 -0.371419 4.471566
v 3.558683 -0.418526 4.467388
v 3.446330 -0.380659 4.466229
v 3.562420 -0.420372 4.472214
v 3.450018 -0.382381 4.470750
v 3.427528 -0.375054 4.471220
v 3.438677 -0.378679 4.471004
v 0.437228 -0.714263 4.478750
v 3.305781 -0.339206 4.497117
v 0.418339 -0.727114 4.507768
v 0.422025 -0.727143 4.498658
v 0.425683 -0.727292 4.489565
v 3.296796 -0.338497 4.516207
v 3.598474 -0.440510 4.537093
v 0.414546 -0.727152 4.516834
v 3.612965 -0.449847 4.572702
v 0.432062 -0.725614 4.475307
v 0.432645 -0.722849 4.477248
v 0.431924 -0.721288 4.480830
v 3.442293 -0.380368 4.475539
v 3.325561 -0.342996 4.473844
v 3.453418 -0.384030 4.475487
v 3.337227 -0.346781 4.475948
v 3.419701 -0.373050 4.476160
v 3.430871 -0.376661 4.475891
v 3.434606 -0.378380 4.480407
v 3.359770 -0.353657 4.474393
v 3.351988 -0.351762 4.479424
v 3.464674 -0.387740 4.475417
v 3.371001 -0.357139 4.473724
v 3.457078 -0.385745 4.480046
v 3.348323 -0.350167 4.475209
v 3.476073 -0.391503 4.475227
v 3.382287 -0.360668 4.473084
v 3.565852 -0.422152 4.477328
v 3.374606 -0.358760 4.478035
v 3.385918 -0.362294 4.477417
v 3.397119 -0.365840 4.476961
v 3.404841 -0.367792 4.472066
v 3.487205 -0.395224 4.475365
v 3.408465 -0.369441 4.476462
v 3.490853 -0.396989 4.480053
v 3.509805 -0.402848 4.475534
v 3.502074 -0.400780 4.480217
v 3.498495 -0.399030 4.475434
v 3.532311 -0.410524 4.476000
v 3.520976 -0.406667 4.475877
v 3.543483 -0.414375 4.476380
v 3.554735 -0.418267 4.476738
v 3.445682 -0.382016 4.480321
v 3.437969 -0.379996 4.485106
v 3.449369 -0.383732 4.484820
v 0.428809 -0.727030 4.481632
v 0.428672 -0.726606 4.482237
v 3.423089 -0.374647 4.480656
v 0.432392 -0.717353 4.485532
v 3.426759 -0.376355 4.485309
v 3.460525 -0.387418 4.484855
v 3.471853 -0.391178 4.484753
v 3.479475 -0.393192 4.480103
v 3.378113 -0.360347 4.482464
v 3.317999 -0.341991 4.482175
v 3.329245 -0.344946 4.480430
v 3.366813 -0.356820 4.483074
v 3.332867 -0.346462 4.485164
v 3.340558 -0.348278 4.480404
v 3.389274 -0.363871 4.482027
v 3.355388 -0.353306 4.483947
v 3.392918 -0.365511 4.486366
v 3.358973 -0.354877 4.488172
v 3.344183 -0.349837 4.484584
v 3.483192 -0.394953 4.484699
v 3.569539 -0.423992 4.482203
v 3.561914 -0.421892 4.486660
v 3.573282 -0.425854 4.487043
v 3.576801 -0.427670 4.492152
v 3.400720 -0.367483 4.481421
v 3.411925 -0.371069 4.481080
v 3.415497 -0.372717 4.485540
v 3.494342 -0.398719 4.484901
v 3.505722 -0.402554 4.484970
v 3.528176 -0.410216 4.485480
v 3.524570 -0.408426 4.480584
v 3.535764 -0.412277 4.480959
v 3.513264 -0.404580 4.480430
v 3.516989 -0.406385 4.485173
v 3.547041 -0.416181 4.481433
v 3.539510 -0.414111 4.485754
v 3.558346 -0.420082 4.481679
v 3.584088 -0.431376 4.502193
v 3.580552 -0.429543 4.497040
v 3.396311 -0.367105 4.491021
v 3.404074 -0.369076 4.486053
v 3.407727 -0.370743 4.490478
v 3.418979 -0.374359 4.490215
v 3.475413 -0.392899 4.489489
v 3.441639 -0.381718 4.489667
v 3.433875 -0.379701 4.494524
v 3.452828 -0.385414 4.489635
v 3.430309 -0.378029 4.489960
v 3.456378 -0.387114 4.494281
v 3.464198 -0.389164 4.489448
v 3.373808 -0.359994 4.491942
v 3.381482 -0.361918 4.487030
v 3.370167 -0.358377 4.487652
v 3.385120 -0.363554 4.491398
v 3.486640 -0.396664 4.489574
v 3.490296 -0.398430 4.494293
v 3.498000 -0.400482 4.489609
v 3.509158 -0.404278 4.489876
v 3.520548 -0.408146 4.490022
v 3.531771 -0.412008 4.490385
v 3.512893 -0.406086 4.494629
v 3.543074 -0.415926 4.490888
v 3.550645 -0.417976 4.486254
v 3.554373 -0.419816 4.491053
v 0.430555 -0.715596 4.493545
v 0.433295 -0.712350 4.491429
v 3.312905 -0.341019 4.491979
v 3.321381 -0.343254 4.486545
v 3.325000 -0.344574 4.490707
v 3.336341 -0.347946 4.489802
v 3.351086 -0.352945 4.493369
v 3.347578 -0.351382 4.489068
v 3.565636 -0.423748 4.491550
v 0.433649 -0.714334 4.487142
v 3.392396 -0.366872 4.500436
v 3.399882 -0.368755 4.495501
v 3.411142 -0.372362 4.495167
v 3.414805 -0.374053 4.499714
v 3.422450 -0.376000 4.494807
v 0.427430 -0.716149 4.499774
v 0.427393 -0.716131 4.500288
v 3.478929 -0.394615 4.494278
v 0.430066 -0.714088 4.496935
v 3.437359 -0.381372 4.499188
v 3.445028 -0.383374 4.494422
v 3.448702 -0.385107 4.499025
v 3.459924 -0.388813 4.498918
v 3.467599 -0.390837 4.494269
v 3.471343 -0.392605 4.498921
v 3.377170 -0.361570 4.496558
v 3.365968 -0.358053 4.497036
v 3.380699 -0.363183 4.501020
v 3.388559 -0.365152 4.495967
v 3.482578 -0.396374 4.498981
v 3.493789 -0.400160 4.499172
v 3.501496 -0.402224 4.494511
v 3.505165 -0.404007 4.499268
v 3.524019 -0.409902 4.494983
v 3.516410 -0.407836 4.499538
v 3.527783 -0.411740 4.499791
v 3.535303 -0.413800 4.495428
v 3.538970 -0.415601 4.500146
v 3.309225 -0.340716 4.501293
v 3.546655 -0.417708 4.495656
v 3.557883 -0.421615 4.496141
v 3.328650 -0.345917 4.495102
v 3.317104 -0.342625 4.495982
v 3.331939 -0.347515 4.499328
v 3.339667 -0.349456 4.494229
v 3.354551 -0.354513 4.497821
v 3.343322 -0.351052 4.498483
v 3.362383 -0.356449 4.492712
v 3.561493 -0.423436 4.501087
v 3.569169 -0.425558 4.496605
v 3.395588 -0.368407 4.505042
v 3.384349 -0.364830 4.505403
v 3.403356 -0.370384 4.500122
v 3.406970 -0.372042 4.504562
v 3.418254 -0.375684 4.504327
v 0.420895 -0.726157 4.503216
v 3.421712 -0.377335 4.509048
v 0.424202 -0.718679 4.504984
v 3.474883 -0.394316 4.503678
v 3.440892 -0.383057 4.503838
v 3.429640 -0.379378 4.504064
v 3.452106 -0.386770 4.503808
v 3.455818 -0.388519 4.508433
v 3.463582 -0.390559 4.503670
v 3.312552 -0.342206 4.505638
v 3.369331 -0.359612 4.501598
v 3.372967 -0.361240 4.505980
v 3.486073 -0.398100 4.503860
v 3.497490 -0.401943 4.503883
v 3.508715 -0.405771 4.504170
v 3.520059 -0.409624 4.504378
v 3.531374 -0.413535 4.504708
v 3.512373 -0.407563 4.508988
v 3.542595 -0.417417 4.505106
v 3.550214 -0.419507 4.500634
v 3.324076 -0.345679 4.504577
v 3.553967 -0.421367 4.505511
v 3.320458 -0.344123 4.500379
v 3.335307 -0.349072 4.503796
v 3.338914 -0.350681 4.508049
v 3.346669 -0.352578 4.502993
v 3.350269 -0.354159 4.507278
v 3.361586 -0.357690 4.506723
v 3.576483 -0.429263 4.506613
v 3.565273 -0.425319 4.506009
v 3.572690 -0.427384 4.501788
v 3.387741 -0.366422 4.510047
v 3.399112 -0.370041 4.509578
v 3.410411 -0.373676 4.509289
v 0.418768 -0.723707 4.512383
v 0.420833 -0.721416 4.509709
v 3.402653 -0.371689 4.514166
v 3.414002 -0.375356 4.513911
v 3.470717 -0.394018 4.513215
v 3.478318 -0.396034 4.508593
v 3.433148 -0.381058 4.508785
v 3.425267 -0.379019 4.513713
v 3.436695 -0.382737 4.513352
v 3.448076 -0.386489 4.513251
v 3.444350 -0.384735 4.508623
v 3.459251 -0.390202 4.513303
v 3.466992 -0.392245 4.508522
v 3.365167 -0.359297 4.511060
v 3.376386 -0.362830 4.510559
v 3.379993 -0.364465 4.514991
v 3.493241 -0.401620 4.513531
v 3.482024 -0.397816 4.513265
v 3.500928 -0.403679 4.508885
v 3.304791 -0.340050 4.510848
v 3.504670 -0.405484 4.513603
v 3.316216 -0.343761 4.509743
v 3.523550 -0.411404 4.509387
v 3.534852 -0.415302 4.509719
v 3.327408 -0.347182 4.509007
v 3.319607 -0.345307 4.514170
v 3.527307 -0.413253 4.514203
v 3.538625 -0.417153 4.514580
v 3.331056 -0.348764 4.513251
v 3.546227 -0.419239 4.510089
v 3.342460 -0.352280 4.512704
v 3.557468 -0.423165 4.510594
v 3.353579 -0.355704 4.511890
v 3.561237 -0.425036 4.515476
v 3.580136 -0.431119 4.511643
v 3.568763 -0.427120 4.511096
v 3.489692 -0.399863 4.508624
v 3.594800 -0.438620 4.531946
v 3.587439 -0.434852 4.521761
v 3.406269 -0.373382 4.518872
v 3.591115 -0.436734 4.526849
v 3.394895 -0.369714 4.519083
v 3.417507 -0.377019 4.518581
v 0.417428 -0.724031 4.514358
v 3.474217 -0.395727 4.518039
v 3.428947 -0.380729 4.518218
v 3.440213 -0.384430 4.518118
v 3.451462 -0.388150 4.518068
v 3.462888 -0.391944 4.518003
v 3.368496 -0.360854 4.515639
v 3.372145 -0.362496 4.520053
v 3.383392 -0.366056 4.519627
v 3.496914 -0.403401 4.518299
v 3.485522 -0.399556 4.518209
v 3.508169 -0.407250 4.518629
v 3.308122 -0.341708 4.515275
v 3.515848 -0.409322 4.513988
v 3.311752 -0.343424 4.519419
v 3.519569 -0.411143 4.518791
v 3.530698 -0.415002 4.519241
v 3.542124 -0.418935 4.519650
v 3.323152 -0.346848 4.518482
v 3.549766 -0.421042 4.515110
v 3.334403 -0.350290 4.517762
v 3.338024 -0.351876 4.522026
v 3.345927 -0.353814 4.516838
v 3.357219 -0.357321 4.516231
v 3.360736 -0.358920 4.520713
v 3.553574 -0.422927 4.520020
v 3.576124 -0.430850 4.521146
v 3.572475 -0.428994 4.516115
v 3.583721 -0.432973 4.516808
v 3.391231 -0.368049 4.514645
v 3.409734 -0.375017 4.523450
v 3.401963 -0.373016 4.528289
v 3.398280 -0.371332 4.523827
v 3.300222 -0.339994 4.520578
v 3.303807 -0.341522 4.524781
v 3.315110 -0.344938 4.523848
v 3.341455 -0.353434 4.526511
v 3.318653 -0.346474 4.528170
v 3.326492 -0.348367 4.522999
v 3.330137 -0.349950 4.527233
v 3.349274 -0.355364 4.521427
v 3.352920 -0.356979 4.525736
v 3.364317 -0.360537 4.525107
v 3.545818 -0.420782 4.524594
v 3.557036 -0.424716 4.525120
v 3.564739 -0.426854 4.520653
v 3.568518 -0.428736 4.525555
v 3.579645 -0.432685 4.526353
v 3.387019 -0.367710 4.524118
v 3.379182 -0.365735 4.529140
v 3.413261 -0.376679 4.528068
v 3.421061 -0.378695 4.523192
v 3.470105 -0.395440 4.527570
v 3.466382 -0.393657 4.522840
v 3.477869 -0.397496 4.522834
v 3.432347 -0.382384 4.523015
v 3.424605 -0.380374 4.527841
v 3.436051 -0.384119 4.527637
v 3.447074 -0.387784 4.527758
v 3.443757 -0.386139 4.522891
v 3.458643 -0.391612 4.527630
v 3.375573 -0.364094 4.524670
v 3.492841 -0.403117 4.527822
v 3.489097 -0.401297 4.522953
v 3.500419 -0.405154 4.523258
v 3.504111 -0.406954 4.528072
v 3.511852 -0.409052 4.523423
v 3.523082 -0.412914 4.523839
v 3.534453 -0.416844 4.524178
v 3.526745 -0.414722 4.528758
v 3.623878 -0.457393 4.603576
v 3.462298 -0.393365 4.532303
v 3.473541 -0.397146 4.532480
v 3.481302 -0.399226 4.527760
v 3.428234 -0.382087 4.532506
v 3.439533 -0.385806 4.532424
v 3.299338 -0.341140 4.534460
v 3.450958 -0.389585 4.532321
v 3.367676 -0.362114 4.529775
v 3.307163 -0.343002 4.529182
v 3.371354 -0.363761 4.534155
v 3.310797 -0.344552 4.533427
v 3.507480 -0.408784 4.534043
v 3.485022 -0.401034 4.532524
v 3.496356 -0.404859 4.532731
v 3.337044 -0.353050 4.536036
v 3.333566 -0.351502 4.531748
v 3.515345 -0.410815 4.528442
v 3.322145 -0.348016 4.532558
v 3.519116 -0.412655 4.533308
v 3.530452 -0.416574 4.533681
v 3.345021 -0.355026 4.530925
v 3.541891 -0.420531 4.533932
v 3.356309 -0.358547 4.530372
v 3.549451 -0.422626 4.529643
v 3.359875 -0.360158 4.534773
v 3.553064 -0.424459 4.534645
v 3.560781 -0.426598 4.530138
v 3.583355 -0.434576 4.531440
v 3.572045 -0.430568 4.530745
v 3.564424 -0.428446 4.535169
v 3.575830 -0.432462 4.535704
v 3.382560 -0.367316 4.533652
v 3.390456 -0.369335 4.528790
v 3.394101 -0.371011 4.533302
v 3.405481 -0.374673 4.532965
v 3.416828 -0.378362 4.532718
v 3.465759 -0.395083 4.537245
v 3.314139 -0.346067 4.537885
v 3.469482 -0.396867 4.542000
v 3.302863 -0.342670 4.538754
v 3.477244 -0.398919 4.537099
v 3.420423 -0.380053 4.537364
v 3.340584 -0.354647 4.540519
v 3.431652 -0.383747 4.537323
v 3.329234 -0.351151 4.541338
v 3.435400 -0.385498 4.541986
v 3.317791 -0.347661 4.542185
v 3.443143 -0.387524 4.537117
v 3.325556 -0.349548 4.536993
v 3.454412 -0.391284 4.537202
v 3.348419 -0.356592 4.535485
v 3.458107 -0.393046 4.541926
v 3.352041 -0.358213 4.539893
v 3.363401 -0.361769 4.539320
v 3.374871 -0.365388 4.538730
v 3.545434 -0.422356 4.539124
v 3.556711 -0.426314 4.539725
v 3.590777 -0.438358 4.541575
v 3.587067 -0.436469 4.536526
v 3.568071 -0.430308 4.540262
v 3.579344 -0.434297 4.540895
v 3.386238 -0.369010 4.538309
v 3.397541 -0.372641 4.538010
v 3.401127 -0.374312 4.542572
v 3.409041 -0.376347 4.537597
v 3.503533 -0.408415 4.542504
v 3.499937 -0.406641 4.537698
v 3.488524 -0.402777 4.537557
v 3.480794 -0.400693 4.542170
v 3.492177 -0.404545 4.542376
v 3.511337 -0.410544 4.537940
v 3.522629 -0.414433 4.538396
v 3.526272 -0.416259 4.543323
v 3.533917 -0.418360 4.538753
v 3.609171 -0.448132 4.567295
v 3.461630 -0.394779 4.546824
v 3.301758 -0.343764 4.552890
v 3.309810 -0.345711 4.547462
v 3.472952 -0.398586 4.546936
v 3.306210 -0.344162 4.543211
v 3.423836 -0.381718 4.542237
v 3.427537 -0.383446 4.546821
v 3.332646 -0.352686 4.545832
v 3.438843 -0.387173 4.546867
v 3.344157 -0.356251 4.545013
v 3.446629 -0.389234 4.542023
v 3.321283 -0.349211 4.546575
v 3.450287 -0.390975 4.546703
v 3.355413 -0.359774 4.544488
v 3.378254 -0.366994 4.543466
v 3.366994 -0.363406 4.543802
v 3.359073 -0.361429 4.549003
v 3.507174 -0.410244 4.547581
v 3.484448 -0.402474 4.547030
v 3.541273 -0.422055 4.548796
v 3.548924 -0.424163 4.544278
v 3.495805 -0.406339 4.547227
v 3.560372 -0.428171 4.544778
v 3.514844 -0.412324 4.542981
v 3.552700 -0.426045 4.549227
v 3.518581 -0.414168 4.547877
v 3.583142 -0.436214 4.545920
v 3.537624 -0.420213 4.543746
v 3.571807 -0.432197 4.545307
v 3.381933 -0.368665 4.547919
v 3.389687 -0.370644 4.543017
v 3.393317 -0.372320 4.547570
v 3.416152 -0.379715 4.547001
v 3.404668 -0.375987 4.547285
v 3.412450 -0.377997 4.542424
v 3.598100 -0.442147 4.551933
v 3.594325 -0.440217 4.546811
v 3.601902 -0.444082 4.556992
v 3.457340 -0.394436 4.556507
v 3.453833 -0.392709 4.551593
v 3.465164 -0.396514 4.551694
v 3.476635 -0.400370 4.551760
v 3.468862 -0.398301 4.556499
v 3.313177 -0.347243 4.551958
v 3.434568 -0.386845 4.556540
v 3.305328 -0.345332 4.557218
v 3.423264 -0.383111 4.556491
v 3.430956 -0.385119 4.551761
v 3.336114 -0.354269 4.550335
v 3.328295 -0.352347 4.555452
v 3.442442 -0.388908 4.551597
v 3.339721 -0.355884 4.554714
v 3.316858 -0.348849 4.556288
v 3.374053 -0.366667 4.552969
v 3.324649 -0.350745 4.551112
v 3.370370 -0.365002 4.548525
v 3.499425 -0.408140 4.552156
v 3.351191 -0.359454 4.554039
v 3.510740 -0.412040 4.552618
v 3.347521 -0.357819 4.549668
v 3.487937 -0.404223 4.552026
v 3.491660 -0.406036 4.556876
v 3.362551 -0.363033 4.553554
v 3.522036 -0.415935 4.552950
v 3.529843 -0.418075 4.548381
v 3.533588 -0.419933 4.553280
v 3.590415 -0.439984 4.556354
v 3.605488 -0.445976 4.562335
v 3.544921 -0.423895 4.553806
v 3.563974 -0.430010 4.549819
v 3.556258 -0.427884 4.554449
v 3.586735 -0.438094 4.551225
v 3.579145 -0.435965 4.555580
v 3.567698 -0.431906 4.554961
v 3.575325 -0.434038 4.550519
v 3.385442 -0.370308 4.552582
v 3.396739 -0.373954 4.552322
v 3.419559 -0.381376 4.551850
v 3.400450 -0.375666 4.556922
v 3.408225 -0.377666 4.551984
v 3.461067 -0.396221 4.561237
v 3.480198 -0.402138 4.556734
v 3.472353 -0.400039 4.561471
v 3.308819 -0.346887 4.561612
v 3.438207 -0.388584 4.561221
v 3.331811 -0.353932 4.559933
v 3.343176 -0.357468 4.559266
v 3.426701 -0.384769 4.561286
v 3.445968 -0.390638 4.556476
v 3.320187 -0.350364 4.560808
v 3.449627 -0.392388 4.561181
v 3.354550 -0.361028 4.558716
v 3.369614 -0.366293 4.562725
v 3.346588 -0.359046 4.563861
v 3.366075 -0.364660 4.558145
v 3.358253 -0.362697 4.563205
v 3.540787 -0.423592 4.563444
v 3.537122 -0.421750 4.558464
v 3.548563 -0.425754 4.558960
v 3.502915 -0.409912 4.557287
v 3.495238 -0.407821 4.561830
v 3.506700 -0.411749 4.562106
v 3.483899 -0.403941 4.561581
v 3.559954 -0.429741 4.559408
v 3.518013 -0.415666 4.562537
v 3.514323 -0.413843 4.557662
v 3.525860 -0.417815 4.557892
v 3.582753 -0.437835 4.560757
v 3.571357 -0.433785 4.560103
v 3.377436 -0.368279 4.557741
v 3.381127 -0.369960 4.562231
v 3.392529 -0.373632 4.561913
v 3.594188 -0.441909 4.561435
v 3.388895 -0.371949 4.557320
v 3.415412 -0.381074 4.561380
v 3.411775 -0.379359 4.556733
v 3.403859 -0.377304 4.561745
v 3.456772 -0.395879 4.570986
v 3.453137 -0.394120 4.566162
v 3.464524 -0.397950 4.566269
v 3.476087 -0.401845 4.566284
v 3.441752 -0.390311 4.566062
v 3.430329 -0.386506 4.566095
v 3.422529 -0.384456 4.570985
v 3.498841 -0.409611 4.566865
v 3.510322 -0.413564 4.567118
v 3.487335 -0.405697 4.566616
v 3.491097 -0.407545 4.571480
v 3.312274 -0.348444 4.566121
v 3.521646 -0.417497 4.567592
v 3.529345 -0.419609 4.563030
v 3.323842 -0.351977 4.565192
v 3.533142 -0.421492 4.568009
v 3.335180 -0.355488 4.564540
v 3.338847 -0.357119 4.568963
v 3.315856 -0.350020 4.570437
v 3.350365 -0.360712 4.568341
v 3.361610 -0.364274 4.567875
v 3.597797 -0.443806 4.566754
v 3.586423 -0.439720 4.565853
v 3.544435 -0.425440 4.568489
v 3.555868 -0.429471 4.569123
v 3.563555 -0.431615 4.564683
v 3.575080 -0.435684 4.565208
v 3.567369 -0.433530 4.569682
v 3.373218 -0.367955 4.567315
v 3.384611 -0.371610 4.566986
v 3.396012 -0.375284 4.566648
v 3.418831 -0.382732 4.566301
v 3.407528 -0.379020 4.566334
v 3.552266 -0.427630 4.564072
v 3.391784 -0.374970 4.576324
v 3.403176 -0.378666 4.576073
v 3.365314 -0.365954 4.572385
v 3.410980 -0.380698 4.571217
v 3.448903 -0.393807 4.575944
v 3.307824 -0.348068 4.575830
v 3.468204 -0.399735 4.571104
v 3.471788 -0.401504 4.576021
v 3.327243 -0.353532 4.569764
v 3.479538 -0.403592 4.571370
v 3.319296 -0.351582 4.575040
v 3.426142 -0.386202 4.575772
v 3.330888 -0.355149 4.574177
v 3.342290 -0.358701 4.573565
v 3.437492 -0.389978 4.575721
v 3.345903 -0.360326 4.578102
v 3.445305 -0.392042 4.570920
v 3.353820 -0.362289 4.572948
v 3.502397 -0.411406 4.571894
v 3.536713 -0.423320 4.573134
v 3.506162 -0.413261 4.576828
v 3.528882 -0.421156 4.577752
v 3.483308 -0.405414 4.576175
v 3.540383 -0.425155 4.578003
v 3.513802 -0.415353 4.572294
v 3.548126 -0.427323 4.573664
v 3.517592 -0.417216 4.577189
v 3.525289 -0.419345 4.572772
v 3.559630 -0.431369 4.574190
v 3.578659 -0.437552 4.570458
v 3.570977 -0.435392 4.574845
v 3.582448 -0.439478 4.575565
v 3.590067 -0.441627 4.571211
v 3.376624 -0.369575 4.572070
v 3.380308 -0.371264 4.576631
v 3.388060 -0.373246 4.571698
v 3.414667 -0.382425 4.575875
v 3.593877 -0.443564 4.576288
v 3.601614 -0.445749 4.571849
v 3.395171 -0.376603 4.581131
v 3.368694 -0.367565 4.577163
v 3.360919 -0.365600 4.582115
v 3.406794 -0.380378 4.580794
v 3.452499 -0.395553 4.580777
v 3.456197 -0.397330 4.585532
v 3.311430 -0.349655 4.580193
v 3.464041 -0.399432 4.580775
v 3.475483 -0.403308 4.580924
v 3.322926 -0.353189 4.579431
v 3.429667 -0.387921 4.580589
v 3.441081 -0.391724 4.580630
v 3.334288 -0.356722 4.578824
v 3.421815 -0.385858 4.585492
v 3.337935 -0.358350 4.583236
v 3.494621 -0.409319 4.576617
v 3.486847 -0.407196 4.581234
v 3.498329 -0.411122 4.581465
v 3.509649 -0.415043 4.581947
v 3.357228 -0.363912 4.577648
v 3.521173 -0.419040 4.582360
v 3.532660 -0.423045 4.582778
v 3.609031 -0.449611 4.582347
v 3.612671 -0.451533 4.587688
v 3.551832 -0.429202 4.578758
v 3.616382 -0.453477 4.592986
v 3.555461 -0.431065 4.583934
v 3.563154 -0.433218 4.579497
v 3.586054 -0.441362 4.580826
v 3.574725 -0.437311 4.580029
v 3.597466 -0.445460 4.581667
v 3.566984 -0.435141 4.584527
v 3.605170 -0.447643 4.577237
v 3.372385 -0.369249 4.581683
v 3.383794 -0.372912 4.581390
v 3.418110 -0.384107 4.580760
v 3.620115 -0.455435 4.598336
v 3.635205 -0.465156 4.634777
v 3.364455 -0.367229 4.586759
v 3.448270 -0.395223 4.590400
v 3.444803 -0.393511 4.585495
v 3.467583 -0.401192 4.585764
v 3.471186 -0.402970 4.590708
v 3.478948 -0.405063 4.586026
v 3.433129 -0.389624 4.585536
v 3.425330 -0.387568 4.590364
v 3.436883 -0.391405 4.590321
v 3.310424 -0.350842 4.594501
v 3.490515 -0.409009 4.586201
v 3.501874 -0.412934 4.586660
v 3.505599 -0.414771 4.591551
v 3.482719 -0.406895 4.590892
v 3.314783 -0.351197 4.584831
v 3.513447 -0.416910 4.586891
v 3.318459 -0.352810 4.589178
v 3.524806 -0.420877 4.587429
v 3.326294 -0.354743 4.584044
v 3.341321 -0.359936 4.587965
v 3.329985 -0.356379 4.588466
v 3.345013 -0.361590 4.592413
v 3.352959 -0.363584 4.587250
v 3.604879 -0.449320 4.592202
v 3.536192 -0.424869 4.587976
v 3.547628 -0.428904 4.588659
v 3.544016 -0.427041 4.583401
v 3.559149 -0.432951 4.589108
v 3.590023 -0.443398 4.586285
v 3.570473 -0.436989 4.589926
v 3.601285 -0.447446 4.587081
v 3.578280 -0.439184 4.585381
v 3.582109 -0.441119 4.590446
v 3.375804 -0.370882 4.586496
v 3.379488 -0.372575 4.591082
v 3.387411 -0.374597 4.586046
v 3.398808 -0.378313 4.585852
v 3.410211 -0.382051 4.585730
v 3.402343 -0.380006 4.590683
v 3.413939 -0.383795 4.590384
v 3.360046 -0.366868 4.596550
v 3.367865 -0.368858 4.591586
v 3.321841 -0.354379 4.593864
v 3.325455 -0.355995 4.598287
v 3.337032 -0.359598 4.597614
v 3.333353 -0.357952 4.593167
v 3.356374 -0.365199 4.592037
v 3.528417 -0.422724 4.592598
v 3.440390 -0.393134 4.595281
v 3.532172 -0.424603 4.597595
v 3.551449 -0.430806 4.593594
v 3.451901 -0.396996 4.595310
v 3.543604 -0.428618 4.598156
v 3.539920 -0.426751 4.593069
v 3.463411 -0.400881 4.595431
v 3.562836 -0.434843 4.594341
v 3.459653 -0.399065 4.590569
v 3.474801 -0.404758 4.595697
v 3.574300 -0.438922 4.595020
v 3.585710 -0.443029 4.595943
v 3.428986 -0.389321 4.595191
v 3.382978 -0.374240 4.595896
v 3.371553 -0.370547 4.596135
v 3.390835 -0.376255 4.590894
v 3.486287 -0.408688 4.595964
v 3.394561 -0.377992 4.595564
v 3.494056 -0.410801 4.591305
v 3.497779 -0.412640 4.596264
v 3.516928 -0.418715 4.592115
v 3.520742 -0.420604 4.597080
v 3.608731 -0.451292 4.597343
v 3.406009 -0.381732 4.595345
v 3.597319 -0.447177 4.596543
v 3.417441 -0.385502 4.595301
v 3.421101 -0.387246 4.600093
v 3.363611 -0.368531 4.601241
v 3.352063 -0.364854 4.601700
v 3.409458 -0.383415 4.600277
v 3.413216 -0.385181 4.605022
v 3.397933 -0.379634 4.600426
v 3.313835 -0.352404 4.599133
v 3.444021 -0.394910 4.600265
v 3.455467 -0.398758 4.600323
v 3.317508 -0.354026 4.603541
v 3.466985 -0.402644 4.600339
v 3.459087 -0.400533 4.605258
v 3.340445 -0.361206 4.602466
v 3.470597 -0.404437 4.605367
v 3.329014 -0.357602 4.602827
v 3.478398 -0.406553 4.600724
v 3.348429 -0.363198 4.597187
v 3.432445 -0.391031 4.600163
v 3.436174 -0.392815 4.604983
v 3.490000 -0.410519 4.600957
v 3.504997 -0.416283 4.606484
v 3.501299 -0.414430 4.601413
v 3.512866 -0.418442 4.601789
v 3.524231 -0.422413 4.602319
v 3.600931 -0.449075 4.601827
v 3.612326 -0.453209 4.602802
v 3.535744 -0.426452 4.602882
v 3.589534 -0.444970 4.600982
v 3.547266 -0.430499 4.603392
v 3.554981 -0.432660 4.598923
v 3.558802 -0.434583 4.603978
v 3.566560 -0.436739 4.599475
v 3.577983 -0.440833 4.600262
v 3.581763 -0.442771 4.605428
v 3.378588 -0.373874 4.605636
v 3.375039 -0.372203 4.600940
v 3.386540 -0.375922 4.600626
v 3.401564 -0.381351 4.605250
v 3.424540 -0.388945 4.605054
v 3.359123 -0.368145 4.611115
v 3.355521 -0.366484 4.606499
v 3.416615 -0.386850 4.609958
v 3.367007 -0.370155 4.606089
v 3.405283 -0.383108 4.609985
v 3.393749 -0.379328 4.610139
v 3.439777 -0.394577 4.609996
v 3.320899 -0.355598 4.608236
v 3.451280 -0.398447 4.610085
v 3.462773 -0.402338 4.610184
v 3.474195 -0.406238 4.610476
v 3.482012 -0.408342 4.605650
v 3.428284 -0.390728 4.609862
v 3.485701 -0.410181 4.610732
v 3.493454 -0.412295 4.606109
v 3.497239 -0.414162 4.611077
v 3.324561 -0.357230 4.612684
v 3.516507 -0.420286 4.606922
v 3.520091 -0.422117 4.612080
v 3.604604 -0.451015 4.607232
v 3.332533 -0.359208 4.607482
v 3.596947 -0.448818 4.611443
v 3.344105 -0.362851 4.606884
v 3.608411 -0.452979 4.612426
v 3.616191 -0.455197 4.607994
v 3.527892 -0.424272 4.607457
v 3.531739 -0.426192 4.612537
v 3.593166 -0.446880 4.606328
v 3.562368 -0.436454 4.609351
v 3.539473 -0.428336 4.607997
v 3.551018 -0.432399 4.608531
v 3.570166 -0.438638 4.604794
v 3.573960 -0.440586 4.609969
v 3.382164 -0.375562 4.610368
v 3.370737 -0.371859 4.610670
v 3.390093 -0.377610 4.605395
v 3.631083 -0.463065 4.629550
v 3.374207 -0.373506 4.615508
v 3.589188 -0.446629 4.615998
v 3.385779 -0.377266 4.615173
v 3.351203 -0.366138 4.616219
v 3.362757 -0.369822 4.615761
v 3.600602 -0.450760 4.616936
v 3.397197 -0.381008 4.615066
v 3.400909 -0.382751 4.619794
v 3.316549 -0.355267 4.617984
v 3.408708 -0.384790 4.614921
v 3.420354 -0.388640 4.614770
v 3.412438 -0.386557 4.619706
v 3.435481 -0.394239 4.619725
v 3.335970 -0.360816 4.612205
v 3.328044 -0.358833 4.617361
v 3.339665 -0.362483 4.616704
v 3.347519 -0.364459 4.611629
v 3.523896 -0.424021 4.617161
v 3.535237 -0.428014 4.617802
v 3.566115 -0.438378 4.614514
v 3.558300 -0.436197 4.619074
v 3.543123 -0.430198 4.613115
v 3.431798 -0.392460 4.614843
v 3.546824 -0.432101 4.618364
v 3.554558 -0.434271 4.613877
v 3.443354 -0.396320 4.614868
v 3.577485 -0.442460 4.615317
v 3.454829 -0.400203 4.615031
v 3.585319 -0.444661 4.610850
v 3.477904 -0.408067 4.615440
v 3.466258 -0.404098 4.615292
v 3.470024 -0.405933 4.620216
v 3.489328 -0.412007 4.615867
v 3.500779 -0.415975 4.616299
v 3.508631 -0.418125 4.611632
v 3.512367 -0.419987 4.616620
v 3.619796 -0.457134 4.613499
v 3.612067 -0.454924 4.617906
v 3.627362 -0.461096 4.624152
v 3.623675 -0.459135 4.618717
v 3.354653 -0.367772 4.621038
v 3.377714 -0.375187 4.620328
v 3.592822 -0.448558 4.621471
v 3.369884 -0.373175 4.625259
v 3.381415 -0.376914 4.624991
v 3.366157 -0.371461 4.620655
v 3.389272 -0.378952 4.620068
v 3.392933 -0.380677 4.624817
v 3.415962 -0.388271 4.624588
v 3.423822 -0.390346 4.619766
v 3.446884 -0.398084 4.619927
v 3.450608 -0.399892 4.624800
v 3.481389 -0.409848 4.620648
v 3.473584 -0.407725 4.625311
v 3.458440 -0.401993 4.620034
v 3.462068 -0.403794 4.625078
v 3.346639 -0.365738 4.626162
v 3.358288 -0.369449 4.625636
v 3.427617 -0.392144 4.624609
v 3.485182 -0.411702 4.625572
v 3.493034 -0.413863 4.621004
v 3.496605 -0.415657 4.625978
v 3.320017 -0.356853 4.622626
v 3.504560 -0.417842 4.621286
v 3.515949 -0.421830 4.621902
v 3.331638 -0.360470 4.621936
v 3.343141 -0.364109 4.621466
v 3.596544 -0.450498 4.626755
v 3.604334 -0.452705 4.622205
v 3.615920 -0.456908 4.623127
v 3.519659 -0.423700 4.627004
v 3.527426 -0.425851 4.622417
v 3.562060 -0.438108 4.624258
v 3.539078 -0.429942 4.622917
v 3.550503 -0.434004 4.623637
v 3.573502 -0.442204 4.625094
v 3.569821 -0.440295 4.619787
v 3.581333 -0.444419 4.620579
v 3.373447 -0.374864 4.630085
v 3.384928 -0.378604 4.629894
v 3.350302 -0.367424 4.630819
v 3.361777 -0.371109 4.630522
v 3.396477 -0.382384 4.629703
v 3.404449 -0.384466 4.624737
v 3.408084 -0.386208 4.629556
v 3.419561 -0.390024 4.629603
v 3.327278 -0.360130 4.631765
v 3.438951 -0.395968 4.624763
v 3.431091 -0.393859 4.629654
v 3.323568 -0.358467 4.627232
v 3.442713 -0.397779 4.629651
v 3.454100 -0.401648 4.629904
v 3.335068 -0.362081 4.626709
v 3.338737 -0.363746 4.631271
v 3.477302 -0.409564 4.630329
v 3.511883 -0.421550 4.631582
v 3.465737 -0.405607 4.630069
v 3.534853 -0.429631 4.632792
v 3.531177 -0.427746 4.627576
v 3.554291 -0.435926 4.628819
v 3.565691 -0.439999 4.629649
v 3.542618 -0.431793 4.628228
v 3.546456 -0.433731 4.633388
v 3.577216 -0.444117 4.630281
v 3.584984 -0.446326 4.625905
v 3.588833 -0.448307 4.631164
v 3.488757 -0.413517 4.630779
v 3.500284 -0.417514 4.631170
v 3.508062 -0.419658 4.626574
v 3.608122 -0.454694 4.627687
v 3.619525 -0.458849 4.628658
v 3.611835 -0.456638 4.633008
v 3.623422 -0.460861 4.633911
v 3.365394 -0.372797 4.635224
v 3.345866 -0.367054 4.640686
v 3.376876 -0.376523 4.634980
v 3.342243 -0.365386 4.636039
v 3.353798 -0.369070 4.635603
v 3.380603 -0.378262 4.639720
v 3.388472 -0.380305 4.634785
v 3.411558 -0.387917 4.634547
v 3.392136 -0.382037 4.639519
v 3.400148 -0.384125 4.634501
v 3.322532 -0.359690 4.641858
v 3.415282 -0.389693 4.639386
v 3.423121 -0.391791 4.634834
v 3.426775 -0.393532 4.639457
v 3.434791 -0.395663 4.634488
v 3.449886 -0.401330 4.639735
v 3.446192 -0.399518 4.634751
v 3.469282 -0.407394 4.635201
v 3.480795 -0.411353 4.635567
v 3.457874 -0.403484 4.634828
v 3.492479 -0.415368 4.635818
v 3.484596 -0.413215 4.640522
v 3.503934 -0.419364 4.636320
v 3.330702 -0.361728 4.636528
v 3.592438 -0.450221 4.636594
v 3.603890 -0.454358 4.637415
v 3.515477 -0.423396 4.636829
v 3.523256 -0.425551 4.632256
v 3.615595 -0.458612 4.638382
v 3.527085 -0.427470 4.637336
v 3.626909 -0.462796 4.639721
v 3.557827 -0.437793 4.634185
v 3.550080 -0.435613 4.638680
v 3.561699 -0.439758 4.639393
v 3.538544 -0.431526 4.638041
v 3.573032 -0.443789 4.639925
v 3.569452 -0.441939 4.634904
v 3.581046 -0.446099 4.635653
v 3.384113 -0.379952 4.644624
v 3.357311 -0.370736 4.640399
v 3.407341 -0.387599 4.644323
v 3.368953 -0.374483 4.640010
v 3.361038 -0.372458 4.645066
v 3.395651 -0.383749 4.644531
v 3.403580 -0.385822 4.639540
v 3.326166 -0.361338 4.646485
v 3.418841 -0.391447 4.644483
v 3.430363 -0.395305 4.644497
v 3.334144 -0.363346 4.641292
v 3.337821 -0.365021 4.645893
v 3.511318 -0.423097 4.646629
v 3.507571 -0.421219 4.641571
v 3.519157 -0.425275 4.642063
v 3.530620 -0.429322 4.642716
v 3.588505 -0.449990 4.646354
v 3.553836 -0.437542 4.643939
v 3.565306 -0.441662 4.644830
v 3.542231 -0.433420 4.643280
v 3.576792 -0.445776 4.645580
v 3.438256 -0.397408 4.639631
v 3.584618 -0.447999 4.641084
v 3.453526 -0.403133 4.644792
v 3.442021 -0.399224 4.644510
v 3.372539 -0.376180 4.644822
v 3.472960 -0.409219 4.640267
v 3.465150 -0.407095 4.644958
v 3.476628 -0.411047 4.645357
v 3.461352 -0.405252 4.640038
v 3.495991 -0.417192 4.641091
v 3.488176 -0.415041 4.645765
v 3.499698 -0.419066 4.646218
v 3.596300 -0.452208 4.641869
v 3.607793 -0.456385 4.642879
v 3.619098 -0.460544 4.644118
v 3.630847 -0.464819 4.644879
v 3.349289 -0.368692 4.645577
v 3.379709 -0.379592 4.654553
v 3.341283 -0.366655 4.650764
v 3.352991 -0.370393 4.650200
v 3.410868 -0.389330 4.649330
v 3.364599 -0.374140 4.649871
v 3.402805 -0.387204 4.654342
v 3.399287 -0.385489 4.649382
v 3.329800 -0.363001 4.651134
v 3.503438 -0.420931 4.651324
v 3.514890 -0.424948 4.651968
v 3.522846 -0.427156 4.647285
v 3.526515 -0.429038 4.652527
v 3.534324 -0.431210 4.647920
v 3.592155 -0.451924 4.651790
v 3.546014 -0.435349 4.648509
v 3.414652 -0.391129 4.654139
v 3.557442 -0.439436 4.649327
v 3.561261 -0.441389 4.654571
v 3.422394 -0.393181 4.649353
v 3.538145 -0.433148 4.653117
v 3.434050 -0.397095 4.649406
v 3.569116 -0.443605 4.649994
v 3.449149 -0.402790 4.654816
v 3.580694 -0.447775 4.650860
v 3.445516 -0.400982 4.649680
v 3.387766 -0.381687 4.649437
v 3.468708 -0.408888 4.650157
v 3.376119 -0.377885 4.649703
v 3.480268 -0.412881 4.650506
v 3.457164 -0.404936 4.649830
v 3.491890 -0.416903 4.650854
v 3.599917 -0.454141 4.647365
v 3.603792 -0.456142 4.652668
v 3.611255 -0.458269 4.648355
v 3.615325 -0.460348 4.653637
v 3.623189 -0.462609 4.649228
v 3.336845 -0.366295 4.660629
v 3.368036 -0.375801 4.654835
v 3.344924 -0.368329 4.655406
v 3.371760 -0.377529 4.659546
v 3.356447 -0.372047 4.655143
v 3.360081 -0.373751 4.659898
v 3.406577 -0.389002 4.659214
v 3.325215 -0.362589 4.661205
v 3.394959 -0.385150 4.659256
v 3.418087 -0.392849 4.659276
v 3.333189 -0.364613 4.655957
v 3.425994 -0.394940 4.654288
v 3.507033 -0.422772 4.656644
v 3.429677 -0.396745 4.659348
v 3.437594 -0.398865 4.654530
v 3.441305 -0.400671 4.659477
v 3.518728 -0.426875 4.657108
v 3.530202 -0.430931 4.657790
v 3.464439 -0.408574 4.660058
v 3.460792 -0.406749 4.654953
v 3.472293 -0.410707 4.655318
v 3.588085 -0.451668 4.661718
v 3.476080 -0.412578 4.660326
v 3.584256 -0.449675 4.656315
v 3.549572 -0.437224 4.653905
v 3.541723 -0.435022 4.658486
v 3.483986 -0.414738 4.655597
v 3.553432 -0.439184 4.659129
v 3.495447 -0.418734 4.656145
v 3.499228 -0.420619 4.661226
v 3.607428 -0.458082 4.658122
v 3.572708 -0.445517 4.655498
v 3.564939 -0.443312 4.659960
v 3.576573 -0.447491 4.660717
v 3.595893 -0.453889 4.657193
v 3.619061 -0.462345 4.659174
v 3.383270 -0.381302 4.659422
v 3.626763 -0.464550 4.654773
v 3.630733 -0.466614 4.660169
v 3.391235 -0.383387 4.654446
v 3.340472 -0.367971 4.665330
v 3.363671 -0.375447 4.664733
v 3.375351 -0.379248 4.664444
v 3.348410 -0.369995 4.660289
v 3.352089 -0.371706 4.665000
v 3.398503 -0.386877 4.664240
v 3.410022 -0.390712 4.664268
v 3.421781 -0.394639 4.664217
v 3.433299 -0.398530 4.664394
v 3.328707 -0.364235 4.665943
v 3.444982 -0.402479 4.664490
v 3.452808 -0.404597 4.659816
v 3.502623 -0.422413 4.666642
v 3.468087 -0.410410 4.665238
v 3.456533 -0.406429 4.664788
v 3.514382 -0.426532 4.667131
v 3.479672 -0.414398 4.665478
v 3.522252 -0.428719 4.662470
v 3.526098 -0.430655 4.667620
v 3.487539 -0.416561 4.660851
v 3.533901 -0.432837 4.663066
v 3.491317 -0.418445 4.665961
v 3.580156 -0.449422 4.666372
v 3.603238 -0.457781 4.668058
v 3.599627 -0.455881 4.662847
v 3.545581 -0.436981 4.663719
v 3.611191 -0.460070 4.663566
v 3.557080 -0.441097 4.664540
v 3.622685 -0.464287 4.664473
v 3.568664 -0.445251 4.665297
v 3.386953 -0.383050 4.664253
v 3.332389 -0.365921 4.670547
v 3.343953 -0.369632 4.670316
v 3.367254 -0.377155 4.669595
v 3.378947 -0.380965 4.669315
v 3.355560 -0.373370 4.669908
v 3.359247 -0.375088 4.674647
v 3.402187 -0.388665 4.669309
v 3.394161 -0.386533 4.674148
v 3.405743 -0.390402 4.674273
v 3.413936 -0.392575 4.669251
v 3.417299 -0.394260 4.674274
v 3.425255 -0.396388 4.669398
v 3.429034 -0.398208 4.674299
v 3.436945 -0.400324 4.669430
v 3.448612 -0.404288 4.669612
v 3.463804 -0.410076 4.675106
v 3.460099 -0.408240 4.670051
v 3.471685 -0.412233 4.670428
v 3.483414 -0.416273 4.670672
v 3.494933 -0.420295 4.671226
v 3.595612 -0.455620 4.672590
v 3.591938 -0.453693 4.667313
v 3.607121 -0.459818 4.673549
v 3.615029 -0.462099 4.669058
v 3.626217 -0.466177 4.669856
v 3.618640 -0.464026 4.674305
v 3.506270 -0.424253 4.671647
v 3.518190 -0.428451 4.672266
v 3.529660 -0.432526 4.673059
v 3.537583 -0.434767 4.668608
v 3.583965 -0.451382 4.671567
v 3.541328 -0.436669 4.673692
v 3.549120 -0.438854 4.669136
v 3.560878 -0.443048 4.669802
v 3.553016 -0.440834 4.674404
v 3.572399 -0.447206 4.670730
v 3.390434 -0.384765 4.669332
v 3.335870 -0.367583 4.675524
v 3.374409 -0.380578 4.679343
v 3.370844 -0.378866 4.674465
v 3.397741 -0.388302 4.679353
v 3.409341 -0.392163 4.679275
v 3.432592 -0.399983 4.679440
v 3.421016 -0.396069 4.679256
v 3.444217 -0.403935 4.679631
v 3.452111 -0.406074 4.674881
v 3.455908 -0.407930 4.679870
v 3.479113 -0.415940 4.680681
v 3.475398 -0.414081 4.675521
v 3.486935 -0.418097 4.676023
v 3.339534 -0.369263 4.680137
v 3.490762 -0.419996 4.681105
v 3.351216 -0.373026 4.679806
v 3.498667 -0.422177 4.676410
v 3.347493 -0.371305 4.675114
v 3.362753 -0.376777 4.679654
v 3.599333 -0.457582 4.677988
v 3.331478 -0.367217 4.685393
v 3.587832 -0.453393 4.676991
v 3.610925 -0.461829 4.679041
v 3.622551 -0.466100 4.680058
v 3.510183 -0.426241 4.677118
v 3.626351 -0.468110 4.685597
v 3.521772 -0.430326 4.677702
v 3.525585 -0.432254 4.682899
v 3.533616 -0.434480 4.677984
v 3.579923 -0.451135 4.681511
v 3.576088 -0.449148 4.676159
v 3.545042 -0.438591 4.679022
v 3.564452 -0.444956 4.675329
v 3.556645 -0.442746 4.679838
v 3.568344 -0.446943 4.680582
v 3.382401 -0.382666 4.674386
v 3.386149 -0.384434 4.679180
v 3.393332 -0.387927 4.689190
v 3.389685 -0.386167 4.684246
v 3.378122 -0.382341 4.684253
v 3.366511 -0.378530 4.684352
v 3.343090 -0.370954 4.685096
v 3.401314 -0.390028 4.684152
v 3.412968 -0.393926 4.684206
v 3.354697 -0.374705 4.684809
v 3.436310 -0.401808 4.684494
v 3.358363 -0.376424 4.689558
v 3.424551 -0.397835 4.684402
v 3.428296 -0.399654 4.689382
v 3.447877 -0.405760 4.684786
v 3.459488 -0.409744 4.685094
v 3.467365 -0.411887 4.680334
v 3.502251 -0.424032 4.681744
v 3.494365 -0.421847 4.686414
v 3.471207 -0.413783 4.685438
v 3.506047 -0.425944 4.686934
v 3.517617 -0.430028 4.687573
v 3.513988 -0.428182 4.682486
v 3.537093 -0.436372 4.683780
v 3.572009 -0.448884 4.686084
v 3.583587 -0.453081 4.687027
v 3.591399 -0.455314 4.682533
v 3.540900 -0.438303 4.688936
v 3.482769 -0.417797 4.685922
v 3.548761 -0.440529 4.684457
v 3.552506 -0.442464 4.689784
v 3.560463 -0.444713 4.685149
v 3.614796 -0.463846 4.684448
v 3.595351 -0.457352 4.687920
v 3.603037 -0.459547 4.683442
v 3.396848 -0.389665 4.694307
v 3.385339 -0.385822 4.694182
v 3.381565 -0.384040 4.689343
v 3.369909 -0.380208 4.689456
v 3.404932 -0.391799 4.689214
v 3.408603 -0.393589 4.694283
v 3.439802 -0.403580 4.689704
v 3.334913 -0.368867 4.690350
v 3.431875 -0.401444 4.694558
v 3.420226 -0.397499 4.694376
v 3.338639 -0.370583 4.695037
v 3.350298 -0.374348 4.694720
v 3.443604 -0.405439 4.694756
v 3.346609 -0.372624 4.689969
v 3.451701 -0.407666 4.690138
v 3.455204 -0.409417 4.695049
v 3.463152 -0.411585 4.690280
v 3.478637 -0.417547 4.696113
v 3.474701 -0.415582 4.690729
v 3.486456 -0.419662 4.691120
v 3.490112 -0.421532 4.696421
v 3.618452 -0.465823 4.690094
v 3.610676 -0.463574 4.694503
v 3.598979 -0.459292 4.693412
v 3.587382 -0.455071 4.692485
v 3.606854 -0.461554 4.688939
v 3.361886 -0.378129 4.694601
v 3.622382 -0.467872 4.695511
v 3.498119 -0.423743 4.691614
v 3.509609 -0.427798 4.692324
v 3.533010 -0.436087 4.693584
v 3.521345 -0.431937 4.692853
v 3.529193 -0.434142 4.688313
v 3.575833 -0.450867 4.691439
v 3.544589 -0.440235 4.694421
v 3.556224 -0.444403 4.695185
v 3.564051 -0.446628 4.690702
v 3.567947 -0.448620 4.695982
v 3.416542 -0.395704 4.689389
v 3.373673 -0.381973 4.694311
v 3.626102 -0.469798 4.700420
v 3.081458 -0.312159 4.925090
v 3.334013 -0.370167 4.705218
v 3.412207 -0.395355 4.699317
v 3.342079 -0.372239 4.700032
v 3.423887 -0.399310 4.699512
v 3.365524 -0.379854 4.699446
v 3.377273 -0.383697 4.699282
v 3.353794 -0.376038 4.699750
v 3.493788 -0.423421 4.701757
v 3.501688 -0.425609 4.697058
v 3.505513 -0.427531 4.702224
v 3.536694 -0.438009 4.699031
v 3.528822 -0.435794 4.703624
v 3.513448 -0.429741 4.697562
v 3.525017 -0.433848 4.698286
v 3.579437 -0.452804 4.697050
v 3.591195 -0.457057 4.697832
v 3.388879 -0.387560 4.699263
v 3.583349 -0.454819 4.702387
v 3.548302 -0.442161 4.699759
v 3.559978 -0.446360 4.700597
v 3.400612 -0.391464 4.699187
v 3.447183 -0.407245 4.699975
v 3.435604 -0.403274 4.699601
v 3.458845 -0.411247 4.700220
v 3.466799 -0.413427 4.695512
v 3.470504 -0.415301 4.700823
v 3.482152 -0.419343 4.701199
v 3.614460 -0.465582 4.700052
v 3.594825 -0.459013 4.703450
v 3.602797 -0.461302 4.698915
v 3.407827 -0.394989 4.709184
v 3.404102 -0.393206 4.704381
v 3.415920 -0.397167 4.704344
v 3.427589 -0.401123 4.704548
v 3.369075 -0.381574 4.704480
v 3.372801 -0.383339 4.709323
v 3.380741 -0.385419 4.704376
v 3.392503 -0.389323 4.704282
v 3.384402 -0.387191 4.709346
v 3.337619 -0.371871 4.710094
v 3.360783 -0.379401 4.709558
v 3.345821 -0.373980 4.704814
v 3.450912 -0.409094 4.705087
v 3.357437 -0.377765 4.704640
v 3.439104 -0.405062 4.704910
v 3.442915 -0.406925 4.709939
v 3.462506 -0.413098 4.705501
v 3.485860 -0.421233 4.706483
v 3.497492 -0.425306 4.706971
v 3.474158 -0.417143 4.705965
v 3.509094 -0.429403 4.707690
v 3.532494 -0.437697 4.708930
v 3.517047 -0.431622 4.702981
v 3.520872 -0.433566 4.708255
v 3.610387 -0.465333 4.710067
v 3.606598 -0.463319 4.704524
v 3.571587 -0.450564 4.701554
v 3.563729 -0.448328 4.706080
v 3.618217 -0.467600 4.705671
v 3.575382 -0.452548 4.706992
v 3.587090 -0.456788 4.707813
v 3.552151 -0.444146 4.705166
v 3.540390 -0.439930 4.704389
v 3.411434 -0.396791 4.714456
v 3.399820 -0.392877 4.714307
v 3.419410 -0.398933 4.709600
v 3.341252 -0.373582 4.714929
v 3.423209 -0.400772 4.714587
v 3.364651 -0.381219 4.714524
v 3.376303 -0.385063 4.714463
v 3.349275 -0.375653 4.709813
v 3.388109 -0.388973 4.714320
v 3.353020 -0.377406 4.714656
v 3.396122 -0.391091 4.709352
v 3.454446 -0.410904 4.710402
v 3.489589 -0.423122 4.711705
v 3.431087 -0.402897 4.709785
v 3.504974 -0.429127 4.717629
v 3.434894 -0.404758 4.714863
v 3.501188 -0.427207 4.712353
v 3.458251 -0.412786 4.715525
v 3.524498 -0.435500 4.714027
v 3.466262 -0.414961 4.710553
v 3.536178 -0.439619 4.714342
v 3.469904 -0.416827 4.715925
v 3.512907 -0.431338 4.712947
v 3.477831 -0.419014 4.711228
v 3.602538 -0.463067 4.714454
v 3.622020 -0.469631 4.711170
v 3.590994 -0.458835 4.713374
v 3.598655 -0.461042 4.709050
v 3.567547 -0.450313 4.711486
v 3.579130 -0.454523 4.712480
v 3.547879 -0.443832 4.715260
v 3.544160 -0.441891 4.709848
v 3.555722 -0.446055 4.710704
v 3.559643 -0.448069 4.716080
v 3.403323 -0.394638 4.719546
v 3.407097 -0.396460 4.724526
v 3.426849 -0.402586 4.719742
v 3.415092 -0.398603 4.719634
v 3.379996 -0.386849 4.719521
v 3.356555 -0.379117 4.719677
v 3.368228 -0.382949 4.719536
v 3.371932 -0.384720 4.724480
v 3.391655 -0.390719 4.719437
v 3.344878 -0.375298 4.719804
v 3.446530 -0.408749 4.715184
v 3.438478 -0.406567 4.720086
v 3.450246 -0.410606 4.720384
v 3.485256 -0.422783 4.721785
v 3.481536 -0.420886 4.716420
v 3.493152 -0.424971 4.717106
v 3.461813 -0.414580 4.720566
v 3.473538 -0.418691 4.721287
v 3.606230 -0.465059 4.720151
v 3.617887 -0.469372 4.721150
v 3.594599 -0.460788 4.719023
v 3.621889 -0.471514 4.726843
v 3.497029 -0.426912 4.722357
v 3.528205 -0.437385 4.719076
v 3.520342 -0.435184 4.723737
v 3.532042 -0.439348 4.724397
v 3.516587 -0.433253 4.718385
v 3.571162 -0.452253 4.717099
v 3.563288 -0.450007 4.721628
v 3.575073 -0.454271 4.722484
v 3.582893 -0.456516 4.718060
v 3.551615 -0.445788 4.720725
v 3.540059 -0.441607 4.719692
v 3.340262 -0.374902 4.730078
v 3.383490 -0.388558 4.724478
v 3.375471 -0.386455 4.729584
v 3.363741 -0.382581 4.729675
v 3.387243 -0.390370 4.729534
v 3.395229 -0.392488 4.724581
v 3.360156 -0.380862 4.724790
v 3.399051 -0.394316 4.729506
v 3.348398 -0.377009 4.724910
v 3.352092 -0.378745 4.729714
v 3.442188 -0.408404 4.725190
v 3.453771 -0.412416 4.725711
v 3.422395 -0.402219 4.729884
v 3.488951 -0.424672 4.727150
v 3.430378 -0.404384 4.725082
v 3.477262 -0.420578 4.726562
v 3.434170 -0.406238 4.730122
v 3.508547 -0.431005 4.723098
v 3.500620 -0.428779 4.727825
v 3.465487 -0.416477 4.726132
v 3.457601 -0.414314 4.730882
v 3.524043 -0.437110 4.729155
v 3.469292 -0.418384 4.731357
v 3.512407 -0.432961 4.728390
v 3.602260 -0.464837 4.730126
v 3.598297 -0.462771 4.724635
v 3.555295 -0.447731 4.726210
v 3.610079 -0.467110 4.725663
v 3.567118 -0.451999 4.727047
v 3.590408 -0.460503 4.729156
v 3.578736 -0.456244 4.728198
v 3.543683 -0.443540 4.725318
v 3.547452 -0.445496 4.730690
v 3.418738 -0.400417 4.724847
v 3.379222 -0.388250 4.734536
v 3.367447 -0.384352 4.734631
v 3.390875 -0.392153 4.734659
v 3.355674 -0.380475 4.734778
v 3.343873 -0.376630 4.735060
v 3.445773 -0.410247 4.730640
v 3.437774 -0.408057 4.735379
v 3.480919 -0.422455 4.731945
v 3.449536 -0.412104 4.735684
v 3.426124 -0.404063 4.735068
v 3.484812 -0.424396 4.737164
v 3.492620 -0.426565 4.732581
v 3.504431 -0.430726 4.733083
v 3.496351 -0.428473 4.737898
v 3.461218 -0.416164 4.736199
v 3.472870 -0.420233 4.736753
v 3.594327 -0.462550 4.734624
v 3.605916 -0.466818 4.735825
v 3.617669 -0.471192 4.736886
v 3.613868 -0.469142 4.731264
v 3.516065 -0.434869 4.733827
v 3.527745 -0.439026 4.734467
v 3.535691 -0.441293 4.730064
v 3.562920 -0.451710 4.737122
v 3.559089 -0.449729 4.731807
v 3.570802 -0.453971 4.732692
v 3.574669 -0.455982 4.738115
v 3.582487 -0.458240 4.733792
v 3.539525 -0.443252 4.735309
v 3.402662 -0.396095 4.734586
v 3.410622 -0.398210 4.729563
v 3.414417 -0.400083 4.734852
v 3.621522 -0.473383 4.743040
v 3.394611 -0.393965 4.739713
v 3.406295 -0.397896 4.739768
v 3.417899 -0.401850 4.740112
v 3.421737 -0.403721 4.745224
v 3.370989 -0.386087 4.739746
v 3.382696 -0.389989 4.739772
v 3.351103 -0.380089 4.745028
v 3.386494 -0.391804 4.744725
v 3.359348 -0.382230 4.739750
v 3.347573 -0.378372 4.739900
v 3.441459 -0.409905 4.740654
v 3.433460 -0.407741 4.745524
v 3.453182 -0.413964 4.741066
v 3.429647 -0.405863 4.740388
v 3.476588 -0.422108 4.741930
v 3.464732 -0.417973 4.741449
v 3.597992 -0.464536 4.740336
v 3.609815 -0.468872 4.741320
v 3.586403 -0.460264 4.739126
v 3.500080 -0.430394 4.743252
v 3.508023 -0.432618 4.738586
v 3.519875 -0.436824 4.739195
v 3.531514 -0.440998 4.740049
v 3.511854 -0.434576 4.743934
v 3.554826 -0.449388 4.741669
v 3.566722 -0.453692 4.742519
v 3.543220 -0.445205 4.740878
v 3.551186 -0.447460 4.736207
v 3.346598 -0.379721 4.755181
v 3.398066 -0.395709 4.744937
v 3.401908 -0.397567 4.750012
v 3.409864 -0.399704 4.745156
v 3.413609 -0.401524 4.750129
v 3.354784 -0.381847 4.749994
v 3.362838 -0.383954 4.744891
v 3.374658 -0.387867 4.744798
v 3.366611 -0.385752 4.749850
v 3.378300 -0.389643 4.749884
v 3.390058 -0.393573 4.749925
v 3.480331 -0.424031 4.747426
v 3.472259 -0.421806 4.752300
v 3.437056 -0.409568 4.750844
v 3.488388 -0.426253 4.742527
v 3.491995 -0.428109 4.747752
v 3.503810 -0.432318 4.748630
v 3.523452 -0.438730 4.744802
v 3.515492 -0.436486 4.749451
v 3.535175 -0.442930 4.745582
v 3.527355 -0.440717 4.750124
v 3.558764 -0.451439 4.747266
v 3.550745 -0.449153 4.751909
v 3.578344 -0.457959 4.743799
v 3.570446 -0.455696 4.748338
v 3.582246 -0.459991 4.749266
v 3.590064 -0.462249 4.744860
v 3.539097 -0.444942 4.751004
v 3.546987 -0.447178 4.746391
v 3.445067 -0.411747 4.745976
v 3.448874 -0.413643 4.751184
v 3.456942 -0.415851 4.746290
v 3.468599 -0.419922 4.746857
v 3.593992 -0.464298 4.750333
v 3.601848 -0.466565 4.745886
v 3.613559 -0.470904 4.747114
v 3.417370 -0.403372 4.755264
v 3.405472 -0.399351 4.755234
v 3.425239 -0.405511 4.750556
v 3.358401 -0.383600 4.755051
v 3.370059 -0.387466 4.755020
v 3.381945 -0.391426 4.754998
v 3.476052 -0.423713 4.757481
v 3.495856 -0.430102 4.753381
v 3.429069 -0.407395 4.755685
v 3.484108 -0.425943 4.752659
v 3.440742 -0.411426 4.756116
v 3.452440 -0.415477 4.756570
v 3.507525 -0.434256 4.754161
v 3.460478 -0.417689 4.751753
v 3.519324 -0.438454 4.754841
v 3.531002 -0.442658 4.755774
v 3.464335 -0.419606 4.756937
v 3.554515 -0.451141 4.757484
v 3.617460 -0.473108 4.752530
v 3.597731 -0.466299 4.755953
v 3.585979 -0.461993 4.754963
v 3.605569 -0.468665 4.752274
v 3.608933 -0.470573 4.757634
v 3.562449 -0.453411 4.752955
v 3.574310 -0.457717 4.753845
v 3.566317 -0.455419 4.758401
v 3.542682 -0.446858 4.756603
v 3.393779 -0.395389 4.755009
v 3.350292 -0.381477 4.760157
v 3.365678 -0.387132 4.765232
v 3.409187 -0.401180 4.760369
v 3.362026 -0.385360 4.760125
v 3.420931 -0.405183 4.760633
v 3.373819 -0.389279 4.760097
v 3.385589 -0.393208 4.760116
v 3.467968 -0.421479 4.762358
v 3.479681 -0.425609 4.763057
v 3.432591 -0.409203 4.761081
v 3.444383 -0.413284 4.761521
v 3.456202 -0.417372 4.761851
v 3.616767 -0.474908 4.767240
v 3.491479 -0.429751 4.763504
v 3.589851 -0.464033 4.760514
v 3.601529 -0.468360 4.761704
v 3.487751 -0.427850 4.758253
v 3.612221 -0.472371 4.761757
v 3.499446 -0.431990 4.758896
v 3.503322 -0.433961 4.764258
v 3.511346 -0.436211 4.759536
v 3.522979 -0.440385 4.760406
v 3.534958 -0.444659 4.761015
v 3.526825 -0.442366 4.765829
v 3.558293 -0.453133 4.763066
v 3.546634 -0.448896 4.762069
v 3.570074 -0.457422 4.764065
v 3.577953 -0.459684 4.759526
v 3.581897 -0.461740 4.765060
v 3.397289 -0.397164 4.760326
v 3.401092 -0.399008 4.765373
v 3.349398 -0.382860 4.775496
v 3.353812 -0.383210 4.765337
v 3.369487 -0.388943 4.770163
v 3.412745 -0.402989 4.765747
v 3.357554 -0.384993 4.770304
v 3.404686 -0.400812 4.770666
v 3.392974 -0.396840 4.770431
v 3.471714 -0.423389 4.767717
v 3.416528 -0.404842 4.770848
v 3.463680 -0.421167 4.772521
v 3.483427 -0.427522 4.768434
v 3.424475 -0.407017 4.766200
v 3.495287 -0.431709 4.768978
v 3.506964 -0.435872 4.769811
v 3.514930 -0.438116 4.765112
v 3.518820 -0.440106 4.770503
v 3.538557 -0.446595 4.766748
v 3.377370 -0.391031 4.765254
v 3.550215 -0.450823 4.767704
v 3.554046 -0.452820 4.773145
v 3.381180 -0.392872 4.770337
v 3.562064 -0.455127 4.768646
v 3.593522 -0.466025 4.766246
v 3.585628 -0.463742 4.770755
v 3.428314 -0.408892 4.771210
v 3.436369 -0.411086 4.766294
v 3.448174 -0.415169 4.766697
v 3.573853 -0.459426 4.769666
v 3.459902 -0.419261 4.767236
v 3.389157 -0.394991 4.765362
v 3.597472 -0.468101 4.771832
v 3.605152 -0.470350 4.766957
v 3.609086 -0.472434 4.771336
v 3.408404 -0.402648 4.775821
v 3.396474 -0.398611 4.775757
v 3.420195 -0.406684 4.776154
v 3.372952 -0.390687 4.775469
v 3.384671 -0.394626 4.775600
v 3.431933 -0.410738 4.776583
v 3.440044 -0.412940 4.771566
v 3.443737 -0.414816 4.776938
v 3.451779 -0.417027 4.772129
v 3.455576 -0.418935 4.777416
v 3.361140 -0.386750 4.775473
v 3.601050 -0.470185 4.777736
v 3.475345 -0.425281 4.773241
v 3.589437 -0.465774 4.776392
v 3.479153 -0.427207 4.778539
v 3.613249 -0.475073 4.778904
v 3.510771 -0.437834 4.775198
v 3.502764 -0.435582 4.779922
v 3.487122 -0.429436 4.773891
v 3.490949 -0.431382 4.779206
v 3.498879 -0.433610 4.774590
v 3.522482 -0.442047 4.776153
v 3.530464 -0.444302 4.771452
v 3.534371 -0.446313 4.776903
v 3.546134 -0.450568 4.777776
v 3.542417 -0.448594 4.772167
v 3.565956 -0.457161 4.774212
v 3.577646 -0.461447 4.775341
v 3.380250 -0.394285 4.785844
v 3.388402 -0.396458 4.780801
v 3.352887 -0.384587 4.780683
v 3.391995 -0.398247 4.786010
v 3.423790 -0.408520 4.781536
v 3.364820 -0.388533 4.780564
v 3.356675 -0.386396 4.785716
v 3.400232 -0.400459 4.780938
v 3.411980 -0.404474 4.781266
v 3.415760 -0.406332 4.786376
v 3.467248 -0.423036 4.778069
v 3.459236 -0.420814 4.782836
v 3.376597 -0.392481 4.780628
v 3.471112 -0.424975 4.783336
v 3.427569 -0.410402 4.786774
v 3.506435 -0.437514 4.785492
v 3.435631 -0.412603 4.781888
v 3.482835 -0.429120 4.784038
v 3.447517 -0.416717 4.782255
v 3.439319 -0.414470 4.787201
v 3.494591 -0.433297 4.784812
v 3.514445 -0.439781 4.780867
v 3.518279 -0.441752 4.786257
v 3.526348 -0.444038 4.781572
v 3.538074 -0.448276 4.782517
v 3.549838 -0.452555 4.783507
v 3.604436 -0.472196 4.783212
v 3.561249 -0.456757 4.784928
v 3.593234 -0.467839 4.782105
v 3.557881 -0.454851 4.778818
v 3.581519 -0.463490 4.780914
v 3.569576 -0.459123 4.779926
v 3.573552 -0.461194 4.785492
v 3.383843 -0.396079 4.791134
v 3.395826 -0.400118 4.791176
v 3.419396 -0.408178 4.791762
v 3.403898 -0.402288 4.786181
v 3.360256 -0.388158 4.790905
v 3.407577 -0.404127 4.791459
v 3.368390 -0.390311 4.785808
v 3.372126 -0.392127 4.790895
v 3.463025 -0.422732 4.788182
v 3.431119 -0.412229 4.792204
v 3.474766 -0.426876 4.788858
v 3.443038 -0.416360 4.792598
v 3.498432 -0.435262 4.790184
v 3.451066 -0.418568 4.787786
v 3.454937 -0.420498 4.793039
v 3.486385 -0.430964 4.789316
v 3.614154 -0.477155 4.791003
v 3.521991 -0.443713 4.791879
v 3.510188 -0.439475 4.791049
v 3.529971 -0.445979 4.787252
v 3.533888 -0.447998 4.792727
v 3.541792 -0.450253 4.788163
v 3.545685 -0.452281 4.793701
v 3.565461 -0.458866 4.790131
v 3.553629 -0.454553 4.789099
v 3.585205 -0.465492 4.786697
v 3.577264 -0.463194 4.791198
v 3.589150 -0.467564 4.792290
v 3.605934 -0.473552 4.789227
v 3.596349 -0.469716 4.788000
v 3.355685 -0.387773 4.801264
v 3.363913 -0.389949 4.796087
v 3.379419 -0.395740 4.801452
v 3.375694 -0.393909 4.796181
v 3.387581 -0.397910 4.796280
v 3.399493 -0.401945 4.796444
v 3.458571 -0.422382 4.798547
v 3.466605 -0.424614 4.793766
v 3.423003 -0.410003 4.797035
v 3.478570 -0.428820 4.794264
v 3.470474 -0.426564 4.799076
v 3.411252 -0.405970 4.796759
v 3.502083 -0.437194 4.795845
v 3.490315 -0.432992 4.795033
v 3.435006 -0.414161 4.797492
v 3.446748 -0.418248 4.798000
v 3.592963 -0.469626 4.798000
v 3.513976 -0.441460 4.796675
v 3.604318 -0.473786 4.796665
v 3.525772 -0.445697 4.797472
v 3.537611 -0.449974 4.798367
v 3.549365 -0.454253 4.799408
v 3.561240 -0.458590 4.800485
v 3.557430 -0.456609 4.795158
v 3.581158 -0.465253 4.796837
v 3.569257 -0.460889 4.795802
v 3.371330 -0.393587 4.806558
v 3.394933 -0.401565 4.806826
v 3.391255 -0.399733 4.801532
v 3.415015 -0.407844 4.802047
v 3.426788 -0.411908 4.802468
v 3.403020 -0.403746 4.801826
v 3.406865 -0.405636 4.807045
v 3.359079 -0.389503 4.806735
v 3.367628 -0.391764 4.801273
v 3.438535 -0.415989 4.802953
v 3.442410 -0.417922 4.808245
v 3.450480 -0.420150 4.803406
v 3.462370 -0.424313 4.803916
v 3.482155 -0.430714 4.799890
v 3.474129 -0.428471 4.804640
v 3.497859 -0.436898 4.806012
v 3.494010 -0.434926 4.800609
v 3.505890 -0.439165 4.801325
v 3.486050 -0.432686 4.805247
v 3.517812 -0.443441 4.802129
v 3.529540 -0.447677 4.803060
v 3.541137 -0.451906 4.804214
v 3.553261 -0.456292 4.805009
v 3.573073 -0.462918 4.801439
v 3.611654 -0.478397 4.809661
v 3.584837 -0.467262 4.802692
v 3.588807 -0.469342 4.808270
v 3.610000 -0.476671 4.801622
v 3.596433 -0.471415 4.802454
v 3.622854 -0.486304 4.825994
v 3.374926 -0.395369 4.811730
v 3.383033 -0.397535 4.806685
v 3.363109 -0.391380 4.811538
v 3.386791 -0.399374 4.811818
v 3.418565 -0.409669 4.807480
v 3.410414 -0.407453 4.812496
v 3.422408 -0.411577 4.812763
v 3.398607 -0.403404 4.812132
v 3.434257 -0.415685 4.813202
v 3.430425 -0.413766 4.807880
v 3.454265 -0.422068 4.808781
v 3.465957 -0.426200 4.809540
v 3.477948 -0.430424 4.810081
v 3.469836 -0.428156 4.814876
v 3.533409 -0.449694 4.808640
v 3.600622 -0.473713 4.809509
v 3.489717 -0.434616 4.810869
v 3.501521 -0.438839 4.811706
v 3.509658 -0.441132 4.806896
v 3.513409 -0.443103 4.812501
v 3.521394 -0.445364 4.807807
v 3.525362 -0.447405 4.813336
v 3.545183 -0.453981 4.809700
v 3.557029 -0.458295 4.810649
v 3.564960 -0.460579 4.806118
v 3.576798 -0.464933 4.807232
v 3.568960 -0.462671 4.811748
v 3.580811 -0.467036 4.812881
v 3.358433 -0.390985 4.822061
v 3.378543 -0.397169 4.816976
v 3.366750 -0.393179 4.816766
v 3.390387 -0.401191 4.817241
v 3.449850 -0.421727 4.819136
v 3.457825 -0.423942 4.814399
v 3.461723 -0.425901 4.819729
v 3.481546 -0.432325 4.815694
v 3.537039 -0.451651 4.814373
v 3.529008 -0.449365 4.819084
v 3.493551 -0.436617 4.816590
v 3.497315 -0.438554 4.821938
v 3.505413 -0.440829 4.817097
v 3.485444 -0.434314 4.821158
v 3.517191 -0.445082 4.818102
v 3.414241 -0.409347 4.817710
v 3.426042 -0.413433 4.818189
v 3.540992 -0.453703 4.819951
v 3.402233 -0.405236 4.817490
v 3.548976 -0.455995 4.815386
v 3.552763 -0.458009 4.821079
v 3.560824 -0.460321 4.816386
v 3.572591 -0.464651 4.817547
v 3.437847 -0.417542 4.818706
v 3.445976 -0.419787 4.813829
v 3.592573 -0.471361 4.814122
v 3.584452 -0.469025 4.818699
v 3.608320 -0.477901 4.821091
v 3.596482 -0.473414 4.819867
v 3.604387 -0.475784 4.815395
v 3.370266 -0.394964 4.822176
v 3.453502 -0.423623 4.824668
v 3.465499 -0.427868 4.825433
v 3.473493 -0.430078 4.820519
v 3.477254 -0.432016 4.825994
v 3.532885 -0.451382 4.824605
v 3.489047 -0.436240 4.826923
v 3.509108 -0.442794 4.822843
v 3.512854 -0.444763 4.828440
v 3.520872 -0.447051 4.823836
v 3.544717 -0.455697 4.825682
v 3.556526 -0.460022 4.826800
v 3.374081 -0.396817 4.827298
v 3.382220 -0.398997 4.822262
v 3.385914 -0.400835 4.827572
v 3.394120 -0.403035 4.822404
v 3.405993 -0.407108 4.822807
v 3.564635 -0.462360 4.822141
v 3.417804 -0.411187 4.823238
v 3.421655 -0.413095 4.828507
v 3.568451 -0.464401 4.827884
v 3.576614 -0.466753 4.823152
v 3.588172 -0.471015 4.824399
v 3.429829 -0.415336 4.823532
v 3.441625 -0.419469 4.824197
v 3.600420 -0.475480 4.825492
v 3.365798 -0.394610 4.832506
v 3.377726 -0.398634 4.832598
v 3.389575 -0.402661 4.832826
v 3.397761 -0.404891 4.827944
v 3.409653 -0.408964 4.828208
v 3.401542 -0.406758 4.833108
v 3.362118 -0.392790 4.827248
v 3.413439 -0.410858 4.833523
v 3.449176 -0.423314 4.835040
v 3.445261 -0.421341 4.829621
v 3.457227 -0.425551 4.830217
v 3.433391 -0.417201 4.829128
v 3.425290 -0.414969 4.834048
v 3.469208 -0.429771 4.830795
v 3.437232 -0.419129 4.834439
v 3.481009 -0.433965 4.831568
v 3.524747 -0.449066 4.829364
v 3.604454 -0.477719 4.831681
v 3.536595 -0.453374 4.830413
v 3.492889 -0.438212 4.832346
v 3.504853 -0.442503 4.833157
v 3.608714 -0.480612 4.840033
v 3.500925 -0.440482 4.827625
v 3.592309 -0.473186 4.830147
v 3.548536 -0.457720 4.831346
v 3.560467 -0.462089 4.832403
v 3.580466 -0.468830 4.829072
v 3.584134 -0.470801 4.834684
v 3.369478 -0.396435 4.837796
v 3.381350 -0.400461 4.838060
v 3.393302 -0.404529 4.838216
v 3.405158 -0.408617 4.838693
v 3.440947 -0.421033 4.839927
v 3.452733 -0.425184 4.840640
v 3.464727 -0.429414 4.841239
v 3.417067 -0.412719 4.839027
v 3.460977 -0.427478 4.835705
v 3.472785 -0.431665 4.836433
v 3.476713 -0.433665 4.841923
v 3.528484 -0.451058 4.835100
v 3.520516 -0.448782 4.839717
v 3.532417 -0.453104 4.840685
v 3.484855 -0.435945 4.837101
v 3.496637 -0.440186 4.837988
v 3.508568 -0.444467 4.838783
v 3.516598 -0.446748 4.834134
v 3.552389 -0.459762 4.837047
v 3.540489 -0.455414 4.836007
v 3.564167 -0.464105 4.838297
v 3.576199 -0.468516 4.839306
v 3.588042 -0.472907 4.840618
v 3.429025 -0.416867 4.839436
v 3.600016 -0.477366 4.841793
v 3.618513 -0.485121 4.838924
v 3.595994 -0.475233 4.836113
v 3.385116 -0.402319 4.843280
v 3.364876 -0.396052 4.848267
v 3.376936 -0.400115 4.848328
v 3.373237 -0.398266 4.842895
v 3.396988 -0.406388 4.843643
v 3.400733 -0.408254 4.848979
v 3.444620 -0.422939 4.845563
v 3.408985 -0.410510 4.843921
v 3.420818 -0.414615 4.844466
v 3.432742 -0.418771 4.844932
v 3.456618 -0.427153 4.846064
v 3.603837 -0.479671 4.848957
v 3.468475 -0.431361 4.846830
v 3.480343 -0.435588 4.847595
v 3.614286 -0.483899 4.849509
v 3.524184 -0.450748 4.845475
v 3.591823 -0.475001 4.846896
v 3.536090 -0.455086 4.846506
v 3.488440 -0.437874 4.842800
v 3.492280 -0.439880 4.848385
v 3.504213 -0.444155 4.849235
v 3.500443 -0.442179 4.843602
v 3.512342 -0.446460 4.844502
v 3.560036 -0.463846 4.848567
v 3.544251 -0.457428 4.841785
v 3.548067 -0.459458 4.847510
v 3.556099 -0.461779 4.842942
v 3.568101 -0.466180 4.843956
v 3.579981 -0.470559 4.845168
v 3.368598 -0.397886 4.853547
v 3.448385 -0.424865 4.851028
v 3.436529 -0.420695 4.850364
v 3.460257 -0.429068 4.851747
v 3.472145 -0.433296 4.852512
v 3.519881 -0.450455 4.855945
v 3.380529 -0.401941 4.853786
v 3.516132 -0.448458 4.850189
v 3.528050 -0.452784 4.851165
v 3.484201 -0.437581 4.853146
v 3.388701 -0.404150 4.848764
v 3.392541 -0.406044 4.854041
v 3.496125 -0.441864 4.853966
v 3.507923 -0.446119 4.854954
v 3.563752 -0.465875 4.854502
v 3.539921 -0.457104 4.852119
v 3.551893 -0.461500 4.853283
v 3.412543 -0.412357 4.849504
v 3.424614 -0.416526 4.849793
v 3.416415 -0.414282 4.854815
v 3.428452 -0.418487 4.855425
v 3.596300 -0.477255 4.852304
v 3.587700 -0.474712 4.856822
v 3.571857 -0.468216 4.849849
v 3.575776 -0.470291 4.855577
v 3.583833 -0.472638 4.851070
v 3.384212 -0.403799 4.859238
v 3.372329 -0.399736 4.858891
v 3.396088 -0.407865 4.859550
v 3.440142 -0.422586 4.855999
v 3.404362 -0.410120 4.854499
v 3.444006 -0.424540 4.861431
v 3.452179 -0.426867 4.857028
v 3.408164 -0.412027 4.859864
v 3.419927 -0.416129 4.860466
v 3.475990 -0.435273 4.858012
v 3.455990 -0.428787 4.862261
v 3.464133 -0.431045 4.857220
v 3.432019 -0.420336 4.860899
v 3.523782 -0.452490 4.861535
v 3.531847 -0.454808 4.856949
v 3.487885 -0.439532 4.858860
v 3.499817 -0.443818 4.859752
v 3.511879 -0.448172 4.860580
v 3.555723 -0.463548 4.859076
v 3.543859 -0.459185 4.857896
v 3.535670 -0.456831 4.862654
v 3.567716 -0.467964 4.860178
v 3.599665 -0.479168 4.858105
v 3.579683 -0.472389 4.861399
v 3.591490 -0.476794 4.862805
v 3.618323 -0.485961 4.853786
v 3.615085 -0.485793 4.865760
v 3.650748 -0.505103 4.919522
v 3.399941 -0.409787 4.864918
v 3.367650 -0.399342 4.869473
v 3.435740 -0.422242 4.866363
v 3.447934 -0.426473 4.866467
v 3.391721 -0.407570 4.870164
v 3.479685 -0.437221 4.863697
v 3.471674 -0.434966 4.868446
v 3.375909 -0.401555 4.864349
v 3.459649 -0.430687 4.867731
v 3.467757 -0.432963 4.862907
v 3.379738 -0.403442 4.869656
v 3.387922 -0.405657 4.864611
v 3.515515 -0.450134 4.866383
v 3.411807 -0.413904 4.865434
v 3.423772 -0.418060 4.865832
v 3.527495 -0.454492 4.867416
v 3.483627 -0.439246 4.869267
v 3.491677 -0.441526 4.864590
v 3.503701 -0.445844 4.865349
v 3.595447 -0.478905 4.868545
v 3.603436 -0.481272 4.864145
v 3.559607 -0.465615 4.864839
v 3.551516 -0.463275 4.869477
v 3.619853 -0.488089 4.870275
v 3.539491 -0.458868 4.868417
v 3.547540 -0.461190 4.863791
v 3.571439 -0.470002 4.866145
v 3.583374 -0.474429 4.867392
v 3.395264 -0.409383 4.875513
v 3.439448 -0.424188 4.872194
v 3.431222 -0.421895 4.877015
v 3.451356 -0.428325 4.872292
v 3.475301 -0.436891 4.874187
v 3.463409 -0.432642 4.873338
v 3.587315 -0.476536 4.873199
v 3.511300 -0.449858 4.876785
v 3.519480 -0.452196 4.872006
v 3.531366 -0.456535 4.873157
v 3.371398 -0.401195 4.874826
v 3.383325 -0.405270 4.875170
v 3.403536 -0.411643 4.870469
v 3.407376 -0.413561 4.875827
v 3.415644 -0.415828 4.870795
v 3.427532 -0.419986 4.871410
v 3.599235 -0.480991 4.874577
v 3.610754 -0.485420 4.876768
v 3.495497 -0.443518 4.870172
v 3.487244 -0.441178 4.875011
v 3.499247 -0.445504 4.875912
v 3.507402 -0.447825 4.871140
v 3.555293 -0.465317 4.875366
v 3.563345 -0.467650 4.870749
v 3.543264 -0.460902 4.874297
v 3.575432 -0.472112 4.871859
v 3.567298 -0.469745 4.876512
v 3.387346 -0.407231 4.880445
v 3.375104 -0.403057 4.880301
v 3.399152 -0.411321 4.880911
v 3.411010 -0.415443 4.881485
v 3.435055 -0.423840 4.882431
v 3.455285 -0.430367 4.878170
v 3.419214 -0.417699 4.876462
v 3.446924 -0.428048 4.883300
v 3.423112 -0.419650 4.881846
v 3.443270 -0.426120 4.877517
v 3.467167 -0.434609 4.879019
v 3.479034 -0.438856 4.879825
v 3.591005 -0.478598 4.879384
v 3.603105 -0.483137 4.880900
v 3.515018 -0.451858 4.882659
v 3.615228 -0.487660 4.881983
v 3.523141 -0.454179 4.877914
v 3.535190 -0.458571 4.878922
v 3.527103 -0.456240 4.883575
v 3.619333 -0.489748 4.887177
v 3.491049 -0.443155 4.880533
v 3.503130 -0.447532 4.881569
v 3.547196 -0.462991 4.880133
v 3.559131 -0.467375 4.881174
v 3.538979 -0.460613 4.884807
v 3.571055 -0.471792 4.882412
v 3.579136 -0.474155 4.877878
v 3.583160 -0.476280 4.883623
v 3.390812 -0.409037 4.886004
v 3.378848 -0.404932 4.885714
v 3.402709 -0.413164 4.886487
v 3.414794 -0.417364 4.886942
v 3.426832 -0.421573 4.887450
v 3.587058 -0.478376 4.889457
v 3.595083 -0.480765 4.885283
v 3.610847 -0.487246 4.892134
v 3.438720 -0.425766 4.888183
v 3.450763 -0.430019 4.888822
v 3.471031 -0.436607 4.884591
v 3.482926 -0.440879 4.885501
v 3.458895 -0.432294 4.883956
v 3.462810 -0.434295 4.889467
v 3.506850 -0.449522 4.887390
v 3.518919 -0.453901 4.888299
v 3.530917 -0.458279 4.889360
v 3.494958 -0.445198 4.886297
v 3.486664 -0.442859 4.891255
v 3.550956 -0.465012 4.885902
v 3.563026 -0.469461 4.887012
v 3.574969 -0.473897 4.888321
v 3.430673 -0.423530 4.892981
v 3.386409 -0.408693 4.896286
v 3.422328 -0.421215 4.897997
v 3.382531 -0.406794 4.891145
v 3.394593 -0.410944 4.891441
v 3.454527 -0.431973 4.894423
v 3.442607 -0.427744 4.893682
v 3.374129 -0.404519 4.896303
v 3.474648 -0.438547 4.890426
v 3.466459 -0.436240 4.895292
v 3.478601 -0.440572 4.895975
v 3.406585 -0.415105 4.891900
v 3.578834 -0.475989 4.894257
v 3.418507 -0.419275 4.892502
v 3.590750 -0.480437 4.895596
v 3.598948 -0.482833 4.890985
v 3.510782 -0.451572 4.893046
v 3.615033 -0.489415 4.897591
v 3.502567 -0.449226 4.897813
v 3.522656 -0.455920 4.894237
v 3.534641 -0.460309 4.895330
v 3.490574 -0.444892 4.896914
v 3.498664 -0.447198 4.892233
v 3.546695 -0.464727 4.896374
v 3.542849 -0.462670 4.890562
v 3.554775 -0.467071 4.891753
v 3.566905 -0.471546 4.892886
v 3.389969 -0.410562 4.902113
v 3.434349 -0.425442 4.898605
v 3.378030 -0.406450 4.901698
v 3.398178 -0.412811 4.897107
v 3.446206 -0.429648 4.899401
v 3.450139 -0.431653 4.904955
v 3.458105 -0.433913 4.900429
v 3.470310 -0.438239 4.900932
v 3.482326 -0.442555 4.901822
v 3.410200 -0.416989 4.897571
v 3.402054 -0.414745 4.902484
v 3.582579 -0.478035 4.900142
v 3.506251 -0.451215 4.903733
v 3.514444 -0.453565 4.898991
v 3.518423 -0.455638 4.904666
v 3.526606 -0.457989 4.899937
v 3.538537 -0.462375 4.901114
v 3.494262 -0.446865 4.902745
v 3.550503 -0.466794 4.902358
v 3.414063 -0.418933 4.903012
v 3.562548 -0.471245 4.903507
v 3.558695 -0.469165 4.897603
v 3.570633 -0.473604 4.898946
v 3.606713 -0.487065 4.902898
v 3.594808 -0.482606 4.901482
v 3.574641 -0.475727 4.904719
v 3.578393 -0.477788 4.910736
v 3.425962 -0.423125 4.903734
v 3.417753 -0.420848 4.908658
v 3.381565 -0.408277 4.907278
v 3.429836 -0.425089 4.909220
v 3.393696 -0.412456 4.907623
v 3.437967 -0.427360 4.904393
v 3.441876 -0.429346 4.909893
v 3.462130 -0.435933 4.905772
v 3.474100 -0.440227 4.906644
v 3.586623 -0.480199 4.906107
v 3.498226 -0.448928 4.908446
v 3.510235 -0.453297 4.909465
v 3.405725 -0.416644 4.908140
v 3.530282 -0.459995 4.905872
v 3.534282 -0.462097 4.911652
v 3.486107 -0.444548 4.907525
v 3.477888 -0.442220 4.912379
v 3.610385 -0.489075 4.908522
v 3.542369 -0.464433 4.906978
v 3.598532 -0.484673 4.907536
v 3.554441 -0.468883 4.908113
v 3.566426 -0.473337 4.909425
v 3.385425 -0.410192 4.912695
v 3.421571 -0.422800 4.914242
v 3.433562 -0.427032 4.914929
v 3.397435 -0.414369 4.913209
v 3.445686 -0.431312 4.915490
v 3.453871 -0.433606 4.910622
v 3.465800 -0.437890 4.911583
v 3.457611 -0.435579 4.916425
v 3.401225 -0.416314 4.918881
v 3.469701 -0.439905 4.917196
v 3.582419 -0.479938 4.916676
v 3.590533 -0.482337 4.912253
v 3.501855 -0.450895 4.914331
v 3.409467 -0.418567 4.913731
v 3.522161 -0.457647 4.910472
v 3.513897 -0.455286 4.915372
v 3.526013 -0.459712 4.916408
v 3.489916 -0.446563 4.913321
v 3.614621 -0.491394 4.914756
v 3.538096 -0.464154 4.917561
v 3.594404 -0.484421 4.918108
v 3.546231 -0.466507 4.912870
v 3.602599 -0.486842 4.913419
v 3.558223 -0.470953 4.914168
v 3.570240 -0.475428 4.915515
v 3.416971 -0.422429 4.924953
v 3.562106 -0.473051 4.920122
v 3.413222 -0.420492 4.919303
v 3.574244 -0.477551 4.921295
v 3.425195 -0.424707 4.919964
v 3.437353 -0.428996 4.920590
v 3.429096 -0.426693 4.925537
v 3.449358 -0.433248 4.921224
v 3.380768 -0.409814 4.923435
v 3.389074 -0.412084 4.918352
v 3.461397 -0.437564 4.922157
v 3.392888 -0.414006 4.923783
v 3.481588 -0.444198 4.918216
v 3.473408 -0.441882 4.923064
v 3.586241 -0.482027 4.922714
v 3.497576 -0.450634 4.925047
v 3.493794 -0.448601 4.919071
v 3.505593 -0.452914 4.920268
v 3.517887 -0.457372 4.921111
v 3.529860 -0.461773 4.922306
v 3.485444 -0.446211 4.923845
v 3.541834 -0.466195 4.923562
v 3.550084 -0.468587 4.918810
v 3.553954 -0.470674 4.924741
v 3.610422 -0.491121 4.925485
v 3.606347 -0.488938 4.919589
v 3.566016 -0.475152 4.926009
v 3.569817 -0.477231 4.932025
v 3.420736 -0.424372 4.930592
v 3.441086 -0.430947 4.926292
v 3.432745 -0.428621 4.931330
v 3.384528 -0.411727 4.928979
v 3.396561 -0.415913 4.929504
v 3.453143 -0.435237 4.927045
v 3.457002 -0.437243 4.932756
v 3.465115 -0.439545 4.928024
v 3.477235 -0.443869 4.928580
v 3.578003 -0.479631 4.927391
v 3.582027 -0.481784 4.933300
v 3.590353 -0.484161 4.928293
v 3.501338 -0.452639 4.930838
v 3.489428 -0.448274 4.929504
v 3.509607 -0.454996 4.925935
v 3.533765 -0.463843 4.928066
v 3.513430 -0.457046 4.931846
v 3.404835 -0.418180 4.924404
v 3.521579 -0.459391 4.927133
v 3.525573 -0.461486 4.932879
v 3.408746 -0.420156 4.929944
v 3.545839 -0.468312 4.929351
v 3.616035 -0.493577 4.928152
v 3.557737 -0.472734 4.930719
v 3.602244 -0.488652 4.930131
v 3.650464 -0.507013 4.936347
v 3.412345 -0.422044 4.935661
v 3.424528 -0.426353 4.936435
v 3.561799 -0.474892 4.936614
v 3.436632 -0.430612 4.936907
v 3.444802 -0.432905 4.932076
v 3.448715 -0.434915 4.937678
v 3.400431 -0.417858 4.934975
v 3.388386 -0.413683 4.934600
v 3.468993 -0.441559 4.933671
v 3.606594 -0.491154 4.937859
v 3.481140 -0.445934 4.934531
v 3.594104 -0.486270 4.934668
v 3.573861 -0.479392 4.937955
v 3.585864 -0.483887 4.939369
v 3.493137 -0.450291 4.935595
v 3.505239 -0.454690 4.936559
v 3.537607 -0.465923 4.934079
v 3.529288 -0.463525 4.938947
v 3.517274 -0.459101 4.937726
v 3.549563 -0.470364 4.935444
v 3.565503 -0.476942 4.942693
v 3.407941 -0.421726 4.946264
v 3.383679 -0.413264 4.945236
v 3.416261 -0.424030 4.941208
v 3.428277 -0.428283 4.941965
v 3.452383 -0.436872 4.943566
v 3.395772 -0.417477 4.945776
v 3.440306 -0.432562 4.942766
v 3.392128 -0.415584 4.940084
v 3.460643 -0.439198 4.938621
v 3.404020 -0.419751 4.940761
v 3.464620 -0.441254 4.944329
v 3.472793 -0.443564 4.939449
v 3.476618 -0.445586 4.945305
v 3.577605 -0.481465 4.944060
v 3.590006 -0.486102 4.945150
v 3.496965 -0.452325 4.941445
v 3.488781 -0.449979 4.946193
v 3.509007 -0.456730 4.942591
v 3.533275 -0.465634 4.944758
v 3.613641 -0.494246 4.939159
v 3.521085 -0.461170 4.943775
v 3.484808 -0.447919 4.940499
v 3.597881 -0.488434 4.940882
v 3.601938 -0.490662 4.946802
v 3.545341 -0.470096 4.945996
v 3.541388 -0.467991 4.940146
v 3.553508 -0.472464 4.941341
v 3.561354 -0.476706 4.953316
v 3.419888 -0.425953 4.947052
v 3.423807 -0.427946 4.952622
v 3.456255 -0.438885 4.949292
v 3.444063 -0.434536 4.948561
v 3.431847 -0.430204 4.947920
v 3.435835 -0.432237 4.953576
v 3.468261 -0.443210 4.950218
v 3.480349 -0.447596 4.951305
v 3.569514 -0.479067 4.948698
v 3.581620 -0.483646 4.950002
v 3.492484 -0.451992 4.952216
v 3.387509 -0.415204 4.950797
v 3.504641 -0.456425 4.953234
v 3.500800 -0.454371 4.947325
v 3.524967 -0.463231 4.949547
v 3.537014 -0.467688 4.950857
v 3.399527 -0.419409 4.951425
v 3.512891 -0.458798 4.948433
v 3.549074 -0.472131 4.951533
v 3.605027 -0.495749 4.958765
v 3.557140 -0.474514 4.947517
v 3.592780 -0.488045 4.951472
v 3.411559 -0.423642 4.952098
v 3.403291 -0.421348 4.957081
v 3.415474 -0.425631 4.957657
v 3.382783 -0.414809 4.961664
v 3.448018 -0.436561 4.954171
v 3.427584 -0.429905 4.958276
v 3.463940 -0.442925 4.960877
v 3.460053 -0.440891 4.955112
v 3.472242 -0.445273 4.955918
v 3.573444 -0.481166 4.954831
v 3.585464 -0.485794 4.956187
v 3.484231 -0.449638 4.957071
v 3.496424 -0.454061 4.957975
v 3.528804 -0.465318 4.955668
v 3.520551 -0.462920 4.960342
v 3.532695 -0.467391 4.961545
v 3.516754 -0.460862 4.954316
v 3.541132 -0.469841 4.956711
v 3.552859 -0.474317 4.957169
v 3.391315 -0.417145 4.956432
v 3.595717 -0.490228 4.956069
v 3.605911 -0.496291 4.959470
v 3.650351 -0.509065 4.953353
v 3.647850 -0.507076 4.963679
v 3.544909 -0.471912 4.962703
v 3.407131 -0.423312 4.962719
v 3.419188 -0.427579 4.963463
v 3.556393 -0.476748 4.964163
v 3.443500 -0.436211 4.964848
v 3.451661 -0.438519 4.960067
v 3.431357 -0.431873 4.964005
v 3.439635 -0.434208 4.959195
v 3.455645 -0.440579 4.965810
v 3.475978 -0.447281 4.961872
v 3.565099 -0.478790 4.959438
v 3.569149 -0.480954 4.965408
v 3.386618 -0.416757 4.967298
v 3.577414 -0.483757 4.962699
v 3.394984 -0.419056 4.962154
v 3.583547 -0.486559 4.966281
v 3.586299 -0.487552 4.965597
v 3.594377 -0.490853 4.962938
v 3.488104 -0.451685 4.962895
v 3.479725 -0.449294 4.967812
v 3.508438 -0.458457 4.959079
v 3.500163 -0.456093 4.964030
v 3.524505 -0.465022 4.966240
v 3.512311 -0.460509 4.964842
v 3.402464 -0.422931 4.973585
v 3.540476 -0.471583 4.973516
v 3.398704 -0.420986 4.967879
v 3.536593 -0.469494 4.967546
v 3.410757 -0.425236 4.968571
v 3.548638 -0.473979 4.968873
v 3.423046 -0.429570 4.969169
v 3.552690 -0.476139 4.974769
v 3.414686 -0.427238 4.974190
v 3.560119 -0.479046 4.971370
v 3.447244 -0.438207 4.970824
v 3.435098 -0.433863 4.969987
v 3.467602 -0.444903 4.966823
v 3.459286 -0.442539 4.971733
v 3.381883 -0.416353 4.978084
v 3.471583 -0.446975 4.972615
v 3.571465 -0.483393 4.971888
v 3.591403 -0.489830 4.969746
v 3.600470 -0.493184 4.972397
v 3.608935 -0.495207 4.973743
v 3.483723 -0.451380 4.973621
v 3.491935 -0.453731 4.968826
v 3.504136 -0.458185 4.969856
v 3.516218 -0.462620 4.971003
v 3.528284 -0.467082 4.972307
v 3.072853 -0.312714 4.955290
v 3.394177 -0.420642 4.978642
v 3.406239 -0.424891 4.979327
v 3.532266 -0.469211 4.978249
v 3.426676 -0.431504 4.975026
v 3.544289 -0.473686 4.979639
v 3.418401 -0.429190 4.980012
v 3.475332 -0.448986 4.978545
v 3.442773 -0.437873 4.981541
v 3.438832 -0.435841 4.975858
v 3.451065 -0.440234 4.976780
v 3.430634 -0.433536 4.980735
v 3.390237 -0.418645 4.973018
v 3.463190 -0.444589 4.977567
v 3.597038 -0.492208 4.974499
v 3.601325 -0.494377 4.980572
v 3.565623 -0.479658 4.975247
v 3.576655 -0.484951 4.978774
v 3.589114 -0.489799 4.979061
v 3.585070 -0.487604 4.973000
v 3.487432 -0.453389 4.979651
v 3.495783 -0.455786 4.974742
v 3.499637 -0.457853 4.980712
v 3.507849 -0.460215 4.975907
v 3.520168 -0.464710 4.976786
v 3.511854 -0.462332 4.981811
v 3.536036 -0.471284 4.984363
v 3.397778 -0.422542 4.984451
v 3.548323 -0.475838 4.985575
v 3.409978 -0.426856 4.985201
v 3.556462 -0.478202 4.980988
v 3.422189 -0.431168 4.985781
v 3.385703 -0.418296 4.983832
v 3.479167 -0.451027 4.984466
v 3.434238 -0.435464 4.986579
v 3.454860 -0.442227 4.982511
v 3.592933 -0.491925 4.985294
v 3.605225 -0.496446 4.986828
v 3.467085 -0.446654 4.983547
v 3.560467 -0.480360 4.986949
v 3.580940 -0.487209 4.984007
v 3.569736 -0.482257 4.981576
v 3.491376 -0.455470 4.985466
v 3.503493 -0.459923 4.986675
v 3.523928 -0.466801 4.983120
v 3.658019 -0.507999 4.991286
v 3.393318 -0.422216 4.995190
v 3.389484 -0.420244 4.989522
v 3.531814 -0.471074 4.995427
v 3.539981 -0.473410 4.990393
v 3.401719 -0.424551 4.990076
v 3.413808 -0.428828 4.990863
v 3.552088 -0.477925 4.991781
v 3.426140 -0.433229 4.991774
v 3.483010 -0.453077 4.990407
v 3.381019 -0.417909 4.994624
v 3.470890 -0.448662 4.989287
v 3.438159 -0.437510 4.992441
v 3.446453 -0.439854 4.987533
v 3.450405 -0.441900 4.993260
v 3.458624 -0.444239 4.988463
v 3.588762 -0.491684 4.995980
v 3.597626 -0.494339 4.991393
v 3.462487 -0.446276 4.994304
v 3.564283 -0.482500 4.993195
v 3.584807 -0.489469 4.989959
v 3.576431 -0.487052 4.994606
v 3.572699 -0.484806 4.989036
v 3.495138 -0.457521 4.991573
v 3.507317 -0.461994 4.992724
v 3.515610 -0.464385 4.987888
v 3.519570 -0.466501 4.993847
v 3.527765 -0.468884 4.989146
v 3.535497 -0.473093 5.001366
v 3.543695 -0.475482 4.996656
v 3.547829 -0.477663 5.002529
v 3.405355 -0.426472 4.996012
v 3.409225 -0.428451 5.001737
v 3.384834 -0.419869 5.000422
v 3.417601 -0.430807 4.996670
v 3.601234 -0.496403 4.997941
v 3.421396 -0.432798 5.002470
v 3.603882 -0.497909 5.004548
v 3.474733 -0.450711 4.995252
v 3.466220 -0.448295 5.000376
v 3.478535 -0.452743 5.001173
v 3.441981 -0.439521 4.998298
v 3.429735 -0.435124 4.997355
v 3.454186 -0.443927 4.999304
v 3.556071 -0.480094 4.997917
v 3.568138 -0.484614 4.998979
v 3.580525 -0.489256 5.000687
v 3.490682 -0.457193 5.002349
v 3.486818 -0.455121 4.996347
v 3.499042 -0.459610 4.997558
v 3.511257 -0.464075 4.998507
v 3.523369 -0.468577 4.999969
v 3.396956 -0.424144 5.001102
v 3.388624 -0.421831 5.006164
v 3.539444 -0.475227 5.007448
v 3.400888 -0.426143 5.006745
v 3.413119 -0.430480 5.007512
v 3.380224 -0.419522 5.011377
v 3.470235 -0.450387 5.006186
v 3.433679 -0.437179 5.003243
v 3.425180 -0.434788 5.008304
v 3.445805 -0.441544 5.004222
v 3.592572 -0.493827 5.002346
v 3.596659 -0.496029 5.008363
v 3.458017 -0.445944 5.005081
v 3.559979 -0.482230 5.003973
v 3.584332 -0.491382 5.006979
v 3.572150 -0.486821 5.005372
v 3.563786 -0.484331 5.009919
v 3.482339 -0.454782 5.007085
v 3.502860 -0.461704 5.003851
v 3.515100 -0.466183 5.004783
v 3.527367 -0.470712 5.005947
v 3.392478 -0.423811 5.011866
v 3.531210 -0.472809 5.012055
v 3.383965 -0.421451 5.017085
v 3.543346 -0.477348 5.013524
v 3.404618 -0.428110 5.012663
v 3.416723 -0.432424 5.013438
v 3.474040 -0.452427 5.012162
v 3.461828 -0.447984 5.011104
v 3.601418 -0.498483 5.016222
v 3.429031 -0.436807 5.014192
v 3.437354 -0.439159 5.009273
v 3.588377 -0.493579 5.013051
v 3.449712 -0.443588 5.010033
v 3.441320 -0.441210 5.015030
v 3.551661 -0.479779 5.008739
v 3.555660 -0.481940 5.014809
v 3.567733 -0.486496 5.016228
v 3.576098 -0.488963 5.011540
v 3.506710 -0.463752 5.009625
v 3.486261 -0.456898 5.013290
v 3.494532 -0.459254 5.008271
v 3.498556 -0.461375 5.014156
v 3.510744 -0.465887 5.015548
v 3.519079 -0.468330 5.010960
v 3.522887 -0.470391 5.016920
v 3.535123 -0.474935 5.018172
v 3.387759 -0.423423 5.022892
v 3.396106 -0.425747 5.017828
v 3.408427 -0.430113 5.018569
v 3.400064 -0.427765 5.023508
v 3.420706 -0.434465 5.019188
v 3.465602 -0.450006 5.017053
v 3.592240 -0.495745 5.019416
v 3.469599 -0.452107 5.022979
v 3.477949 -0.454492 5.017989
v 3.432857 -0.438840 5.020244
v 3.445084 -0.443226 5.021056
v 3.453379 -0.445585 5.016132
v 3.457386 -0.447669 5.021950
v 3.547382 -0.479511 5.019519
v 3.559348 -0.484007 5.020944
v 3.580131 -0.491147 5.017756
v 3.502334 -0.463457 5.020450
v 3.490089 -0.458944 5.019161
v 3.514478 -0.467950 5.021771
v 3.526767 -0.472496 5.022984
v 3.379258 -0.421063 5.027991
v 3.539018 -0.477067 5.024376
v 3.391460 -0.425370 5.028747
v 3.424376 -0.436440 5.025230
v 3.599894 -0.500082 5.034778
v 3.412288 -0.432106 5.024267
v 3.596861 -0.498137 5.026299
v 3.588038 -0.495502 5.030219
v 3.460948 -0.449645 5.028161
v 3.481742 -0.456558 5.024161
v 3.428345 -0.438487 5.030987
v 3.436662 -0.440849 5.026117
v 3.448918 -0.445265 5.027013
v 3.551183 -0.481626 5.025826
v 3.563344 -0.486182 5.027119
v 3.583938 -0.493281 5.024072
v 3.575651 -0.490834 5.028784
v 3.571729 -0.488690 5.022645
v 3.506181 -0.465549 5.026596
v 3.493993 -0.461052 5.025325
v 3.518704 -0.470173 5.027843
v 3.383188 -0.423083 5.033860
v 3.522353 -0.472190 5.033887
v 3.510053 -0.467646 5.032706
v 3.395426 -0.427401 5.034504
v 3.530659 -0.474618 5.029138
v 3.419918 -0.436120 5.036066
v 3.534659 -0.476778 5.035264
v 3.403783 -0.429732 5.029430
v 3.407593 -0.431725 5.035283
v 3.415957 -0.434076 5.030284
v 3.465005 -0.451757 5.033995
v 3.477320 -0.456247 5.035037
v 3.473316 -0.454143 5.029153
v 3.591957 -0.497627 5.036572
v 3.440460 -0.442840 5.031838
v 3.452892 -0.447360 5.033020
v 3.542805 -0.479173 5.030665
v 3.546826 -0.481354 5.036870
v 3.555098 -0.483761 5.031932
v 3.579744 -0.493046 5.034887
v 3.567429 -0.488402 5.033379
v 3.497921 -0.463147 5.031288
v 3.485567 -0.458625 5.030252
v 3.489454 -0.460712 5.036302
v 3.386905 -0.425031 5.039708
v 3.514004 -0.469778 5.038843
v 3.505713 -0.467362 5.043557
v 3.526236 -0.474315 5.040103
v 3.399063 -0.429339 5.040451
v 3.423630 -0.438111 5.042101
v 3.411312 -0.433711 5.041329
v 3.456670 -0.449355 5.038737
v 3.595888 -0.499802 5.043359
v 3.468855 -0.453818 5.040020
v 3.481189 -0.458325 5.041090
v 3.436014 -0.442548 5.042898
v 3.432091 -0.440495 5.037023
v 3.444390 -0.444935 5.037995
v 3.448197 -0.446967 5.043968
v 3.538558 -0.478904 5.041395
v 3.559172 -0.485960 5.038068
v 3.550745 -0.483477 5.042874
v 3.571358 -0.490575 5.039642
v 3.583562 -0.495194 5.041281
v 3.501770 -0.465235 5.037409
v 3.493373 -0.462811 5.042320
v 3.382167 -0.424631 5.050693
v 3.485097 -0.460412 5.047068
v 3.390785 -0.427052 5.045655
v 3.415203 -0.435734 5.047134
v 3.517635 -0.471792 5.044932
v 3.509568 -0.469475 5.049822
v 3.403024 -0.431387 5.046312
v 3.460338 -0.451385 5.045062
v 3.530182 -0.476459 5.046261
v 3.452088 -0.449035 5.049982
v 3.464101 -0.453415 5.051091
v 3.472799 -0.455916 5.046030
v 3.427544 -0.440156 5.047964
v 3.587939 -0.497504 5.047477
v 3.542477 -0.481049 5.047599
v 3.554722 -0.485658 5.049135
v 3.562986 -0.488100 5.044447
v 3.575336 -0.492774 5.045986
v 3.567060 -0.490308 5.050598
v 3.497236 -0.464886 5.048291
v 3.476667 -0.457992 5.052074
v 3.488883 -0.462498 5.053393
v 3.513455 -0.471542 5.055577
v 3.521731 -0.473976 5.050991
v 3.526067 -0.476244 5.057007
v 3.534036 -0.478559 5.052305
v 3.394558 -0.429013 5.051372
v 3.386019 -0.426636 5.056586
v 3.419064 -0.437765 5.053073
v 3.410657 -0.435350 5.057714
v 3.591403 -0.499539 5.054204
v 3.598437 -0.502375 5.057426
v 3.406772 -0.433366 5.052221
v 3.455896 -0.451077 5.056004
v 3.439696 -0.444553 5.049033
v 3.431299 -0.442169 5.054029
v 3.443702 -0.446642 5.054906
v 3.546409 -0.483197 5.053771
v 3.558667 -0.487830 5.055393
v 3.579264 -0.494937 5.052220
v 3.501260 -0.467043 5.054444
v 3.598688 -0.503553 5.066564
v 3.480417 -0.460061 5.058361
v 3.484432 -0.462185 5.064304
v 3.492636 -0.464527 5.059289
v 3.505239 -0.469175 5.060503
v 3.517452 -0.473724 5.061918
v 3.529856 -0.478342 5.063241
v 3.587282 -0.499342 5.064777
v 3.381366 -0.426278 5.067704
v 3.398240 -0.430982 5.057412
v 3.389828 -0.428630 5.062492
v 3.414426 -0.437400 5.064093
v 3.422863 -0.439785 5.059048
v 3.402109 -0.432998 5.063299
v 3.447584 -0.448707 5.060902
v 3.459694 -0.453124 5.062100
v 3.468153 -0.455567 5.057223
v 3.472059 -0.457651 5.063185
v 3.435185 -0.444227 5.060033
v 3.538067 -0.480743 5.058490
v 3.550308 -0.485350 5.060049
v 3.562640 -0.490017 5.061660
v 3.570910 -0.492460 5.056958
v 3.574970 -0.494671 5.063170
v 3.583218 -0.497163 5.058892
v 3.475962 -0.459745 5.069249
v 3.488092 -0.464256 5.070868
v 3.508987 -0.471276 5.066957
v 3.521285 -0.475854 5.068296
v 3.393644 -0.430629 5.068397
v 3.406023 -0.435037 5.069155
v 3.418189 -0.439411 5.070148
v 3.426703 -0.441821 5.065044
v 3.451335 -0.450736 5.066982
v 3.463723 -0.455256 5.068115
v 3.430555 -0.443867 5.071037
v 3.438957 -0.446286 5.066312
v 3.442969 -0.448358 5.071986
v 3.533581 -0.480439 5.069613
v 3.545782 -0.485011 5.071004
v 3.541933 -0.482906 5.064978
v 3.554243 -0.487503 5.066162
v 3.566587 -0.492206 5.068023
v 3.578914 -0.496899 5.069658
v 3.496733 -0.466725 5.065566
v 3.479831 -0.461869 5.075664
v 3.492149 -0.466387 5.076695
v 3.504549 -0.470972 5.077929
v 3.500508 -0.468816 5.071877
v 3.512795 -0.473370 5.073132
v 3.525111 -0.477943 5.074348
v 3.595257 -0.503778 5.077487
v 3.385179 -0.428267 5.073547
v 3.591163 -0.501531 5.071205
v 3.397461 -0.432643 5.074407
v 3.409709 -0.437029 5.075293
v 3.422179 -0.441496 5.076088
v 3.455284 -0.452838 5.073102
v 3.467441 -0.457295 5.074299
v 3.434426 -0.445929 5.077092
v 3.537518 -0.482590 5.075784
v 3.558227 -0.489733 5.072757
v 3.549811 -0.487249 5.077574
v 3.570484 -0.494412 5.074454
v 3.582806 -0.499076 5.075799
v 3.380387 -0.427856 5.084663
v 3.388912 -0.430249 5.079563
v 3.392822 -0.432277 5.085438
v 3.413645 -0.439083 5.081233
v 3.401180 -0.434638 5.080511
v 3.425879 -0.443498 5.082199
v 3.483591 -0.463898 5.081596
v 3.446674 -0.450371 5.078218
v 3.450688 -0.452464 5.084199
v 3.463038 -0.457005 5.085320
v 3.496055 -0.468508 5.082886
v 3.458998 -0.454872 5.079284
v 3.471405 -0.459414 5.080385
v 3.508414 -0.473087 5.084142
v 3.438245 -0.447970 5.083160
v 3.516991 -0.475618 5.079430
v 3.529183 -0.480165 5.080730
v 3.520673 -0.477678 5.085679
v 3.586821 -0.501343 5.082212
v 3.562186 -0.491930 5.079049
v 3.541435 -0.484784 5.082352
v 3.553855 -0.489438 5.083659
v 3.566306 -0.494195 5.085291
v 3.574646 -0.496655 5.080259
v 3.487709 -0.466084 5.087723
v 3.479131 -0.463606 5.092773
v 3.499969 -0.470638 5.089109
v 3.384227 -0.429881 5.090703
v 3.475339 -0.461538 5.086608
v 3.396691 -0.434322 5.091530
v 3.512439 -0.475263 5.090353
v 3.405082 -0.436682 5.086488
v 3.409129 -0.438756 5.092258
v 3.421378 -0.443175 5.093246
v 3.417174 -0.441035 5.087463
v 3.591599 -0.503717 5.087376
v 3.594015 -0.505461 5.094568
v 3.442159 -0.450044 5.089194
v 3.454599 -0.454577 5.090313
v 3.429913 -0.445594 5.088065
v 3.524743 -0.479869 5.091819
v 3.533040 -0.482308 5.087090
v 3.557734 -0.491624 5.090207
v 3.545451 -0.486954 5.088415
v 3.537072 -0.484499 5.093307
v 3.570069 -0.496376 5.091880
v 3.578578 -0.498977 5.087321
v 3.483163 -0.465761 5.098893
v 3.379588 -0.429530 5.101874
v 3.491473 -0.468175 5.094082
v 3.503831 -0.472748 5.095292
v 3.495535 -0.470340 5.100163
v 3.388176 -0.431944 5.096739
v 3.516264 -0.477389 5.096734
v 3.400454 -0.436318 5.097501
v 3.412544 -0.440599 5.097916
v 3.446103 -0.452152 5.095330
v 3.433609 -0.447628 5.094394
v 3.466855 -0.459069 5.091362
v 3.458279 -0.456620 5.096531
v 3.470819 -0.461201 5.097568
v 3.528553 -0.482000 5.098245
v 3.561935 -0.493908 5.096387
v 3.541275 -0.486754 5.099542
v 3.549328 -0.489165 5.095243
v 3.574126 -0.498634 5.098279
v 3.582285 -0.501036 5.093219
v 3.474645 -0.463297 5.103874
v 3.486947 -0.467847 5.105190
v 3.499303 -0.472416 5.106359
v 3.507816 -0.474918 5.101588
v 3.391918 -0.433921 5.102636
v 3.404331 -0.438345 5.103393
v 3.592466 -0.506161 5.105208
v 3.425111 -0.445200 5.099408
v 3.416710 -0.442808 5.104431
v 3.437423 -0.449688 5.100596
v 3.441491 -0.451804 5.106491
v 3.449822 -0.454191 5.101550
v 3.462362 -0.458761 5.102489
v 3.453867 -0.456330 5.107625
v 3.429098 -0.447300 5.105422
v 3.520245 -0.479562 5.103006
v 3.532702 -0.484265 5.104748
v 3.553431 -0.491355 5.101146
v 3.565735 -0.496069 5.102841
v 3.545123 -0.488916 5.106036
v 3.578042 -0.500804 5.104413
v 3.586523 -0.503380 5.099821
v 3.395625 -0.435908 5.108715
v 3.491133 -0.470068 5.111373
v 3.478656 -0.465416 5.109771
v 3.503220 -0.474573 5.112750
v 3.511950 -0.477131 5.107767
v 3.594560 -0.507724 5.112679
v 3.383295 -0.431510 5.107907
v 3.387283 -0.433570 5.113776
v 3.408205 -0.440344 5.109009
v 3.420571 -0.444858 5.110420
v 3.432926 -0.449388 5.111833
v 3.466209 -0.460859 5.108778
v 3.524275 -0.481762 5.109351
v 3.536419 -0.486312 5.110699
v 3.557252 -0.493517 5.107663
v 3.548876 -0.491033 5.112411
v 3.561387 -0.495759 5.113903
v 3.569707 -0.498279 5.109193
v 3.582058 -0.502985 5.110498
v 3.378637 -0.431143 5.119021
v 3.573669 -0.500498 5.115650
v 3.399658 -0.437998 5.114689
v 3.586087 -0.505227 5.117297
v 3.391051 -0.435578 5.119889
v 3.494673 -0.472096 5.117844
v 3.482909 -0.467628 5.115707
v 3.507245 -0.476762 5.119054
v 3.411997 -0.442448 5.115737
v 3.424512 -0.446980 5.116759
v 3.436796 -0.451439 5.117747
v 3.445212 -0.453844 5.112724
v 3.449259 -0.455984 5.118813
v 3.470117 -0.462966 5.114930
v 3.457614 -0.458386 5.113859
v 3.461497 -0.460480 5.119998
v 3.515771 -0.479248 5.114065
v 3.519720 -0.481417 5.120385
v 3.527888 -0.483813 5.115683
v 3.552936 -0.493258 5.118729
v 3.540588 -0.488588 5.117173
v 3.565297 -0.497966 5.120405
v 3.577670 -0.502705 5.122042
v 3.486403 -0.469678 5.122543
v 3.477958 -0.467226 5.127454
v 3.498685 -0.474249 5.123912
v 3.590068 -0.507399 5.123722
v 3.394807 -0.437588 5.125999
v 3.382418 -0.433154 5.125150
v 3.403393 -0.440016 5.120845
v 3.407374 -0.442103 5.126854
v 3.415888 -0.444487 5.121519
v 3.428584 -0.449068 5.122398
v 3.440673 -0.453525 5.123914
v 3.453086 -0.458059 5.124966
v 3.473994 -0.465083 5.121221
v 3.465479 -0.462618 5.126179
v 3.511194 -0.478915 5.125278
v 3.532137 -0.486093 5.121975
v 3.523613 -0.483585 5.126858
v 3.544486 -0.490753 5.123511
v 3.556837 -0.495445 5.125210
v 3.569236 -0.500166 5.126775
v 3.386391 -0.435221 5.131083
v 3.561011 -0.497724 5.131595
v 3.573201 -0.502367 5.133160
v 3.377681 -0.432771 5.136324
v 3.581704 -0.504930 5.128502
v 3.490535 -0.471873 5.128644
v 3.398839 -0.439689 5.132012
v 3.502719 -0.476434 5.130153
v 3.419685 -0.446573 5.127990
v 3.432217 -0.451100 5.128880
v 3.444612 -0.455638 5.130082
v 3.469372 -0.464737 5.132442
v 3.456965 -0.460165 5.131209
v 3.515072 -0.481081 5.131801
v 3.527573 -0.485771 5.133247
v 3.535943 -0.488237 5.128440
v 3.548408 -0.492929 5.129860
v 3.540078 -0.490482 5.134751
v 3.390110 -0.437232 5.137303
v 3.564843 -0.499882 5.138009
v 3.411099 -0.444125 5.133066
v 3.402523 -0.441688 5.138206
v 3.415119 -0.446234 5.139132
v 3.423508 -0.448628 5.134143
v 3.427461 -0.450714 5.140156
v 3.435966 -0.453135 5.134998
v 3.448523 -0.457743 5.136272
v 3.460865 -0.462292 5.137540
v 3.473272 -0.466877 5.138853
v 3.481823 -0.469355 5.133832
v 3.506668 -0.478608 5.136541
v 3.519177 -0.483299 5.138051
v 3.531543 -0.487964 5.139654
v 3.585794 -0.507189 5.135075
v 3.577225 -0.504615 5.139752
v 3.552435 -0.495166 5.136396
v 3.485708 -0.471488 5.140162
v 3.494407 -0.474015 5.135031
v 3.498176 -0.476135 5.141536
v 3.418872 -0.448275 5.145378
v 3.560506 -0.499632 5.149257
v 3.556361 -0.497354 5.142781
v 3.548181 -0.494942 5.147548
v 3.385489 -0.436885 5.148491
v 3.381500 -0.434802 5.142457
v 3.393971 -0.439289 5.143473
v 3.535486 -0.490157 5.146163
v 3.568823 -0.502096 5.144412
v 3.477278 -0.469039 5.145083
v 3.489528 -0.473610 5.146554
v 3.406509 -0.443788 5.144335
v 3.431264 -0.452774 5.146361
v 3.439935 -0.455273 5.141340
v 3.443847 -0.457389 5.147621
v 3.452283 -0.459815 5.142598
v 3.464803 -0.464440 5.143933
v 3.456336 -0.461974 5.148773
v 3.510615 -0.480789 5.143000
v 3.522995 -0.485444 5.144553
v 3.543724 -0.492592 5.141413
v 3.422745 -0.450351 5.151515
v 3.376877 -0.434474 5.153806
v 3.397976 -0.441367 5.149364
v 3.410417 -0.445867 5.150422
v 3.435225 -0.454907 5.152666
v 3.551968 -0.497105 5.154137
v 3.538543 -0.492023 5.152606
v 3.572866 -0.504357 5.151003
v 3.481130 -0.471166 5.151483
v 3.493649 -0.475835 5.152875
v 3.502126 -0.478316 5.147979
v 3.447759 -0.459503 5.153877
v 3.468710 -0.466549 5.150072
v 3.514598 -0.482988 5.149483
v 3.426686 -0.452466 5.157767
v 3.564357 -0.501827 5.155893
v 3.414304 -0.447949 5.156596
v 3.568531 -0.504111 5.162272
v 3.380638 -0.436486 5.159945
v 3.389220 -0.438904 5.154723
v 3.393244 -0.441006 5.160779
v 3.401834 -0.443434 5.155571
v 3.439191 -0.457047 5.159014
v 3.460229 -0.464106 5.155171
v 3.543323 -0.494453 5.158500
v 3.555802 -0.499340 5.161185
v 3.418040 -0.450003 5.162957
v 3.559992 -0.501565 5.167105
v 3.422083 -0.452134 5.169043
v 3.375890 -0.436110 5.171252
v 3.384602 -0.438557 5.165927
v 3.396968 -0.443024 5.167021
v 3.405569 -0.445474 5.161885
v 3.409591 -0.447588 5.167957
v 3.547538 -0.497021 5.167068
v 3.413416 -0.449663 5.174252
v 3.388473 -0.440679 5.172625
v 3.400909 -0.445122 5.173193
v 3.425755 -0.454189 5.175592
v 3.564106 -0.503891 5.174042
v 3.551443 -0.499020 5.172014
v 3.417658 -0.451881 5.180476
v 3.379864 -0.438195 5.177354
v 3.392363 -0.442695 5.178310
v 3.404787 -0.447205 5.179426
v 3.450212 -0.465209 5.195571
v 3.429767 -0.456322 5.181739
v 3.433772 -0.458459 5.187905
v 3.529815 -0.493191 5.191066
v 3.555568 -0.501291 5.178419
v 3.462709 -0.469849 5.196924
v 3.475274 -0.474522 5.198305
v 3.496389 -0.481711 5.194778
v 3.517650 -0.488851 5.190599
v 3.408517 -0.449352 5.186653
v 3.420706 -0.453726 5.187128
v 3.375044 -0.437815 5.188881
v 3.383575 -0.440217 5.183676
v 3.396097 -0.444739 5.184677
v 3.387608 -0.442323 5.189732
v 3.400131 -0.446856 5.190758
v 3.437600 -0.460567 5.194369
v 3.508869 -0.486382 5.196273
v 3.559478 -0.503515 5.185122
v 3.551180 -0.500739 5.189864
v 3.544073 -0.498801 5.197810
v 3.412666 -0.451420 5.191861
v 3.403950 -0.448935 5.197120
v 3.425084 -0.455972 5.193145
v 3.378880 -0.439865 5.195081
v 3.521027 -0.490881 5.197194
v 3.555130 -0.503227 5.196531
v 3.487857 -0.479217 5.199699
v 3.374004 -0.439446 5.206450
v 3.407888 -0.451039 5.203351
v 3.416408 -0.453487 5.198307
v 3.420481 -0.455640 5.204476
v 3.382767 -0.441942 5.201290
v 3.391337 -0.444372 5.196124
v 3.395337 -0.446488 5.202267
v 3.441621 -0.462732 5.200700
v 3.429018 -0.458114 5.199594
v 3.454061 -0.467339 5.202037
v 3.500298 -0.483891 5.201218
v 3.546510 -0.499911 5.199008
v 3.525480 -0.493401 5.204441
v 3.533625 -0.494741 5.193347
v 3.513067 -0.488707 5.202775
v 3.543844 -0.499266 5.203052
v 3.399231 -0.448576 5.208528
v 3.550532 -0.503078 5.207909
v 3.479043 -0.476631 5.204740
v 3.386651 -0.444023 5.207522
v 3.445591 -0.464893 5.207127
v 3.432833 -0.460205 5.205932
v 3.466651 -0.472009 5.203327
v 3.458114 -0.469522 5.208321
v 3.470701 -0.474200 5.209675
v 3.483253 -0.478900 5.211177
v 3.491797 -0.481403 5.206161
v 3.504287 -0.486112 5.207615
v 3.516537 -0.490929 5.210495
v 3.474605 -0.476356 5.216205
v 3.403067 -0.450661 5.214945
v 3.546713 -0.502491 5.216889
v 3.533505 -0.497775 5.217578
v 3.411689 -0.453127 5.209770
v 3.424318 -0.457744 5.210886
v 3.415749 -0.455287 5.216011
v 3.378068 -0.441611 5.212874
v 3.390541 -0.446110 5.213803
v 3.449447 -0.467007 5.213485
v 3.436700 -0.462331 5.212395
v 3.428315 -0.459897 5.217216
v 3.461957 -0.471664 5.214897
v 3.495723 -0.483605 5.212748
v 3.508159 -0.488342 5.214409
v 3.520897 -0.493157 5.215918
v 3.529403 -0.495569 5.211102
v 3.478563 -0.478540 5.222770
v 3.546018 -0.502641 5.219339
v 3.407009 -0.452779 5.221238
v 3.394576 -0.448245 5.220055
v 3.419523 -0.457369 5.222457
v 3.381937 -0.443668 5.218978
v 3.385819 -0.445752 5.225291
v 3.440881 -0.464531 5.218495
v 3.453393 -0.469157 5.219907
v 3.465934 -0.473835 5.221433
v 3.487080 -0.481058 5.217820
v 3.491211 -0.483294 5.224189
v 3.499683 -0.485812 5.219266
v 3.512715 -0.490730 5.220481
v 3.524843 -0.495372 5.222416
v 3.469870 -0.475986 5.227875
v 3.398331 -0.450302 5.226439
v 3.410882 -0.454900 5.227748
v 3.423521 -0.459526 5.228809
v 3.376960 -0.443239 5.230644
v 3.436183 -0.464187 5.230037
v 3.444690 -0.466654 5.225040
v 3.448773 -0.468849 5.231366
v 3.432099 -0.461999 5.223710
v 3.457243 -0.471320 5.226736
v 3.482537 -0.480736 5.229294
v 3.503624 -0.487818 5.224158
v 3.516502 -0.492610 5.224640
v 3.537469 -0.500147 5.223861
v 3.527402 -0.497154 5.228744
v 3.541594 -0.502419 5.230955
v 3.473953 -0.478199 5.234256
v 3.393623 -0.449959 5.237936
v 3.402245 -0.452391 5.232614
v 3.415170 -0.457051 5.233263
v 3.427492 -0.461679 5.235133
v 3.381023 -0.445383 5.236874
v 3.389567 -0.447812 5.231714
v 3.440038 -0.466359 5.236491
v 3.460704 -0.473300 5.233163
v 3.450144 -0.470228 5.238575
v 3.494866 -0.485440 5.231233
v 3.486511 -0.482949 5.235893
v 3.499098 -0.487714 5.237629
v 3.507904 -0.490339 5.232580
v 3.511790 -0.492494 5.238968
v 3.519343 -0.494174 5.228742
v 3.532964 -0.499543 5.231935
v 3.469321 -0.477898 5.245780
v 3.465258 -0.475670 5.239382
v 3.477928 -0.480413 5.240754
v 3.406169 -0.454516 5.239152
v 3.418841 -0.459168 5.240316
v 3.409972 -0.456552 5.245334
v 3.376075 -0.444944 5.248478
v 3.384759 -0.447433 5.243289
v 3.431495 -0.463876 5.241479
v 3.444617 -0.468564 5.240607
v 3.456687 -0.473187 5.244340
v 3.490494 -0.485139 5.242249
v 3.503155 -0.489930 5.244025
v 3.525772 -0.497903 5.238932
v 3.536942 -0.502093 5.242403
v 3.481919 -0.482634 5.247252
v 3.397385 -0.452036 5.244444
v 3.388733 -0.449582 5.249587
v 3.401462 -0.454193 5.250684
v 3.414078 -0.458755 5.252041
v 3.422645 -0.461297 5.246863
v 3.435526 -0.466120 5.246978
v 3.426719 -0.463499 5.253191
v 3.447303 -0.470177 5.244822
v 3.507158 -0.492183 5.250559
v 3.494491 -0.487366 5.248919
v 3.515697 -0.494704 5.245670
v 3.519830 -0.496982 5.252228
v 3.533397 -0.501795 5.250611
v 3.464635 -0.477611 5.257409
v 3.473158 -0.480083 5.252484
v 3.477293 -0.482340 5.258907
v 3.392728 -0.451742 5.255768
v 3.405255 -0.456277 5.257241
v 3.380009 -0.447096 5.254836
v 3.436678 -0.466986 5.249479
v 3.451797 -0.473207 5.253849
v 3.460536 -0.475374 5.250972
v 3.498501 -0.489586 5.255244
v 3.485825 -0.484849 5.254092
v 3.489932 -0.487082 5.260483
v 3.511109 -0.494396 5.256793
v 3.532349 -0.501739 5.253901
v 3.468847 -0.479894 5.263070
v 3.384391 -0.449499 5.261335
v 3.395797 -0.453235 5.258861
v 3.409301 -0.458474 5.263549
v 3.418435 -0.461109 5.259142
v 3.422422 -0.463207 5.264898
v 3.375236 -0.446742 5.266568
v 3.429992 -0.464963 5.253776
v 3.432943 -0.468108 5.261781
v 3.444533 -0.471081 5.254349
v 3.455836 -0.475601 5.260202
v 3.502426 -0.491871 5.262182
v 3.481145 -0.484557 5.265828
v 3.463793 -0.479449 5.270831
v 3.472946 -0.482298 5.270169
v 3.386112 -0.451331 5.269284
v 3.378450 -0.449008 5.273238
v 3.400348 -0.456170 5.267472
v 3.423574 -0.464624 5.270850
v 3.413129 -0.460636 5.270150
v 3.445026 -0.475424 5.272355
v 3.434111 -0.473334 5.278012
v 3.497947 -0.491555 5.273787
v 3.511478 -0.496415 5.271309
v 3.485205 -0.486785 5.272293
v 3.493828 -0.489292 5.267252
v 3.457286 -0.479238 5.286608
v 3.462522 -0.479608 5.275815
v 3.475621 -0.484098 5.277472
v 3.378239 -0.450953 5.286584
v 3.388221 -0.453695 5.278709
v 3.419911 -0.463423 5.273821
v 3.399276 -0.456329 5.270588
v 3.372462 -0.448616 5.286307
v 3.426203 -0.469614 5.282377
v 3.438563 -0.476029 5.287124
v 3.452445 -0.477154 5.272770
v 3.501791 -0.493848 5.281543
v 3.489126 -0.488983 5.278902
v 3.466434 -0.481983 5.285192
v 3.480363 -0.486390 5.282537
v 3.382113 -0.452854 5.288982
v 3.389768 -0.454947 5.281772
v 3.422040 -0.465266 5.278915
v 3.392875 -0.458428 5.290695
v 3.405299 -0.464472 5.288719
v 3.429111 -0.472789 5.287932
v 3.493193 -0.491206 5.285561
v 3.460875 -0.480484 5.287925
v 3.451821 -0.477867 5.293662
v 3.462752 -0.481712 5.293375
v 3.471102 -0.483836 5.287422
v 3.377912 -0.451065 5.288846
v 3.407261 -0.465806 5.291142
v 3.425765 -0.467593 5.285434
v 3.432732 -0.471641 5.299340
v 3.452128 -0.477937 5.292624
v 3.497335 -0.493494 5.292187
v 3.514872 -0.500206 5.299032
v 3.485063 -0.488262 5.284262
v 3.451343 -0.478116 5.297580
v 3.473874 -0.486465 5.299715
v 3.466811 -0.483957 5.299617
v 3.373274 -0.450245 5.302825
v 3.381380 -0.452707 5.293366
v 3.396705 -0.459327 5.294412
v 3.384122 -0.454145 5.301422
v 3.415523 -0.463729 5.293206
v 3.420629 -0.466645 5.301821
v 3.408555 -0.459980 5.296668
v 3.440195 -0.474051 5.297444
v 3.427018 -0.469919 5.301290
v 3.488115 -0.491143 5.296783
v 3.501252 -0.495728 5.298981
v 3.447744 -0.477199 5.299297
v 3.457150 -0.481211 5.304531
v 3.472562 -0.486511 5.303759
v 3.475863 -0.487958 5.305631
v 3.390207 -0.455628 5.305266
v 3.416491 -0.464277 5.300353
v 3.432667 -0.473152 5.301425
v 3.490052 -0.493398 5.307031
v 3.507565 -0.499295 5.312259
v 3.482343 -0.491671 5.314648
v 3.509840 -0.499771 5.312632
v 3.449826 -0.478786 5.304703
v 3.463839 -0.483886 5.307745
v 3.473686 -0.487619 5.310252
v 3.377323 -0.452288 5.309269
v 3.417053 -0.466335 5.310586
v 3.424326 -0.468831 5.308413
v 3.409633 -0.462090 5.318775
v 3.428451 -0.471147 5.314492
v 3.438201 -0.475438 5.313906
v 3.491736 -0.495599 5.317636
v 3.453988 -0.481344 5.316848
v 3.439339 -0.476580 5.321769
v 3.465674 -0.485199 5.315661
v 3.474526 -0.488384 5.319183
v 3.372335 -0.452134 5.321131
v 3.381118 -0.454434 5.315914
v 3.385220 -0.456651 5.322336
v 3.389931 -0.458538 5.323751
v 3.417464 -0.469633 5.323182
v 3.485478 -0.493016 5.318316
v 3.491509 -0.495419 5.323726
v 3.501039 -0.497981 5.319120
v 3.444131 -0.478624 5.325257
v 3.449071 -0.480823 5.331065
v 3.456929 -0.482864 5.323848
v 3.470976 -0.487566 5.327416
v 3.372398 -0.452210 5.321499
v 3.398144 -0.461891 5.326520
v 3.410367 -0.467636 5.324599
v 3.434214 -0.475258 5.325225
v 3.434322 -0.475339 5.325521
v 3.486633 -0.491305 5.328292
v 3.507808 -0.498292 5.327117
v 3.439412 -0.477872 5.333366
v 3.462305 -0.485132 5.331582
v 3.475270 -0.489104 5.334186
v 3.371465 -0.453820 5.339612
v 3.377183 -0.458608 5.333195
v 3.389021 -0.458765 5.328984
v 3.393112 -0.460951 5.335483
v 3.405314 -0.465504 5.325944
v 3.410800 -0.467991 5.325001
v 3.414647 -0.469685 5.326890
v 3.443743 -0.480234 5.342998
v 3.452737 -0.482606 5.337574
v 3.465411 -0.486828 5.339492
v 3.385112 -0.457098 5.338013
v 3.407846 -0.468176 5.336559
v 3.399470 -0.465165 5.344978
v 3.421706 -0.473435 5.343327
v 3.375255 -0.454622 5.341133
v 3.389309 -0.460611 5.348461
v 3.401218 -0.466878 5.353638
v 3.409107 -0.469175 5.342161
v 3.370415 -0.455441 5.358045
v 3.431111 -0.477629 5.359297
v 3.392396 -0.462871 5.354866
v 3.379811 -0.457125 5.351532
v 3.404839 -0.468610 5.356574
v 3.418114 -0.473421 5.358426
v 3.434690 -0.479312 5.365024
v 3.447534 -0.484092 5.366649
v 3.396349 -0.465640 5.360743
v 3.385137 -0.460277 5.358046
v 3.422871 -0.475464 5.364518
v 3.481100 -0.498936 5.383538
v 3.375073 -0.457597 5.366111
v 3.425774 -0.476925 5.370221
v 3.400921 -0.468490 5.370070
v 3.391548 -0.464314 5.363184
v 3.377049 -0.460999 5.368351
v 3.413556 -0.472791 5.369387
v 3.369566 -0.457285 5.376737
v 3.429556 -0.478843 5.376249
v 3.438564 -0.481493 5.371945
v 3.451406 -0.486333 5.373539
v 3.442734 -0.483747 5.378585
v 3.392035 -0.465728 5.371268
v 3.416065 -0.474059 5.374370
v 3.455595 -0.488671 5.380279
v 3.419766 -0.476070 5.382353
v 3.433586 -0.481136 5.384278
v 3.459652 -0.491123 5.385723
v 3.474249 -0.498055 5.393220
v 3.385901 -0.464519 5.385447
v 3.396065 -0.467677 5.380762
v 3.373451 -0.459520 5.383405
v 3.407292 -0.471453 5.380581
v 3.425402 -0.478647 5.389448
v 3.437787 -0.483399 5.390774
v 3.446768 -0.486014 5.385420
v 3.391425 -0.466701 5.391297
v 3.377489 -0.461655 5.389987
v 3.403389 -0.470617 5.392006
v 3.411911 -0.473696 5.387238
v 3.368530 -0.459060 5.395392
v 3.417150 -0.475966 5.394735
v 3.429784 -0.480524 5.392778
v 3.441953 -0.485681 5.397457
v 3.450661 -0.488317 5.392412
v 3.464689 -0.494040 5.391515
v 3.476287 -0.498503 5.395625
v 3.454852 -0.490705 5.399138
v 3.381373 -0.463747 5.396737
v 3.407473 -0.472518 5.399147
v 3.419178 -0.477126 5.401030
v 3.433466 -0.482768 5.403237
v 3.445866 -0.487902 5.404465
v 3.470935 -0.498387 5.400712
v 3.385830 -0.465945 5.404020
v 3.396098 -0.469230 5.402953
v 3.416277 -0.477278 5.412716
v 3.413503 -0.475393 5.405057
v 3.424750 -0.479843 5.408285
v 3.435663 -0.484068 5.410438
v 3.452377 -0.491140 5.407836
v 3.454297 -0.492222 5.408313
v 3.464799 -0.498583 5.413774
v 3.471533 -0.498113 5.407741
v 3.376573 -0.463471 5.408906
v 3.400095 -0.471668 5.411737
v 3.429054 -0.481849 5.413862
v 3.437691 -0.485056 5.414713
v 3.457403 -0.492004 5.423423
v 3.466966 -0.497581 5.419992
v 3.380671 -0.465675 5.415401
v 3.409021 -0.475167 5.415085
v 3.367525 -0.460862 5.414191
v 3.371503 -0.463085 5.420920
v 3.420564 -0.479461 5.419368
v 3.448323 -0.489129 5.427480
v 3.433555 -0.483976 5.421496
v 3.463849 -0.495043 5.425502
v 3.387034 -0.470019 5.428101
v 3.399758 -0.474254 5.429467
v 3.424932 -0.481773 5.427474
v 3.448323 -0.489872 5.434789
v 3.439712 -0.486465 5.429552
v 3.462266 -0.497155 5.432210
v 3.376991 -0.466161 5.430031
v 3.405409 -0.477168 5.437614
v 3.458992 -0.495158 5.434259
v 3.444704 -0.488787 5.438416
v 3.387684 -0.472278 5.435547
v 3.409590 -0.479413 5.444371
v 3.443543 -0.488993 5.442770
v 3.413481 -0.481625 5.451434
v 3.457681 -0.496607 5.444471
v 3.380376 -0.474245 5.453038
v 3.392606 -0.475520 5.444145
v 3.368046 -0.463945 5.439394
v 3.398393 -0.477860 5.449105
v 3.422770 -0.484233 5.457652
v 3.436401 -0.489367 5.464160
v 3.405015 -0.479541 5.450400
v 3.383082 -0.475486 5.459625
v 3.372965 -0.471768 5.469409
v 3.411485 -0.481170 5.461600
v 3.420365 -0.483544 5.463587
v 3.434244 -0.488729 5.466753
v 3.413515 -0.480603 5.474039
v 3.427511 -0.486393 5.472025
v 3.439558 -0.492828 5.474858
v 3.380338 -0.469751 5.474360
v 3.368601 -0.468529 5.478123
v 3.442774 -0.495583 5.480990
v 3.417502 -0.482713 5.479374
v 3.431161 -0.489858 5.481732
v 3.384549 -0.469369 5.495181
v 3.421850 -0.485990 5.486516
v 3.434699 -0.492305 5.485074
v 3.373868 -0.468980 5.482081
v 3.384520 -0.469366 5.495105
v 3.427008 -0.490630 5.494608
v 3.437810 -0.495204 5.492808
v 3.431138 -0.492938 5.496746
v 3.367696 -0.470423 5.497487
v 3.366724 -0.472324 5.516938
v 3.379855 -0.477157 5.518353
v 3.433116 -0.495132 5.505834
v 3.376288 -0.472485 5.510283
v 3.383774 -0.479444 5.525554
v 3.374838 -0.476941 5.530640
v 3.372411 -0.474831 5.519915
v 3.365643 -0.474203 5.536309
v 3.392040 -0.484120 5.539556
v 3.378809 -0.479202 5.537942
v 3.369892 -0.476612 5.543727
v 3.396338 -0.486430 5.545745
v 3.401166 -0.489058 5.553647
v 3.364746 -0.476107 5.555956
v 3.373684 -0.478779 5.550672
v 3.383115 -0.481736 5.546484
v 3.377861 -0.481072 5.557623
v 3.391107 -0.486053 5.559258
v 3.404612 -0.491163 5.561548
v 3.368673 -0.478338 5.563153
v 3.381931 -0.483351 5.564744
v 3.372906 -0.480682 5.570151
v 3.395066 -0.488292 5.566517
v 3.399290 -0.490607 5.573608
v 3.376941 -0.482975 5.577340
v 3.389612 -0.487817 5.579631
v 3.380918 -0.485254 5.584583
v 3.393140 -0.489985 5.587462
vt 0.011194 0.001866
vt 0.003731 0.001866
vt 0.011194 0.009328
vt 0.001866 0.013060
vt 0.001866 0.005597
vt 0.009328 0.013060
vt 0.011194 0.016791
vt 0.003731 0.016791
vt 0.011194 0.024254
vt 0.001866 0.027985
vt 0.001866 0.020522
vt 0.009328 0.027985
vt 0.011194 0.031716
vt 0.003731 0.031716
vt 0.011194 0.039179
vt 0.001866 0.042910
vt 0.001866 0.035448
vt 0.009328 0.042910
vt 0.011194 0.046642
vt 0.003731 0.046642
vt 0.011194 0.054104
vt 0.001866 0.057836
vt 0.001866 0.050373
vt 0.009328 0.057836
vt 0.011194 0.061567
vt 0.003731 0.061567
vt 0.011194 0.069030
vt 0.001866 0.072761
vt 0.001866 0.065299
vt 0.009328 0.072761
vt 0.011194 0.076493
vt 0.003731 0.076493
vt 0.011194 0.083955
vt 0.001866 0.087687
vt 0.001866 0.080224
vt 0.009328 0.087687
vt 0.011194 0.091418
vt 0.003731 0.091418
vt 0.011194 0.098881
vt 0.001866 0.102612
vt 0.001866 0.095149
vt 0.009328 0.102612
vt 0.011194 0.106343
vt 0.003731 0.106343
vt 0.011194 0.113806
vt 0.001866 0.117537
vt 0.001866 0.110075
vt 0.009328 0.117537
vt 0.011194 0.121269
vt 0.003731 0.121269
vt 0.011194 0.128731
vt 0.001866 0.132463
vt 0.001866 0.125000
vt 0.009328 0.132463
vt 0.011194 0.136194
vt 0.003731 0.136194
vt 0.011194 0.143657
vt 0.001866 0.147388
vt 0.001866 0.139925
vt 0.009328 0.147388
vt 0.011194 0.151119
vt 0.003731 0.151119
vt 0.011194 0.158582
vt 0.001866 0.162313
vt 0.001866 0.154851
vt 0.009328 0.162313
vt 0.011194 0.166045
vt 0.003731 0.166045
vt 0.011194 0.173507
vt 0.001866 0.177239
vt 0.001866 0.169776
vt 0.009328 0.177239
vt 0.011194 0.180970
vt 0.003731 0.180970
vt 0.011194 0.188433
vt 0.001866 0.192164
vt 0.001866 0.184701
vt 0.009328 0.192164
vt 0.011194 0.195896
vt 0.003731 0.195896
vt 0.011194 0.203358
vt 0.001866 0.207090
vt 0.001866 0.199627
vt 0.009328 0.207090
vt 0.011194 0.210821
vt 0.003731 0.210821
vt 0.011194 0.218284
vt 0.001866 0.222015
vt 0.001866 0.214552
vt 0.009328 0.222015
vt 0.011194 0.225746
vt 0.003731 0.225746
vt 0.011194 0.233209
vt 0.001866 0.236940
vt 0.001866 0.229478
vt 0.009328 0.236940
vt 0.011194 0.240672
vt 0.003731 0.240672
vt 0.011194 0.248134
vt 0.001866 0.251866
vt 0.001866 0.244403
vt 0.009328 0.251866
vt 0.011194 0.255597
vt 0.003731 0.255597
vt 0.011194 0.263060
vt 0.001866 0.266791
vt 0.001866 0.259328
vt 0.009328 0.266791
vt 0.011194 0.270522
vt 0.003731 0.270522
vt 0.011194 0.277985
vt 0.001866 0.281716
vt 0.001866 0.274254
vt 0.009328 0.281716
vt 0.011194 0.285448
vt 0.003731 0.285448
vt 0.011194 0.292910
vt 0.001866 0.296642
vt 0.001866 0.289179
vt 0.009328 0.296642
vt 0.011194 0.300373
vt 0.003731 0.300373
vt 0.011194 0.307836
vt 0.001866 0.311567
vt 0.001866 0.304104
vt 0.009328 0.311567
vt 0.011194 0.315298
vt 0.003731 0.315298
vt 0.011194 0.322761
vt 0.001866 0.326493
vt 0.001866 0.319030
vt 0.009328 0.326493
vt 0.011194 0.330224
vt 0.003731 0.330224
vt 0.011194 0.337687
vt 0.001866 0.341418
vt 0.001866 0.333955
vt 0.009328 0.341418
vt 0.011194 0.345149
vt 0.003731 0.345149
vt 0.011194 0.352612
vt 0.001866 0.356343
vt 0.001866 0.348881
vt 0.009328 0.356343
vt 0.011194 0.360075
vt 0.003731 0.360075
vt 0.011194 0.367537
vt 0.001866 0.371269
vt 0.001866 0.363806
vt 0.009328 0.371269
vt 0.011194 0.375000
vt 0.003731 0.375000
vt 0.011194 0.382463
vt 0.001866 0.386194
vt 0.001866 0.378731
vt 0.009328 0.386194
vt 0.011194 0.389925
vt 0.003731 0.389925
vt 0.011194 0.397388
vt 0.001866 0.401119
vt 0.001866 0.393657
vt 0.009328 0.401119
vt 0.011194 0.404851
vt 0.003731 0.404851
vt 0.011194 0.412313
vt 0.001866 0.416045
vt 0.001866 0.408582
vt 0.009328 0.416045
vt 0.011194 0.419776
vt 0.003731 0.419776
vt 0.011194 0.427239
vt 0.001866 0.430970
vt 0.001866 0.423507
vt 0.009328 0.430970
vt 0.011194 0.434701
vt 0.003731 0.434701
vt 0.011194 0.442164
vt 0.001866 0.445896
vt 0.001866 0.438433
vt 0.009328 0.445896
vt 0.011194 0.449627
vt 0.003731 0.449627
vt 0.011194 0.457090
vt 0.001866 0.460821
vt 0.001866 0.453358
vt 0.009328 0.460821
vt 0.011194 0.464552
vt 0.003731 0.464552
vt 0.011194 0.472015
vt 0.001866 0.475746
vt 0.001866 0.468284
vt 0.009328 0.475746
vt 0.011194 0.479478
vt 0.003731 0.479478
vt 0.011194 0.486940
vt 0.001866 0.490672
vt 0.001866 0.483209
vt 0.009328 0.490672
vt 0.011194 0.494403
vt 0.003731 0.494403
vt 0.011194 0.501866
vt 0.001866 0.505597
vt 0.001866 0.498134
vt 0.009328 0.505597
vt 0.011194 0.509328
vt 0.003731 0.509328
vt 0.011194 0.516791
vt 0.001866 0.520522
vt 0.001866 0.513060
vt 0.009328 0.520522
vt 0.011194 0.524254
vt 0.003731 0.524254
vt 0.011194 0.531716
vt 0.001866 0.535448
vt 0.001866 0.527985
vt 0.009328 0.535448
vt 0.011194 0.539179
vt 0.003731 0.539179
vt 0.011194 0.546642
vt 0.001866 0.550373
vt 0.001866 0.542910
vt 0.009328 0.550373
vt 0.011194 0.554104
vt 0.003731 0.554104
vt 0.011194 0.561567
vt 0.001866 0.565298
vt 0.001866 0.557836
vt 0.009328 0.565298
vt 0.011194 0.569030
vt 0.003731 0.569030
vt 0.011194 0.576493
vt 0.001866 0.580224
vt 0.001866 0.572761
vt 0.009328 0.580224
vt 0.011194 0.583955
vt 0.003731 0.583955
vt 0.011194 0.591418
vt 0.001866 0.595149
vt 0.001866 0.587687
vt 0.009328 0.595149
vt 0.011194 0.598881
vt 0.003731 0.598881
vt 0.011194 0.606343
vt 0.001866 0.610075
vt 0.001866 0.602612
vt 0.009328 0.610075
vt 0.011194 0.613806
vt 0.003731 0.613806
vt 0.011194 0.621269
vt 0.001866 0.625000
vt 0.001866 0.617537
vt 0.009328 0.625000
vt 0.011194 0.628731
vt 0.003731 0.628731
vt 0.011194 0.636194
vt 0.001866 0.639925
vt 0.001866 0.632463
vt 0.009328 0.639925
vt 0.011194 0.643657
vt 0.003731 0.643657
vt 0.011194 0.651119
vt 0.001866 0.654851
vt 0.001866 0.647388
vt 0.009328 0.654851
vt 0.011194 0.658582
vt 0.003731 0.658582
vt 0.011194 0.666045
vt 0.001866 0.669776
vt 0.001866 0.662313
vt 0.009328 0.669776
vt 0.011194 0.673507
vt 0.003731 0.673507
vt 0.011194 0.680970
vt 0.001866 0.684702
vt 0.001866 0.677239
vt 0.009328 0.684702
vt 0.011194 0.688433
vt 0.003731 0.688433
vt 0.011194 0.695895
vt 0.001866 0.699627
vt 0.001866 0.692164
vt 0.009328 0.699627
vt 0.011194 0.703358
vt 0.003731 0.703358
vt 0.011194 0.710821
vt 0.001866 0.714552
vt 0.001866 0.707090
vt 0.009328 0.714552
vt 0.011194 0.718284
vt 0.003731 0.718284
vt 0.011194 0.725746
vt 0.001866 0.729478
vt 0.001866 0.722015
vt 0.009328 0.729478
vt 0.011194 0.733209
vt 0.003731 0.733209
vt 0.011194 0.740672
vt 0.001866 0.744403
vt 0.001866 0.736940
vt 0.009328 0.744403
vt 0.011194 0.748134
vt 0.003731 0.748134
vt 0.011194 0.755597
vt 0.001866 0.759328
vt 0.001866 0.751866
vt 0.009328 0.759328
vt 0.011194 0.763060
vt 0.003731 0.763060
vt 0.011194 0.770522
vt 0.001866 0.774254
vt 0.001866 0.766791
vt 0.009328 0.774254
vt 0.011194 0.777985
vt 0.003731 0.777985
vt 0.011194 0.785448
vt 0.001866 0.789179
vt 0.001866 0.781716
vt 0.009328 0.789179
vt 0.011194 0.792910
vt 0.003731 0.792910
vt 0.011194 0.800373
vt 0.001866 0.804104
vt 0.001866 0.796642
vt 0.009328 0.804104
vt 0.011194 0.807836
vt 0.003731 0.807836
vt 0.011194 0.815298
vt 0.001866 0.819030
vt 0.001866 0.811567
vt 0.009328 0.819030
vt 0.011194 0.822761
vt 0.003731 0.822761
vt 0.011194 0.830224
vt 0.001866 0.833955
vt 0.001866 0.826492
vt 0.009328 0.833955
vt 0.011194 0.837687
vt 0.003731 0.837687
vt 0.011194 0.845149
vt 0.001866 0.848881
vt 0.001866 0.841418
vt 0.009328 0.848881
vt 0.011194 0.852612
vt 0.003731 0.852612
vt 0.011194 0.860075
vt 0.001866 0.863806
vt 0.001866 0.856343
vt 0.009328 0.863806
vt 0.011194 0.867537
vt 0.003731 0.867537
vt 0.011194 0.875000
vt 0.001866 0.878731
vt 0.001866 0.871269
vt 0.009328 0.878731
vt 0.011194 0.882463
vt 0.003731 0.882463
vt 0.011194 0.889925
vt 0.001866 0.893657
vt 0.001866 0.886194
vt 0.009328 0.893657
vt 0.011194 0.897388
vt 0.003731 0.897388
vt 0.011194 0.904851
vt 0.001866 0.908582
vt 0.001866 0.901119
vt 0.009328 0.908582
vt 0.011194 0.912313
vt 0.003731 0.912313
vt 0.011194 0.919776
vt 0.001866 0.923507
vt 0.001866 0.916045
vt 0.009328 0.923507
vt 0.011194 0.927239
vt 0.003731 0.927239
vt 0.011194 0.934701
vt 0.001866 0.938433
vt 0.001866 0.930970
vt 0.009328 0.938433
vt 0.011194 0.942164
vt 0.003731 0.942164
vt 0.011194 0.949627
vt 0.001866 0.953358
vt 0.001866 0.945895
vt 0.009328 0.953358
vt 0.011194 0.957090
vt 0.003731 0.957090
vt 0.011194 0.964552
vt 0.001866 0.968284
vt 0.001866 0.960821
vt 0.009328 0.968284
vt 0.011194 0.972015
vt 0.003731 0.972015
vt 0.011194 0.979478
vt 0.001866 0.983209
vt 0.001866 0.975746
vt 0.009328 0.983209
vt 0.011194 0.986940
vt 0.003731 0.986940
vt 0.011194 0.994403
vt 0.001866 0.998134
vt 0.001866 0.990672
vt 0.009328 0.998134
vt 0.026119 0.001866
vt 0.018657 0.001866
vt 0.026119 0.009328
vt 0.016791 0.013060
vt 0.016791 0.005597
vt 0.024254 0.013060
vt 0.026119 0.016791
vt 0.018657 0.016791
vt 0.026119 0.024254
vt 0.016791 0.027985
vt 0.016791 0.020522
vt 0.024254 0.027985
vt 0.026119 0.031716
vt 0.018657 0.031716
vt 0.026119 0.039179
vt 0.016791 0.042910
vt 0.016791 0.035448
vt 0.024254 0.042910
vt 0.026119 0.046642
vt 0.018657 0.046642
vt 0.026119 0.054104
vt 0.016791 0.057836
vt 0.016791 0.050373
vt 0.024254 0.057836
vt 0.026119 0.061567
vt 0.018657 0.061567
vt 0.026119 0.069030
vt 0.016791 0.072761
vt 0.016791 0.065299
vt 0.024254 0.072761
vt 0.026119 0.076493
vt 0.018657 0.076493
vt 0.026119 0.083955
vt 0.016791 0.087687
vt 0.016791 0.080224
vt 0.024254 0.087687
vt 0.026119 0.091418
vt 0.018657 0.091418
vt 0.026119 0.098881
vt 0.016791 0.102612
vt 0.016791 0.095149
vt 0.024254 0.102612
vt 0.026119 0.106343
vt 0.018657 0.106343
vt 0.026119 0.113806
vt 0.016791 0.117537
vt 0.016791 0.110075
vt 0.024254 0.117537
vt 0.026119 0.121269
vt 0.018657 0.121269
vt 0.026119 0.128731
vt 0.016791 0.132463
vt 0.016791 0.125000
vt 0.024254 0.132463
vt 0.026119 0.136194
vt 0.018657 0.136194
vt 0.026119 0.143657
vt 0.016791 0.147388
vt 0.016791 0.139925
vt 0.024254 0.147388
vt 0.026119 0.151119
vt 0.018657 0.151119
vt 0.026119 0.158582
vt 0.016791 0.162313
vt 0.016791 0.154851
vt 0.024254 0.162313
vt 0.026119 0.166045
vt 0.018657 0.166045
vt 0.026119 0.173507
vt 0.016791 0.177239
vt 0.016791 0.169776
vt 0.024254 0.177239
vt 0.026119 0.180970
vt 0.018657 0.180970
vt 0.026119 0.188433
vt 0.016791 0.192164
vt 0.016791 0.184701
vt 0.024254 0.192164
vt 0.026119 0.195896
vt 0.018657 0.195896
vt 0.026119 0.203358
vt 0.016791 0.207090
vt 0.016791 0.199627
vt 0.024254 0.207090
vt 0.026119 0.210821
vt 0.018657 0.210821
vt 0.026119 0.218284
vt 0.016791 0.222015
vt 0.016791 0.214552
vt 0.024254 0.222015
vt 0.026119 0.225746
vt 0.018657 0.225746
vt 0.026119 0.233209
vt 0.016791 0.236940
vt 0.016791 0.229478
vt 0.024254 0.236940
vt 0.026119 0.240672
vt 0.018657 0.240672
vt 0.026119 0.248134
vt 0.016791 0.251866
vt 0.016791 0.244403
vt 0.024254 0.251866
vt 0.026119 0.255597
vt 0.018657 0.255597
vt 0.026119 0.263060
vt 0.016791 0.266791
vt 0.016791 0.259328
vt 0.024254 0.266791
vt 0.026119 0.270522
vt 0.018657 0.270522
vt 0.026119 0.277985
vt 0.016791 0.281716
vt 0.016791 0.274254
vt 0.024254 0.281716
vt 0.026119 0.285448
vt 0.018657 0.285448
vt 0.026119 0.292910
vt 0.016791 0.296642
vt 0.016791 0.289179
vt 0.024254 0.296642
vt 0.026119 0.300373
vt 0.018657 0.300373
vt 0.026119 0.307836
vt 0.016791 0.311567
vt 0.016791 0.304104
vt 0.024254 0.311567
vt 0.026119 0.315298
vt 0.018657 0.315298
vt 0.026119 0.322761
vt 0.016791 0.326493
vt 0.016791 0.319030
vt 0.024254 0.326493
vt 0.026119 0.330224
vt 0.018657 0.330224
vt 0.026119 0.337687
vt 0.016791 0.341418
vt 0.016791 0.333955
vt 0.024254 0.341418
vt 0.026119 0.345149
vt 0.018657 0.345149
vt 0.026119 0.352612
vt 0.016791 0.356343
vt 0.016791 0.348881
vt 0.024254 0.356343
vt 0.026119 0.360075
vt 0.018657 0.360075
vt 0.026119 0.367537
vt 0.016791 0.371269
vt 0.016791 0.363806
vt 0.024254 0.371269
vt 0.026119 0.375000
vt 0.018657 0.375000
vt 0.026119 0.382463
vt 0.016791 0.386194
vt 0.016791 0.378731
vt 0.024254 0.386194
vt 0.026119 0.389925
vt 0.018657 0.389925
vt 0.026119 0.397388
vt 0.016791 0.401119
vt 0.016791 0.393657
vt 0.024254 0.401119
vt 0.026119 0.404851
vt 0.018657 0.404851
vt 0.026119 0.412313
vt 0.016791 0.416045
vt 0.016791 0.408582
vt 0.024254 0.416045
vt 0.026119 0.419776
vt 0.018657 0.419776
vt 0.026119 0.427239
vt 0.016791 0.430970
vt 0.016791 0.423507
vt 0.024254 0.430970
vt 0.026119 0.434701
vt 0.018657 0.434701
vt 0.026119 0.442164
vt 0.016791 0.445896
vt 0.016791 0.438433
vt 0.024254 0.445896
vt 0.026119 0.449627
vt 0.018657 0.449627
vt 0.026119 0.457090
vt 0.016791 0.460821
vt 0.016791 0.453358
vt 0.024254 0.460821
vt 0.026119 0.464552
vt 0.018657 0.464552
vt 0.026119 0.472015
vt 0.016791 0.475746
vt 0.016791 0.468284
vt 0.024254 0.475746
vt 0.026119 0.479478
vt 0.018657 0.479478
vt 0.026119 0.486940
vt 0.016791 0.490672
vt 0.016791 0.483209
vt 0.024254 0.490672
vt 0.026119 0.494403
vt 0.018657 0.494403
vt 0.026119 0.501866
vt 0.016791 0.505597
vt 0.016791 0.498134
vt 0.024254 0.505597
vt 0.026119 0.509328
vt 0.018657 0.509328
vt 0.026119 0.516791
vt 0.016791 0.520522
vt 0.016791 0.513060
vt 0.024254 0.520522
vt 0.026119 0.524254
vt 0.018657 0.524254
vt 0.026119 0.531716
vt 0.016791 0.535448
vt 0.016791 0.527985
vt 0.024254 0.535448
vt 0.026119 0.539179
vt 0.018657 0.539179
vt 0.026119 0.546642
vt 0.016791 0.550373
vt 0.016791 0.542910
vt 0.024254 0.550373
vt 0.026119 0.554104
vt 0.018657 0.554104
vt 0.026119 0.561567
vt 0.016791 0.565298
vt 0.016791 0.557836
vt 0.024254 0.565298
vt 0.026119 0.569030
vt 0.018657 0.569030
vt 0.026119 0.576493
vt 0.016791 0.580224
vt 0.016791 0.572761
vt 0.024254 0.580224
vt 0.026119 0.583955
vt 0.018657 0.583955
vt 0.026119 0.591418
vt 0.016791 0.595149
vt 0.016791 0.587687
vt 0.024254 0.595149
vt 0.026119 0.598881
vt 0.018657 0.598881
vt 0.026119 0.606343
vt 0.016791 0.610075
vt 0.016791 0.602612
vt 0.024254 0.610075
vt 0.026119 0.613806
vt 0.018657 0.613806
vt 0.026119 0.621269
vt 0.016791 0.625000
vt 0.016791 0.617537
vt 0.024254 0.625000
vt 0.026119 0.628731
vt 0.018657 0.628731
vt 0.026119 0.636194
vt 0.016791 0.639925
vt 0.016791 0.632463
vt 0.024254 0.639925
vt 0.026119 0.643657
vt 0.018657 0.643657
vt 0.026119 0.651119
vt 0.016791 0.654851
vt 0.016791 0.647388
vt 0.024254 0.654851
vt 0.026119 0.658582
vt 0.018657 0.658582
vt 0.026119 0.666045
vt 0.016791 0.669776
vt 0.016791 0.662313
vt 0.024254 0.669776
vt 0.026119 0.673507
vt 0.018657 0.673507
vt 0.026119 0.680970
vt 0.016791 0.684702
vt 0.016791 0.677239
vt 0.024254 0.684702
vt 0.026119 0.688433
vt 0.018657 0.688433
vt 0.026119 0.695895
vt 0.016791 0.699627
vt 0.016791 0.692164
vt 0.024254 0.699627
vt 0.026119 0.703358
vt 0.018657 0.703358
vt 0.026119 0.710821
vt 0.016791 0.714552
vt 0.016791 0.707090
vt 0.024254 0.714552
vt 0.026119 0.718284
vt 0.018657 0.718284
vt 0.026119 0.725746
vt 0.016791 0.729478
vt 0.016791 0.722015
vt 0.024254 0.729478
vt 0.026119 0.733209
vt 0.018657 0.733209
vt 0.026119 0.740672
vt 0.016791 0.744403
vt 0.016791 0.736940
vt 0.024254 0.744403
vt 0.026119 0.748134
vt 0.018657 0.748134
vt 0.026119 0.755597
vt 0.016791 0.759328
vt 0.016791 0.751866
vt 0.024254 0.759328
vt 0.026119 0.763060
vt 0.018657 0.763060
vt 0.026119 0.770522
vt 0.016791 0.774254
vt 0.016791 0.766791
vt 0.024254 0.774254
vt 0.026119 0.777985
vt 0.018657 0.777985
vt 0.026119 0.785448
vt 0.016791 0.789179
vt 0.016791 0.781716
vt 0.024254 0.789179
vt 0.026119 0.792910
vt 0.018657 0.792910
vt 0.026119 0.800373
vt 0.016791 0.804104
vt 0.016791 0.796642
vt 0.024254 0.804104
vt 0.026119 0.807836
vt 0.018657 0.807836
vt 0.026119 0.815298
vt 0.016791 0.819030
vt 0.016791 0.811567
vt 0.024254 0.819030
vt 0.026119 0.822761
vt 0.018657 0.822761
vt 0.026119 0.830224
vt 0.016791 0.833955
vt 0.016791 0.826492
vt 0.024254 0.833955
vt 0.026119 0.837687
vt 0.018657 0.837687
vt 0.026119 0.845149
vt 0.016791 0.848881
vt 0.016791 0.841418
vt 0.024254 0.848881
vt 0.026119 0.852612
vt 0.018657 0.852612
vt 0.026119 0.860075
vt 0.016791 0.863806
vt 0.016791 0.856343
vt 0.024254 0.863806
vt 0.026119 0.867537
vt 0.018657 0.867537
vt 0.026119 0.875000
vt 0.016791 0.878731
vt 0.016791 0.871269
vt 0.024254 0.878731
vt 0.026119 0.882463
vt 0.018657 0.882463
vt 0.026119 0.889925
vt 0.016791 0.893657
vt 0.016791 0.886194
vt 0.024254 0.893657
vt 0.026119 0.897388
vt 0.018657 0.897388
vt 0.026119 0.904851
vt 0.016791 0.908582
vt 0.016791 0.901119
vt 0.024254 0.908582
vt 0.026119 0.912313
vt 0.018657 0.912313
vt 0.026119 0.919776
vt 0.016791 0.923507
vt 0.016791 0.916045
vt 0.024254 0.923507
vt 0.026119 0.927239
vt 0.018657 0.927239
vt 0.026119 0.934701
vt 0.016791 0.938433
vt 0.016791 0.930970
vt 0.024254 0.938433
vt 0.026119 0.942164
vt 0.018657 0.942164
vt 0.026119 0.949627
vt 0.016791 0.953358
vt 0.016791 0.945895
vt 0.024254 0.953358
vt 0.026119 0.957090
vt 0.018657 0.957090
vt 0.026119 0.964552
vt 0.016791 0.968284
vt 0.016791 0.960821
vt 0.024254 0.968284
vt 0.026119 0.972015
vt 0.018657 0.972015
vt 0.026119 0.979478
vt 0.016791 0.983209
vt 0.016791 0.975746
vt 0.024254 0.983209
vt 0.026119 0.986940
vt 0.018657 0.986940
vt 0.026119 0.994403
vt 0.016791 0.998134
vt 0.016791 0.990672
vt 0.024254 0.998134
vt 0.041045 0.001866
vt 0.033582 0.001866
vt 0.041045 0.009328
vt 0.031716 0.013060
vt 0.031716 0.005597
vt 0.039179 0.013060
vt 0.041045 0.016791
vt 0.033582 0.016791
vt 0.041045 0.024254
vt 0.031716 0.027985
vt 0.031716 0.020522
vt 0.039179 0.027985
vt 0.041045 0.031716
vt 0.033582 0.031716
vt 0.041045 0.039179
vt 0.031716 0.042910
vt 0.031716 0.035448
vt 0.039179 0.042910
vt 0.041045 0.046642
vt 0.033582 0.046642
vt 0.041045 0.054104
vt 0.031716 0.057836
vt 0.031716 0.050373
vt 0.039179 0.057836
vt 0.041045 0.061567
vt 0.033582 0.061567
vt 0.041045 0.069030
vt 0.031716 0.072761
vt 0.031716 0.065299
vt 0.039179 0.072761
vt 0.041045 0.076493
vt 0.033582 0.076493
vt 0.041045 0.083955
vt 0.031716 0.087687
vt 0.031716 0.080224
vt 0.039179 0.087687
vt 0.041045 0.091418
vt 0.033582 0.091418
vt 0.041045 0.098881
vt 0.031716 0.102612
vt 0.031716 0.095149
vt 0.039179 0.102612
vt 0.041045 0.106343
vt 0.033582 0.106343
vt 0.041045 0.113806
vt 0.031716 0.117537
vt 0.031716 0.110075
vt 0.039179 0.117537
vt 0.041045 0.121269
vt 0.033582 0.121269
vt 0.041045 0.128731
vt 0.031716 0.132463
vt 0.031716 0.125000
vt 0.039179 0.132463
vt 0.041045 0.136194
vt 0.033582 0.136194
vt 0.041045 0.143657
vt 0.031716 0.147388
vt 0.031716 0.139925
vt 0.039179 0.147388
vt 0.041045 0.151119
vt 0.033582 0.151119
vt 0.041045 0.158582
vt 0.031716 0.162313
vt 0.031716 0.154851
vt 0.039179 0.162313
vt 0.041045 0.166045
vt 0.033582 0.166045
vt 0.041045 0.173507
vt 0.031716 0.177239
vt 0.031716 0.169776
vt 0.039179 0.177239
vt 0.041045 0.180970
vt 0.033582 0.180970
vt 0.041045 0.188433
vt 0.031716 0.192164
vt 0.031716 0.184701
vt 0.039179 0.192164
vt 0.041045 0.195896
vt 0.033582 0.195896
vt 0.041045 0.203358
vt 0.031716 0.207090
vt 0.031716 0.199627
vt 0.039179 0.207090
vt 0.041045 0.210821
vt 0.033582 0.210821
vt 0.041045 0.218284
vt 0.031716 0.222015
vt 0.031716 0.214552
vt 0.039179 0.222015
vt 0.041045 0.225746
vt 0.033582 0.225746
vt 0.041045 0.233209
vt 0.031716 0.236940
vt 0.031716 0.229478
vt 0.039179 0.236940
vt 0.041045 0.240672
vt 0.033582 0.240672
vt 0.041045 0.248134
vt 0.031716 0.251866
vt 0.031716 0.244403
vt 0.039179 0.251866
vt 0.041045 0.255597
vt 0.033582 0.255597
vt 0.041045 0.263060
vt 0.031716 0.266791
vt 0.031716 0.259328
vt 0.039179 0.266791
vt 0.041045 0.270522
vt 0.033582 0.270522
vt 0.041045 0.277985
vt 0.031716 0.281716
vt 0.031716 0.274254
vt 0.039179 0.281716
vt 0.041045 0.285448
vt 0.033582 0.285448
vt 0.041045 0.292910
vt 0.031716 0.296642
vt 0.031716 0.289179
vt 0.039179 0.296642
vt 0.041045 0.300373
vt 0.033582 0.300373
vt 0.041045 0.307836
vt 0.031716 0.311567
vt 0.031716 0.304104
vt 0.039179 0.311567
vt 0.041045 0.315298
vt 0.033582 0.315298
vt 0.041045 0.322761
vt 0.031716 0.326493
vt 0.031716 0.319030
vt 0.039179 0.326493
vt 0.041045 0.330224
vt 0.033582 0.330224
vt 0.041045 0.337687
vt 0.031716 0.341418
vt 0.031716 0.333955
vt 0.039179 0.341418
vt 0.041045 0.345149
vt 0.033582 0.345149
vt 0.041045 0.352612
vt 0.031716 0.356343
vt 0.031716 0.348881
vt 0.039179 0.356343
vt 0.041045 0.360075
vt 0.033582 0.360075
vt 0.041045 0.367537
vt 0.031716 0.371269
vt 0.031716 0.363806
vt 0.039179 0.371269
vt 0.041045 0.375000
vt 0.033582 0.375000
vt 0.041045 0.382463
vt 0.031716 0.386194
vt 0.031716 0.378731
vt 0.039179 0.386194
vt 0.041045 0.389925
vt 0.033582 0.389925
vt 0.041045 0.397388
vt 0.031716 0.401119
vt 0.031716 0.393657
vt 0.039179 0.401119
vt 0.041045 0.404851
vt 0.033582 0.404851
vt 0.041045 0.412313
vt 0.031716 0.416045
vt 0.031716 0.408582
vt 0.039179 0.416045
vt 0.041045 0.419776
vt 0.033582 0.419776
vt 0.041045 0.427239
vt 0.031716 0.430970
vt 0.031716 0.423507
vt 0.039179 0.430970
vt 0.041045 0.434701
vt 0.033582 0.434701
vt 0.041045 0.442164
vt 0.031716 0.445896
vt 0.031716 0.438433
vt 0.039179 0.445896
vt 0.041045 0.449627
vt 0.033582 0.449627
vt 0.041045 0.457090
vt 0.031716 0.460821
vt 0.031716 0.453358
vt 0.039179 0.460821
vt 0.041045 0.464552
vt 0.033582 0.464552
vt 0.041045 0.472015
vt 0.031716 0.475746
vt 0.031716 0.468284
vt 0.039179 0.475746
vt 0.041045 0.479478
vt 0.033582 0.479478
vt 0.041045 0.486940
vt 0.031716 0.490672
vt 0.031716 0.483209
vt 0.039179 0.490672
vt 0.041045 0.494403
vt 0.033582 0.494403
vt 0.041045 0.501866
vt 0.031716 0.505597
vt 0.031716 0.498134
vt 0.039179 0.505597
vt 0.041045 0.509328
vt 0.033582 0.509328
vt 0.041045 0.516791
vt 0.031716 0.520522
vt 0.031716 0.513060
vt 0.039179 0.520522
vt 0.041045 0.524254
vt 0.033582 0.524254
vt 0.041045 0.531716
vt 0.031716 0.535448
vt 0.031716 0.527985
vt 0.039179 0.535448
vt 0.041045 0.539179
vt 0.033582 0.539179
vt 0.041045 0.546642
vt 0.031716 0.550373
vt 0.031716 0.542910
vt 0.039179 0.550373
vt 0.041045 0.554104
vt 0.033582 0.554104
vt 0.041045 0.561567
vt 0.031716 0.565298
vt 0.031716 0.557836
vt 0.039179 0.565298
vt 0.041045 0.569030
vt 0.033582 0.569030
vt 0.041045 0.576493
vt 0.031716 0.580224
vt 0.031716 0.572761
vt 0.039179 0.580224
vt 0.041045 0.583955
vt 0.033582 0.583955
vt 0.041045 0.591418
vt 0.031716 0.595149
vt 0.031716 0.587687
vt 0.039179 0.595149
vt 0.041045 0.598881
vt 0.033582 0.598881
vt 0.041045 0.606343
vt 0.031716 0.610075
vt 0.031716 0.602612
vt 0.039179 0.610075
vt 0.041045 0.613806
vt 0.033582 0.613806
vt 0.041045 0.621269
vt 0.031716 0.625000
vt 0.031716 0.617537
vt 0.039179 0.625000
vt 0.041045 0.628731
vt 0.033582 0.628731
vt 0.041045 0.636194
vt 0.031716 0.639925
vt 0.031716 0.632463
vt 0.039179 0.639925
vt 0.041045 0.643657
vt 0.033582 0.643657
vt 0.041045 0.651119
vt 0.031716 0.654851
vt 0.031716 0.647388
vt 0.039179 0.654851
vt 0.041045 0.658582
vt 0.033582 0.658582
vt 0.041045 0.666045
vt 0.031716 0.669776
vt 0.031716 0.662313
vt 0.039179 0.669776
vt 0.041045 0.673507
vt 0.033582 0.673507
vt 0.041045 0.680970
vt 0.031716 0.684702
vt 0.031716 0.677239
vt 0.039179 0.684702
vt 0.041045 0.688433
vt 0.033582 0.688433
vt 0.041045 0.695895
vt 0.031716 0.699627
vt 0.031716 0.692164
vt 0.039179 0.699627
vt 0.041045 0.703358
vt 0.033582 0.703358
vt 0.041045 0.710821
vt 0.031716 0.714552
vt 0.031716 0.707090
vt 0.039179 0.714552
vt 0.041045 0.718284
vt 0.033582 0.718284
vt 0.041045 0.725746
vt 0.031716 0.729478
vt 0.031716 0.722015
vt 0.039179 0.729478
vt 0.041045 0.733209
vt 0.033582 0.733209
vt 0.041045 0.740672
vt 0.031716 0.744403
vt 0.031716 0.736940
vt 0.039179 0.744403
vt 0.041045 0.748134
vt 0.033582 0.748134
vt 0.041045 0.755597
vt 0.031716 0.759328
vt 0.031716 0.751866
vt 0.039179 0.759328
vt 0.041045 0.763060
vt 0.033582 0.763060
vt 0.041045 0.770522
vt 0.031716 0.774254
vt 0.031716 0.766791
vt 0.039179 0.774254
vt 0.041045 0.777985
vt 0.033582 0.777985
vt 0.041045 0.785448
vt 0.031716 0.789179
vt 0.031716 0.781716
vt 0.039179 0.789179
vt 0.041045 0.792910
vt 0.033582 0.792910
vt 0.041045 0.800373
vt 0.031716 0.804104
vt 0.031716 0.796642
vt 0.039179 0.804104
vt 0.041045 0.807836
vt 0.033582 0.807836
vt 0.041045 0.815298
vt 0.031716 0.819030
vt 0.031716 0.811567
vt 0.039179 0.819030
vt 0.041045 0.822761
vt 0.033582 0.822761
vt 0.041045 0.830224
vt 0.031716 0.833955
vt 0.031716 0.826492
vt 0.039179 0.833955
vt 0.041045 0.837687
vt 0.033582 0.837687
vt 0.041045 0.845149
vt 0.031716 0.848881
vt 0.031716 0.841418
vt 0.039179 0.848881
vt 0.041045 0.852612
vt 0.033582 0.852612
vt 0.041045 0.860075
vt 0.031716 0.863806
vt 0.031716 0.856343
vt 0.039179 0.863806
vt 0.041045 0.867537
vt 0.033582 0.867537
vt 0.041045 0.875000
vt 0.031716 0.878731
vt 0.031716 0.871269
vt 0.039179 0.878731
vt 0.041045 0.882463
vt 0.033582 0.882463
vt 0.041045 0.889925
vt 0.031716 0.893657
vt 0.031716 0.886194
vt 0.039179 0.893657
vt 0.041045 0.897388
vt 0.033582 0.897388
vt 0.041045 0.904851
vt 0.031716 0.908582
vt 0.031716 0.901119
vt 0.039179 0.908582
vt 0.041045 0.912313
vt 0.033582 0.912313
vt 0.041045 0.919776
vt 0.031716 0.923507
vt 0.031716 0.916045
vt 0.039179 0.923507
vt 0.041045 0.927239
vt 0.033582 0.927239
vt 0.041045 0.934701
vt 0.031716 0.938433
vt 0.031716 0.930970
vt 0.039179 0.938433
vt 0.041045 0.942164
vt 0.033582 0.942164
vt 0.041045 0.949627
vt 0.031716 0.953358
vt 0.031716 0.945895
vt 0.039179 0.953358
vt 0.041045 0.957090
vt 0.033582 0.957090
vt 0.041045 0.964552
vt 0.031716 0.968284
vt 0.031716 0.960821
vt 0.039179 0.968284
vt 0.041045 0.972015
vt 0.033582 0.972015
vt 0.041045 0.979478
vt 0.031716 0.983209
vt 0.031716 0.975746
vt 0.039179 0.983209
vt 0.041045 0.986940
vt 0.033582 0.986940
vt 0.041045 0.994403
vt 0.031716 0.998134
vt 0.031716 0.990672
vt 0.039179 0.998134
vt 0.055970 0.001866
vt 0.048507 0.001866
vt 0.055970 0.009328
vt 0.046642 0.013060
vt 0.046642 0.005597
vt 0.054104 0.013060
vt 0.055970 0.016791
vt 0.048507 0.016791
vt 0.055970 0.024254
vt 0.046642 0.027985
vt 0.046642 0.020522
vt 0.054104 0.027985
vt 0.055970 0.031716
vt 0.048507 0.031716
vt 0.055970 0.039179
vt 0.046642 0.042910
vt 0.046642 0.035448
vt 0.054104 0.042910
vt 0.055970 0.046642
vt 0.048507 0.046642
vt 0.055970 0.054104
vt 0.046642 0.057836
vt 0.046642 0.050373
vt 0.054104 0.057836
vt 0.055970 0.061567
vt 0.048507 0.061567
vt 0.055970 0.069030
vt 0.046642 0.072761
vt 0.046642 0.065299
vt 0.054104 0.072761
vt 0.055970 0.076493
vt 0.048507 0.076493
vt 0.055970 0.083955
vt 0.046642 0.087687
vt 0.046642 0.080224
vt 0.054104 0.087687
vt 0.055970 0.091418
vt 0.048507 0.091418
vt 0.055970 0.098881
vt 0.046642 0.102612
vt 0.046642 0.095149
vt 0.054104 0.102612
vt 0.055970 0.106343
vt 0.048507 0.106343
vt 0.055970 0.113806
vt 0.046642 0.117537
vt 0.046642 0.110075
vt 0.054104 0.117537
vt 0.055970 0.121269
vt 0.048507 0.121269
vt 0.055970 0.128731
vt 0.046642 0.132463
vt 0.046642 0.125000
vt 0.054104 0.132463
vt 0.055970 0.136194
vt 0.048507 0.136194
vt 0.055970 0.143657
vt 0.046642 0.147388
vt 0.046642 0.139925
vt 0.054104 0.147388
vt 0.055970 0.151119
vt 0.048507 0.151119
vt 0.055970 0.158582
vt 0.046642 0.162313
vt 0.046642 0.154851
vt 0.054104 0.162313
vt 0.055970 0.166045
vt 0.048507 0.166045
vt 0.055970 0.173507
vt 0.046642 0.177239
vt 0.046642 0.169776
vt 0.054104 0.177239
vt 0.055970 0.180970
vt 0.048507 0.180970
vt 0.055970 0.188433
vt 0.046642 0.192164
vt 0.046642 0.184701
vt 0.054104 0.192164
vt 0.055970 0.195896
vt 0.048507 0.195896
vt 0.055970 0.203358
vt 0.046642 0.207090
vt 0.046642 0.199627
vt 0.054104 0.207090
vt 0.055970 0.210821
vt 0.048507 0.210821
vt 0.055970 0.218284
vt 0.046642 0.222015
vt 0.046642 0.214552
vt 0.054104 0.222015
vt 0.055970 0.225746
vt 0.048507 0.225746
vt 0.055970 0.233209
vt 0.046642 0.236940
vt 0.046642 0.229478
vt 0.054104 0.236940
vt 0.055970 0.240672
vt 0.048507 0.240672
vt 0.055970 0.248134
vt 0.046642 0.251866
vt 0.046642 0.244403
vt 0.054104 0.251866
vt 0.055970 0.255597
vt 0.048507 0.255597
vt 0.055970 0.263060
vt 0.046642 0.266791
vt 0.046642 0.259328
vt 0.054104 0.266791
vt 0.055970 0.270522
vt 0.048507 0.270522
vt 0.055970 0.277985
vt 0.046642 0.281716
vt 0.046642 0.274254
vt 0.054104 0.281716
vt 0.055970 0.285448
vt 0.048507 0.285448
vt 0.055970 0.292910
vt 0.046642 0.296642
vt 0.046642 0.289179
vt 0.054104 0.296642
vt 0.055970 0.300373
vt 0.048507 0.300373
vt 0.055970 0.307836
vt 0.046642 0.311567
vt 0.046642 0.304104
vt 0.054104 0.311567
vt 0.055970 0.315298
vt 0.048507 0.315298
vt 0.055970 0.322761
vt 0.046642 0.326493
vt 0.046642 0.319030
vt 0.054104 0.326493
vt 0.055970 0.330224
vt 0.048507 0.330224
vt 0.055970 0.337687
vt 0.046642 0.341418
vt 0.046642 0.333955
vt 0.054104 0.341418
vt 0.055970 0.345149
vt 0.048507 0.345149
vt 0.055970 0.352612
vt 0.046642 0.356343
vt 0.046642 0.348881
vt 0.054104 0.356343
vt 0.055970 0.360075
vt 0.048507 0.360075
vt 0.055970 0.367537
vt 0.046642 0.371269
vt 0.046642 0.363806
vt 0.054104 0.371269
vt 0.055970 0.375000
vt 0.048507 0.375000
vt 0.055970 0.382463
vt 0.046642 0.386194
vt 0.046642 0.378731
vt 0.054104 0.386194
vt 0.055970 0.389925
vt 0.048507 0.389925
vt 0.055970 0.397388
vt 0.046642 0.401119
vt 0.046642 0.393657
vt 0.054104 0.401119
vt 0.055970 0.404851
vt 0.048507 0.404851
vt 0.055970 0.412313
vt 0.046642 0.416045
vt 0.046642 0.408582
vt 0.054104 0.416045
vt 0.055970 0.419776
vt 0.048507 0.419776
vt 0.055970 0.427239
vt 0.046642 0.430970
vt 0.046642 0.423507
vt 0.054104 0.430970
vt 0.055970 0.434701
vt 0.048507 0.434701
vt 0.055970 0.442164
vt 0.046642 0.445896
vt 0.046642 0.438433
vt 0.054104 0.445896
vt 0.055970 0.449627
vt 0.048507 0.449627
vt 0.055970 0.457090
vt 0.046642 0.460821
vt 0.046642 0.453358
vt 0.054104 0.460821
vt 0.055970 0.464552
vt 0.048507 0.464552
vt 0.055970 0.472015
vt 0.046642 0.475746
vt 0.046642 0.468284
vt 0.054104 0.475746
vt 0.055970 0.479478
vt 0.048507 0.479478
vt 0.055970 0.486940
vt 0.046642 0.490672
vt 0.046642 0.483209
vt 0.054104 0.490672
vt 0.055970 0.494403
vt 0.048507 0.494403
vt 0.055970 0.501866
vt 0.046642 0.505597
vt 0.046642 0.498134
vt 0.054104 0.505597
vt 0.055970 0.509328
vt 0.048507 0.509328
vt 0.055970 0.516791
vt 0.046642 0.520522
vt 0.046642 0.513060
vt 0.054104 0.520522
vt 0.055970 0.524254
vt 0.048507 0.524254
vt 0.055970 0.531716
vt 0.046642 0.535448
vt 0.046642 0.527985
vt 0.054104 0.535448
vt 0.055970 0.539179
vt 0.048507 0.539179
vt 0.055970 0.546642
vt 0.046642 0.550373
vt 0.046642 0.542910
vt 0.054104 0.550373
vt 0.055970 0.554104
vt 0.048507 0.554104
vt 0.055970 0.561567
vt 0.046642 0.565298
vt 0.046642 0.557836
vt 0.054104 0.565298
vt 0.055970 0.569030
vt 0.048507 0.569030
vt 0.055970 0.576493
vt 0.046642 0.580224
vt 0.046642 0.572761
vt 0.054104 0.580224
vt 0.055970 0.583955
vt 0.048507 0.583955
vt 0.055970 0.591418
vt 0.046642 0.595149
vt 0.046642 0.587687
vt 0.054104 0.595149
vt 0.055970 0.598881
vt 0.048507 0.598881
vt 0.055970 0.606343
vt 0.046642 0.610075
vt 0.046642 0.602612
vt 0.054104 0.610075
vt 0.055970 0.613806
vt 0.048507 0.613806
vt 0.055970 0.621269
vt 0.046642 0.625000
vt 0.046642 0.617537
vt 0.054104 0.625000
vt 0.055970 0.628731
vt 0.048507 0.628731
vt 0.055970 0.636194
vt 0.046642 0.639925
vt 0.046642 0.632463
vt 0.054104 0.639925
vt 0.055970 0.643657
vt 0.048507 0.643657
vt 0.055970 0.651119
vt 0.046642 0.654851
vt 0.046642 0.647388
vt 0.054104 0.654851
vt 0.055970 0.658582
vt 0.048507 0.658582
vt 0.055970 0.666045
vt 0.046642 0.669776
vt 0.046642 0.662313
vt 0.054104 0.669776
vt 0.055970 0.673507
vt 0.048507 0.673507
vt 0.055970 0.680970
vt 0.046642 0.684702
vt 0.046642 0.677239
vt 0.054104 0.684702
vt 0.055970 0.688433
vt 0.048507 0.688433
vt 0.055970 0.695895
vt 0.046642 0.699627
vt 0.046642 0.692164
vt 0.054104 0.699627
vt 0.055970 0.703358
vt 0.048507 0.703358
vt 0.055970 0.710821
vt 0.046642 0.714552
vt 0.046642 0.707090
vt 0.054104 0.714552
vt 0.055970 0.718284
vt 0.048507 0.718284
vt 0.055970 0.725746
vt 0.046642 0.729478
vt 0.046642 0.722015
vt 0.054104 0.729478
vt 0.055970 0.733209
vt 0.048507 0.733209
vt 0.055970 0.740672
vt 0.046642 0.744403
vt 0.046642 0.736940
vt 0.054104 0.744403
vt 0.055970 0.748134
vt 0.048507 0.748134
vt 0.055970 0.755597
vt 0.046642 0.759328
vt 0.046642 0.751866
vt 0.054104 0.759328
vt 0.055970 0.763060
vt 0.048507 0.763060
vt 0.055970 0.770522
vt 0.046642 0.774254
vt 0.046642 0.766791
vt 0.054104 0.774254
vt 0.055970 0.777985
vt 0.048507 0.777985
vt 0.055970 0.785448
vt 0.046642 0.789179
vt 0.046642 0.781716
vt 0.054104 0.789179
vt 0.055970 0.792910
vt 0.048507 0.792910
vt 0.055970 0.800373
vt 0.046642 0.804104
vt 0.046642 0.796642
vt 0.054104 0.804104
vt 0.055970 0.807836
vt 0.048507 0.807836
vt 0.055970 0.815298
vt 0.046642 0.819030
vt 0.046642 0.811567
vt 0.054104 0.819030
vt 0.055970 0.822761
vt 0.048507 0.822761
vt 0.055970 0.830224
vt 0.046642 0.833955
vt 0.046642 0.826492
vt 0.054104 0.833955
vt 0.055970 0.837687
vt 0.048507 0.837687
vt 0.055970 0.845149
vt 0.046642 0.848881
vt 0.046642 0.841418
vt 0.054104 0.848881
vt 0.055970 0.852612
vt 0.048507 0.852612
vt 0.055970 0.860075
vt 0.046642 0.863806
vt 0.046642 0.856343
vt 0.054104 0.863806
vt 0.055970 0.867537
vt 0.048507 0.867537
vt 0.055970 0.875000
vt 0.046642 0.878731
vt 0.046642 0.871269
vt 0.054104 0.878731
vt 0.055970 0.882463
vt 0.048507 0.882463
vt 0.055970 0.889925
vt 0.046642 0.893657
vt 0.046642 0.886194
vt 0.054104 0.893657
vt 0.055970 0.897388
vt 0.048507 0.897388
vt 0.055970 0.904851
vt 0.046642 0.908582
vt 0.046642 0.901119
vt 0.054104 0.908582
vt 0.055970 0.912313
vt 0.048507 0.912313
vt 0.055970 0.919776
vt 0.046642 0.923507
vt 0.046642 0.916045
vt 0.054104 0.923507
vt 0.055970 0.927239
vt 0.048507 0.927239
vt 0.055970 0.934701
vt 0.046642 0.938433
vt 0.046642 0.930970
vt 0.054104 0.938433
vt 0.055970 0.942164
vt 0.048507 0.942164
vt 0.055970 0.949627
vt 0.046642 0.953358
vt 0.046642 0.945895
vt 0.054104 0.953358
vt 0.055970 0.957090
vt 0.048507 0.957090
vt 0.055970 0.964552
vt 0.046642 0.968284
vt 0.046642 0.960821
vt 0.054104 0.968284
vt 0.055970 0.972015
vt 0.048507 0.972015
vt 0.055970 0.979478
vt 0.046642 0.983209
vt 0.046642 0.975746
vt 0.054104 0.983209
vt 0.055970 0.986940
vt 0.048507 0.986940
vt 0.055970 0.994403
vt 0.046642 0.998134
vt 0.046642 0.990672
vt 0.054104 0.998134
vt 0.070896 0.001866
vt 0.063433 0.001866
vt 0.070896 0.009328
vt 0.061567 0.013060
vt 0.061567 0.005597
vt 0.069030 0.013060
vt 0.070896 0.016791
vt 0.063433 0.016791
vt 0.070896 0.024254
vt 0.061567 0.027985
vt 0.061567 0.020522
vt 0.069030 0.027985
vt 0.070896 0.031716
vt 0.063433 0.031716
vt 0.070896 0.039179
vt 0.061567 0.042910
vt 0.061567 0.035448
vt 0.069030 0.042910
vt 0.070896 0.046642
vt 0.063433 0.046642
vt 0.070896 0.054104
vt 0.061567 0.057836
vt 0.061567 0.050373
vt 0.069030 0.057836
vt 0.070896 0.061567
vt 0.063433 0.061567
vt 0.070896 0.069030
vt 0.061567 0.072761
vt 0.061567 0.065299
vt 0.069030 0.072761
vt 0.070896 0.076493
vt 0.063433 0.076493
vt 0.070896 0.083955
vt 0.061567 0.087687
vt 0.061567 0.080224
vt 0.069030 0.087687
vt 0.070896 0.091418
vt 0.063433 0.091418
vt 0.070896 0.098881
vt 0.061567 0.102612
vt 0.061567 0.095149
vt 0.069030 0.102612
vt 0.070896 0.106343
vt 0.063433 0.106343
vt 0.070896 0.113806
vt 0.061567 0.117537
vt 0.061567 0.110075
vt 0.069030 0.117537
vt 0.070896 0.121269
vt 0.063433 0.121269
vt 0.070896 0.128731
vt 0.061567 0.132463
vt 0.061567 0.125000
vt 0.069030 0.132463
vt 0.070896 0.136194
vt 0.063433 0.136194
vt 0.070896 0.143657
vt 0.061567 0.147388
vt 0.061567 0.139925
vt 0.069030 0.147388
vt 0.070896 0.151119
vt 0.063433 0.151119
vt 0.070896 0.158582
vt 0.061567 0.162313
vt 0.061567 0.154851
vt 0.069030 0.162313
vt 0.070896 0.166045
vt 0.063433 0.166045
vt 0.070896 0.173507
vt 0.061567 0.177239
vt 0.061567 0.169776
vt 0.069030 0.177239
vt 0.070896 0.180970
vt 0.063433 0.180970
vt 0.070896 0.188433
vt 0.061567 0.192164
vt 0.061567 0.184701
vt 0.069030 0.192164
vt 0.070896 0.195896
vt 0.063433 0.195896
vt 0.070896 0.203358
vt 0.061567 0.207090
vt 0.061567 0.199627
vt 0.069030 0.207090
vt 0.070896 0.210821
vt 0.063433 0.210821
vt 0.070896 0.218284
vt 0.061567 0.222015
vt 0.061567 0.214552
vt 0.069030 0.222015
vt 0.070896 0.225746
vt 0.063433 0.225746
vt 0.070896 0.233209
vt 0.061567 0.236940
vt 0.061567 0.229478
vt 0.069030 0.236940
vt 0.070896 0.240672
vt 0.063433 0.240672
vt 0.070896 0.248134
vt 0.061567 0.251866
vt 0.061567 0.244403
vt 0.069030 0.251866
vt 0.070896 0.255597
vt 0.063433 0.255597
vt 0.070896 0.263060
vt 0.061567 0.266791
vt 0.061567 0.259328
vt 0.069030 0.266791
vt 0.070896 0.270522
vt 0.063433 0.270522
vt 0.070896 0.277985
vt 0.061567 0.281716
vt 0.061567 0.274254
vt 0.069030 0.281716
vt 0.070896 0.285448
vt 0.063433 0.285448
vt 0.070896 0.292910
vt 0.061567 0.296642
vt 0.061567 0.289179
vt 0.069030 0.296642
vt 0.070896 0.300373
vt 0.063433 0.300373
vt 0.070896 0.307836
vt 0.061567 0.311567
vt 0.061567 0.304104
vt 0.069030 0.311567
vt 0.070896 0.315298
vt 0.063433 0.315298
vt 0.070896 0.322761
vt 0.061567 0.326493
vt 0.061567 0.319030
vt 0.069030 0.326493
vt 0.070896 0.330224
vt 0.063433 0.330224
vt 0.070896 0.337687
vt 0.061567 0.341418
vt 0.061567 0.333955
vt 0.069030 0.341418
vt 0.070896 0.345149
vt 0.063433 0.345149
vt 0.070896 0.352612
vt 0.061567 0.356343
vt 0.061567 0.348881
vt 0.069030 0.356343
vt 0.070896 0.360075
vt 0.063433 0.360075
vt 0.070896 0.367537
vt 0.061567 0.371269
vt 0.061567 0.363806
vt 0.069030 0.371269
vt 0.070896 0.375000
vt 0.063433 0.375000
vt 0.070896 0.382463
vt 0.061567 0.386194
vt 0.061567 0.378731
vt 0.069030 0.386194
vt 0.070896 0.389925
vt 0.063433 0.389925
vt 0.070896 0.397388
vt 0.061567 0.401119
vt 0.061567 0.393657
vt 0.069030 0.401119
vt 0.070896 0.404851
vt 0.063433 0.404851
vt 0.070896 0.412313
vt 0.061567 0.416045
vt 0.061567 0.408582
vt 0.069030 0.416045
vt 0.070896 0.419776
vt 0.063433 0.419776
vt 0.070896 0.427239
vt 0.061567 0.430970
vt 0.061567 0.423507
vt 0.069030 0.430970
vt 0.070896 0.434701
vt 0.063433 0.434701
vt 0.070896 0.442164
vt 0.061567 0.445896
vt 0.061567 0.438433
vt 0.069030 0.445896
vt 0.070896 0.449627
vt 0.063433 0.449627
vt 0.070896 0.457090
vt 0.061567 0.460821
vt 0.061567 0.453358
vt 0.069030 0.460821
vt 0.070896 0.464552
vt 0.063433 0.464552
vt 0.070896 0.472015
vt 0.061567 0.475746
vt 0.061567 0.468284
vt 0.069030 0.475746
vt 0.070896 0.479478
vt 0.063433 0.479478
vt 0.070896 0.486940
vt 0.061567 0.490672
vt 0.061567 0.483209
vt 0.069030 0.490672
vt 0.070896 0.494403
vt 0.063433 0.494403
vt 0.070896 0.501866
vt 0.061567 0.505597
vt 0.061567 0.498134
vt 0.069030 0.505597
vt 0.070896 0.509328
vt 0.063433 0.509328
vt 0.070896 0.516791
vt 0.061567 0.520522
vt 0.061567 0.513060
vt 0.069030 0.520522
vt 0.070896 0.524254
vt 0.063433 0.524254
vt 0.070896 0.531716
vt 0.061567 0.535448
vt 0.061567 0.527985
vt 0.069030 0.535448
vt 0.070896 0.539179
vt 0.063433 0.539179
vt 0.070896 0.546642
vt 0.061567 0.550373
vt 0.061567 0.542910
vt 0.069030 0.550373
vt 0.070896 0.554104
vt 0.063433 0.554104
vt 0.070896 0.561567
vt 0.061567 0.565298
vt 0.061567 0.557836
vt 0.069030 0.565298
vt 0.070896 0.569030
vt 0.063433 0.569030
vt 0.070896 0.576493
vt 0.061567 0.580224
vt 0.061567 0.572761
vt 0.069030 0.580224
vt 0.070896 0.583955
vt 0.063433 0.583955
vt 0.070896 0.591418
vt 0.061567 0.595149
vt 0.061567 0.587687
vt 0.069030 0.595149
vt 0.070896 0.598881
vt 0.063433 0.598881
vt 0.070896 0.606343
vt 0.061567 0.610075
vt 0.061567 0.602612
vt 0.069030 0.610075
vt 0.070896 0.613806
vt 0.063433 0.613806
vt 0.070896 0.621269
vt 0.061567 0.625000
vt 0.061567 0.617537
vt 0.069030 0.625000
vt 0.070896 0.628731
vt 0.063433 0.628731
vt 0.070896 0.636194
vt 0.061567 0.639925
vt 0.061567 0.632463
vt 0.069030 0.639925
vt 0.070896 0.643657
vt 0.063433 0.643657
vt 0.070896 0.651119
vt 0.061567 0.654851
vt 0.061567 0.647388
vt 0.069030 0.654851
vt 0.070896 0.658582
vt 0.063433 0.658582
vt 0.070896 0.666045
vt 0.061567 0.669776
vt 0.061567 0.662313
vt 0.069030 0.669776
vt 0.070896 0.673507
vt 0.063433 0.673507
vt 0.070896 0.680970
vt 0.061567 0.684702
vt 0.061567 0.677239
vt 0.069030 0.684702
vt 0.070896 0.688433
vt 0.063433 0.688433
vt 0.070896 0.695895
vt 0.061567 0.699627
vt 0.061567 0.692164
vt 0.069030 0.699627
vt 0.070896 0.703358
vt 0.063433 0.703358
vt 0.070896 0.710821
vt 0.061567 0.714552
vt 0.061567 0.707090
vt 0.069030 0.714552
vt 0.070896 0.718284
vt 0.063433 0.718284
vt 0.070896 0.725746
vt 0.061567 0.729478
vt 0.061567 0.722015
vt 0.069030 0.729478
vt 0.070896 0.733209
vt 0.063433 0.733209
vt 0.070896 0.740672
vt 0.061567 0.744403
vt 0.061567 0.736940
vt 0.069030 0.744403
vt 0.070896 0.748134
vt 0.063433 0.748134
vt 0.070896 0.755597
vt 0.061567 0.759328
vt 0.061567 0.751866
vt 0.069030 0.759328
vt 0.070896 0.763060
vt 0.063433 0.763060
vt 0.070896 0.770522
vt 0.061567 0.774254
vt 0.061567 0.766791
vt 0.069030 0.774254
vt 0.070896 0.777985
vt 0.063433 0.777985
vt 0.070896 0.785448
vt 0.061567 0.789179
vt 0.061567 0.781716
vt 0.069030 0.789179
vt 0.070896 0.792910
vt 0.063433 0.792910
vt 0.070896 0.800373
vt 0.061567 0.804104
vt 0.061567 0.796642
vt 0.069030 0.804104
vt 0.070896 0.807836
vt 0.063433 0.807836
vt 0.070896 0.815298
vt 0.061567 0.819030
vt 0.061567 0.811567
vt 0.069030 0.819030
vt 0.070896 0.822761
vt 0.063433 0.822761
vt 0.070896 0.830224
vt 0.061567 0.833955
vt 0.061567 0.826492
vt 0.069030 0.833955
vt 0.070896 0.837687
vt 0.063433 0.837687
vt 0.070896 0.845149
vt 0.061567 0.848881
vt 0.061567 0.841418
vt 0.069030 0.848881
vt 0.070896 0.852612
vt 0.063433 0.852612
vt 0.070896 0.860075
vt 0.061567 0.863806
vt 0.061567 0.856343
vt 0.069030 0.863806
vt 0.070896 0.867537
vt 0.063433 0.867537
vt 0.070896 0.875000
vt 0.061567 0.878731
vt 0.061567 0.871269
vt 0.069030 0.878731
vt 0.070896 0.882463
vt 0.063433 0.882463
vt 0.070896 0.889925
vt 0.061567 0.893657
vt 0.061567 0.886194
vt 0.069030 0.893657
vt 0.070896 0.897388
vt 0.063433 0.897388
vt 0.070896 0.904851
vt 0.061567 0.908582
vt 0.061567 0.901119
vt 0.069030 0.908582
vt 0.070896 0.912313
vt 0.063433 0.912313
vt 0.070896 0.919776
vt 0.061567 0.923507
vt 0.061567 0.916045
vt 0.069030 0.923507
vt 0.070896 0.927239
vt 0.063433 0.927239
vt 0.070896 0.934701
vt 0.061567 0.938433
vt 0.061567 0.930970
vt 0.069030 0.938433
vt 0.070896 0.942164
vt 0.063433 0.942164
vt 0.070896 0.949627
vt 0.061567 0.953358
vt 0.061567 0.945895
vt 0.069030 0.953358
vt 0.070896 0.957090
vt 0.063433 0.957090
vt 0.070896 0.964552
vt 0.061567 0.968284
vt 0.061567 0.960821
vt 0.069030 0.968284
vt 0.070896 0.972015
vt 0.063433 0.972015
vt 0.070896 0.979478
vt 0.061567 0.983209
vt 0.061567 0.975746
vt 0.069030 0.983209
vt 0.070896 0.986940
vt 0.063433 0.986940
vt 0.070896 0.994403
vt 0.061567 0.998134
vt 0.061567 0.990672
vt 0.069030 0.998134
vt 0.085821 0.001866
vt 0.078358 0.001866
vt 0.085821 0.009328
vt 0.076493 0.013060
vt 0.076493 0.005597
vt 0.083955 0.013060
vt 0.085821 0.016791
vt 0.078358 0.016791
vt 0.085821 0.024254
vt 0.076493 0.027985
vt 0.076493 0.020522
vt 0.083955 0.027985
vt 0.085821 0.031716
vt 0.078358 0.031716
vt 0.085821 0.039179
vt 0.076493 0.042910
vt 0.076493 0.035448
vt 0.083955 0.042910
vt 0.085821 0.046642
vt 0.078358 0.046642
vt 0.085821 0.054104
vt 0.076493 0.057836
vt 0.076493 0.050373
vt 0.083955 0.057836
vt 0.085821 0.061567
vt 0.078358 0.061567
vt 0.085821 0.069030
vt 0.076493 0.072761
vt 0.076493 0.065299
vt 0.083955 0.072761
vt 0.085821 0.076493
vt 0.078358 0.076493
vt 0.085821 0.083955
vt 0.076493 0.087687
vt 0.076493 0.080224
vt 0.083955 0.087687
vt 0.085821 0.091418
vt 0.078358 0.091418
vt 0.085821 0.098881
vt 0.076493 0.102612
vt 0.076493 0.095149
vt 0.083955 0.102612
vt 0.085821 0.106343
vt 0.078358 0.106343
vt 0.085821 0.113806
vt 0.076493 0.117537
vt 0.076493 0.110075
vt 0.083955 0.117537
vt 0.085821 0.121269
vt 0.078358 0.121269
vt 0.085821 0.128731
vt 0.076493 0.132463
vt 0.076493 0.125000
vt 0.083955 0.132463
vt 0.085821 0.136194
vt 0.078358 0.136194
vt 0.085821 0.143657
vt 0.076493 0.147388
vt 0.076493 0.139925
vt 0.083955 0.147388
vt 0.085821 0.151119
vt 0.078358 0.151119
vt 0.085821 0.158582
vt 0.076493 0.162313
vt 0.076493 0.154851
vt 0.083955 0.162313
vt 0.085821 0.166045
vt 0.078358 0.166045
vt 0.085821 0.173507
vt 0.076493 0.177239
vt 0.076493 0.169776
vt 0.083955 0.177239
vt 0.085821 0.180970
vt 0.078358 0.180970
vt 0.085821 0.188433
vt 0.076493 0.192164
vt 0.076493 0.184701
vt 0.083955 0.192164
vt 0.085821 0.195896
vt 0.078358 0.195896
vt 0.085821 0.203358
vt 0.076493 0.207090
vt 0.076493 0.199627
vt 0.083955 0.207090
vt 0.085821 0.210821
vt 0.078358 0.210821
vt 0.085821 0.218284
vt 0.076493 0.222015
vt 0.076493 0.214552
vt 0.083955 0.222015
vt 0.085821 0.225746
vt 0.078358 0.225746
vt 0.085821 0.233209
vt 0.076493 0.236940
vt 0.076493 0.229478
vt 0.083955 0.236940
vt 0.085821 0.240672
vt 0.078358 0.240672
vt 0.085821 0.248134
vt 0.076493 0.251866
vt 0.076493 0.244403
vt 0.083955 0.251866
vt 0.085821 0.255597
vt 0.078358 0.255597
vt 0.085821 0.263060
vt 0.076493 0.266791
vt 0.076493 0.259328
vt 0.083955 0.266791
vt 0.085821 0.270522
vt 0.078358 0.270522
vt 0.085821 0.277985
vt 0.076493 0.281716
vt 0.076493 0.274254
vt 0.083955 0.281716
vt 0.085821 0.285448
vt 0.078358 0.285448
vt 0.085821 0.292910
vt 0.076493 0.296642
vt 0.076493 0.289179
vt 0.083955 0.296642
vt 0.085821 0.300373
vt 0.078358 0.300373
vt 0.085821 0.307836
vt 0.076493 0.311567
vt 0.076493 0.304104
vt 0.083955 0.311567
vt 0.085821 0.315298
vt 0.078358 0.315298
vt 0.085821 0.322761
vt 0.076493 0.326493
vt 0.076493 0.319030
vt 0.083955 0.326493
vt 0.085821 0.330224
vt 0.078358 0.330224
vt 0.085821 0.337687
vt 0.076493 0.341418
vt 0.076493 0.333955
vt 0.083955 0.341418
vt 0.085821 0.345149
vt 0.078358 0.345149
vt 0.085821 0.352612
vt 0.076493 0.356343
vt 0.076493 0.348881
vt 0.083955 0.356343
vt 0.085821 0.360075
vt 0.078358 0.360075
vt 0.085821 0.367537
vt 0.076493 0.371269
vt 0.076493 0.363806
vt 0.083955 0.371269
vt 0.085821 0.375000
vt 0.078358 0.375000
vt 0.085821 0.382463
vt 0.076493 0.386194
vt 0.076493 0.378731
vt 0.083955 0.386194
vt 0.085821 0.389925
vt 0.078358 0.389925
vt 0.085821 0.397388
vt 0.076493 0.401119
vt 0.076493 0.393657
vt 0.083955 0.401119
vt 0.085821 0.404851
vt 0.078358 0.404851
vt 0.085821 0.412313
vt 0.076493 0.416045
vt 0.076493 0.408582
vt 0.083955 0.416045
vt 0.085821 0.419776
vt 0.078358 0.419776
vt 0.085821 0.427239
vt 0.076493 0.430970
vt 0.076493 0.423507
vt 0.083955 0.430970
vt 0.085821 0.434701
vt 0.078358 0.434701
vt 0.085821 0.442164
vt 0.076493 0.445896
vt 0.076493 0.438433
vt 0.083955 0.445896
vt 0.085821 0.449627
vt 0.078358 0.449627
vt 0.085821 0.457090
vt 0.076493 0.460821
vt 0.076493 0.453358
vt 0.083955 0.460821
vt 0.085821 0.464552
vt 0.078358 0.464552
vt 0.085821 0.472015
vt 0.076493 0.475746
vt 0.076493 0.468284
vt 0.083955 0.475746
vt 0.085821 0.479478
vt 0.078358 0.479478
vt 0.085821 0.486940
vt 0.076493 0.490672
vt 0.076493 0.483209
vt 0.083955 0.490672
vt 0.085821 0.494403
vt 0.078358 0.494403
vt 0.085821 0.501866
vt 0.076493 0.505597
vt 0.076493 0.498134
vt 0.083955 0.505597
vt 0.085821 0.509328
vt 0.078358 0.509328
vt 0.085821 0.516791
vt 0.076493 0.520522
vt 0.076493 0.513060
vt 0.083955 0.520522
vt 0.085821 0.524254
vt 0.078358 0.524254
vt 0.085821 0.531716
vt 0.076493 0.535448
vt 0.076493 0.527985
vt 0.083955 0.535448
vt 0.085821 0.539179
vt 0.078358 0.539179
vt 0.085821 0.546642
vt 0.076493 0.550373
vt 0.076493 0.542910
vt 0.083955 0.550373
vt 0.085821 0.554104
vt 0.078358 0.554104
vt 0.085821 0.561567
vt 0.076493 0.565298
vt 0.076493 0.557836
vt 0.083955 0.565298
vt 0.085821 0.569030
vt 0.078358 0.569030
vt 0.085821 0.576493
vt 0.076493 0.580224
vt 0.076493 0.572761
vt 0.083955 0.580224
vt 0.085821 0.583955
vt 0.078358 0.583955
vt 0.085821 0.591418
vt 0.076493 0.595149
vt 0.076493 0.587687
vt 0.083955 0.595149
vt 0.085821 0.598881
vt 0.078358 0.598881
vt 0.085821 0.606343
vt 0.076493 0.610075
vt 0.076493 0.602612
vt 0.083955 0.610075
vt 0.085821 0.613806
vt 0.078358 0.613806
vt 0.085821 0.621269
vt 0.076493 0.625000
vt 0.076493 0.617537
vt 0.083955 0.625000
vt 0.085821 0.628731
vt 0.078358 0.628731
vt 0.085821 0.636194
vt 0.076493 0.639925
vt 0.076493 0.632463
vt 0.083955 0.639925
vt 0.085821 0.643657
vt 0.078358 0.643657
vt 0.085821 0.651119
vt 0.076493 0.654851
vt 0.076493 0.647388
vt 0.083955 0.654851
vt 0.085821 0.658582
vt 0.078358 0.658582
vt 0.085821 0.666045
vt 0.076493 0.669776
vt 0.076493 0.662313
vt 0.083955 0.669776
vt 0.085821 0.673507
vt 0.078358 0.673507
vt 0.085821 0.680970
vt 0.076493 0.684702
vt 0.076493 0.677239
vt 0.083955 0.684702
vt 0.085821 0.688433
vt 0.078358 0.688433
vt 0.085821 0.695895
vt 0.076493 0.699627
vt 0.076493 0.692164
vt 0.083955 0.699627
vt 0.085821 0.703358
vt 0.078358 0.703358
vt 0.085821 0.710821
vt 0.076493 0.714552
vt 0.076493 0.707090
vt 0.083955 0.714552
vt 0.085821 0.718284
vt 0.078358 0.718284
vt 0.085821 0.725746
vt 0.076493 0.729478
vt 0.076493 0.722015
vt 0.083955 0.729478
vt 0.085821 0.733209
vt 0.078358 0.733209
vt 0.085821 0.740672
vt 0.076493 0.744403
vt 0.076493 0.736940
vt 0.083955 0.744403
vt 0.085821 0.748134
vt 0.078358 0.748134
vt 0.085821 0.755597
vt 0.076493 0.759328
vt 0.076493 0.751866
vt 0.083955 0.759328
vt 0.085821 0.763060
vt 0.078358 0.763060
vt 0.085821 0.770522
vt 0.076493 0.774254
vt 0.076493 0.766791
vt 0.083955 0.774254
vt 0.085821 0.777985
vt 0.078358 0.777985
vt 0.085821 0.785448
vt 0.076493 0.789179
vt 0.076493 0.781716
vt 0.083955 0.789179
vt 0.085821 0.792910
vt 0.078358 0.792910
vt 0.085821 0.800373
vt 0.076493 0.804104
vt 0.076493 0.796642
vt 0.083955 0.804104
vt 0.085821 0.807836
vt 0.078358 0.807836
vt 0.085821 0.815298
vt 0.076493 0.819030
vt 0.076493 0.811567
vt 0.083955 0.819030
vt 0.085821 0.822761
vt 0.078358 0.822761
vt 0.085821 0.830224
vt 0.076493 0.833955
vt 0.076493 0.826492
vt 0.083955 0.833955
vt 0.085821 0.837687
vt 0.078358 0.837687
vt 0.085821 0.845149
vt 0.076493 0.848881
vt 0.076493 0.841418
vt 0.083955 0.848881
vt 0.085821 0.852612
vt 0.078358 0.852612
vt 0.085821 0.860075
vt 0.076493 0.863806
vt 0.076493 0.856343
vt 0.083955 0.863806
vt 0.085821 0.867537
vt 0.078358 0.867537
vt 0.085821 0.875000
vt 0.076493 0.878731
vt 0.076493 0.871269
vt 0.083955 0.878731
vt 0.085821 0.882463
vt 0.078358 0.882463
vt 0.085821 0.889925
vt 0.076493 0.893657
vt 0.076493 0.886194
vt 0.083955 0.893657
vt 0.085821 0.897388
vt 0.078358 0.897388
vt 0.085821 0.904851
vt 0.076493 0.908582
vt 0.076493 0.901119
vt 0.083955 0.908582
vt 0.085821 0.912313
vt 0.078358 0.912313
vt 0.085821 0.919776
vt 0.076493 0.923507
vt 0.076493 0.916045
vt 0.083955 0.923507
vt 0.085821 0.927239
vt 0.078358 0.927239
vt 0.085821 0.934701
vt 0.076493 0.938433
vt 0.076493 0.930970
vt 0.083955 0.938433
vt 0.085821 0.942164
vt 0.078358 0.942164
vt 0.085821 0.949627
vt 0.076493 0.953358
vt 0.076493 0.945895
vt 0.083955 0.953358
vt 0.085821 0.957090
vt 0.078358 0.957090
vt 0.085821 0.964552
vt 0.076493 0.968284
vt 0.076493 0.960821
vt 0.083955 0.968284
vt 0.085821 0.972015
vt 0.078358 0.972015
vt 0.085821 0.979478
vt 0.076493 0.983209
vt 0.076493 0.975746
vt 0.083955 0.983209
vt 0.085821 0.986940
vt 0.078358 0.986940
vt 0.085821 0.994403
vt 0.076493 0.998134
vt 0.076493 0.990672
vt 0.083955 0.998134
vt 0.100746 0.001866
vt 0.093284 0.001866
vt 0.100746 0.009328
vt 0.091418 0.013060
vt 0.091418 0.005597
vt 0.098881 0.013060
vt 0.100746 0.016791
vt 0.093284 0.016791
vt 0.100746 0.024254
vt 0.091418 0.027985
vt 0.091418 0.020522
vt 0.098881 0.027985
vt 0.100746 0.031716
vt 0.093284 0.031716
vt 0.100746 0.039179
vt 0.091418 0.042910
vt 0.091418 0.035448
vt 0.098881 0.042910
vt 0.100746 0.046642
vt 0.093284 0.046642
vt 0.100746 0.054104
vt 0.091418 0.057836
vt 0.091418 0.050373
vt 0.098881 0.057836
vt 0.100746 0.061567
vt 0.093284 0.061567
vt 0.100746 0.069030
vt 0.091418 0.072761
vt 0.091418 0.065299
vt 0.098881 0.072761
vt 0.100746 0.076493
vt 0.093284 0.076493
vt 0.100746 0.083955
vt 0.091418 0.087687
vt 0.091418 0.080224
vt 0.098881 0.087687
vt 0.100746 0.091418
vt 0.093284 0.091418
vt 0.100746 0.098881
vt 0.091418 0.102612
vt 0.091418 0.095149
vt 0.098881 0.102612
vt 0.100746 0.106343
vt 0.093284 0.106343
vt 0.100746 0.113806
vt 0.091418 0.117537
vt 0.091418 0.110075
vt 0.098881 0.117537
vt 0.100746 0.121269
vt 0.093284 0.121269
vt 0.100746 0.128731
vt 0.091418 0.132463
vt 0.091418 0.125000
vt 0.098881 0.132463
vt 0.100746 0.136194
vt 0.093284 0.136194
vt 0.100746 0.143657
vt 0.091418 0.147388
vt 0.091418 0.139925
vt 0.098881 0.147388
vt 0.100746 0.151119
vt 0.093284 0.151119
vt 0.100746 0.158582
vt 0.091418 0.162313
vt 0.091418 0.154851
vt 0.098881 0.162313
vt 0.100746 0.166045
vt 0.093284 0.166045
vt 0.100746 0.173507
vt 0.091418 0.177239
vt 0.091418 0.169776
vt 0.098881 0.177239
vt 0.100746 0.180970
vt 0.093284 0.180970
vt 0.100746 0.188433
vt 0.091418 0.192164
vt 0.091418 0.184701
vt 0.098881 0.192164
vt 0.100746 0.195896
vt 0.093284 0.195896
vt 0.100746 0.203358
vt 0.091418 0.207090
vt 0.091418 0.199627
vt 0.098881 0.207090
vt 0.100746 0.210821
vt 0.093284 0.210821
vt 0.100746 0.218284
vt 0.091418 0.222015
vt 0.091418 0.214552
vt 0.098881 0.222015
vt 0.100746 0.225746
vt 0.093284 0.225746
vt 0.100746 0.233209
vt 0.091418 0.236940
vt 0.091418 0.229478
vt 0.098881 0.236940
vt 0.100746 0.240672
vt 0.093284 0.240672
vt 0.100746 0.248134
vt 0.091418 0.251866
vt 0.091418 0.244403
vt 0.098881 0.251866
vt 0.100746 0.255597
vt 0.093284 0.255597
vt 0.100746 0.263060
vt 0.091418 0.266791
vt 0.091418 0.259328
vt 0.098881 0.266791
vt 0.100746 0.270522
vt 0.093284 0.270522
vt 0.100746 0.277985
vt 0.091418 0.281716
vt 0.091418 0.274254
vt 0.098881 0.281716
vt 0.100746 0.285448
vt 0.093284 0.285448
vt 0.100746 0.292910
vt 0.091418 0.296642
vt 0.091418 0.289179
vt 0.098881 0.296642
vt 0.100746 0.300373
vt 0.093284 0.300373
vt 0.100746 0.307836
vt 0.091418 0.311567
vt 0.091418 0.304104
vt 0.098881 0.311567
vt 0.100746 0.315298
vt 0.093284 0.315298
vt 0.100746 0.322761
vt 0.091418 0.326493
vt 0.091418 0.319030
vt 0.098881 0.326493
vt 0.100746 0.330224
vt 0.093284 0.330224
vt 0.100746 0.337687
vt 0.091418 0.341418
vt 0.091418 0.333955
vt 0.098881 0.341418
vt 0.100746 0.345149
vt 0.093284 0.345149
vt 0.100746 0.352612
vt 0.091418 0.356343
vt 0.091418 0.348881
vt 0.098881 0.356343
vt 0.100746 0.360075
vt 0.093284 0.360075
vt 0.100746 0.367537
vt 0.091418 0.371269
vt 0.091418 0.363806
vt 0.098881 0.371269
vt 0.100746 0.375000
vt 0.093284 0.375000
vt 0.100746 0.382463
vt 0.091418 0.386194
vt 0.091418 0.378731
vt 0.098881 0.386194
vt 0.100746 0.389925
vt 0.093284 0.389925
vt 0.100746 0.397388
vt 0.091418 0.401119
vt 0.091418 0.393657
vt 0.098881 0.401119
vt 0.100746 0.404851
vt 0.093284 0.404851
vt 0.100746 0.412313
vt 0.091418 0.416045
vt 0.091418 0.408582
vt 0.098881 0.416045
vt 0.100746 0.419776
vt 0.093284 0.419776
vt 0.100746 0.427239
vt 0.091418 0.430970
vt 0.091418 0.423507
vt 0.098881 0.430970
vt 0.100746 0.434701
vt 0.093284 0.434701
vt 0.100746 0.442164
vt 0.091418 0.445896
vt 0.091418 0.438433
vt 0.098881 0.445896
vt 0.100746 0.449627
vt 0.093284 0.449627
vt 0.100746 0.457090
vt 0.091418 0.460821
vt 0.091418 0.453358
vt 0.098881 0.460821
vt 0.100746 0.464552
vt 0.093284 0.464552
vt 0.100746 0.472015
vt 0.091418 0.475746
vt 0.091418 0.468284
vt 0.098881 0.475746
vt 0.100746 0.479478
vt 0.093284 0.479478
vt 0.100746 0.486940
vt 0.091418 0.490672
vt 0.091418 0.483209
vt 0.098881 0.490672
vt 0.100746 0.494403
vt 0.093284 0.494403
vt 0.100746 0.501866
vt 0.091418 0.505597
vt 0.091418 0.498134
vt 0.098881 0.505597
vt 0.100746 0.509328
vt 0.093284 0.509328
vt 0.100746 0.516791
vt 0.091418 0.520522
vt 0.091418 0.513060
vt 0.098881 0.520522
vt 0.100746 0.524254
vt 0.093284 0.524254
vt 0.100746 0.531716
vt 0.091418 0.535448
vt 0.091418 0.527985
vt 0.098881 0.535448
vt 0.100746 0.539179
vt 0.093284 0.539179
vt 0.100746 0.546642
vt 0.091418 0.550373
vt 0.091418 0.542910
vt 0.098881 0.550373
vt 0.100746 0.554104
vt 0.093284 0.554104
vt 0.100746 0.561567
vt 0.091418 0.565298
vt 0.091418 0.557836
vt 0.098881 0.565298
vt 0.100746 0.569030
vt 0.093284 0.569030
vt 0.100746 0.576493
vt 0.091418 0.580224
vt 0.091418 0.572761
vt 0.098881 0.580224
vt 0.100746 0.583955
vt 0.093284 0.583955
vt 0.100746 0.591418
vt 0.091418 0.595149
vt 0.091418 0.587687
vt 0.098881 0.595149
vt 0.100746 0.598881
vt 0.093284 0.598881
vt 0.100746 0.606343
vt 0.091418 0.610075
vt 0.091418 0.602612
vt 0.098881 0.610075
vt 0.100746 0.613806
vt 0.093284 0.613806
vt 0.100746 0.621269
vt 0.091418 0.625000
vt 0.091418 0.617537
vt 0.098881 0.625000
vt 0.100746 0.628731
vt 0.093284 0.628731
vt 0.100746 0.636194
vt 0.091418 0.639925
vt 0.091418 0.632463
vt 0.098881 0.639925
vt 0.100746 0.643657
vt 0.093284 0.643657
vt 0.100746 0.651119
vt 0.091418 0.654851
vt 0.091418 0.647388
vt 0.098881 0.654851
vt 0.100746 0.658582
vt 0.093284 0.658582
vt 0.100746 0.666045
vt 0.091418 0.669776
vt 0.091418 0.662313
vt 0.098881 0.669776
vt 0.100746 0.673507
vt 0.093284 0.673507
vt 0.100746 0.680970
vt 0.091418 0.684702
vt 0.091418 0.677239
vt 0.098881 0.684702
vt 0.100746 0.688433
vt 0.093284 0.688433
vt 0.100746 0.695895
vt 0.091418 0.699627
vt 0.091418 0.692164
vt 0.098881 0.699627
vt 0.100746 0.703358
vt 0.093284 0.703358
vt 0.100746 0.710821
vt 0.091418 0.714552
vt 0.091418 0.707090
vt 0.098881 0.714552
vt 0.100746 0.718284
vt 0.093284 0.718284
vt 0.100746 0.725746
vt 0.091418 0.729478
vt 0.091418 0.722015
vt 0.098881 0.729478
vt 0.100746 0.733209
vt 0.093284 0.733209
vt 0.100746 0.740672
vt 0.091418 0.744403
vt 0.091418 0.736940
vt 0.098881 0.744403
vt 0.100746 0.748134
vt 0.093284 0.748134
vt 0.100746 0.755597
vt 0.091418 0.759328
vt 0.091418 0.751866
vt 0.098881 0.759328
vt 0.100746 0.763060
vt 0.093284 0.763060
vt 0.100746 0.770522
vt 0.091418 0.774254
vt 0.091418 0.766791
vt 0.098881 0.774254
vt 0.100746 0.777985
vt 0.093284 0.777985
vt 0.100746 0.785448
vt 0.091418 0.789179
vt 0.091418 0.781716
vt 0.098881 0.789179
vt 0.100746 0.792910
vt 0.093284 0.792910
vt 0.100746 0.800373
vt 0.091418 0.804104
vt 0.091418 0.796642
vt 0.098881 0.804104
vt 0.100746 0.807836
vt 0.093284 0.807836
vt 0.100746 0.815298
vt 0.091418 0.819030
vt 0.091418 0.811567
vt 0.098881 0.819030
vt 0.100746 0.822761
vt 0.093284 0.822761
vt 0.100746 0.830224
vt 0.091418 0.833955
vt 0.091418 0.826492
vt 0.098881 0.833955
vt 0.100746 0.837687
vt 0.093284 0.837687
vt 0.100746 0.845149
vt 0.091418 0.848881
vt 0.091418 0.841418
vt 0.098881 0.848881
vt 0.100746 0.852612
vt 0.093284 0.852612
vt 0.100746 0.860075
vt 0.091418 0.863806
vt 0.091418 0.856343
vt 0.098881 0.863806
vt 0.100746 0.867537
vt 0.093284 0.867537
vt 0.100746 0.875000
vt 0.091418 0.878731
vt 0.091418 0.871269
vt 0.098881 0.878731
vt 0.100746 0.882463
vt 0.093284 0.882463
vt 0.100746 0.889925
vt 0.091418 0.893657
vt 0.091418 0.886194
vt 0.098881 0.893657
vt 0.100746 0.897388
vt 0.093284 0.897388
vt 0.100746 0.904851
vt 0.091418 0.908582
vt 0.091418 0.901119
vt 0.098881 0.908582
vt 0.100746 0.912313
vt 0.093284 0.912313
vt 0.100746 0.919776
vt 0.091418 0.923507
vt 0.091418 0.916045
vt 0.098881 0.923507
vt 0.100746 0.927239
vt 0.093284 0.927239
vt 0.100746 0.934701
vt 0.091418 0.938433
vt 0.091418 0.930970
vt 0.098881 0.938433
vt 0.100746 0.942164
vt 0.093284 0.942164
vt 0.100746 0.949627
vt 0.091418 0.953358
vt 0.091418 0.945895
vt 0.098881 0.953358
vt 0.100746 0.957090
vt 0.093284 0.957090
vt 0.100746 0.964552
vt 0.091418 0.968284
vt 0.091418 0.960821
vt 0.098881 0.968284
vt 0.100746 0.972015
vt 0.093284 0.972015
vt 0.100746 0.979478
vt 0.091418 0.983209
vt 0.091418 0.975746
vt 0.098881 0.983209
vt 0.100746 0.986940
vt 0.093284 0.986940
vt 0.100746 0.994403
vt 0.091418 0.998134
vt 0.091418 0.990672
vt 0.098881 0.998134
vt 0.115672 0.001866
vt 0.108209 0.001866
vt 0.115672 0.009328
vt 0.106343 0.013060
vt 0.106343 0.005597
vt 0.113806 0.013060
vt 0.115672 0.016791
vt 0.108209 0.016791
vt 0.115672 0.024254
vt 0.106343 0.027985
vt 0.106343 0.020522
vt 0.113806 0.027985
vt 0.115672 0.031716
vt 0.108209 0.031716
vt 0.115672 0.039179
vt 0.106343 0.042910
vt 0.106343 0.035448
vt 0.113806 0.042910
vt 0.115672 0.046642
vt 0.108209 0.046642
vt 0.115672 0.054104
vt 0.106343 0.057836
vt 0.106343 0.050373
vt 0.113806 0.057836
vt 0.115672 0.061567
vt 0.108209 0.061567
vt 0.115672 0.069030
vt 0.106343 0.072761
vt 0.106343 0.065299
vt 0.113806 0.072761
vt 0.115672 0.076493
vt 0.108209 0.076493
vt 0.115672 0.083955
vt 0.106343 0.087687
vt 0.106343 0.080224
vt 0.113806 0.087687
vt 0.115672 0.091418
vt 0.108209 0.091418
vt 0.115672 0.098881
vt 0.106343 0.102612
vt 0.106343 0.095149
vt 0.113806 0.102612
vt 0.115672 0.106343
vt 0.108209 0.106343
vt 0.115672 0.113806
vt 0.106343 0.117537
vt 0.106343 0.110075
vt 0.113806 0.117537
vt 0.115672 0.121269
vt 0.108209 0.121269
vt 0.115672 0.128731
vt 0.106343 0.132463
vt 0.106343 0.125000
vt 0.113806 0.132463
vt 0.115672 0.136194
vt 0.108209 0.136194
vt 0.115672 0.143657
vt 0.106343 0.147388
vt 0.106343 0.139925
vt 0.113806 0.147388
vt 0.115672 0.151119
vt 0.108209 0.151119
vt 0.115672 0.158582
vt 0.106343 0.162313
vt 0.106343 0.154851
vt 0.113806 0.162313
vt 0.115672 0.166045
vt 0.108209 0.166045
vt 0.115672 0.173507
vt 0.106343 0.177239
vt 0.106343 0.169776
vt 0.113806 0.177239
vt 0.115672 0.180970
vt 0.108209 0.180970
vt 0.115672 0.188433
vt 0.106343 0.192164
vt 0.106343 0.184701
vt 0.113806 0.192164
vt 0.115672 0.195896
vt 0.108209 0.195896
vt 0.115672 0.203358
vt 0.106343 0.207090
vt 0.106343 0.199627
vt 0.113806 0.207090
vt 0.115672 0.210821
vt 0.108209 0.210821
vt 0.115672 0.218284
vt 0.106343 0.222015
vt 0.106343 0.214552
vt 0.113806 0.222015
vt 0.115672 0.225746
vt 0.108209 0.225746
vt 0.115672 0.233209
vt 0.106343 0.236940
vt 0.106343 0.229478
vt 0.113806 0.236940
vt 0.115672 0.240672
vt 0.108209 0.240672
vt 0.115672 0.248134
vt 0.106343 0.251866
vt 0.106343 0.244403
vt 0.113806 0.251866
vt 0.115672 0.255597
vt 0.108209 0.255597
vt 0.115672 0.263060
vt 0.106343 0.266791
vt 0.106343 0.259328
vt 0.113806 0.266791
vt 0.115672 0.270522
vt 0.108209 0.270522
vt 0.115672 0.277985
vt 0.106343 0.281716
vt 0.106343 0.274254
vt 0.113806 0.281716
vt 0.115672 0.285448
vt 0.108209 0.285448
vt 0.115672 0.292910
vt 0.106343 0.296642
vt 0.106343 0.289179
vt 0.113806 0.296642
vt 0.115672 0.300373
vt 0.108209 0.300373
vt 0.115672 0.307836
vt 0.106343 0.311567
vt 0.106343 0.304104
vt 0.113806 0.311567
vt 0.115672 0.315298
vt 0.108209 0.315298
vt 0.115672 0.322761
vt 0.106343 0.326493
vt 0.106343 0.319030
vt 0.113806 0.326493
vt 0.115672 0.330224
vt 0.108209 0.330224
vt 0.115672 0.337687
vt 0.106343 0.341418
vt 0.106343 0.333955
vt 0.113806 0.341418
vt 0.115672 0.345149
vt 0.108209 0.345149
vt 0.115672 0.352612
vt 0.106343 0.356343
vt 0.106343 0.348881
vt 0.113806 0.356343
vt 0.115672 0.360075
vt 0.108209 0.360075
vt 0.115672 0.367537
vt 0.106343 0.371269
vt 0.106343 0.363806
vt 0.113806 0.371269
vt 0.115672 0.375000
vt 0.108209 0.375000
vt 0.115672 0.382463
vt 0.106343 0.386194
vt 0.106343 0.378731
vt 0.113806 0.386194
vt 0.115672 0.389925
vt 0.108209 0.389925
vt 0.115672 0.397388
vt 0.106343 0.401119
vt 0.106343 0.393657
vt 0.113806 0.401119
vt 0.115672 0.404851
vt 0.108209 0.404851
vt 0.115672 0.412313
vt 0.106343 0.416045
vt 0.106343 0.408582
vt 0.113806 0.416045
vt 0.115672 0.419776
vt 0.108209 0.419776
vt 0.115672 0.427239
vt 0.106343 0.430970
vt 0.106343 0.423507
vt 0.113806 0.430970
vt 0.115672 0.434701
vt 0.108209 0.434701
vt 0.115672 0.442164
vt 0.106343 0.445896
vt 0.106343 0.438433
vt 0.113806 0.445896
vt 0.115672 0.449627
vt 0.108209 0.449627
vt 0.115672 0.457090
vt 0.106343 0.460821
vt 0.106343 0.453358
vt 0.113806 0.460821
vt 0.115672 0.464552
vt 0.108209 0.464552
vt 0.115672 0.472015
vt 0.106343 0.475746
vt 0.106343 0.468284
vt 0.113806 0.475746
vt 0.115672 0.479478
vt 0.108209 0.479478
vt 0.115672 0.486940
vt 0.106343 0.490672
vt 0.106343 0.483209
vt 0.113806 0.490672
vt 0.115672 0.494403
vt 0.108209 0.494403
vt 0.115672 0.501866
vt 0.106343 0.505597
vt 0.106343 0.498134
vt 0.113806 0.505597
vt 0.115672 0.509328
vt 0.108209 0.509328
vt 0.115672 0.516791
vt 0.106343 0.520522
vt 0.106343 0.513060
vt 0.113806 0.520522
vt 0.115672 0.524254
vt 0.108209 0.524254
vt 0.115672 0.531716
vt 0.106343 0.535448
vt 0.106343 0.527985
vt 0.113806 0.535448
vt 0.115672 0.539179
vt 0.108209 0.539179
vt 0.115672 0.546642
vt 0.106343 0.550373
vt 0.106343 0.542910
vt 0.113806 0.550373
vt 0.115672 0.554104
vt 0.108209 0.554104
vt 0.115672 0.561567
vt 0.106343 0.565298
vt 0.106343 0.557836
vt 0.113806 0.565298
vt 0.115672 0.569030
vt 0.108209 0.569030
vt 0.115672 0.576493
vt 0.106343 0.580224
vt 0.106343 0.572761
vt 0.113806 0.580224
vt 0.115672 0.583955
vt 0.108209 0.583955
vt 0.115672 0.591418
vt 0.106343 0.595149
vt 0.106343 0.587687
vt 0.113806 0.595149
vt 0.115672 0.598881
vt 0.108209 0.598881
vt 0.115672 0.606343
vt 0.106343 0.610075
vt 0.106343 0.602612
vt 0.113806 0.610075
vt 0.115672 0.613806
vt 0.108209 0.613806
vt 0.115672 0.621269
vt 0.106343 0.625000
vt 0.106343 0.617537
vt 0.113806 0.625000
vt 0.115672 0.628731
vt 0.108209 0.628731
vt 0.115672 0.636194
vt 0.106343 0.639925
vt 0.106343 0.632463
vt 0.113806 0.639925
vt 0.115672 0.643657
vt 0.108209 0.643657
vt 0.115672 0.651119
vt 0.106343 0.654851
vt 0.106343 0.647388
vt 0.113806 0.654851
vt 0.115672 0.658582
vt 0.108209 0.658582
vt 0.115672 0.666045
vt 0.106343 0.669776
vt 0.106343 0.662313
vt 0.113806 0.669776
vt 0.115672 0.673507
vt 0.108209 0.673507
vt 0.115672 0.680970
vt 0.106343 0.684702
vt 0.106343 0.677239
vt 0.113806 0.684702
vt 0.115672 0.688433
vt 0.108209 0.688433
vt 0.115672 0.695895
vt 0.106343 0.699627
vt 0.106343 0.692164
vt 0.113806 0.699627
vt 0.115672 0.703358
vt 0.108209 0.703358
vt 0.115672 0.710821
vt 0.106343 0.714552
vt 0.106343 0.707090
vt 0.113806 0.714552
vt 0.115672 0.718284
vt 0.108209 0.718284
vt 0.115672 0.725746
vt 0.106343 0.729478
vt 0.106343 0.722015
vt 0.113806 0.729478
vt 0.115672 0.733209
vt 0.108209 0.733209
vt 0.115672 0.740672
vt 0.106343 0.744403
vt 0.106343 0.736940
vt 0.113806 0.744403
vt 0.115672 0.748134
vt 0.108209 0.748134
vt 0.115672 0.755597
vt 0.106343 0.759328
vt 0.106343 0.751866
vt 0.113806 0.759328
vt 0.115672 0.763060
vt 0.108209 0.763060
vt 0.115672 0.770522
vt 0.106343 0.774254
vt 0.106343 0.766791
vt 0.113806 0.774254
vt 0.115672 0.777985
vt 0.108209 0.777985
vt 0.115672 0.785448
vt 0.106343 0.789179
vt 0.106343 0.781716
vt 0.113806 0.789179
vt 0.115672 0.792910
vt 0.108209 0.792910
vt 0.115672 0.800373
vt 0.106343 0.804104
vt 0.106343 0.796642
vt 0.113806 0.804104
vt 0.115672 0.807836
vt 0.108209 0.807836
vt 0.115672 0.815298
vt 0.106343 0.819030
vt 0.106343 0.811567
vt 0.113806 0.819030
vt 0.115672 0.822761
vt 0.108209 0.822761
vt 0.115672 0.830224
vt 0.106343 0.833955
vt 0.106343 0.826492
vt 0.113806 0.833955
vt 0.115672 0.837687
vt 0.108209 0.837687
vt 0.115672 0.845149
vt 0.106343 0.848881
vt 0.106343 0.841418
vt 0.113806 0.848881
vt 0.115672 0.852612
vt 0.108209 0.852612
vt 0.115672 0.860075
vt 0.106343 0.863806
vt 0.106343 0.856343
vt 0.113806 0.863806
vt 0.115672 0.867537
vt 0.108209 0.867537
vt 0.115672 0.875000
vt 0.106343 0.878731
vt 0.106343 0.871269
vt 0.113806 0.878731
vt 0.115672 0.882463
vt 0.108209 0.882463
vt 0.115672 0.889925
vt 0.106343 0.893657
vt 0.106343 0.886194
vt 0.113806 0.893657
vt 0.115672 0.897388
vt 0.108209 0.897388
vt 0.115672 0.904851
vt 0.106343 0.908582
vt 0.106343 0.901119
vt 0.113806 0.908582
vt 0.115672 0.912313
vt 0.108209 0.912313
vt 0.115672 0.919776
vt 0.106343 0.923507
vt 0.106343 0.916045
vt 0.113806 0.923507
vt 0.115672 0.927239
vt 0.108209 0.927239
vt 0.115672 0.934701
vt 0.106343 0.938433
vt 0.106343 0.930970
vt 0.113806 0.938433
vt 0.115672 0.942164
vt 0.108209 0.942164
vt 0.115672 0.949627
vt 0.106343 0.953358
vt 0.106343 0.945895
vt 0.113806 0.953358
vt 0.115672 0.957090
vt 0.108209 0.957090
vt 0.115672 0.964552
vt 0.106343 0.968284
vt 0.106343 0.960821
vt 0.113806 0.968284
vt 0.115672 0.972015
vt 0.108209 0.972015
vt 0.115672 0.979478
vt 0.106343 0.983209
vt 0.106343 0.975746
vt 0.113806 0.983209
vt 0.115672 0.986940
vt 0.108209 0.986940
vt 0.115672 0.994403
vt 0.106343 0.998134
vt 0.106343 0.990672
vt 0.113806 0.998134
vt 0.130597 0.001866
vt 0.123134 0.001866
vt 0.130597 0.009328
vt 0.121269 0.013060
vt 0.121269 0.005597
vt 0.128731 0.013060
vt 0.130597 0.016791
vt 0.123134 0.016791
vt 0.130597 0.024254
vt 0.121269 0.027985
vt 0.121269 0.020522
vt 0.128731 0.027985
vt 0.130597 0.031716
vt 0.123134 0.031716
vt 0.130597 0.039179
vt 0.121269 0.042910
vt 0.121269 0.035448
vt 0.128731 0.042910
vt 0.130597 0.046642
vt 0.123134 0.046642
vt 0.130597 0.054104
vt 0.121269 0.057836
vt 0.121269 0.050373
vt 0.128731 0.057836
vt 0.130597 0.061567
vt 0.123134 0.061567
vt 0.130597 0.069030
vt 0.121269 0.072761
vt 0.121269 0.065299
vt 0.128731 0.072761
vt 0.130597 0.076493
vt 0.123134 0.076493
vt 0.130597 0.083955
vt 0.121269 0.087687
vt 0.121269 0.080224
vt 0.128731 0.087687
vt 0.130597 0.091418
vt 0.123134 0.091418
vt 0.130597 0.098881
vt 0.121269 0.102612
vt 0.121269 0.095149
vt 0.128731 0.102612
vt 0.130597 0.106343
vt 0.123134 0.106343
vt 0.130597 0.113806
vt 0.121269 0.117537
vt 0.121269 0.110075
vt 0.128731 0.117537
vt 0.130597 0.121269
vt 0.123134 0.121269
vt 0.130597 0.128731
vt 0.121269 0.132463
vt 0.121269 0.125000
vt 0.128731 0.132463
vt 0.130597 0.136194
vt 0.123134 0.136194
vt 0.130597 0.143657
vt 0.121269 0.147388
vt 0.121269 0.139925
vt 0.128731 0.147388
vt 0.130597 0.151119
vt 0.123134 0.151119
vt 0.130597 0.158582
vt 0.121269 0.162313
vt 0.121269 0.154851
vt 0.128731 0.162313
vt 0.130597 0.166045
vt 0.123134 0.166045
vt 0.130597 0.173507
vt 0.121269 0.177239
vt 0.121269 0.169776
vt 0.128731 0.177239
vt 0.130597 0.180970
vt 0.123134 0.180970
vt 0.130597 0.188433
vt 0.121269 0.192164
vt 0.121269 0.184701
vt 0.128731 0.192164
vt 0.130597 0.195896
vt 0.123134 0.195896
vt 0.130597 0.203358
vt 0.121269 0.207090
vt 0.121269 0.199627
vt 0.128731 0.207090
vt 0.130597 0.210821
vt 0.123134 0.210821
vt 0.130597 0.218284
vt 0.121269 0.222015
vt 0.121269 0.214552
vt 0.128731 0.222015
vt 0.130597 0.225746
vt 0.123134 0.225746
vt 0.130597 0.233209
vt 0.121269 0.236940
vt 0.121269 0.229478
vt 0.128731 0.236940
vt 0.130597 0.240672
vt 0.123134 0.240672
vt 0.130597 0.248134
vt 0.121269 0.251866
vt 0.121269 0.244403
vt 0.128731 0.251866
vt 0.130597 0.255597
vt 0.123134 0.255597
vt 0.130597 0.263060
vt 0.121269 0.266791
vt 0.121269 0.259328
vt 0.128731 0.266791
vt 0.130597 0.270522
vt 0.123134 0.270522
vt 0.130597 0.277985
vt 0.121269 0.281716
vt 0.121269 0.274254
vt 0.128731 0.281716
vt 0.130597 0.285448
vt 0.123134 0.285448
vt 0.130597 0.292910
vt 0.121269 0.296642
vt 0.121269 0.289179
vt 0.128731 0.296642
vt 0.130597 0.300373
vt 0.123134 0.300373
vt 0.130597 0.307836
vt 0.121269 0.311567
vt 0.121269 0.304104
vt 0.128731 0.311567
vt 0.130597 0.315298
vt 0.123134 0.315298
vt 0.130597 0.322761
vt 0.121269 0.326493
vt 0.121269 0.319030
vt 0.128731 0.326493
vt 0.130597 0.330224
vt 0.123134 0.330224
vt 0.130597 0.337687
vt 0.121269 0.341418
vt 0.121269 0.333955
vt 0.128731 0.341418
vt 0.130597 0.345149
vt 0.123134 0.345149
vt 0.130597 0.352612
vt 0.121269 0.356343
vt 0.121269 0.348881
vt 0.128731 0.356343
vt 0.130597 0.360075
vt 0.123134 0.360075
vt 0.130597 0.367537
vt 0.121269 0.371269
vt 0.121269 0.363806
vt 0.128731 0.371269
vt 0.130597 0.375000
vt 0.123134 0.375000
vt 0.130597 0.382463
vt 0.121269 0.386194
vt 0.121269 0.378731
vt 0.128731 0.386194
vt 0.130597 0.389925
vt 0.123134 0.389925
vt 0.130597 0.397388
vt 0.121269 0.401119
vt 0.121269 0.393657
vt 0.128731 0.401119
vt 0.130597 0.404851
vt 0.123134 0.404851
vt 0.130597 0.412313
vt 0.121269 0.416045
vt 0.121269 0.408582
vt 0.128731 0.416045
vt 0.130597 0.419776
vt 0.123134 0.419776
vt 0.130597 0.427239
vt 0.121269 0.430970
vt 0.121269 0.423507
vt 0.128731 0.430970
vt 0.130597 0.434701
vt 0.123134 0.434701
vt 0.130597 0.442164
vt 0.121269 0.445896
vt 0.121269 0.438433
vt 0.128731 0.445896
vt 0.130597 0.449627
vt 0.123134 0.449627
vt 0.130597 0.457090
vt 0.121269 0.460821
vt 0.121269 0.453358
vt 0.128731 0.460821
vt 0.130597 0.464552
vt 0.123134 0.464552
vt 0.130597 0.472015
vt 0.121269 0.475746
vt 0.121269 0.468284
vt 0.128731 0.475746
vt 0.130597 0.479478
vt 0.123134 0.479478
vt 0.130597 0.486940
vt 0.121269 0.490672
vt 0.121269 0.483209
vt 0.128731 0.490672
vt 0.130597 0.494403
vt 0.123134 0.494403
vt 0.130597 0.501866
vt 0.121269 0.505597
vt 0.121269 0.498134
vt 0.128731 0.505597
vt 0.130597 0.509328
vt 0.123134 0.509328
vt 0.130597 0.516791
vt 0.121269 0.520522
vt 0.121269 0.513060
vt 0.128731 0.520522
vt 0.130597 0.524254
vt 0.123134 0.524254
vt 0.130597 0.531716
vt 0.121269 0.535448
vt 0.121269 0.527985
vt 0.128731 0.535448
vt 0.130597 0.539179
vt 0.123134 0.539179
vt 0.130597 0.546642
vt 0.121269 0.550373
vt 0.121269 0.542910
vt 0.128731 0.550373
vt 0.130597 0.554104
vt 0.123134 0.554104
vt 0.130597 0.561567
vt 0.121269 0.565298
vt 0.121269 0.557836
vt 0.128731 0.565298
vt 0.130597 0.569030
vt 0.123134 0.569030
vt 0.130597 0.576493
vt 0.121269 0.580224
vt 0.121269 0.572761
vt 0.128731 0.580224
vt 0.130597 0.583955
vt 0.123134 0.583955
vt 0.130597 0.591418
vt 0.121269 0.595149
vt 0.121269 0.587687
vt 0.128731 0.595149
vt 0.130597 0.598881
vt 0.123134 0.598881
vt 0.130597 0.606343
vt 0.121269 0.610075
vt 0.121269 0.602612
vt 0.128731 0.610075
vt 0.130597 0.613806
vt 0.123134 0.613806
vt 0.130597 0.621269
vt 0.121269 0.625000
vt 0.121269 0.617537
vt 0.128731 0.625000
vt 0.130597 0.628731
vt 0.123134 0.628731
vt 0.130597 0.636194
vt 0.121269 0.639925
vt 0.121269 0.632463
vt 0.128731 0.639925
vt 0.130597 0.643657
vt 0.123134 0.643657
vt 0.130597 0.651119
vt 0.121269 0.654851
vt 0.121269 0.647388
vt 0.128731 0.654851
vt 0.130597 0.658582
vt 0.123134 0.658582
vt 0.130597 0.666045
vt 0.121269 0.669776
vt 0.121269 0.662313
vt 0.128731 0.669776
vt 0.130597 0.673507
vt 0.123134 0.673507
vt 0.130597 0.680970
vt 0.121269 0.684702
vt 0.121269 0.677239
vt 0.128731 0.684702
vt 0.130597 0.688433
vt 0.123134 0.688433
vt 0.130597 0.695895
vt 0.121269 0.699627
vt 0.121269 0.692164
vt 0.128731 0.699627
vt 0.130597 0.703358
vt 0.123134 0.703358
vt 0.130597 0.710821
vt 0.121269 0.714552
vt 0.121269 0.707090
vt 0.128731 0.714552
vt 0.130597 0.718284
vt 0.123134 0.718284
vt 0.130597 0.725746
vt 0.121269 0.729478
vt 0.121269 0.722015
vt 0.128731 0.729478
vt 0.130597 0.733209
vt 0.123134 0.733209
vt 0.130597 0.740672
vt 0.121269 0.744403
vt 0.121269 0.736940
vt 0.128731 0.744403
vt 0.130597 0.748134
vt 0.123134 0.748134
vt 0.130597 0.755597
vt 0.121269 0.759328
vt 0.121269 0.751866
vt 0.128731 0.759328
vt 0.130597 0.763060
vt 0.123134 0.763060
vt 0.130597 0.770522
vt 0.121269 0.774254
vt 0.121269 0.766791
vt 0.128731 0.774254
vt 0.130597 0.777985
vt 0.123134 0.777985
vt 0.130597 0.785448
vt 0.121269 0.789179
vt 0.121269 0.781716
vt 0.128731 0.789179
vt 0.130597 0.792910
vt 0.123134 0.792910
vt 0.130597 0.800373
vt 0.121269 0.804104
vt 0.121269 0.796642
vt 0.128731 0.804104
vt 0.130597 0.807836
vt 0.123134 0.807836
vt 0.130597 0.815298
vt 0.121269 0.819030
vt 0.121269 0.811567
vt 0.128731 0.819030
vt 0.130597 0.822761
vt 0.123134 0.822761
vt 0.130597 0.830224
vt 0.121269 0.833955
vt 0.121269 0.826492
vt 0.128731 0.833955
vt 0.130597 0.837687
vt 0.123134 0.837687
vt 0.130597 0.845149
vt 0.121269 0.848881
vt 0.121269 0.841418
vt 0.128731 0.848881
vt 0.130597 0.852612
vt 0.123134 0.852612
vt 0.130597 0.860075
vt 0.121269 0.863806
vt 0.121269 0.856343
vt 0.128731 0.863806
vt 0.130597 0.867537
vt 0.123134 0.867537
vt 0.130597 0.875000
vt 0.121269 0.878731
vt 0.121269 0.871269
vt 0.128731 0.878731
vt 0.130597 0.882463
vt 0.123134 0.882463
vt 0.130597 0.889925
vt 0.121269 0.893657
vt 0.121269 0.886194
vt 0.128731 0.893657
vt 0.130597 0.897388
vt 0.123134 0.897388
vt 0.130597 0.904851
vt 0.121269 0.908582
vt 0.121269 0.901119
vt 0.128731 0.908582
vt 0.130597 0.912313
vt 0.123134 0.912313
vt 0.130597 0.919776
vt 0.121269 0.923507
vt 0.121269 0.916045
vt 0.128731 0.923507
vt 0.130597 0.927239
vt 0.123134 0.927239
vt 0.130597 0.934701
vt 0.121269 0.938433
vt 0.121269 0.930970
vt 0.128731 0.938433
vt 0.130597 0.942164
vt 0.123134 0.942164
vt 0.130597 0.949627
vt 0.121269 0.953358
vt 0.121269 0.945895
vt 0.128731 0.953358
vt 0.130597 0.957090
vt 0.123134 0.957090
vt 0.130597 0.964552
vt 0.121269 0.968284
vt 0.121269 0.960821
vt 0.128731 0.968284
vt 0.130597 0.972015
vt 0.123134 0.972015
vt 0.130597 0.979478
vt 0.121269 0.983209
vt 0.121269 0.975746
vt 0.128731 0.983209
vt 0.130597 0.986940
vt 0.123134 0.986940
vt 0.130597 0.994403
vt 0.121269 0.998134
vt 0.121269 0.990672
vt 0.128731 0.998134
vt 0.145522 0.001866
vt 0.138060 0.001866
vt 0.145522 0.009328
vt 0.136194 0.013060
vt 0.136194 0.005597
vt 0.143657 0.013060
vt 0.145522 0.016791
vt 0.138060 0.016791
vt 0.145522 0.024254
vt 0.136194 0.027985
vt 0.136194 0.020522
vt 0.143657 0.027985
vt 0.145522 0.031716
vt 0.138060 0.031716
vt 0.145522 0.039179
vt 0.136194 0.042910
vt 0.136194 0.035448
vt 0.143657 0.042910
vt 0.145522 0.046642
vt 0.138060 0.046642
vt 0.145522 0.054104
vt 0.136194 0.057836
vt 0.136194 0.050373
vt 0.143657 0.057836
vt 0.145522 0.061567
vt 0.138060 0.061567
vt 0.145522 0.069030
vt 0.136194 0.072761
vt 0.136194 0.065299
vt 0.143657 0.072761
vt 0.145522 0.076493
vt 0.138060 0.076493
vt 0.145522 0.083955
vt 0.136194 0.087687
vt 0.136194 0.080224
vt 0.143657 0.087687
vt 0.145522 0.091418
vt 0.138060 0.091418
vt 0.145522 0.098881
vt 0.136194 0.102612
vt 0.136194 0.095149
vt 0.143657 0.102612
vt 0.145522 0.106343
vt 0.138060 0.106343
vt 0.145522 0.113806
vt 0.136194 0.117537
vt 0.136194 0.110075
vt 0.143657 0.117537
vt 0.145522 0.121269
vt 0.138060 0.121269
vt 0.145522 0.128731
vt 0.136194 0.132463
vt 0.136194 0.125000
vt 0.143657 0.132463
vt 0.145522 0.136194
vt 0.138060 0.136194
vt 0.145522 0.143657
vt 0.136194 0.147388
vt 0.136194 0.139925
vt 0.143657 0.147388
vt 0.145522 0.151119
vt 0.138060 0.151119
vt 0.145522 0.158582
vt 0.136194 0.162313
vt 0.136194 0.154851
vt 0.143657 0.162313
vt 0.145522 0.166045
vt 0.138060 0.166045
vt 0.145522 0.173507
vt 0.136194 0.177239
vt 0.136194 0.169776
vt 0.143657 0.177239
vt 0.145522 0.180970
vt 0.138060 0.180970
vt 0.145522 0.188433
vt 0.136194 0.192164
vt 0.136194 0.184701
vt 0.143657 0.192164
vt 0.145522 0.195896
vt 0.138060 0.195896
vt 0.145522 0.203358
vt 0.136194 0.207090
vt 0.136194 0.199627
vt 0.143657 0.207090
vt 0.145522 0.210821
vt 0.138060 0.210821
vt 0.145522 0.218284
vt 0.136194 0.222015
vt 0.136194 0.214552
vt 0.143657 0.222015
vt 0.145522 0.225746
vt 0.138060 0.225746
vt 0.145522 0.233209
vt 0.136194 0.236940
vt 0.136194 0.229478
vt 0.143657 0.236940
vt 0.145522 0.240672
vt 0.138060 0.240672
vt 0.145522 0.248134
vt 0.136194 0.251866
vt 0.136194 0.244403
vt 0.143657 0.251866
vt 0.145522 0.255597
vt 0.138060 0.255597
vt 0.145522 0.263060
vt 0.136194 0.266791
vt 0.136194 0.259328
vt 0.143657 0.266791
vt 0.145522 0.270522
vt 0.138060 0.270522
vt 0.145522 0.277985
vt 0.136194 0.281716
vt 0.136194 0.274254
vt 0.143657 0.281716
vt 0.145522 0.285448
vt 0.138060 0.285448
vt 0.145522 0.292910
vt 0.136194 0.296642
vt 0.136194 0.289179
vt 0.143657 0.296642
vt 0.145522 0.300373
vt 0.138060 0.300373
vt 0.145522 0.307836
vt 0.136194 0.311567
vt 0.136194 0.304104
vt 0.143657 0.311567
vt 0.145522 0.315298
vt 0.138060 0.315298
vt 0.145522 0.322761
vt 0.136194 0.326493
vt 0.136194 0.319030
vt 0.143657 0.326493
vt 0.145522 0.330224
vt 0.138060 0.330224
vt 0.145522 0.337687
vt 0.136194 0.341418
vt 0.136194 0.333955
vt 0.143657 0.341418
vt 0.145522 0.345149
vt 0.138060 0.345149
vt 0.145522 0.352612
vt 0.136194 0.356343
vt 0.136194 0.348881
vt 0.143657 0.356343
vt 0.145522 0.360075
vt 0.138060 0.360075
vt 0.145522 0.367537
vt 0.136194 0.371269
vt 0.136194 0.363806
vt 0.143657 0.371269
vt 0.145522 0.375000
vt 0.138060 0.375000
vt 0.145522 0.382463
vt 0.136194 0.386194
vt 0.136194 0.378731
vt 0.143657 0.386194
vt 0.145522 0.389925
vt 0.138060 0.389925
vt 0.145522 0.397388
vt 0.136194 0.401119
vt 0.136194 0.393657
vt 0.143657 0.401119
vt 0.145522 0.404851
vt 0.138060 0.404851
vt 0.145522 0.412313
vt 0.136194 0.416045
vt 0.136194 0.408582
vt 0.143657 0.416045
vt 0.145522 0.419776
vt 0.138060 0.419776
vt 0.145522 0.427239
vt 0.136194 0.430970
vt 0.136194 0.423507
vt 0.143657 0.430970
vt 0.145522 0.434701
vt 0.138060 0.434701
vt 0.145522 0.442164
vt 0.136194 0.445896
vt 0.136194 0.438433
vt 0.143657 0.445896
vt 0.145522 0.449627
vt 0.138060 0.449627
vt 0.145522 0.457090
vt 0.136194 0.460821
vt 0.136194 0.453358
vt 0.143657 0.460821
vt 0.145522 0.464552
vt 0.138060 0.464552
vt 0.145522 0.472015
vt 0.136194 0.475746
vt 0.136194 0.468284
vt 0.143657 0.475746
vt 0.145522 0.479478
vt 0.138060 0.479478
vt 0.145522 0.486940
vt 0.136194 0.490672
vt 0.136194 0.483209
vt 0.143657 0.490672
vt 0.145522 0.494403
vt 0.138060 0.494403
vt 0.145522 0.501866
vt 0.136194 0.505597
vt 0.136194 0.498134
vt 0.143657 0.505597
vt 0.145522 0.509328
vt 0.138060 0.509328
vt 0.145522 0.516791
vt 0.136194 0.520522
vt 0.136194 0.513060
vt 0.143657 0.520522
vt 0.145522 0.524254
vt 0.138060 0.524254
vt 0.145522 0.531716
vt 0.136194 0.535448
vt 0.136194 0.527985
vt 0.143657 0.535448
vt 0.145522 0.539179
vt 0.138060 0.539179
vt 0.145522 0.546642
vt 0.136194 0.550373
vt 0.136194 0.542910
vt 0.143657 0.550373
vt 0.145522 0.554104
vt 0.138060 0.554104
vt 0.145522 0.561567
vt 0.136194 0.565298
vt 0.136194 0.557836
vt 0.143657 0.565298
vt 0.145522 0.569030
vt 0.138060 0.569030
vt 0.145522 0.576493
vt 0.136194 0.580224
vt 0.136194 0.572761
vt 0.143657 0.580224
vt 0.145522 0.583955
vt 0.138060 0.583955
vt 0.145522 0.591418
vt 0.136194 0.595149
vt 0.136194 0.587687
vt 0.143657 0.595149
vt 0.145522 0.598881
vt 0.138060 0.598881
vt 0.145522 0.606343
vt 0.136194 0.610075
vt 0.136194 0.602612
vt 0.143657 0.610075
vt 0.145522 0.613806
vt 0.138060 0.613806
vt 0.145522 0.621269
vt 0.136194 0.625000
vt 0.136194 0.617537
vt 0.143657 0.625000
vt 0.145522 0.628731
vt 0.138060 0.628731
vt 0.145522 0.636194
vt 0.136194 0.639925
vt 0.136194 0.632463
vt 0.143657 0.639925
vt 0.145522 0.643657
vt 0.138060 0.643657
vt 0.145522 0.651119
vt 0.136194 0.654851
vt 0.136194 0.647388
vt 0.143657 0.654851
vt 0.145522 0.658582
vt 0.138060 0.658582
vt 0.145522 0.666045
vt 0.136194 0.669776
vt 0.136194 0.662313
vt 0.143657 0.669776
vt 0.145522 0.673507
vt 0.138060 0.673507
vt 0.145522 0.680970
vt 0.136194 0.684702
vt 0.136194 0.677239
vt 0.143657 0.684702
vt 0.145522 0.688433
vt 0.138060 0.688433
vt 0.145522 0.695895
vt 0.136194 0.699627
vt 0.136194 0.692164
vt 0.143657 0.699627
vt 0.145522 0.703358
vt 0.138060 0.703358
vt 0.145522 0.710821
vt 0.136194 0.714552
vt 0.136194 0.707090
vt 0.143657 0.714552
vt 0.145522 0.718284
vt 0.138060 0.718284
vt 0.145522 0.725746
vt 0.136194 0.729478
vt 0.136194 0.722015
vt 0.143657 0.729478
vt 0.145522 0.733209
vt 0.138060 0.733209
vt 0.145522 0.740672
vt 0.136194 0.744403
vt 0.136194 0.736940
vt 0.143657 0.744403
vt 0.145522 0.748134
vt 0.138060 0.748134
vt 0.145522 0.755597
vt 0.136194 0.759328
vt 0.136194 0.751866
vt 0.143657 0.759328
vt 0.145522 0.763060
vt 0.138060 0.763060
vt 0.145522 0.770522
vt 0.136194 0.774254
vt 0.136194 0.766791
vt 0.143657 0.774254
vt 0.145522 0.777985
vt 0.138060 0.777985
vt 0.145522 0.785448
vt 0.136194 0.789179
vt 0.136194 0.781716
vt 0.143657 0.789179
vt 0.145522 0.792910
vt 0.138060 0.792910
vt 0.145522 0.800373
vt 0.136194 0.804104
vt 0.136194 0.796642
vt 0.143657 0.804104
vt 0.145522 0.807836
vt 0.138060 0.807836
vt 0.145522 0.815298
vt 0.136194 0.819030
vt 0.136194 0.811567
vt 0.143657 0.819030
vt 0.145522 0.822761
vt 0.138060 0.822761
vt 0.145522 0.830224
vt 0.136194 0.833955
vt 0.136194 0.826492
vt 0.143657 0.833955
vt 0.145522 0.837687
vt 0.138060 0.837687
vt 0.145522 0.845149
vt 0.136194 0.848881
vt 0.136194 0.841418
vt 0.143657 0.848881
vt 0.145522 0.852612
vt 0.138060 0.852612
vt 0.145522 0.860075
vt 0.136194 0.863806
vt 0.136194 0.856343
vt 0.143657 0.863806
vt 0.145522 0.867537
vt 0.138060 0.867537
vt 0.145522 0.875000
vt 0.136194 0.878731
vt 0.136194 0.871269
vt 0.143657 0.878731
vt 0.145522 0.882463
vt 0.138060 0.882463
vt 0.145522 0.889925
vt 0.136194 0.893657
vt 0.136194 0.886194
vt 0.143657 0.893657
vt 0.145522 0.897388
vt 0.138060 0.897388
vt 0.145522 0.904851
vt 0.136194 0.908582
vt 0.136194 0.901119
vt 0.143657 0.908582
vt 0.145522 0.912313
vt 0.138060 0.912313
vt 0.145522 0.919776
vt 0.136194 0.923507
vt 0.136194 0.916045
vt 0.143657 0.923507
vt 0.145522 0.927239
vt 0.138060 0.927239
vt 0.145522 0.934701
vt 0.136194 0.938433
vt 0.136194 0.930970
vt 0.143657 0.938433
vt 0.145522 0.942164
vt 0.138060 0.942164
vt 0.145522 0.949627
vt 0.136194 0.953358
vt 0.136194 0.945895
vt 0.143657 0.953358
vt 0.145522 0.957090
vt 0.138060 0.957090
vt 0.145522 0.964552
vt 0.136194 0.968284
vt 0.136194 0.960821
vt 0.143657 0.968284
vt 0.145522 0.972015
vt 0.138060 0.972015
vt 0.145522 0.979478
vt 0.136194 0.983209
vt 0.136194 0.975746
vt 0.143657 0.983209
vt 0.145522 0.986940
vt 0.138060 0.986940
vt 0.145522 0.994403
vt 0.136194 0.998134
vt 0.136194 0.990672
vt 0.143657 0.998134
vt 0.160448 0.001866
vt 0.152985 0.001866
vt 0.160448 0.009328
vt 0.151119 0.013060
vt 0.151119 0.005597
vt 0.158582 0.013060
vt 0.160448 0.016791
vt 0.152985 0.016791
vt 0.160448 0.024254
vt 0.151119 0.027985
vt 0.151119 0.020522
vt 0.158582 0.027985
vt 0.160448 0.031716
vt 0.152985 0.031716
vt 0.160448 0.039179
vt 0.151119 0.042910
vt 0.151119 0.035448
vt 0.158582 0.042910
vt 0.160448 0.046642
vt 0.152985 0.046642
vt 0.160448 0.054104
vt 0.151119 0.057836
vt 0.151119 0.050373
vt 0.158582 0.057836
vt 0.160448 0.061567
vt 0.152985 0.061567
vt 0.160448 0.069030
vt 0.151119 0.072761
vt 0.151119 0.065299
vt 0.158582 0.072761
vt 0.160448 0.076493
vt 0.152985 0.076493
vt 0.160448 0.083955
vt 0.151119 0.087687
vt 0.151119 0.080224
vt 0.158582 0.087687
vt 0.160448 0.091418
vt 0.152985 0.091418
vt 0.160448 0.098881
vt 0.151119 0.102612
vt 0.151119 0.095149
vt 0.158582 0.102612
vt 0.160448 0.106343
vt 0.152985 0.106343
vt 0.160448 0.113806
vt 0.151119 0.117537
vt 0.151119 0.110075
vt 0.158582 0.117537
vt 0.160448 0.121269
vt 0.152985 0.121269
vt 0.160448 0.128731
vt 0.151119 0.132463
vt 0.151119 0.125000
vt 0.158582 0.132463
vt 0.160448 0.136194
vt 0.152985 0.136194
vt 0.160448 0.143657
vt 0.151119 0.147388
vt 0.151119 0.139925
vt 0.158582 0.147388
vt 0.160448 0.151119
vt 0.152985 0.151119
vt 0.160448 0.158582
vt 0.151119 0.162313
vt 0.151119 0.154851
vt 0.158582 0.162313
vt 0.160448 0.166045
vt 0.152985 0.166045
vt 0.160448 0.173507
vt 0.151119 0.177239
vt 0.151119 0.169776
vt 0.158582 0.177239
vt 0.160448 0.180970
vt 0.152985 0.180970
vt 0.160448 0.188433
vt 0.151119 0.192164
vt 0.151119 0.184701
vt 0.158582 0.192164
vt 0.160448 0.195896
vt 0.152985 0.195896
vt 0.160448 0.203358
vt 0.151119 0.207090
vt 0.151119 0.199627
vt 0.158582 0.207090
vt 0.160448 0.210821
vt 0.152985 0.210821
vt 0.160448 0.218284
vt 0.151119 0.222015
vt 0.151119 0.214552
vt 0.158582 0.222015
vt 0.160448 0.225746
vt 0.152985 0.225746
vt 0.160448 0.233209
vt 0.151119 0.236940
vt 0.151119 0.229478
vt 0.158582 0.236940
vt 0.160448 0.240672
vt 0.152985 0.240672
vt 0.160448 0.248134
vt 0.151119 0.251866
vt 0.151119 0.244403
vt 0.158582 0.251866
vt 0.160448 0.255597
vt 0.152985 0.255597
vt 0.160448 0.263060
vt 0.151119 0.266791
vt 0.151119 0.259328
vt 0.158582 0.266791
vt 0.160448 0.270522
vt 0.152985 0.270522
vt 0.160448 0.277985
vt 0.151119 0.281716
vt 0.151119 0.274254
vt 0.158582 0.281716
vt 0.160448 0.285448
vt 0.152985 0.285448
vt 0.160448 0.292910
vt 0.151119 0.296642
vt 0.151119 0.289179
vt 0.158582 0.296642
vt 0.160448 0.300373
vt 0.152985 0.300373
vt 0.160448 0.307836
vt 0.151119 0.311567
vt 0.151119 0.304104
vt 0.158582 0.311567
vt 0.160448 0.315298
vt 0.152985 0.315298
vt 0.160448 0.322761
vt 0.151119 0.326493
vt 0.151119 0.319030
vt 0.158582 0.326493
vt 0.160448 0.330224
vt 0.152985 0.330224
vt 0.160448 0.337687
vt 0.151119 0.341418
vt 0.151119 0.333955
vt 0.158582 0.341418
vt 0.160448 0.345149
vt 0.152985 0.345149
vt 0.160448 0.352612
vt 0.151119 0.356343
vt 0.151119 0.348881
vt 0.158582 0.356343
vt 0.160448 0.360075
vt 0.152985 0.360075
vt 0.160448 0.367537
vt 0.151119 0.371269
vt 0.151119 0.363806
vt 0.158582 0.371269
vt 0.160448 0.375000
vt 0.152985 0.375000
vt 0.160448 0.382463
vt 0.151119 0.386194
vt 0.151119 0.378731
vt 0.158582 0.386194
vt 0.160448 0.389925
vt 0.152985 0.389925
vt 0.160448 0.397388
vt 0.151119 0.401119
vt 0.151119 0.393657
vt 0.158582 0.401119
vt 0.160448 0.404851
vt 0.152985 0.404851
vt 0.160448 0.412313
vt 0.151119 0.416045
vt 0.151119 0.408582
vt 0.158582 0.416045
vt 0.160448 0.419776
vt 0.152985 0.419776
vt 0.160448 0.427239
vt 0.151119 0.430970
vt 0.151119 0.423507
vt 0.158582 0.430970
vt 0.160448 0.434701
vt 0.152985 0.434701
vt 0.160448 0.442164
vt 0.151119 0.445896
vt 0.151119 0.438433
vt 0.158582 0.445896
vt 0.160448 0.449627
vt 0.152985 0.449627
vt 0.160448 0.457090
vt 0.151119 0.460821
vt 0.151119 0.453358
vt 0.158582 0.460821
vt 0.160448 0.464552
vt 0.152985 0.464552
vt 0.160448 0.472015
vt 0.151119 0.475746
vt 0.151119 0.468284
vt 0.158582 0.475746
vt 0.160448 0.479478
vt 0.152985 0.479478
vt 0.160448 0.486940
vt 0.151119 0.490672
vt 0.151119 0.483209
vt 0.158582 0.490672
vt 0.160448 0.494403
vt 0.152985 0.494403
vt 0.160448 0.501866
vt 0.151119 0.505597
vt 0.151119 0.498134
vt 0.158582 0.505597
vt 0.160448 0.509328
vt 0.152985 0.509328
vt 0.160448 0.516791
vt 0.151119 0.520522
vt 0.151119 0.513060
vt 0.158582 0.520522
vt 0.160448 0.524254
vt 0.152985 0.524254
vt 0.160448 0.531716
vt 0.151119 0.535448
vt 0.151119 0.527985
vt 0.158582 0.535448
vt 0.160448 0.539179
vt 0.152985 0.539179
vt 0.160448 0.546642
vt 0.151119 0.550373
vt 0.151119 0.542910
vt 0.158582 0.550373
vt 0.160448 0.554104
vt 0.152985 0.554104
vt 0.160448 0.561567
vt 0.151119 0.565298
vt 0.151119 0.557836
vt 0.158582 0.565298
vt 0.160448 0.569030
vt 0.152985 0.569030
vt 0.160448 0.576493
vt 0.151119 0.580224
vt 0.151119 0.572761
vt 0.158582 0.580224
vt 0.160448 0.583955
vt 0.152985 0.583955
vt 0.160448 0.591418
vt 0.151119 0.595149
vt 0.151119 0.587687
vt 0.158582 0.595149
vt 0.160448 0.598881
vt 0.152985 0.598881
vt 0.160448 0.606343
vt 0.151119 0.610075
vt 0.151119 0.602612
vt 0.158582 0.610075
vt 0.160448 0.613806
vt 0.152985 0.613806
vt 0.160448 0.621269
vt 0.151119 0.625000
vt 0.151119 0.617537
vt 0.158582 0.625000
vt 0.160448 0.628731
vt 0.152985 0.628731
vt 0.160448 0.636194
vt 0.151119 0.639925
vt 0.151119 0.632463
vt 0.158582 0.639925
vt 0.160448 0.643657
vt 0.152985 0.643657
vt 0.160448 0.651119
vt 0.151119 0.654851
vt 0.151119 0.647388
vt 0.158582 0.654851
vt 0.160448 0.658582
vt 0.152985 0.658582
vt 0.160448 0.666045
vt 0.151119 0.669776
vt 0.151119 0.662313
vt 0.158582 0.669776
vt 0.160448 0.673507
vt 0.152985 0.673507
vt 0.160448 0.680970
vt 0.151119 0.684702
vt 0.151119 0.677239
vt 0.158582 0.684702
vt 0.160448 0.688433
vt 0.152985 0.688433
vt 0.160448 0.695895
vt 0.151119 0.699627
vt 0.151119 0.692164
vt 0.158582 0.699627
vt 0.160448 0.703358
vt 0.152985 0.703358
vt 0.160448 0.710821
vt 0.151119 0.714552
vt 0.151119 0.707090
vt 0.158582 0.714552
vt 0.160448 0.718284
vt 0.152985 0.718284
vt 0.160448 0.725746
vt 0.151119 0.729478
vt 0.151119 0.722015
vt 0.158582 0.729478
vt 0.160448 0.733209
vt 0.152985 0.733209
vt 0.160448 0.740672
vt 0.151119 0.744403
vt 0.151119 0.736940
vt 0.158582 0.744403
vt 0.160448 0.748134
vt 0.152985 0.748134
vt 0.160448 0.755597
vt 0.151119 0.759328
vt 0.151119 0.751866
vt 0.158582 0.759328
vt 0.160448 0.763060
vt 0.152985 0.763060
vt 0.160448 0.770522
vt 0.151119 0.774254
vt 0.151119 0.766791
vt 0.158582 0.774254
vt 0.160448 0.777985
vt 0.152985 0.777985
vt 0.160448 0.785448
vt 0.151119 0.789179
vt 0.151119 0.781716
vt 0.158582 0.789179
vt 0.160448 0.792910
vt 0.152985 0.792910
vt 0.160448 0.800373
vt 0.151119 0.804104
vt 0.151119 0.796642
vt 0.158582 0.804104
vt 0.160448 0.807836
vt 0.152985 0.807836
vt 0.160448 0.815298
vt 0.151119 0.819030
vt 0.151119 0.811567
vt 0.158582 0.819030
vt 0.160448 0.822761
vt 0.152985 0.822761
vt 0.160448 0.830224
vt 0.151119 0.833955
vt 0.151119 0.826492
vt 0.158582 0.833955
vt 0.160448 0.837687
vt 0.152985 0.837687
vt 0.160448 0.845149
vt 0.151119 0.848881
vt 0.151119 0.841418
vt 0.158582 0.848881
vt 0.160448 0.852612
vt 0.152985 0.852612
vt 0.160448 0.860075
vt 0.151119 0.863806
vt 0.151119 0.856343
vt 0.158582 0.863806
vt 0.160448 0.867537
vt 0.152985 0.867537
vt 0.160448 0.875000
vt 0.151119 0.878731
vt 0.151119 0.871269
vt 0.158582 0.878731
vt 0.160448 0.882463
vt 0.152985 0.882463
vt 0.160448 0.889925
vt 0.151119 0.893657
vt 0.151119 0.886194
vt 0.158582 0.893657
vt 0.160448 0.897388
vt 0.152985 0.897388
vt 0.160448 0.904851
vt 0.151119 0.908582
vt 0.151119 0.901119
vt 0.158582 0.908582
vt 0.160448 0.912313
vt 0.152985 0.912313
vt 0.160448 0.919776
vt 0.151119 0.923507
vt 0.151119 0.916045
vt 0.158582 0.923507
vt 0.160448 0.927239
vt 0.152985 0.927239
vt 0.160448 0.934701
vt 0.151119 0.938433
vt 0.151119 0.930970
vt 0.158582 0.938433
vt 0.160448 0.942164
vt 0.152985 0.942164
vt 0.160448 0.949627
vt 0.151119 0.953358
vt 0.151119 0.945895
vt 0.158582 0.953358
vt 0.160448 0.957090
vt 0.152985 0.957090
vt 0.160448 0.964552
vt 0.151119 0.968284
vt 0.151119 0.960821
vt 0.158582 0.968284
vt 0.160448 0.972015
vt 0.152985 0.972015
vt 0.160448 0.979478
vt 0.151119 0.983209
vt 0.151119 0.975746
vt 0.158582 0.983209
vt 0.160448 0.986940
vt 0.152985 0.986940
vt 0.160448 0.994403
vt 0.151119 0.998134
vt 0.151119 0.990672
vt 0.158582 0.998134
vt 0.175373 0.001866
vt 0.167910 0.001866
vt 0.175373 0.009328
vt 0.166045 0.013060
vt 0.166045 0.005597
vt 0.173507 0.013060
vt 0.175373 0.016791
vt 0.167910 0.016791
vt 0.175373 0.024254
vt 0.166045 0.027985
vt 0.166045 0.020522
vt 0.173507 0.027985
vt 0.175373 0.031716
vt 0.167910 0.031716
vt 0.175373 0.039179
vt 0.166045 0.042910
vt 0.166045 0.035448
vt 0.173507 0.042910
vt 0.175373 0.046642
vt 0.167910 0.046642
vt 0.175373 0.054104
vt 0.166045 0.057836
vt 0.166045 0.050373
vt 0.173507 0.057836
vt 0.175373 0.061567
vt 0.167910 0.061567
vt 0.175373 0.069030
vt 0.166045 0.072761
vt 0.166045 0.065299
vt 0.173507 0.072761
vt 0.175373 0.076493
vt 0.167910 0.076493
vt 0.175373 0.083955
vt 0.166045 0.087687
vt 0.166045 0.080224
vt 0.173507 0.087687
vt 0.175373 0.091418
vt 0.167910 0.091418
vt 0.175373 0.098881
vt 0.166045 0.102612
vt 0.166045 0.095149
vt 0.173507 0.102612
vt 0.175373 0.106343
vt 0.167910 0.106343
vt 0.175373 0.113806
vt 0.166045 0.117537
vt 0.166045 0.110075
vt 0.173507 0.117537
vt 0.175373 0.121269
vt 0.167910 0.121269
vt 0.175373 0.128731
vt 0.166045 0.132463
vt 0.166045 0.125000
vt 0.173507 0.132463
vt 0.175373 0.136194
vt 0.167910 0.136194
vt 0.175373 0.143657
vt 0.166045 0.147388
vt 0.166045 0.139925
vt 0.173507 0.147388
vt 0.175373 0.151119
vt 0.167910 0.151119
vt 0.175373 0.158582
vt 0.166045 0.162313
vt 0.166045 0.154851
vt 0.173507 0.162313
vt 0.175373 0.166045
vt 0.167910 0.166045
vt 0.175373 0.173507
vt 0.166045 0.177239
vt 0.166045 0.169776
vt 0.173507 0.177239
vt 0.175373 0.180970
vt 0.167910 0.180970
vt 0.175373 0.188433
vt 0.166045 0.192164
vt 0.166045 0.184701
vt 0.173507 0.192164
vt 0.175373 0.195896
vt 0.167910 0.195896
vt 0.175373 0.203358
vt 0.166045 0.207090
vt 0.166045 0.199627
vt 0.173507 0.207090
vt 0.175373 0.210821
vt 0.167910 0.210821
vt 0.175373 0.218284
vt 0.166045 0.222015
vt 0.166045 0.214552
vt 0.173507 0.222015
vt 0.175373 0.225746
vt 0.167910 0.225746
vt 0.175373 0.233209
vt 0.166045 0.236940
vt 0.166045 0.229478
vt 0.173507 0.236940
vt 0.175373 0.240672
vt 0.167910 0.240672
vt 0.175373 0.248134
vt 0.166045 0.251866
vt 0.166045 0.244403
vt 0.173507 0.251866
vt 0.175373 0.255597
vt 0.167910 0.255597
vt 0.175373 0.263060
vt 0.166045 0.266791
vt 0.166045 0.259328
vt 0.173507 0.266791
vt 0.175373 0.270522
vt 0.167910 0.270522
vt 0.175373 0.277985
vt 0.166045 0.281716
vt 0.166045 0.274254
vt 0.173507 0.281716
vt 0.175373 0.285448
vt 0.167910 0.285448
vt 0.175373 0.292910
vt 0.166045 0.296642
vt 0.166045 0.289179
vt 0.173507 0.296642
vt 0.175373 0.300373
vt 0.167910 0.300373
vt 0.175373 0.307836
vt 0.166045 0.311567
vt 0.166045 0.304104
vt 0.173507 0.311567
vt 0.175373 0.315298
vt 0.167910 0.315298
vt 0.175373 0.322761
vt 0.166045 0.326493
vt 0.166045 0.319030
vt 0.173507 0.326493
vt 0.175373 0.330224
vt 0.167910 0.330224
vt 0.175373 0.337687
vt 0.166045 0.341418
vt 0.166045 0.333955
vt 0.173507 0.341418
vt 0.175373 0.345149
vt 0.167910 0.345149
vt 0.175373 0.352612
vt 0.166045 0.356343
vt 0.166045 0.348881
vt 0.173507 0.356343
vt 0.175373 0.360075
vt 0.167910 0.360075
vt 0.175373 0.367537
vt 0.166045 0.371269
vt 0.166045 0.363806
vt 0.173507 0.371269
vt 0.175373 0.375000
vt 0.167910 0.375000
vt 0.175373 0.382463
vt 0.166045 0.386194
vt 0.166045 0.378731
vt 0.173507 0.386194
vt 0.175373 0.389925
vt 0.167910 0.389925
vt 0.175373 0.397388
vt 0.166045 0.401119
vt 0.166045 0.393657
vt 0.173507 0.401119
vt 0.175373 0.404851
vt 0.167910 0.404851
vt 0.175373 0.412313
vt 0.166045 0.416045
vt 0.166045 0.408582
vt 0.173507 0.416045
vt 0.175373 0.419776
vt 0.167910 0.419776
vt 0.175373 0.427239
vt 0.166045 0.430970
vt 0.166045 0.423507
vt 0.173507 0.430970
vt 0.175373 0.434701
vt 0.167910 0.434701
vt 0.175373 0.442164
vt 0.166045 0.445896
vt 0.166045 0.438433
vt 0.173507 0.445896
vt 0.175373 0.449627
vt 0.167910 0.449627
vt 0.175373 0.457090
vt 0.166045 0.460821
vt 0.166045 0.453358
vt 0.173507 0.460821
vt 0.175373 0.464552
vt 0.167910 0.464552
vt 0.175373 0.472015
vt 0.166045 0.475746
vt 0.166045 0.468284
vt 0.173507 0.475746
vt 0.175373 0.479478
vt 0.167910 0.479478
vt 0.175373 0.486940
vt 0.166045 0.490672
vt 0.166045 0.483209
vt 0.173507 0.490672
vt 0.175373 0.494403
vt 0.167910 0.494403
vt 0.175373 0.501866
vt 0.166045 0.505597
vt 0.166045 0.498134
vt 0.173507 0.505597
vt 0.175373 0.509328
vt 0.167910 0.509328
vt 0.175373 0.516791
vt 0.166045 0.520522
vt 0.166045 0.513060
vt 0.173507 0.520522
vt 0.175373 0.524254
vt 0.167910 0.524254
vt 0.175373 0.531716
vt 0.166045 0.535448
vt 0.166045 0.527985
vt 0.173507 0.535448
vt 0.175373 0.539179
vt 0.167910 0.539179
vt 0.175373 0.546642
vt 0.166045 0.550373
vt 0.166045 0.542910
vt 0.173507 0.550373
vt 0.175373 0.554104
vt 0.167910 0.554104
vt 0.175373 0.561567
vt 0.166045 0.565298
vt 0.166045 0.557836
vt 0.173507 0.565298
vt 0.175373 0.569030
vt 0.167910 0.569030
vt 0.175373 0.576493
vt 0.166045 0.580224
vt 0.166045 0.572761
vt 0.173507 0.580224
vt 0.175373 0.583955
vt 0.167910 0.583955
vt 0.175373 0.591418
vt 0.166045 0.595149
vt 0.166045 0.587687
vt 0.173507 0.595149
vt 0.175373 0.598881
vt 0.167910 0.598881
vt 0.175373 0.606343
vt 0.166045 0.610075
vt 0.166045 0.602612
vt 0.173507 0.610075
vt 0.175373 0.613806
vt 0.167910 0.613806
vt 0.175373 0.621269
vt 0.166045 0.625000
vt 0.166045 0.617537
vt 0.173507 0.625000
vt 0.175373 0.628731
vt 0.167910 0.628731
vt 0.175373 0.636194
vt 0.166045 0.639925
vt 0.166045 0.632463
vt 0.173507 0.639925
vt 0.175373 0.643657
vt 0.167910 0.643657
vt 0.175373 0.651119
vt 0.166045 0.654851
vt 0.166045 0.647388
vt 0.173507 0.654851
vt 0.175373 0.658582
vt 0.167910 0.658582
vt 0.175373 0.666045
vt 0.166045 0.669776
vt 0.166045 0.662313
vt 0.173507 0.669776
vt 0.175373 0.673507
vt 0.167910 0.673507
vt 0.175373 0.680970
vt 0.166045 0.684702
vt 0.166045 0.677239
vt 0.173507 0.684702
vt 0.175373 0.688433
vt 0.167910 0.688433
vt 0.175373 0.695895
vt 0.166045 0.699627
vt 0.166045 0.692164
vt 0.173507 0.699627
vt 0.175373 0.703358
vt 0.167910 0.703358
vt 0.175373 0.710821
vt 0.166045 0.714552
vt 0.166045 0.707090
vt 0.173507 0.714552
vt 0.175373 0.718284
vt 0.167910 0.718284
vt 0.175373 0.725746
vt 0.166045 0.729478
vt 0.166045 0.722015
vt 0.173507 0.729478
vt 0.175373 0.733209
vt 0.167910 0.733209
vt 0.175373 0.740672
vt 0.166045 0.744403
vt 0.166045 0.736940
vt 0.173507 0.744403
vt 0.175373 0.748134
vt 0.167910 0.748134
vt 0.175373 0.755597
vt 0.166045 0.759328
vt 0.166045 0.751866
vt 0.173507 0.759328
vt 0.175373 0.763060
vt 0.167910 0.763060
vt 0.175373 0.770522
vt 0.166045 0.774254
vt 0.166045 0.766791
vt 0.173507 0.774254
vt 0.175373 0.777985
vt 0.167910 0.777985
vt 0.175373 0.785448
vt 0.166045 0.789179
vt 0.166045 0.781716
vt 0.173507 0.789179
vt 0.175373 0.792910
vt 0.167910 0.792910
vt 0.175373 0.800373
vt 0.166045 0.804104
vt 0.166045 0.796642
vt 0.173507 0.804104
vt 0.175373 0.807836
vt 0.167910 0.807836
vt 0.175373 0.815298
vt 0.166045 0.819030
vt 0.166045 0.811567
vt 0.173507 0.819030
vt 0.175373 0.822761
vt 0.167910 0.822761
vt 0.175373 0.830224
vt 0.166045 0.833955
vt 0.166045 0.826492
vt 0.173507 0.833955
vt 0.175373 0.837687
vt 0.167910 0.837687
vt 0.175373 0.845149
vt 0.166045 0.848881
vt 0.166045 0.841418
vt 0.173507 0.848881
vt 0.175373 0.852612
vt 0.167910 0.852612
vt 0.175373 0.860075
vt 0.166045 0.863806
vt 0.166045 0.856343
vt 0.173507 0.863806
vt 0.175373 0.867537
vt 0.167910 0.867537
vt 0.175373 0.875000
vt 0.166045 0.878731
vt 0.166045 0.871269
vt 0.173507 0.878731
vt 0.175373 0.882463
vt 0.167910 0.882463
vt 0.175373 0.889925
vt 0.166045 0.893657
vt 0.166045 0.886194
vt 0.173507 0.893657
vt 0.175373 0.897388
vt 0.167910 0.897388
vt 0.175373 0.904851
vt 0.166045 0.908582
vt 0.166045 0.901119
vt 0.173507 0.908582
vt 0.175373 0.912313
vt 0.167910 0.912313
vt 0.175373 0.919776
vt 0.166045 0.923507
vt 0.166045 0.916045
vt 0.173507 0.923507
vt 0.175373 0.927239
vt 0.167910 0.927239
vt 0.175373 0.934701
vt 0.166045 0.938433
vt 0.166045 0.930970
vt 0.173507 0.938433
vt 0.175373 0.942164
vt 0.167910 0.942164
vt 0.175373 0.949627
vt 0.166045 0.953358
vt 0.166045 0.945895
vt 0.173507 0.953358
vt 0.175373 0.957090
vt 0.167910 0.957090
vt 0.175373 0.964552
vt 0.166045 0.968284
vt 0.166045 0.960821
vt 0.173507 0.968284
vt 0.175373 0.972015
vt 0.167910 0.972015
vt 0.175373 0.979478
vt 0.166045 0.983209
vt 0.166045 0.975746
vt 0.173507 0.983209
vt 0.175373 0.986940
vt 0.167910 0.986940
vt 0.175373 0.994403
vt 0.166045 0.998134
vt 0.166045 0.990672
vt 0.173507 0.998134
vt 0.190298 0.001866
vt 0.182836 0.001866
vt 0.190298 0.009328
vt 0.180970 0.013060
vt 0.180970 0.005597
vt 0.188433 0.013060
vt 0.190298 0.016791
vt 0.182836 0.016791
vt 0.190298 0.024254
vt 0.180970 0.027985
vt 0.180970 0.020522
vt 0.188433 0.027985
vt 0.190298 0.031716
vt 0.182836 0.031716
vt 0.190298 0.039179
vt 0.180970 0.042910
vt 0.180970 0.035448
vt 0.188433 0.042910
vt 0.190298 0.046642
vt 0.182836 0.046642
vt 0.190298 0.054104
vt 0.180970 0.057836
vt 0.180970 0.050373
vt 0.188433 0.057836
vt 0.190298 0.061567
vt 0.182836 0.061567
vt 0.190298 0.069030
vt 0.180970 0.072761
vt 0.180970 0.065299
vt 0.188433 0.072761
vt 0.190298 0.076493
vt 0.182836 0.076493
vt 0.190298 0.083955
vt 0.180970 0.087687
vt 0.180970 0.080224
vt 0.188433 0.087687
vt 0.190298 0.091418
vt 0.182836 0.091418
vt 0.190298 0.098881
vt 0.180970 0.102612
vt 0.180970 0.095149
vt 0.188433 0.102612
vt 0.190298 0.106343
vt 0.182836 0.106343
vt 0.190298 0.113806
vt 0.180970 0.117537
vt 0.180970 0.110075
vt 0.188433 0.117537
vt 0.190298 0.121269
vt 0.182836 0.121269
vt 0.190298 0.128731
vt 0.180970 0.132463
vt 0.180970 0.125000
vt 0.188433 0.132463
vt 0.190298 0.136194
vt 0.182836 0.136194
vt 0.190298 0.143657
vt 0.180970 0.147388
vt 0.180970 0.139925
vt 0.188433 0.147388
vt 0.190298 0.151119
vt 0.182836 0.151119
vt 0.190298 0.158582
vt 0.180970 0.162313
vt 0.180970 0.154851
vt 0.188433 0.162313
vt 0.190298 0.166045
vt 0.182836 0.166045
vt 0.190298 0.173507
vt 0.180970 0.177239
vt 0.180970 0.169776
vt 0.188433 0.177239
vt 0.190298 0.180970
vt 0.182836 0.180970
vt 0.190298 0.188433
vt 0.180970 0.192164
vt 0.180970 0.184701
vt 0.188433 0.192164
vt 0.190298 0.195896
vt 0.182836 0.195896
vt 0.190298 0.203358
vt 0.180970 0.207090
vt 0.180970 0.199627
vt 0.188433 0.207090
vt 0.190298 0.210821
vt 0.182836 0.210821
vt 0.190298 0.218284
vt 0.180970 0.222015
vt 0.180970 0.214552
vt 0.188433 0.222015
vt 0.190298 0.225746
vt 0.182836 0.225746
vt 0.190298 0.233209
vt 0.180970 0.236940
vt 0.180970 0.229478
vt 0.188433 0.236940
vt 0.190298 0.240672
vt 0.182836 0.240672
vt 0.190298 0.248134
vt 0.180970 0.251866
vt 0.180970 0.244403
vt 0.188433 0.251866
vt 0.190298 0.255597
vt 0.182836 0.255597
vt 0.190298 0.263060
vt 0.180970 0.266791
vt 0.180970 0.259328
vt 0.188433 0.266791
vt 0.190298 0.270522
vt 0.182836 0.270522
vt 0.190298 0.277985
vt 0.180970 0.281716
vt 0.180970 0.274254
vt 0.188433 0.281716
vt 0.190298 0.285448
vt 0.182836 0.285448
vt 0.190298 0.292910
vt 0.180970 0.296642
vt 0.180970 0.289179
vt 0.188433 0.296642
vt 0.190298 0.300373
vt 0.182836 0.300373
vt 0.190298 0.307836
vt 0.180970 0.311567
vt 0.180970 0.304104
vt 0.188433 0.311567
vt 0.190298 0.315298
vt 0.182836 0.315298
vt 0.190298 0.322761
vt 0.180970 0.326493
vt 0.180970 0.319030
vt 0.188433 0.326493
vt 0.190298 0.330224
vt 0.182836 0.330224
vt 0.190298 0.337687
vt 0.180970 0.341418
vt 0.180970 0.333955
vt 0.188433 0.341418
vt 0.190298 0.345149
vt 0.182836 0.345149
vt 0.190298 0.352612
vt 0.180970 0.356343
vt 0.180970 0.348881
vt 0.188433 0.356343
vt 0.190298 0.360075
vt 0.182836 0.360075
vt 0.190298 0.367537
vt 0.180970 0.371269
vt 0.180970 0.363806
vt 0.188433 0.371269
vt 0.190298 0.375000
vt 0.182836 0.375000
vt 0.190298 0.382463
vt 0.180970 0.386194
vt 0.180970 0.378731
vt 0.188433 0.386194
vt 0.190298 0.389925
vt 0.182836 0.389925
vt 0.190298 0.397388
vt 0.180970 0.401119
vt 0.180970 0.393657
vt 0.188433 0.401119
vt 0.190298 0.404851
vt 0.182836 0.404851
vt 0.190298 0.412313
vt 0.180970 0.416045
vt 0.180970 0.408582
vt 0.188433 0.416045
vt 0.190298 0.419776
vt 0.182836 0.419776
vt 0.190298 0.427239
vt 0.180970 0.430970
vt 0.180970 0.423507
vt 0.188433 0.430970
vt 0.190298 0.434701
vt 0.182836 0.434701
vt 0.190298 0.442164
vt 0.180970 0.445896
vt 0.180970 0.438433
vt 0.188433 0.445896
vt 0.190298 0.449627
vt 0.182836 0.449627
vt 0.190298 0.457090
vt 0.180970 0.460821
vt 0.180970 0.453358
vt 0.188433 0.460821
vt 0.190298 0.464552
vt 0.182836 0.464552
vt 0.190298 0.472015
vt 0.180970 0.475746
vt 0.180970 0.468284
vt 0.188433 0.475746
vt 0.190298 0.479478
vt 0.182836 0.479478
vt 0.190298 0.486940
vt 0.180970 0.490672
vt 0.180970 0.483209
vt 0.188433 0.490672
vt 0.190298 0.494403
vt 0.182836 0.494403
vt 0.190298 0.501866
vt 0.180970 0.505597
vt 0.180970 0.498134
vt 0.188433 0.505597
vt 0.190298 0.509328
vt 0.182836 0.509328
vt 0.190298 0.516791
vt 0.180970 0.520522
vt 0.180970 0.513060
vt 0.188433 0.520522
vt 0.190298 0.524254
vt 0.182836 0.524254
vt 0.190298 0.531716
vt 0.180970 0.535448
vt 0.180970 0.527985
vt 0.188433 0.535448
vt 0.190298 0.539179
vt 0.182836 0.539179
vt 0.190298 0.546642
vt 0.180970 0.550373
vt 0.180970 0.542910
vt 0.188433 0.550373
vt 0.190298 0.554104
vt 0.182836 0.554104
vt 0.190298 0.561567
vt 0.180970 0.565298
vt 0.180970 0.557836
vt 0.188433 0.565298
vt 0.190298 0.569030
vt 0.182836 0.569030
vt 0.190298 0.576493
vt 0.180970 0.580224
vt 0.180970 0.572761
vt 0.188433 0.580224
vt 0.190298 0.583955
vt 0.182836 0.583955
vt 0.190298 0.591418
vt 0.180970 0.595149
vt 0.180970 0.587687
vt 0.188433 0.595149
vt 0.190298 0.598881
vt 0.182836 0.598881
vt 0.190298 0.606343
vt 0.180970 0.610075
vt 0.180970 0.602612
vt 0.188433 0.610075
vt 0.190298 0.613806
vt 0.182836 0.613806
vt 0.190298 0.621269
vt 0.180970 0.625000
vt 0.180970 0.617537
vt 0.188433 0.625000
vt 0.190298 0.628731
vt 0.182836 0.628731
vt 0.190298 0.636194
vt 0.180970 0.639925
vt 0.180970 0.632463
vt 0.188433 0.639925
vt 0.190298 0.643657
vt 0.182836 0.643657
vt 0.190298 0.651119
vt 0.180970 0.654851
vt 0.180970 0.647388
vt 0.188433 0.654851
vt 0.190298 0.658582
vt 0.182836 0.658582
vt 0.190298 0.666045
vt 0.180970 0.669776
vt 0.180970 0.662313
vt 0.188433 0.669776
vt 0.190298 0.673507
vt 0.182836 0.673507
vt 0.190298 0.680970
vt 0.180970 0.684702
vt 0.180970 0.677239
vt 0.188433 0.684702
vt 0.190298 0.688433
vt 0.182836 0.688433
vt 0.190298 0.695895
vt 0.180970 0.699627
vt 0.180970 0.692164
vt 0.188433 0.699627
vt 0.190298 0.703358
vt 0.182836 0.703358
vt 0.190298 0.710821
vt 0.180970 0.714552
vt 0.180970 0.707090
vt 0.188433 0.714552
vt 0.190298 0.718284
vt 0.182836 0.718284
vt 0.190298 0.725746
vt 0.180970 0.729478
vt 0.180970 0.722015
vt 0.188433 0.729478
vt 0.190298 0.733209
vt 0.182836 0.733209
vt 0.190298 0.740672
vt 0.180970 0.744403
vt 0.180970 0.736940
vt 0.188433 0.744403
vt 0.190298 0.748134
vt 0.182836 0.748134
vt 0.190298 0.755597
vt 0.180970 0.759328
vt 0.180970 0.751866
vt 0.188433 0.759328
vt 0.190298 0.763060
vt 0.182836 0.763060
vt 0.190298 0.770522
vt 0.180970 0.774254
vt 0.180970 0.766791
vt 0.188433 0.774254
vt 0.190298 0.777985
vt 0.182836 0.777985
vt 0.190298 0.785448
vt 0.180970 0.789179
vt 0.180970 0.781716
vt 0.188433 0.789179
vt 0.190298 0.792910
vt 0.182836 0.792910
vt 0.190298 0.800373
vt 0.180970 0.804104
vt 0.180970 0.796642
vt 0.188433 0.804104
vt 0.190298 0.807836
vt 0.182836 0.807836
vt 0.190298 0.815298
vt 0.180970 0.819030
vt 0.180970 0.811567
vt 0.188433 0.819030
vt 0.190298 0.822761
vt 0.182836 0.822761
vt 0.190298 0.830224
vt 0.180970 0.833955
vt 0.180970 0.826492
vt 0.188433 0.833955
vt 0.190298 0.837687
vt 0.182836 0.837687
vt 0.190298 0.845149
vt 0.180970 0.848881
vt 0.180970 0.841418
vt 0.188433 0.848881
vt 0.190298 0.852612
vt 0.182836 0.852612
vt 0.190298 0.860075
vt 0.180970 0.863806
vt 0.180970 0.856343
vt 0.188433 0.863806
vt 0.190298 0.867537
vt 0.182836 0.867537
vt 0.190298 0.875000
vt 0.180970 0.878731
vt 0.180970 0.871269
vt 0.188433 0.878731
vt 0.190298 0.882463
vt 0.182836 0.882463
vt 0.190298 0.889925
vt 0.180970 0.893657
vt 0.180970 0.886194
vt 0.188433 0.893657
vt 0.190298 0.897388
vt 0.182836 0.897388
vt 0.190298 0.904851
vt 0.180970 0.908582
vt 0.180970 0.901119
vt 0.188433 0.908582
vt 0.190298 0.912313
vt 0.182836 0.912313
vt 0.190298 0.919776
vt 0.180970 0.923507
vt 0.180970 0.916045
vt 0.188433 0.923507
vt 0.190298 0.927239
vt 0.182836 0.927239
vt 0.190298 0.934701
vt 0.180970 0.938433
vt 0.180970 0.930970
vt 0.188433 0.938433
vt 0.190298 0.942164
vt 0.182836 0.942164
vt 0.190298 0.949627
vt 0.180970 0.953358
vt 0.180970 0.945895
vt 0.188433 0.953358
vt 0.190298 0.957090
vt 0.182836 0.957090
vt 0.190298 0.964552
vt 0.180970 0.968284
vt 0.180970 0.960821
vt 0.188433 0.968284
vt 0.190298 0.972015
vt 0.182836 0.972015
vt 0.190298 0.979478
vt 0.180970 0.983209
vt 0.180970 0.975746
vt 0.188433 0.983209
vt 0.190298 0.986940
vt 0.182836 0.986940
vt 0.190298 0.994403
vt 0.180970 0.998134
vt 0.180970 0.990672
vt 0.188433 0.998134
vt 0.205224 0.001866
vt 0.197761 0.001866
vt 0.205224 0.009328
vt 0.195896 0.013060
vt 0.195896 0.005597
vt 0.203358 0.013060
vt 0.205224 0.016791
vt 0.197761 0.016791
vt 0.205224 0.024254
vt 0.195896 0.027985
vt 0.195896 0.020522
vt 0.203358 0.027985
vt 0.205224 0.031716
vt 0.197761 0.031716
vt 0.205224 0.039179
vt 0.195896 0.042910
vt 0.195896 0.035448
vt 0.203358 0.042910
vt 0.205224 0.046642
vt 0.197761 0.046642
vt 0.205224 0.054104
vt 0.195896 0.057836
vt 0.195896 0.050373
vt 0.203358 0.057836
vt 0.205224 0.061567
vt 0.197761 0.061567
vt 0.205224 0.069030
vt 0.195896 0.072761
vt 0.195896 0.065299
vt 0.203358 0.072761
vt 0.205224 0.076493
vt 0.197761 0.076493
vt 0.205224 0.083955
vt 0.195896 0.087687
vt 0.195896 0.080224
vt 0.203358 0.087687
vt 0.205224 0.091418
vt 0.197761 0.091418
vt 0.205224 0.098881
vt 0.195896 0.102612
vt 0.195896 0.095149
vt 0.203358 0.102612
vt 0.205224 0.106343
vt 0.197761 0.106343
vt 0.205224 0.113806
vt 0.195896 0.117537
vt 0.195896 0.110075
vt 0.203358 0.117537
vt 0.205224 0.121269
vt 0.197761 0.121269
vt 0.205224 0.128731
vt 0.195896 0.132463
vt 0.195896 0.125000
vt 0.203358 0.132463
vt 0.205224 0.136194
vt 0.197761 0.136194
vt 0.205224 0.143657
vt 0.195896 0.147388
vt 0.195896 0.139925
vt 0.203358 0.147388
vt 0.205224 0.151119
vt 0.197761 0.151119
vt 0.205224 0.158582
vt 0.195896 0.162313
vt 0.195896 0.154851
vt 0.203358 0.162313
vt 0.205224 0.166045
vt 0.197761 0.166045
vt 0.205224 0.173507
vt 0.195896 0.177239
vt 0.195896 0.169776
vt 0.203358 0.177239
vt 0.205224 0.180970
vt 0.197761 0.180970
vt 0.205224 0.188433
vt 0.195896 0.192164
vt 0.195896 0.184701
vt 0.203358 0.192164
vt 0.205224 0.195896
vt 0.197761 0.195896
vt 0.205224 0.203358
vt 0.195896 0.207090
vt 0.195896 0.199627
vt 0.203358 0.207090
vt 0.205224 0.210821
vt 0.197761 0.210821
vt 0.205224 0.218284
vt 0.195896 0.222015
vt 0.195896 0.214552
vt 0.203358 0.222015
vt 0.205224 0.225746
vt 0.197761 0.225746
vt 0.205224 0.233209
vt 0.195896 0.236940
vt 0.195896 0.229478
vt 0.203358 0.236940
vt 0.205224 0.240672
vt 0.197761 0.240672
vt 0.205224 0.248134
vt 0.195896 0.251866
vt 0.195896 0.244403
vt 0.203358 0.251866
vt 0.205224 0.255597
vt 0.197761 0.255597
vt 0.205224 0.263060
vt 0.195896 0.266791
vt 0.195896 0.259328
vt 0.203358 0.266791
vt 0.205224 0.270522
vt 0.197761 0.270522
vt 0.205224 0.277985
vt 0.195896 0.281716
vt 0.195896 0.274254
vt 0.203358 0.281716
vt 0.205224 0.285448
vt 0.197761 0.285448
vt 0.205224 0.292910
vt 0.195896 0.296642
vt 0.195896 0.289179
vt 0.203358 0.296642
vt 0.205224 0.300373
vt 0.197761 0.300373
vt 0.205224 0.307836
vt 0.195896 0.311567
vt 0.195896 0.304104
vt 0.203358 0.311567
vt 0.205224 0.315298
vt 0.197761 0.315298
vt 0.205224 0.322761
vt 0.195896 0.326493
vt 0.195896 0.319030
vt 0.203358 0.326493
vt 0.205224 0.330224
vt 0.197761 0.330224
vt 0.205224 0.337687
vt 0.195896 0.341418
vt 0.195896 0.333955
vt 0.203358 0.341418
vt 0.205224 0.345149
vt 0.197761 0.345149
vt 0.205224 0.352612
vt 0.195896 0.356343
vt 0.195896 0.348881
vt 0.203358 0.356343
vt 0.205224 0.360075
vt 0.197761 0.360075
vt 0.205224 0.367537
vt 0.195896 0.371269
vt 0.195896 0.363806
vt 0.203358 0.371269
vt 0.205224 0.375000
vt 0.197761 0.375000
vt 0.205224 0.382463
vt 0.195896 0.386194
vt 0.195896 0.378731
vt 0.203358 0.386194
vt 0.205224 0.389925
vt 0.197761 0.389925
vt 0.205224 0.397388
vt 0.195896 0.401119
vt 0.195896 0.393657
vt 0.203358 0.401119
vt 0.205224 0.404851
vt 0.197761 0.404851
vt 0.205224 0.412313
vt 0.195896 0.416045
vt 0.195896 0.408582
vt 0.203358 0.416045
vt 0.205224 0.419776
vt 0.197761 0.419776
vt 0.205224 0.427239
vt 0.195896 0.430970
vt 0.195896 0.423507
vt 0.203358 0.430970
vt 0.205224 0.434701
vt 0.197761 0.434701
vt 0.205224 0.442164
vt 0.195896 0.445896
vt 0.195896 0.438433
vt 0.203358 0.445896
vt 0.205224 0.449627
vt 0.197761 0.449627
vt 0.205224 0.457090
vt 0.195896 0.460821
vt 0.195896 0.453358
vt 0.203358 0.460821
vt 0.205224 0.464552
vt 0.197761 0.464552
vt 0.205224 0.472015
vt 0.195896 0.475746
vt 0.195896 0.468284
vt 0.203358 0.475746
vt 0.205224 0.479478
vt 0.197761 0.479478
vt 0.205224 0.486940
vt 0.195896 0.490672
vt 0.195896 0.483209
vt 0.203358 0.490672
vt 0.205224 0.494403
vt 0.197761 0.494403
vt 0.205224 0.501866
vt 0.195896 0.505597
vt 0.195896 0.498134
vt 0.203358 0.505597
vt 0.205224 0.509328
vt 0.197761 0.509328
vt 0.205224 0.516791
vt 0.195896 0.520522
vt 0.195896 0.513060
vt 0.203358 0.520522
vt 0.205224 0.524254
vt 0.197761 0.524254
vt 0.205224 0.531716
vt 0.195896 0.535448
vt 0.195896 0.527985
vt 0.203358 0.535448
vt 0.205224 0.539179
vt 0.197761 0.539179
vt 0.205224 0.546642
vt 0.195896 0.550373
vt 0.195896 0.542910
vt 0.203358 0.550373
vt 0.205224 0.554104
vt 0.197761 0.554104
vt 0.205224 0.561567
vt 0.195896 0.565298
vt 0.195896 0.557836
vt 0.203358 0.565298
vt 0.205224 0.569030
vt 0.197761 0.569030
vt 0.205224 0.576493
vt 0.195896 0.580224
vt 0.195896 0.572761
vt 0.203358 0.580224
vt 0.205224 0.583955
vt 0.197761 0.583955
vt 0.205224 0.591418
vt 0.195896 0.595149
vt 0.195896 0.587687
vt 0.203358 0.595149
vt 0.205224 0.598881
vt 0.197761 0.598881
vt 0.205224 0.606343
vt 0.195896 0.610075
vt 0.195896 0.602612
vt 0.203358 0.610075
vt 0.205224 0.613806
vt 0.197761 0.613806
vt 0.205224 0.621269
vt 0.195896 0.625000
vt 0.195896 0.617537
vt 0.203358 0.625000
vt 0.205224 0.628731
vt 0.197761 0.628731
vt 0.205224 0.636194
vt 0.195896 0.639925
vt 0.195896 0.632463
vt 0.203358 0.639925
vt 0.205224 0.643657
vt 0.197761 0.643657
vt 0.205224 0.651119
vt 0.195896 0.654851
vt 0.195896 0.647388
vt 0.203358 0.654851
vt 0.205224 0.658582
vt 0.197761 0.658582
vt 0.205224 0.666045
vt 0.195896 0.669776
vt 0.195896 0.662313
vt 0.203358 0.669776
vt 0.205224 0.673507
vt 0.197761 0.673507
vt 0.205224 0.680970
vt 0.195896 0.684702
vt 0.195896 0.677239
vt 0.203358 0.684702
vt 0.205224 0.688433
vt 0.197761 0.688433
vt 0.205224 0.695895
vt 0.195896 0.699627
vt 0.195896 0.692164
vt 0.203358 0.699627
vt 0.205224 0.703358
vt 0.197761 0.703358
vt 0.205224 0.710821
vt 0.195896 0.714552
vt 0.195896 0.707090
vt 0.203358 0.714552
vt 0.205224 0.718284
vt 0.197761 0.718284
vt 0.205224 0.725746
vt 0.195896 0.729478
vt 0.195896 0.722015
vt 0.203358 0.729478
vt 0.205224 0.733209
vt 0.197761 0.733209
vt 0.205224 0.740672
vt 0.195896 0.744403
vt 0.195896 0.736940
vt 0.203358 0.744403
vt 0.205224 0.748134
vt 0.197761 0.748134
vt 0.205224 0.755597
vt 0.195896 0.759328
vt 0.195896 0.751866
vt 0.203358 0.759328
vt 0.205224 0.763060
vt 0.197761 0.763060
vt 0.205224 0.770522
vt 0.195896 0.774254
vt 0.195896 0.766791
vt 0.203358 0.774254
vt 0.205224 0.777985
vt 0.197761 0.777985
vt 0.205224 0.785448
vt 0.195896 0.789179
vt 0.195896 0.781716
vt 0.203358 0.789179
vt 0.205224 0.792910
vt 0.197761 0.792910
vt 0.205224 0.800373
vt 0.195896 0.804104
vt 0.195896 0.796642
vt 0.203358 0.804104
vt 0.205224 0.807836
vt 0.197761 0.807836
vt 0.205224 0.815298
vt 0.195896 0.819030
vt 0.195896 0.811567
vt 0.203358 0.819030
vt 0.205224 0.822761
vt 0.197761 0.822761
vt 0.205224 0.830224
vt 0.195896 0.833955
vt 0.195896 0.826492
vt 0.203358 0.833955
vt 0.205224 0.837687
vt 0.197761 0.837687
vt 0.205224 0.845149
vt 0.195896 0.848881
vt 0.195896 0.841418
vt 0.203358 0.848881
vt 0.205224 0.852612
vt 0.197761 0.852612
vt 0.205224 0.860075
vt 0.195896 0.863806
vt 0.195896 0.856343
vt 0.203358 0.863806
vt 0.205224 0.867537
vt 0.197761 0.867537
vt 0.205224 0.875000
vt 0.195896 0.878731
vt 0.195896 0.871269
vt 0.203358 0.878731
vt 0.205224 0.882463
vt 0.197761 0.882463
vt 0.205224 0.889925
vt 0.195896 0.893657
vt 0.195896 0.886194
vt 0.203358 0.893657
vt 0.205224 0.897388
vt 0.197761 0.897388
vt 0.205224 0.904851
vt 0.195896 0.908582
vt 0.195896 0.901119
vt 0.203358 0.908582
vt 0.205224 0.912313
vt 0.197761 0.912313
vt 0.205224 0.919776
vt 0.195896 0.923507
vt 0.195896 0.916045
vt 0.203358 0.923507
vt 0.205224 0.927239
vt 0.197761 0.927239
vt 0.205224 0.934701
vt 0.195896 0.938433
vt 0.195896 0.930970
vt 0.203358 0.938433
vt 0.205224 0.942164
vt 0.197761 0.942164
vt 0.205224 0.949627
vt 0.195896 0.953358
vt 0.195896 0.945895
vt 0.203358 0.953358
vt 0.205224 0.957090
vt 0.197761 0.957090
vt 0.205224 0.964552
vt 0.195896 0.968284
vt 0.195896 0.960821
vt 0.203358 0.968284
vt 0.205224 0.972015
vt 0.197761 0.972015
vt 0.205224 0.979478
vt 0.195896 0.983209
vt 0.195896 0.975746
vt 0.203358 0.983209
vt 0.205224 0.986940
vt 0.197761 0.986940
vt 0.205224 0.994403
vt 0.195896 0.998134
vt 0.195896 0.990672
vt 0.203358 0.998134
vt 0.220149 0.001866
vt 0.212687 0.001866
vt 0.220149 0.009328
vt 0.210821 0.013060
vt 0.210821 0.005597
vt 0.218284 0.013060
vt 0.220149 0.016791
vt 0.212687 0.016791
vt 0.220149 0.024254
vt 0.210821 0.027985
vt 0.210821 0.020522
vt 0.218284 0.027985
vt 0.220149 0.031716
vt 0.212687 0.031716
vt 0.220149 0.039179
vt 0.210821 0.042910
vt 0.210821 0.035448
vt 0.218284 0.042910
vt 0.220149 0.046642
vt 0.212687 0.046642
vt 0.220149 0.054104
vt 0.210821 0.057836
vt 0.210821 0.050373
vt 0.218284 0.057836
vt 0.220149 0.061567
vt 0.212687 0.061567
vt 0.220149 0.069030
vt 0.210821 0.072761
vt 0.210821 0.065299
vt 0.218284 0.072761
vt 0.220149 0.076493
vt 0.212687 0.076493
vt 0.220149 0.083955
vt 0.210821 0.087687
vt 0.210821 0.080224
vt 0.218284 0.087687
vt 0.220149 0.091418
vt 0.212687 0.091418
vt 0.220149 0.098881
vt 0.210821 0.102612
vt 0.210821 0.095149
vt 0.218284 0.102612
vt 0.220149 0.106343
vt 0.212687 0.106343
vt 0.220149 0.113806
vt 0.210821 0.117537
vt 0.210821 0.110075
vt 0.218284 0.117537
vt 0.220149 0.121269
vt 0.212687 0.121269
vt 0.220149 0.128731
vt 0.210821 0.132463
vt 0.210821 0.125000
vt 0.218284 0.132463
vt 0.220149 0.136194
vt 0.212687 0.136194
vt 0.220149 0.143657
vt 0.210821 0.147388
vt 0.210821 0.139925
vt 0.218284 0.147388
vt 0.220149 0.151119
vt 0.212687 0.151119
vt 0.220149 0.158582
vt 0.210821 0.162313
vt 0.210821 0.154851
vt 0.218284 0.162313
vt 0.220149 0.166045
vt 0.212687 0.166045
vt 0.220149 0.173507
vt 0.210821 0.177239
vt 0.210821 0.169776
vt 0.218284 0.177239
vt 0.220149 0.180970
vt 0.212687 0.180970
vt 0.220149 0.188433
vt 0.210821 0.192164
vt 0.210821 0.184701
vt 0.218284 0.192164
vt 0.220149 0.195896
vt 0.212687 0.195896
vt 0.220149 0.203358
vt 0.210821 0.207090
vt 0.210821 0.199627
vt 0.218284 0.207090
vt 0.220149 0.210821
vt 0.212687 0.210821
vt 0.220149 0.218284
vt 0.210821 0.222015
vt 0.210821 0.214552
vt 0.218284 0.222015
vt 0.220149 0.225746
vt 0.212687 0.225746
vt 0.220149 0.233209
vt 0.210821 0.236940
vt 0.210821 0.229478
vt 0.218284 0.236940
vt 0.220149 0.240672
vt 0.212687 0.240672
vt 0.220149 0.248134
vt 0.210821 0.251866
vt 0.210821 0.244403
vt 0.218284 0.251866
vt 0.220149 0.255597
vt 0.212687 0.255597
vt 0.220149 0.263060
vt 0.210821 0.266791
vt 0.210821 0.259328
vt 0.218284 0.266791
vt 0.220149 0.270522
vt 0.212687 0.270522
vt 0.220149 0.277985
vt 0.210821 0.281716
vt 0.210821 0.274254
vt 0.218284 0.281716
vt 0.220149 0.285448
vt 0.212687 0.285448
vt 0.220149 0.292910
vt 0.210821 0.296642
vt 0.210821 0.289179
vt 0.218284 0.296642
vt 0.220149 0.300373
vt 0.212687 0.300373
vt 0.220149 0.307836
vt 0.210821 0.311567
vt 0.210821 0.304104
vt 0.218284 0.311567
vt 0.220149 0.315298
vt 0.212687 0.315298
vt 0.220149 0.322761
vt 0.210821 0.326493
vt 0.210821 0.319030
vt 0.218284 0.326493
vt 0.220149 0.330224
vt 0.212687 0.330224
vt 0.220149 0.337687
vt 0.210821 0.341418
vt 0.210821 0.333955
vt 0.218284 0.341418
vt 0.220149 0.345149
vt 0.212687 0.345149
vt 0.220149 0.352612
vt 0.210821 0.356343
vt 0.210821 0.348881
vt 0.218284 0.356343
vt 0.220149 0.360075
vt 0.212687 0.360075
vt 0.220149 0.367537
vt 0.210821 0.371269
vt 0.210821 0.363806
vt 0.218284 0.371269
vt 0.220149 0.375000
vt 0.212687 0.375000
vt 0.220149 0.382463
vt 0.210821 0.386194
vt 0.210821 0.378731
vt 0.218284 0.386194
vt 0.220149 0.389925
vt 0.212687 0.389925
vt 0.220149 0.397388
vt 0.210821 0.401119
vt 0.210821 0.393657
vt 0.218284 0.401119
vt 0.220149 0.404851
vt 0.212687 0.404851
vt 0.220149 0.412313
vt 0.210821 0.416045
vt 0.210821 0.408582
vt 0.218284 0.416045
vt 0.220149 0.419776
vt 0.212687 0.419776
vt 0.220149 0.427239
vt 0.210821 0.430970
vt 0.210821 0.423507
vt 0.218284 0.430970
vt 0.220149 0.434701
vt 0.212687 0.434701
vt 0.220149 0.442164
vt 0.210821 0.445896
vt 0.210821 0.438433
vt 0.218284 0.445896
vt 0.220149 0.449627
vt 0.212687 0.449627
vt 0.220149 0.457090
vt 0.210821 0.460821
vt 0.210821 0.453358
vt 0.218284 0.460821
vt 0.220149 0.464552
vt 0.212687 0.464552
vt 0.220149 0.472015
vt 0.210821 0.475746
vt 0.210821 0.468284
vt 0.218284 0.475746
vt 0.220149 0.479478
vt 0.212687 0.479478
vt 0.220149 0.486940
vt 0.210821 0.490672
vt 0.210821 0.483209
vt 0.218284 0.490672
vt 0.220149 0.494403
vt 0.212687 0.494403
vt 0.220149 0.501866
vt 0.210821 0.505597
vt 0.210821 0.498134
vt 0.218284 0.505597
vt 0.220149 0.509328
vt 0.212687 0.509328
vt 0.220149 0.516791
vt 0.210821 0.520522
vt 0.210821 0.513060
vt 0.218284 0.520522
vt 0.220149 0.524254
vt 0.212687 0.524254
vt 0.220149 0.531716
vt 0.210821 0.535448
vt 0.210821 0.527985
vt 0.218284 0.535448
vt 0.220149 0.539179
vt 0.212687 0.539179
vt 0.220149 0.546642
vt 0.210821 0.550373
vt 0.210821 0.542910
vt 0.218284 0.550373
vt 0.220149 0.554104
vt 0.212687 0.554104
vt 0.220149 0.561567
vt 0.210821 0.565298
vt 0.210821 0.557836
vt 0.218284 0.565298
vt 0.220149 0.569030
vt 0.212687 0.569030
vt 0.220149 0.576493
vt 0.210821 0.580224
vt 0.210821 0.572761
vt 0.218284 0.580224
vt 0.220149 0.583955
vt 0.212687 0.583955
vt 0.220149 0.591418
vt 0.210821 0.595149
vt 0.210821 0.587687
vt 0.218284 0.595149
vt 0.220149 0.598881
vt 0.212687 0.598881
vt 0.220149 0.606343
vt 0.210821 0.610075
vt 0.210821 0.602612
vt 0.218284 0.610075
vt 0.220149 0.613806
vt 0.212687 0.613806
vt 0.220149 0.621269
vt 0.210821 0.625000
vt 0.210821 0.617537
vt 0.218284 0.625000
vt 0.220149 0.628731
vt 0.212687 0.628731
vt 0.220149 0.636194
vt 0.210821 0.639925
vt 0.210821 0.632463
vt 0.218284 0.639925
vt 0.220149 0.643657
vt 0.212687 0.643657
vt 0.220149 0.651119
vt 0.210821 0.654851
vt 0.210821 0.647388
vt 0.218284 0.654851
vt 0.220149 0.658582
vt 0.212687 0.658582
vt 0.220149 0.666045
vt 0.210821 0.669776
vt 0.210821 0.662313
vt 0.218284 0.669776
vt 0.220149 0.673507
vt 0.212687 0.673507
vt 0.220149 0.680970
vt 0.210821 0.684702
vt 0.210821 0.677239
vt 0.218284 0.684702
vt 0.220149 0.688433
vt 0.212687 0.688433
vt 0.220149 0.695895
vt 0.210821 0.699627
vt 0.210821 0.692164
vt 0.218284 0.699627
vt 0.220149 0.703358
vt 0.212687 0.703358
vt 0.220149 0.710821
vt 0.210821 0.714552
vt 0.210821 0.707090
vt 0.218284 0.714552
vt 0.220149 0.718284
vt 0.212687 0.718284
vt 0.220149 0.725746
vt 0.210821 0.729478
vt 0.210821 0.722015
vt 0.218284 0.729478
vt 0.220149 0.733209
vt 0.212687 0.733209
vt 0.220149 0.740672
vt 0.210821 0.744403
vt 0.210821 0.736940
vt 0.218284 0.744403
vt 0.220149 0.748134
vt 0.212687 0.748134
vt 0.220149 0.755597
vt 0.210821 0.759328
vt 0.210821 0.751866
vt 0.218284 0.759328
vt 0.220149 0.763060
vt 0.212687 0.763060
vt 0.220149 0.770522
vt 0.210821 0.774254
vt 0.210821 0.766791
vt 0.218284 0.774254
vt 0.220149 0.777985
vt 0.212687 0.777985
vt 0.220149 0.785448
vt 0.210821 0.789179
vt 0.210821 0.781716
vt 0.218284 0.789179
vt 0.220149 0.792910
vt 0.212687 0.792910
vt 0.220149 0.800373
vt 0.210821 0.804104
vt 0.210821 0.796642
vt 0.218284 0.804104
vt 0.220149 0.807836
vt 0.212687 0.807836
vt 0.220149 0.815298
vt 0.210821 0.819030
vt 0.210821 0.811567
vt 0.218284 0.819030
vt 0.220149 0.822761
vt 0.212687 0.822761
vt 0.220149 0.830224
vt 0.210821 0.833955
vt 0.210821 0.826492
vt 0.218284 0.833955
vt 0.220149 0.837687
vt 0.212687 0.837687
vt 0.220149 0.845149
vt 0.210821 0.848881
vt 0.210821 0.841418
vt 0.218284 0.848881
vt 0.220149 0.852612
vt 0.212687 0.852612
vt 0.220149 0.860075
vt 0.210821 0.863806
vt 0.210821 0.856343
vt 0.218284 0.863806
vt 0.220149 0.867537
vt 0.212687 0.867537
vt 0.220149 0.875000
vt 0.210821 0.878731
vt 0.210821 0.871269
vt 0.218284 0.878731
vt 0.220149 0.882463
vt 0.212687 0.882463
vt 0.220149 0.889925
vt 0.210821 0.893657
vt 0.210821 0.886194
vt 0.218284 0.893657
vt 0.220149 0.897388
vt 0.212687 0.897388
vt 0.220149 0.904851
vt 0.210821 0.908582
vt 0.210821 0.901119
vt 0.218284 0.908582
vt 0.220149 0.912313
vt 0.212687 0.912313
vt 0.220149 0.919776
vt 0.210821 0.923507
vt 0.210821 0.916045
vt 0.218284 0.923507
vt 0.220149 0.927239
vt 0.212687 0.927239
vt 0.220149 0.934701
vt 0.210821 0.938433
vt 0.210821 0.930970
vt 0.218284 0.938433
vt 0.220149 0.942164
vt 0.212687 0.942164
vt 0.220149 0.949627
vt 0.210821 0.953358
vt 0.210821 0.945895
vt 0.218284 0.953358
vt 0.220149 0.957090
vt 0.212687 0.957090
vt 0.220149 0.964552
vt 0.210821 0.968284
vt 0.210821 0.960821
vt 0.218284 0.968284
vt 0.220149 0.972015
vt 0.212687 0.972015
vt 0.220149 0.979478
vt 0.210821 0.983209
vt 0.210821 0.975746
vt 0.218284 0.983209
vt 0.220149 0.986940
vt 0.212687 0.986940
vt 0.220149 0.994403
vt 0.210821 0.998134
vt 0.210821 0.990672
vt 0.218284 0.998134
vt 0.235075 0.001866
vt 0.227612 0.001866
vt 0.235075 0.009328
vt 0.225746 0.013060
vt 0.225746 0.005597
vt 0.233209 0.013060
vt 0.235075 0.016791
vt 0.227612 0.016791
vt 0.235075 0.024254
vt 0.225746 0.027985
vt 0.225746 0.020522
vt 0.233209 0.027985
vt 0.235075 0.031716
vt 0.227612 0.031716
vt 0.235075 0.039179
vt 0.225746 0.042910
vt 0.225746 0.035448
vt 0.233209 0.042910
vt 0.235075 0.046642
vt 0.227612 0.046642
vt 0.235075 0.054104
vt 0.225746 0.057836
vt 0.225746 0.050373
vt 0.233209 0.057836
vt 0.235075 0.061567
vt 0.227612 0.061567
vt 0.235075 0.069030
vt 0.225746 0.072761
vt 0.225746 0.065299
vt 0.233209 0.072761
vt 0.235075 0.076493
vt 0.227612 0.076493
vt 0.235075 0.083955
vt 0.225746 0.087687
vt 0.225746 0.080224
vt 0.233209 0.087687
vt 0.235075 0.091418
vt 0.227612 0.091418
vt 0.235075 0.098881
vt 0.225746 0.102612
vt 0.225746 0.095149
vt 0.233209 0.102612
vt 0.235075 0.106343
vt 0.227612 0.106343
vt 0.235075 0.113806
vt 0.225746 0.117537
vt 0.225746 0.110075
vt 0.233209 0.117537
vt 0.235075 0.121269
vt 0.227612 0.121269
vt 0.235075 0.128731
vt 0.225746 0.132463
vt 0.225746 0.125000
vt 0.233209 0.132463
vt 0.235075 0.136194
vt 0.227612 0.136194
vt 0.235075 0.143657
vt 0.225746 0.147388
vt 0.225746 0.139925
vt 0.233209 0.147388
vt 0.235075 0.151119
vt 0.227612 0.151119
vt 0.235075 0.158582
vt 0.225746 0.162313
vt 0.225746 0.154851
vt 0.233209 0.162313
vt 0.235075 0.166045
vt 0.227612 0.166045
vt 0.235075 0.173507
vt 0.225746 0.177239
vt 0.225746 0.169776
vt 0.233209 0.177239
vt 0.235075 0.180970
vt 0.227612 0.180970
vt 0.235075 0.188433
vt 0.225746 0.192164
vt 0.225746 0.184701
vt 0.233209 0.192164
vt 0.235075 0.195896
vt 0.227612 0.195896
vt 0.235075 0.203358
vt 0.225746 0.207090
vt 0.225746 0.199627
vt 0.233209 0.207090
vt 0.235075 0.210821
vt 0.227612 0.210821
vt 0.235075 0.218284
vt 0.225746 0.222015
vt 0.225746 0.214552
vt 0.233209 0.222015
vt 0.235075 0.225746
vt 0.227612 0.225746
vt 0.235075 0.233209
vt 0.225746 0.236940
vt 0.225746 0.229478
vt 0.233209 0.236940
vt 0.235075 0.240672
vt 0.227612 0.240672
vt 0.235075 0.248134
vt 0.225746 0.251866
vt 0.225746 0.244403
vt 0.233209 0.251866
vt 0.235075 0.255597
vt 0.227612 0.255597
vt 0.235075 0.263060
vt 0.225746 0.266791
vt 0.225746 0.259328
vt 0.233209 0.266791
vt 0.235075 0.270522
vt 0.227612 0.270522
vt 0.235075 0.277985
vt 0.225746 0.281716
vt 0.225746 0.274254
vt 0.233209 0.281716
vt 0.235075 0.285448
vt 0.227612 0.285448
vt 0.235075 0.292910
vt 0.225746 0.296642
vt 0.225746 0.289179
vt 0.233209 0.296642
vt 0.235075 0.300373
vt 0.227612 0.300373
vt 0.235075 0.307836
vt 0.225746 0.311567
vt 0.225746 0.304104
vt 0.233209 0.311567
vt 0.235075 0.315298
vt 0.227612 0.315298
vt 0.235075 0.322761
vt 0.225746 0.326493
vt 0.225746 0.319030
vt 0.233209 0.326493
vt 0.235075 0.330224
vt 0.227612 0.330224
vt 0.235075 0.337687
vt 0.225746 0.341418
vt 0.225746 0.333955
vt 0.233209 0.341418
vt 0.235075 0.345149
vt 0.227612 0.345149
vt 0.235075 0.352612
vt 0.225746 0.356343
vt 0.225746 0.348881
vt 0.233209 0.356343
vt 0.235075 0.360075
vt 0.227612 0.360075
vt 0.235075 0.367537
vt 0.225746 0.371269
vt 0.225746 0.363806
vt 0.233209 0.371269
vt 0.235075 0.375000
vt 0.227612 0.375000
vt 0.235075 0.382463
vt 0.225746 0.386194
vt 0.225746 0.378731
vt 0.233209 0.386194
vt 0.235075 0.389925
vt 0.227612 0.389925
vt 0.235075 0.397388
vt 0.225746 0.401119
vt 0.225746 0.393657
vt 0.233209 0.401119
vt 0.235075 0.404851
vt 0.227612 0.404851
vt 0.235075 0.412313
vt 0.225746 0.416045
vt 0.225746 0.408582
vt 0.233209 0.416045
vt 0.235075 0.419776
vt 0.227612 0.419776
vt 0.235075 0.427239
vt 0.225746 0.430970
vt 0.225746 0.423507
vt 0.233209 0.430970
vt 0.235075 0.434701
vt 0.227612 0.434701
vt 0.235075 0.442164
vt 0.225746 0.445896
vt 0.225746 0.438433
vt 0.233209 0.445896
vt 0.235075 0.449627
vt 0.227612 0.449627
vt 0.235075 0.457090
vt 0.225746 0.460821
vt 0.225746 0.453358
vt 0.233209 0.460821
vt 0.235075 0.464552
vt 0.227612 0.464552
vt 0.235075 0.472015
vt 0.225746 0.475746
vt 0.225746 0.468284
vt 0.233209 0.475746
vt 0.235075 0.479478
vt 0.227612 0.479478
vt 0.235075 0.486940
vt 0.225746 0.490672
vt 0.225746 0.483209
vt 0.233209 0.490672
vt 0.235075 0.494403
vt 0.227612 0.494403
vt 0.235075 0.501866
vt 0.225746 0.505597
vt 0.225746 0.498134
vt 0.233209 0.505597
vt 0.235075 0.509328
vt 0.227612 0.509328
vt 0.235075 0.516791
vt 0.225746 0.520522
vt 0.225746 0.513060
vt 0.233209 0.520522
vt 0.235075 0.524254
vt 0.227612 0.524254
vt 0.235075 0.531716
vt 0.225746 0.535448
vt 0.225746 0.527985
vt 0.233209 0.535448
vt 0.235075 0.539179
vt 0.227612 0.539179
vt 0.235075 0.546642
vt 0.225746 0.550373
vt 0.225746 0.542910
vt 0.233209 0.550373
vt 0.235075 0.554104
vt 0.227612 0.554104
vt 0.235075 0.561567
vt 0.225746 0.565298
vt 0.225746 0.557836
vt 0.233209 0.565298
vt 0.235075 0.569030
vt 0.227612 0.569030
vt 0.235075 0.576493
vt 0.225746 0.580224
vt 0.225746 0.572761
vt 0.233209 0.580224
vt 0.235075 0.583955
vt 0.227612 0.583955
vt 0.235075 0.591418
vt 0.225746 0.595149
vt 0.225746 0.587687
vt 0.233209 0.595149
vt 0.235075 0.598881
vt 0.227612 0.598881
vt 0.235075 0.606343
vt 0.225746 0.610075
vt 0.225746 0.602612
vt 0.233209 0.610075
vt 0.235075 0.613806
vt 0.227612 0.613806
vt 0.235075 0.621269
vt 0.225746 0.625000
vt 0.225746 0.617537
vt 0.233209 0.625000
vt 0.235075 0.628731
vt 0.227612 0.628731
vt 0.235075 0.636194
vt 0.225746 0.639925
vt 0.225746 0.632463
vt 0.233209 0.639925
vt 0.235075 0.643657
vt 0.227612 0.643657
vt 0.235075 0.651119
vt 0.225746 0.654851
vt 0.225746 0.647388
vt 0.233209 0.654851
vt 0.235075 0.658582
vt 0.227612 0.658582
vt 0.235075 0.666045
vt 0.225746 0.669776
vt 0.225746 0.662313
vt 0.233209 0.669776
vt 0.235075 0.673507
vt 0.227612 0.673507
vt 0.235075 0.680970
vt 0.225746 0.684702
vt 0.225746 0.677239
vt 0.233209 0.684702
vt 0.235075 0.688433
vt 0.227612 0.688433
vt 0.235075 0.695895
vt 0.225746 0.699627
vt 0.225746 0.692164
vt 0.233209 0.699627
vt 0.235075 0.703358
vt 0.227612 0.703358
vt 0.235075 0.710821
vt 0.225746 0.714552
vt 0.225746 0.707090
vt 0.233209 0.714552
vt 0.235075 0.718284
vt 0.227612 0.718284
vt 0.235075 0.725746
vt 0.225746 0.729478
vt 0.225746 0.722015
vt 0.233209 0.729478
vt 0.235075 0.733209
vt 0.227612 0.733209
vt 0.235075 0.740672
vt 0.225746 0.744403
vt 0.225746 0.736940
vt 0.233209 0.744403
vt 0.235075 0.748134
vt 0.227612 0.748134
vt 0.235075 0.755597
vt 0.225746 0.759328
vt 0.225746 0.751866
vt 0.233209 0.759328
vt 0.235075 0.763060
vt 0.227612 0.763060
vt 0.235075 0.770522
vt 0.225746 0.774254
vt 0.225746 0.766791
vt 0.233209 0.774254
vt 0.235075 0.777985
vt 0.227612 0.777985
vt 0.235075 0.785448
vt 0.225746 0.789179
vt 0.225746 0.781716
vt 0.233209 0.789179
vt 0.235075 0.792910
vt 0.227612 0.792910
vt 0.235075 0.800373
vt 0.225746 0.804104
vt 0.225746 0.796642
vt 0.233209 0.804104
vt 0.235075 0.807836
vt 0.227612 0.807836
vt 0.235075 0.815298
vt 0.225746 0.819030
vt 0.225746 0.811567
vt 0.233209 0.819030
vt 0.235075 0.822761
vt 0.227612 0.822761
vt 0.235075 0.830224
vt 0.225746 0.833955
vt 0.225746 0.826492
vt 0.233209 0.833955
vt 0.235075 0.837687
vt 0.227612 0.837687
vt 0.235075 0.845149
vt 0.225746 0.848881
vt 0.225746 0.841418
vt 0.233209 0.848881
vt 0.235075 0.852612
vt 0.227612 0.852612
vt 0.235075 0.860075
vt 0.225746 0.863806
vt 0.225746 0.856343
vt 0.233209 0.863806
vt 0.235075 0.867537
vt 0.227612 0.867537
vt 0.235075 0.875000
vt 0.225746 0.878731
vt 0.225746 0.871269
vt 0.233209 0.878731
vt 0.235075 0.882463
vt 0.227612 0.882463
vt 0.235075 0.889925
vt 0.225746 0.893657
vt 0.225746 0.886194
vt 0.233209 0.893657
vt 0.235075 0.897388
vt 0.227612 0.897388
vt 0.235075 0.904851
vt 0.225746 0.908582
vt 0.225746 0.901119
vt 0.233209 0.908582
vt 0.235075 0.912313
vt 0.227612 0.912313
vt 0.235075 0.919776
vt 0.225746 0.923507
vt 0.225746 0.916045
vt 0.233209 0.923507
vt 0.235075 0.927239
vt 0.227612 0.927239
vt 0.235075 0.934701
vt 0.225746 0.938433
vt 0.225746 0.930970
vt 0.233209 0.938433
vt 0.235075 0.942164
vt 0.227612 0.942164
vt 0.235075 0.949627
vt 0.225746 0.953358
vt 0.225746 0.945895
vt 0.233209 0.953358
vt 0.235075 0.957090
vt 0.227612 0.957090
vt 0.235075 0.964552
vt 0.225746 0.968284
vt 0.225746 0.960821
vt 0.233209 0.968284
vt 0.235075 0.972015
vt 0.227612 0.972015
vt 0.235075 0.979478
vt 0.225746 0.983209
vt 0.225746 0.975746
vt 0.233209 0.983209
vt 0.235075 0.986940
vt 0.227612 0.986940
vt 0.235075 0.994403
vt 0.225746 0.998134
vt 0.225746 0.990672
vt 0.233209 0.998134
vt 0.250000 0.001866
vt 0.242537 0.001866
vt 0.250000 0.009328
vt 0.240672 0.013060
vt 0.240672 0.005597
vt 0.248134 0.013060
vt 0.250000 0.016791
vt 0.242537 0.016791
vt 0.250000 0.024254
vt 0.240672 0.027985
vt 0.240672 0.020522
vt 0.248134 0.027985
vt 0.250000 0.031716
vt 0.242537 0.031716
vt 0.250000 0.039179
vt 0.240672 0.042910
vt 0.240672 0.035448
vt 0.248134 0.042910
vt 0.250000 0.046642
vt 0.242537 0.046642
vt 0.250000 0.054104
vt 0.240672 0.057836
vt 0.240672 0.050373
vt 0.248134 0.057836
vt 0.250000 0.061567
vt 0.242537 0.061567
vt 0.250000 0.069030
vt 0.240672 0.072761
vt 0.240672 0.065299
vt 0.248134 0.072761
vt 0.250000 0.076493
vt 0.242537 0.076493
vt 0.250000 0.083955
vt 0.240672 0.087687
vt 0.240672 0.080224
vt 0.248134 0.087687
vt 0.250000 0.091418
vt 0.242537 0.091418
vt 0.250000 0.098881
vt 0.240672 0.102612
vt 0.240672 0.095149
vt 0.248134 0.102612
vt 0.250000 0.106343
vt 0.242537 0.106343
vt 0.250000 0.113806
vt 0.240672 0.117537
vt 0.240672 0.110075
vt 0.248134 0.117537
vt 0.250000 0.121269
vt 0.242537 0.121269
vt 0.250000 0.128731
vt 0.240672 0.132463
vt 0.240672 0.125000
vt 0.248134 0.132463
vt 0.250000 0.136194
vt 0.242537 0.136194
vt 0.250000 0.143657
vt 0.240672 0.147388
vt 0.240672 0.139925
vt 0.248134 0.147388
vt 0.250000 0.151119
vt 0.242537 0.151119
vt 0.250000 0.158582
vt 0.240672 0.162313
vt 0.240672 0.154851
vt 0.248134 0.162313
vt 0.250000 0.166045
vt 0.242537 0.166045
vt 0.250000 0.173507
vt 0.240672 0.177239
vt 0.240672 0.169776
vt 0.248134 0.177239
vt 0.250000 0.180970
vt 0.242537 0.180970
vt 0.250000 0.188433
vt 0.240672 0.192164
vt 0.240672 0.184701
vt 0.248134 0.192164
vt 0.250000 0.195896
vt 0.242537 0.195896
vt 0.250000 0.203358
vt 0.240672 0.207090
vt 0.240672 0.199627
vt 0.248134 0.207090
vt 0.250000 0.210821
vt 0.242537 0.210821
vt 0.250000 0.218284
vt 0.240672 0.222015
vt 0.240672 0.214552
vt 0.248134 0.222015
vt 0.250000 0.225746
vt 0.242537 0.225746
vt 0.250000 0.233209
vt 0.240672 0.236940
vt 0.240672 0.229478
vt 0.248134 0.236940
vt 0.250000 0.240672
vt 0.242537 0.240672
vt 0.250000 0.248134
vt 0.240672 0.251866
vt 0.240672 0.244403
vt 0.248134 0.251866
vt 0.250000 0.255597
vt 0.242537 0.255597
vt 0.250000 0.263060
vt 0.240672 0.266791
vt 0.240672 0.259328
vt 0.248134 0.266791
vt 0.250000 0.270522
vt 0.242537 0.270522
vt 0.250000 0.277985
vt 0.240672 0.281716
vt 0.240672 0.274254
vt 0.248134 0.281716
vt 0.250000 0.285448
vt 0.242537 0.285448
vt 0.250000 0.292910
vt 0.240672 0.296642
vt 0.240672 0.289179
vt 0.248134 0.296642
vt 0.250000 0.300373
vt 0.242537 0.300373
vt 0.250000 0.307836
vt 0.240672 0.311567
vt 0.240672 0.304104
vt 0.248134 0.311567
vt 0.250000 0.315298
vt 0.242537 0.315298
vt 0.250000 0.322761
vt 0.240672 0.326493
vt 0.240672 0.319030
vt 0.248134 0.326493
vt 0.250000 0.330224
vt 0.242537 0.330224
vt 0.250000 0.337687
vt 0.240672 0.341418
vt 0.240672 0.333955
vt 0.248134 0.341418
vt 0.250000 0.345149
vt 0.242537 0.345149
vt 0.250000 0.352612
vt 0.240672 0.356343
vt 0.240672 0.348881
vt 0.248134 0.356343
vt 0.250000 0.360075
vt 0.242537 0.360075
vt 0.250000 0.367537
vt 0.240672 0.371269
vt 0.240672 0.363806
vt 0.248134 0.371269
vt 0.250000 0.375000
vt 0.242537 0.375000
vt 0.250000 0.382463
vt 0.240672 0.386194
vt 0.240672 0.378731
vt 0.248134 0.386194
vt 0.250000 0.389925
vt 0.242537 0.389925
vt 0.250000 0.397388
vt 0.240672 0.401119
vt 0.240672 0.393657
vt 0.248134 0.401119
vt 0.250000 0.404851
vt 0.242537 0.404851
vt 0.250000 0.412313
vt 0.240672 0.416045
vt 0.240672 0.408582
vt 0.248134 0.416045
vt 0.250000 0.419776
vt 0.242537 0.419776
vt 0.250000 0.427239
vt 0.240672 0.430970
vt 0.240672 0.423507
vt 0.248134 0.430970
vt 0.250000 0.434701
vt 0.242537 0.434701
vt 0.250000 0.442164
vt 0.240672 0.445896
vt 0.240672 0.438433
vt 0.248134 0.445896
vt 0.250000 0.449627
vt 0.242537 0.449627
vt 0.250000 0.457090
vt 0.240672 0.460821
vt 0.240672 0.453358
vt 0.248134 0.460821
vt 0.250000 0.464552
vt 0.242537 0.464552
vt 0.250000 0.472015
vt 0.240672 0.475746
vt 0.240672 0.468284
vt 0.248134 0.475746
vt 0.250000 0.479478
vt 0.242537 0.479478
vt 0.250000 0.486940
vt 0.240672 0.490672
vt 0.240672 0.483209
vt 0.248134 0.490672
vt 0.250000 0.494403
vt 0.242537 0.494403
vt 0.250000 0.501866
vt 0.240672 0.505597
vt 0.240672 0.498134
vt 0.248134 0.505597
vt 0.250000 0.509328
vt 0.242537 0.509328
vt 0.250000 0.516791
vt 0.240672 0.520522
vt 0.240672 0.513060
vt 0.248134 0.520522
vt 0.250000 0.524254
vt 0.242537 0.524254
vt 0.250000 0.531716
vt 0.240672 0.535448
vt 0.240672 0.527985
vt 0.248134 0.535448
vt 0.250000 0.539179
vt 0.242537 0.539179
vt 0.250000 0.546642
vt 0.240672 0.550373
vt 0.240672 0.542910
vt 0.248134 0.550373
vt 0.250000 0.554104
vt 0.242537 0.554104
vt 0.250000 0.561567
vt 0.240672 0.565298
vt 0.240672 0.557836
vt 0.248134 0.565298
vt 0.250000 0.569030
vt 0.242537 0.569030
vt 0.250000 0.576493
vt 0.240672 0.580224
vt 0.240672 0.572761
vt 0.248134 0.580224
vt 0.250000 0.583955
vt 0.242537 0.583955
vt 0.250000 0.591418
vt 0.240672 0.595149
vt 0.240672 0.587687
vt 0.248134 0.595149
vt 0.250000 0.598881
vt 0.242537 0.598881
vt 0.250000 0.606343
vt 0.240672 0.610075
vt 0.240672 0.602612
vt 0.248134 0.610075
vt 0.250000 0.613806
vt 0.242537 0.613806
vt 0.250000 0.621269
vt 0.240672 0.625000
vt 0.240672 0.617537
vt 0.248134 0.625000
vt 0.250000 0.628731
vt 0.242537 0.628731
vt 0.250000 0.636194
vt 0.240672 0.639925
vt 0.240672 0.632463
vt 0.248134 0.639925
vt 0.250000 0.643657
vt 0.242537 0.643657
vt 0.250000 0.651119
vt 0.240672 0.654851
vt 0.240672 0.647388
vt 0.248134 0.654851
vt 0.250000 0.658582
vt 0.242537 0.658582
vt 0.250000 0.666045
vt 0.240672 0.669776
vt 0.240672 0.662313
vt 0.248134 0.669776
vt 0.250000 0.673507
vt 0.242537 0.673507
vt 0.250000 0.680970
vt 0.240672 0.684702
vt 0.240672 0.677239
vt 0.248134 0.684702
vt 0.250000 0.688433
vt 0.242537 0.688433
vt 0.250000 0.695895
vt 0.240672 0.699627
vt 0.240672 0.692164
vt 0.248134 0.699627
vt 0.250000 0.703358
vt 0.242537 0.703358
vt 0.250000 0.710821
vt 0.240672 0.714552
vt 0.240672 0.707090
vt 0.248134 0.714552
vt 0.250000 0.718284
vt 0.242537 0.718284
vt 0.250000 0.725746
vt 0.240672 0.729478
vt 0.240672 0.722015
vt 0.248134 0.729478
vt 0.250000 0.733209
vt 0.242537 0.733209
vt 0.250000 0.740672
vt 0.240672 0.744403
vt 0.240672 0.736940
vt 0.248134 0.744403
vt 0.250000 0.748134
vt 0.242537 0.748134
vt 0.250000 0.755597
vt 0.240672 0.759328
vt 0.240672 0.751866
vt 0.248134 0.759328
vt 0.250000 0.763060
vt 0.242537 0.763060
vt 0.250000 0.770522
vt 0.240672 0.774254
vt 0.240672 0.766791
vt 0.248134 0.774254
vt 0.250000 0.777985
vt 0.242537 0.777985
vt 0.250000 0.785448
vt 0.240672 0.789179
vt 0.240672 0.781716
vt 0.248134 0.789179
vt 0.250000 0.792910
vt 0.242537 0.792910
vt 0.250000 0.800373
vt 0.240672 0.804104
vt 0.240672 0.796642
vt 0.248134 0.804104
vt 0.250000 0.807836
vt 0.242537 0.807836
vt 0.250000 0.815298
vt 0.240672 0.819030
vt 0.240672 0.811567
vt 0.248134 0.819030
vt 0.250000 0.822761
vt 0.242537 0.822761
vt 0.250000 0.830224
vt 0.240672 0.833955
vt 0.240672 0.826492
vt 0.248134 0.833955
vt 0.250000 0.837687
vt 0.242537 0.837687
vt 0.250000 0.845149
vt 0.240672 0.848881
vt 0.240672 0.841418
vt 0.248134 0.848881
vt 0.250000 0.852612
vt 0.242537 0.852612
vt 0.250000 0.860075
vt 0.240672 0.863806
vt 0.240672 0.856343
vt 0.248134 0.863806
vt 0.250000 0.867537
vt 0.242537 0.867537
vt 0.250000 0.875000
vt 0.240672 0.878731
vt 0.240672 0.871269
vt 0.248134 0.878731
vt 0.250000 0.882463
vt 0.242537 0.882463
vt 0.250000 0.889925
vt 0.240672 0.893657
vt 0.240672 0.886194
vt 0.248134 0.893657
vt 0.250000 0.897388
vt 0.242537 0.897388
vt 0.250000 0.904851
vt 0.240672 0.908582
vt 0.240672 0.901119
vt 0.248134 0.908582
vt 0.250000 0.912313
vt 0.242537 0.912313
vt 0.250000 0.919776
vt 0.240672 0.923507
vt 0.240672 0.916045
vt 0.248134 0.923507
vt 0.250000 0.927239
vt 0.242537 0.927239
vt 0.250000 0.934701
vt 0.240672 0.938433
vt 0.240672 0.930970
vt 0.248134 0.938433
vt 0.250000 0.942164
vt 0.242537 0.942164
vt 0.250000 0.949627
vt 0.240672 0.953358
vt 0.240672 0.945895
vt 0.248134 0.953358
vt 0.250000 0.957090
vt 0.242537 0.957090
vt 0.250000 0.964552
vt 0.240672 0.968284
vt 0.240672 0.960821
vt 0.248134 0.968284
vt 0.250000 0.972015
vt 0.242537 0.972015
vt 0.250000 0.979478
vt 0.240672 0.983209
vt 0.240672 0.975746
vt 0.248134 0.983209
vt 0.250000 0.986940
vt 0.242537 0.986940
vt 0.250000 0.994403
vt 0.240672 0.998134
vt 0.240672 0.990672
vt 0.248134 0.998134
vt 0.264925 0.001866
vt 0.257463 0.001866
vt 0.264925 0.009328
vt 0.255597 0.013060
vt 0.255597 0.005597
vt 0.263060 0.013060
vt 0.264925 0.016791
vt 0.257463 0.016791
vt 0.264925 0.024254
vt 0.255597 0.027985
vt 0.255597 0.020522
vt 0.263060 0.027985
vt 0.264925 0.031716
vt 0.257463 0.031716
vt 0.264925 0.039179
vt 0.255597 0.042910
vt 0.255597 0.035448
vt 0.263060 0.042910
vt 0.264925 0.046642
vt 0.257463 0.046642
vt 0.264925 0.054104
vt 0.255597 0.057836
vt 0.255597 0.050373
vt 0.263060 0.057836
vt 0.264925 0.061567
vt 0.257463 0.061567
vt 0.264925 0.069030
vt 0.255597 0.072761
vt 0.255597 0.065299
vt 0.263060 0.072761
vt 0.264925 0.076493
vt 0.257463 0.076493
vt 0.264925 0.083955
vt 0.255597 0.087687
vt 0.255597 0.080224
vt 0.263060 0.087687
vt 0.264925 0.091418
vt 0.257463 0.091418
vt 0.264925 0.098881
vt 0.255597 0.102612
vt 0.255597 0.095149
vt 0.263060 0.102612
vt 0.264925 0.106343
vt 0.257463 0.106343
vt 0.264925 0.113806
vt 0.255597 0.117537
vt 0.255597 0.110075
vt 0.263060 0.117537
vt 0.264925 0.121269
vt 0.257463 0.121269
vt 0.264925 0.128731
vt 0.255597 0.132463
vt 0.255597 0.125000
vt 0.263060 0.132463
vt 0.264925 0.136194
vt 0.257463 0.136194
vt 0.264925 0.143657
vt 0.255597 0.147388
vt 0.255597 0.139925
vt 0.263060 0.147388
vt 0.264925 0.151119
vt 0.257463 0.151119
vt 0.264925 0.158582
vt 0.255597 0.162313
vt 0.255597 0.154851
vt 0.263060 0.162313
vt 0.264925 0.166045
vt 0.257463 0.166045
vt 0.264925 0.173507
vt 0.255597 0.177239
vt 0.255597 0.169776
vt 0.263060 0.177239
vt 0.264925 0.180970
vt 0.257463 0.180970
vt 0.264925 0.188433
vt 0.255597 0.192164
vt 0.255597 0.184701
vt 0.263060 0.192164
vt 0.264925 0.195896
vt 0.257463 0.195896
vt 0.264925 0.203358
vt 0.255597 0.207090
vt 0.255597 0.199627
vt 0.263060 0.207090
vt 0.264925 0.210821
vt 0.257463 0.210821
vt 0.264925 0.218284
vt 0.255597 0.222015
vt 0.255597 0.214552
vt 0.263060 0.222015
vt 0.264925 0.225746
vt 0.257463 0.225746
vt 0.264925 0.233209
vt 0.255597 0.236940
vt 0.255597 0.229478
vt 0.263060 0.236940
vt 0.264925 0.240672
vt 0.257463 0.240672
vt 0.264925 0.248134
vt 0.255597 0.251866
vt 0.255597 0.244403
vt 0.263060 0.251866
vt 0.264925 0.255597
vt 0.257463 0.255597
vt 0.264925 0.263060
vt 0.255597 0.266791
vt 0.255597 0.259328
vt 0.263060 0.266791
vt 0.264925 0.270522
vt 0.257463 0.270522
vt 0.264925 0.277985
vt 0.255597 0.281716
vt 0.255597 0.274254
vt 0.263060 0.281716
vt 0.264925 0.285448
vt 0.257463 0.285448
vt 0.264925 0.292910
vt 0.255597 0.296642
vt 0.255597 0.289179
vt 0.263060 0.296642
vt 0.264925 0.300373
vt 0.257463 0.300373
vt 0.264925 0.307836
vt 0.255597 0.311567
vt 0.255597 0.304104
vt 0.263060 0.311567
vt 0.264925 0.315298
vt 0.257463 0.315298
vt 0.264925 0.322761
vt 0.255597 0.326493
vt 0.255597 0.319030
vt 0.263060 0.326493
vt 0.264925 0.330224
vt 0.257463 0.330224
vt 0.264925 0.337687
vt 0.255597 0.341418
vt 0.255597 0.333955
vt 0.263060 0.341418
vt 0.264925 0.345149
vt 0.257463 0.345149
vt 0.264925 0.352612
vt 0.255597 0.356343
vt 0.255597 0.348881
vt 0.263060 0.356343
vt 0.264925 0.360075
vt 0.257463 0.360075
vt 0.264925 0.367537
vt 0.255597 0.371269
vt 0.255597 0.363806
vt 0.263060 0.371269
vt 0.264925 0.375000
vt 0.257463 0.375000
vt 0.264925 0.382463
vt 0.255597 0.386194
vt 0.255597 0.378731
vt 0.263060 0.386194
vt 0.264925 0.389925
vt 0.257463 0.389925
vt 0.264925 0.397388
vt 0.255597 0.401119
vt 0.255597 0.393657
vt 0.263060 0.401119
vt 0.264925 0.404851
vt 0.257463 0.404851
vt 0.264925 0.412313
vt 0.255597 0.416045
vt 0.255597 0.408582
vt 0.263060 0.416045
vt 0.264925 0.419776
vt 0.257463 0.419776
vt 0.264925 0.427239
vt 0.255597 0.430970
vt 0.255597 0.423507
vt 0.263060 0.430970
vt 0.264925 0.434701
vt 0.257463 0.434701
vt 0.264925 0.442164
vt 0.255597 0.445896
vt 0.255597 0.438433
vt 0.263060 0.445896
vt 0.264925 0.449627
vt 0.257463 0.449627
vt 0.264925 0.457090
vt 0.255597 0.460821
vt 0.255597 0.453358
vt 0.263060 0.460821
vt 0.264925 0.464552
vt 0.257463 0.464552
vt 0.264925 0.472015
vt 0.255597 0.475746
vt 0.255597 0.468284
vt 0.263060 0.475746
vt 0.264925 0.479478
vt 0.257463 0.479478
vt 0.264925 0.486940
vt 0.255597 0.490672
vt 0.255597 0.483209
vt 0.263060 0.490672
vt 0.264925 0.494403
vt 0.257463 0.494403
vt 0.264925 0.501866
vt 0.255597 0.505597
vt 0.255597 0.498134
vt 0.263060 0.505597
vt 0.264925 0.509328
vt 0.257463 0.509328
vt 0.264925 0.516791
vt 0.255597 0.520522
vt 0.255597 0.513060
vt 0.263060 0.520522
vt 0.264925 0.524254
vt 0.257463 0.524254
vt 0.264925 0.531716
vt 0.255597 0.535448
vt 0.255597 0.527985
vt 0.263060 0.535448
vt 0.264925 0.539179
vt 0.257463 0.539179
vt 0.264925 0.546642
vt 0.255597 0.550373
vt 0.255597 0.542910
vt 0.263060 0.550373
vt 0.264925 0.554104
vt 0.257463 0.554104
vt 0.264925 0.561567
vt 0.255597 0.565298
vt 0.255597 0.557836
vt 0.263060 0.565298
vt 0.264925 0.569030
vt 0.257463 0.569030
vt 0.264925 0.576493
vt 0.255597 0.580224
vt 0.255597 0.572761
vt 0.263060 0.580224
vt 0.264925 0.583955
vt 0.257463 0.583955
vt 0.264925 0.591418
vt 0.255597 0.595149
vt 0.255597 0.587687
vt 0.263060 0.595149
vt 0.264925 0.598881
vt 0.257463 0.598881
vt 0.264925 0.606343
vt 0.255597 0.610075
vt 0.255597 0.602612
vt 0.263060 0.610075
vt 0.264925 0.613806
vt 0.257463 0.613806
vt 0.264925 0.621269
vt 0.255597 0.625000
vt 0.255597 0.617537
vt 0.263060 0.625000
vt 0.264925 0.628731
vt 0.257463 0.628731
vt 0.264925 0.636194
vt 0.255597 0.639925
vt 0.255597 0.632463
vt 0.263060 0.639925
vt 0.264925 0.643657
vt 0.257463 0.643657
vt 0.264925 0.651119
vt 0.255597 0.654851
vt 0.255597 0.647388
vt 0.263060 0.654851
vt 0.264925 0.658582
vt 0.257463 0.658582
vt 0.264925 0.666045
vt 0.255597 0.669776
vt 0.255597 0.662313
vt 0.263060 0.669776
vt 0.264925 0.673507
vt 0.257463 0.673507
vt 0.264925 0.680970
vt 0.255597 0.684702
vt 0.255597 0.677239
vt 0.263060 0.684702
vt 0.264925 0.688433
vt 0.257463 0.688433
vt 0.264925 0.695895
vt 0.255597 0.699627
vt 0.255597 0.692164
vt 0.263060 0.699627
vt 0.264925 0.703358
vt 0.257463 0.703358
vt 0.264925 0.710821
vt 0.255597 0.714552
vt 0.255597 0.707090
vt 0.263060 0.714552
vt 0.264925 0.718284
vt 0.257463 0.718284
vt 0.264925 0.725746
vt 0.255597 0.729478
vt 0.255597 0.722015
vt 0.263060 0.729478
vt 0.264925 0.733209
vt 0.257463 0.733209
vt 0.264925 0.740672
vt 0.255597 0.744403
vt 0.255597 0.736940
vt 0.263060 0.744403
vt 0.264925 0.748134
vt 0.257463 0.748134
vt 0.264925 0.755597
vt 0.255597 0.759328
vt 0.255597 0.751866
vt 0.263060 0.759328
vt 0.264925 0.763060
vt 0.257463 0.763060
vt 0.264925 0.770522
vt 0.255597 0.774254
vt 0.255597 0.766791
vt 0.263060 0.774254
vt 0.264925 0.777985
vt 0.257463 0.777985
vt 0.264925 0.785448
vt 0.255597 0.789179
vt 0.255597 0.781716
vt 0.263060 0.789179
vt 0.264925 0.792910
vt 0.257463 0.792910
vt 0.264925 0.800373
vt 0.255597 0.804104
vt 0.255597 0.796642
vt 0.263060 0.804104
vt 0.264925 0.807836
vt 0.257463 0.807836
vt 0.264925 0.815298
vt 0.255597 0.819030
vt 0.255597 0.811567
vt 0.263060 0.819030
vt 0.264925 0.822761
vt 0.257463 0.822761
vt 0.264925 0.830224
vt 0.255597 0.833955
vt 0.255597 0.826492
vt 0.263060 0.833955
vt 0.264925 0.837687
vt 0.257463 0.837687
vt 0.264925 0.845149
vt 0.255597 0.848881
vt 0.255597 0.841418
vt 0.263060 0.848881
vt 0.264925 0.852612
vt 0.257463 0.852612
vt 0.264925 0.860075
vt 0.255597 0.863806
vt 0.255597 0.856343
vt 0.263060 0.863806
vt 0.264925 0.867537
vt 0.257463 0.867537
vt 0.264925 0.875000
vt 0.255597 0.878731
vt 0.255597 0.871269
vt 0.263060 0.878731
vt 0.264925 0.882463
vt 0.257463 0.882463
vt 0.264925 0.889925
vt 0.255597 0.893657
vt 0.255597 0.886194
vt 0.263060 0.893657
vt 0.264925 0.897388
vt 0.257463 0.897388
vt 0.264925 0.904851
vt 0.255597 0.908582
vt 0.255597 0.901119
vt 0.263060 0.908582
vt 0.264925 0.912313
vt 0.257463 0.912313
vt 0.264925 0.919776
vt 0.255597 0.923507
vt 0.255597 0.916045
vt 0.263060 0.923507
vt 0.264925 0.927239
vt 0.257463 0.927239
vt 0.264925 0.934701
vt 0.255597 0.938433
vt 0.255597 0.930970
vt 0.263060 0.938433
vt 0.264925 0.942164
vt 0.257463 0.942164
vt 0.264925 0.949627
vt 0.255597 0.953358
vt 0.255597 0.945895
vt 0.263060 0.953358
vt 0.264925 0.957090
vt 0.257463 0.957090
vt 0.264925 0.964552
vt 0.255597 0.968284
vt 0.255597 0.960821
vt 0.263060 0.968284
vt 0.264925 0.972015
vt 0.257463 0.972015
vt 0.264925 0.979478
vt 0.255597 0.983209
vt 0.255597 0.975746
vt 0.263060 0.983209
vt 0.264925 0.986940
vt 0.257463 0.986940
vt 0.264925 0.994403
vt 0.255597 0.998134
vt 0.255597 0.990672
vt 0.263060 0.998134
vt 0.279851 0.001866
vt 0.272388 0.001866
vt 0.279851 0.009328
vt 0.270522 0.013060
vt 0.270522 0.005597
vt 0.277985 0.013060
vt 0.279851 0.016791
vt 0.272388 0.016791
vt 0.279851 0.024254
vt 0.270522 0.027985
vt 0.270522 0.020522
vt 0.277985 0.027985
vt 0.279851 0.031716
vt 0.272388 0.031716
vt 0.279851 0.039179
vt 0.270522 0.042910
vt 0.270522 0.035448
vt 0.277985 0.042910
vt 0.279851 0.046642
vt 0.272388 0.046642
vt 0.279851 0.054104
vt 0.270522 0.057836
vt 0.270522 0.050373
vt 0.277985 0.057836
vt 0.279851 0.061567
vt 0.272388 0.061567
vt 0.279851 0.069030
vt 0.270522 0.072761
vt 0.270522 0.065299
vt 0.277985 0.072761
vt 0.279851 0.076493
vt 0.272388 0.076493
vt 0.279851 0.083955
vt 0.270522 0.087687
vt 0.270522 0.080224
vt 0.277985 0.087687
vt 0.279851 0.091418
vt 0.272388 0.091418
vt 0.279851 0.098881
vt 0.270522 0.102612
vt 0.270522 0.095149
vt 0.277985 0.102612
vt 0.279851 0.106343
vt 0.272388 0.106343
vt 0.279851 0.113806
vt 0.270522 0.117537
vt 0.270522 0.110075
vt 0.277985 0.117537
vt 0.279851 0.121269
vt 0.272388 0.121269
vt 0.279851 0.128731
vt 0.270522 0.132463
vt 0.270522 0.125000
vt 0.277985 0.132463
vt 0.279851 0.136194
vt 0.272388 0.136194
vt 0.279851 0.143657
vt 0.270522 0.147388
vt 0.270522 0.139925
vt 0.277985 0.147388
vt 0.279851 0.151119
vt 0.272388 0.151119
vt 0.279851 0.158582
vt 0.270522 0.162313
vt 0.270522 0.154851
vt 0.277985 0.162313
vt 0.279851 0.166045
vt 0.272388 0.166045
vt 0.279851 0.173507
vt 0.270522 0.177239
vt 0.270522 0.169776
vt 0.277985 0.177239
vt 0.279851 0.180970
vt 0.272388 0.180970
vt 0.279851 0.188433
vt 0.270522 0.192164
vt 0.270522 0.184701
vt 0.277985 0.192164
vt 0.279851 0.195896
vt 0.272388 0.195896
vt 0.279851 0.203358
vt 0.270522 0.207090
vt 0.270522 0.199627
vt 0.277985 0.207090
vt 0.279851 0.210821
vt 0.272388 0.210821
vt 0.279851 0.218284
vt 0.270522 0.222015
vt 0.270522 0.214552
vt 0.277985 0.222015
vt 0.279851 0.225746
vt 0.272388 0.225746
vt 0.279851 0.233209
vt 0.270522 0.236940
vt 0.270522 0.229478
vt 0.277985 0.236940
vt 0.279851 0.240672
vt 0.272388 0.240672
vt 0.279851 0.248134
vt 0.270522 0.251866
vt 0.270522 0.244403
vt 0.277985 0.251866
vt 0.279851 0.255597
vt 0.272388 0.255597
vt 0.279851 0.263060
vt 0.270522 0.266791
vt 0.270522 0.259328
vt 0.277985 0.266791
vt 0.279851 0.270522
vt 0.272388 0.270522
vt 0.279851 0.277985
vt 0.270522 0.281716
vt 0.270522 0.274254
vt 0.277985 0.281716
vt 0.279851 0.285448
vt 0.272388 0.285448
vt 0.279851 0.292910
vt 0.270522 0.296642
vt 0.270522 0.289179
vt 0.277985 0.296642
vt 0.279851 0.300373
vt 0.272388 0.300373
vt 0.279851 0.307836
vt 0.270522 0.311567
vt 0.270522 0.304104
vt 0.277985 0.311567
vt 0.279851 0.315298
vt 0.272388 0.315298
vt 0.279851 0.322761
vt 0.270522 0.326493
vt 0.270522 0.319030
vt 0.277985 0.326493
vt 0.279851 0.330224
vt 0.272388 0.330224
vt 0.279851 0.337687
vt 0.270522 0.341418
vt 0.270522 0.333955
vt 0.277985 0.341418
vt 0.279851 0.345149
vt 0.272388 0.345149
vt 0.279851 0.352612
vt 0.270522 0.356343
vt 0.270522 0.348881
vt 0.277985 0.356343
vt 0.279851 0.360075
vt 0.272388 0.360075
vt 0.279851 0.367537
vt 0.270522 0.371269
vt 0.270522 0.363806
vt 0.277985 0.371269
vt 0.279851 0.375000
vt 0.272388 0.375000
vt 0.279851 0.382463
vt 0.270522 0.386194
vt 0.270522 0.378731
vt 0.277985 0.386194
vt 0.279851 0.389925
vt 0.272388 0.389925
vt 0.279851 0.397388
vt 0.270522 0.401119
vt 0.270522 0.393657
vt 0.277985 0.401119
vt 0.279851 0.404851
vt 0.272388 0.404851
vt 0.279851 0.412313
vt 0.270522 0.416045
vt 0.270522 0.408582
vt 0.277985 0.416045
vt 0.279851 0.419776
vt 0.272388 0.419776
vt 0.279851 0.427239
vt 0.270522 0.430970
vt 0.270522 0.423507
vt 0.277985 0.430970
vt 0.279851 0.434701
vt 0.272388 0.434701
vt 0.279851 0.442164
vt 0.270522 0.445896
vt 0.270522 0.438433
vt 0.277985 0.445896
vt 0.279851 0.449627
vt 0.272388 0.449627
vt 0.279851 0.457090
vt 0.270522 0.460821
vt 0.270522 0.453358
vt 0.277985 0.460821
vt 0.279851 0.464552
vt 0.272388 0.464552
vt 0.279851 0.472015
vt 0.270522 0.475746
vt 0.270522 0.468284
vt 0.277985 0.475746
vt 0.279851 0.479478
vt 0.272388 0.479478
vt 0.279851 0.486940
vt 0.270522 0.490672
vt 0.270522 0.483209
vt 0.277985 0.490672
vt 0.279851 0.494403
vt 0.272388 0.494403
vt 0.279851 0.501866
vt 0.270522 0.505597
vt 0.270522 0.498134
vt 0.277985 0.505597
vt 0.279851 0.509328
vt 0.272388 0.509328
vt 0.279851 0.516791
vt 0.270522 0.520522
vt 0.270522 0.513060
vt 0.277985 0.520522
vt 0.279851 0.524254
vt 0.272388 0.524254
vt 0.279851 0.531716
vt 0.270522 0.535448
vt 0.270522 0.527985
vt 0.277985 0.535448
vt 0.279851 0.539179
vt 0.272388 0.539179
vt 0.279851 0.546642
vt 0.270522 0.550373
vt 0.270522 0.542910
vt 0.277985 0.550373
vt 0.279851 0.554104
vt 0.272388 0.554104
vt 0.279851 0.561567
vt 0.270522 0.565298
vt 0.270522 0.557836
vt 0.277985 0.565298
vt 0.279851 0.569030
vt 0.272388 0.569030
vt 0.279851 0.576493
vt 0.270522 0.580224
vt 0.270522 0.572761
vt 0.277985 0.580224
vt 0.279851 0.583955
vt 0.272388 0.583955
vt 0.279851 0.591418
vt 0.270522 0.595149
vt 0.270522 0.587687
vt 0.277985 0.595149
vt 0.279851 0.598881
vt 0.272388 0.598881
vt 0.279851 0.606343
vt 0.270522 0.610075
vt 0.270522 0.602612
vt 0.277985 0.610075
vt 0.279851 0.613806
vt 0.272388 0.613806
vt 0.279851 0.621269
vt 0.270522 0.625000
vt 0.270522 0.617537
vt 0.277985 0.625000
vt 0.279851 0.628731
vt 0.272388 0.628731
vt 0.279851 0.636194
vt 0.270522 0.639925
vt 0.270522 0.632463
vt 0.277985 0.639925
vt 0.279851 0.643657
vt 0.272388 0.643657
vt 0.279851 0.651119
vt 0.270522 0.654851
vt 0.270522 0.647388
vt 0.277985 0.654851
vt 0.279851 0.658582
vt 0.272388 0.658582
vt 0.279851 0.666045
vt 0.270522 0.669776
vt 0.270522 0.662313
vt 0.277985 0.669776
vt 0.279851 0.673507
vt 0.272388 0.673507
vt 0.279851 0.680970
vt 0.270522 0.684702
vt 0.270522 0.677239
vt 0.277985 0.684702
vt 0.279851 0.688433
vt 0.272388 0.688433
vt 0.279851 0.695895
vt 0.270522 0.699627
vt 0.270522 0.692164
vt 0.277985 0.699627
vt 0.279851 0.703358
vt 0.272388 0.703358
vt 0.279851 0.710821
vt 0.270522 0.714552
vt 0.270522 0.707090
vt 0.277985 0.714552
vt 0.279851 0.718284
vt 0.272388 0.718284
vt 0.279851 0.725746
vt 0.270522 0.729478
vt 0.270522 0.722015
vt 0.277985 0.729478
vt 0.279851 0.733209
vt 0.272388 0.733209
vt 0.279851 0.740672
vt 0.270522 0.744403
vt 0.270522 0.736940
vt 0.277985 0.744403
vt 0.279851 0.748134
vt 0.272388 0.748134
vt 0.279851 0.755597
vt 0.270522 0.759328
vt 0.270522 0.751866
vt 0.277985 0.759328
vt 0.279851 0.763060
vt 0.272388 0.763060
vt 0.279851 0.770522
vt 0.270522 0.774254
vt 0.270522 0.766791
vt 0.277985 0.774254
vt 0.279851 0.777985
vt 0.272388 0.777985
vt 0.279851 0.785448
vt 0.270522 0.789179
vt 0.270522 0.781716
vt 0.277985 0.789179
vt 0.279851 0.792910
vt 0.272388 0.792910
vt 0.279851 0.800373
vt 0.270522 0.804104
vt 0.270522 0.796642
vt 0.277985 0.804104
vt 0.279851 0.807836
vt 0.272388 0.807836
vt 0.279851 0.815298
vt 0.270522 0.819030
vt 0.270522 0.811567
vt 0.277985 0.819030
vt 0.279851 0.822761
vt 0.272388 0.822761
vt 0.279851 0.830224
vt 0.270522 0.833955
vt 0.270522 0.826492
vt 0.277985 0.833955
vt 0.279851 0.837687
vt 0.272388 0.837687
vt 0.279851 0.845149
vt 0.270522 0.848881
vt 0.270522 0.841418
vt 0.277985 0.848881
vt 0.279851 0.852612
vt 0.272388 0.852612
vt 0.279851 0.860075
vt 0.270522 0.863806
vt 0.270522 0.856343
vt 0.277985 0.863806
vt 0.279851 0.867537
vt 0.272388 0.867537
vt 0.279851 0.875000
vt 0.270522 0.878731
vt 0.270522 0.871269
vt 0.277985 0.878731
vt 0.279851 0.882463
vt 0.272388 0.882463
vt 0.279851 0.889925
vt 0.270522 0.893657
vt 0.270522 0.886194
vt 0.277985 0.893657
vt 0.279851 0.897388
vt 0.272388 0.897388
vt 0.279851 0.904851
vt 0.270522 0.908582
vt 0.270522 0.901119
vt 0.277985 0.908582
vt 0.279851 0.912313
vt 0.272388 0.912313
vt 0.279851 0.919776
vt 0.270522 0.923507
vt 0.270522 0.916045
vt 0.277985 0.923507
vt 0.279851 0.927239
vt 0.272388 0.927239
vt 0.279851 0.934701
vt 0.270522 0.938433
vt 0.270522 0.930970
vt 0.277985 0.938433
vt 0.279851 0.942164
vt 0.272388 0.942164
vt 0.279851 0.949627
vt 0.270522 0.953358
vt 0.270522 0.945895
vt 0.277985 0.953358
vt 0.279851 0.957090
vt 0.272388 0.957090
vt 0.279851 0.964552
vt 0.270522 0.968284
vt 0.270522 0.960821
vt 0.277985 0.968284
vt 0.279851 0.972015
vt 0.272388 0.972015
vt 0.279851 0.979478
vt 0.270522 0.983209
vt 0.270522 0.975746
vt 0.277985 0.983209
vt 0.279851 0.986940
vt 0.272388 0.986940
vt 0.279851 0.994403
vt 0.270522 0.998134
vt 0.270522 0.990672
vt 0.277985 0.998134
vt 0.294776 0.001866
vt 0.287313 0.001866
vt 0.294776 0.009328
vt 0.285448 0.013060
vt 0.285448 0.005597
vt 0.292910 0.013060
vt 0.294776 0.016791
vt 0.287313 0.016791
vt 0.294776 0.024254
vt 0.285448 0.027985
vt 0.285448 0.020522
vt 0.292910 0.027985
vt 0.294776 0.031716
vt 0.287313 0.031716
vt 0.294776 0.039179
vt 0.285448 0.042910
vt 0.285448 0.035448
vt 0.292910 0.042910
vt 0.294776 0.046642
vt 0.287313 0.046642
vt 0.294776 0.054104
vt 0.285448 0.057836
vt 0.285448 0.050373
vt 0.292910 0.057836
vt 0.294776 0.061567
vt 0.287313 0.061567
vt 0.294776 0.069030
vt 0.285448 0.072761
vt 0.285448 0.065299
vt 0.292910 0.072761
vt 0.294776 0.076493
vt 0.287313 0.076493
vt 0.294776 0.083955
vt 0.285448 0.087687
vt 0.285448 0.080224
vt 0.292910 0.087687
vt 0.294776 0.091418
vt 0.287313 0.091418
vt 0.294776 0.098881
vt 0.285448 0.102612
vt 0.285448 0.095149
vt 0.292910 0.102612
vt 0.294776 0.106343
vt 0.287313 0.106343
vt 0.294776 0.113806
vt 0.285448 0.117537
vt 0.285448 0.110075
vt 0.292910 0.117537
vt 0.294776 0.121269
vt 0.287313 0.121269
vt 0.294776 0.128731
vt 0.285448 0.132463
vt 0.285448 0.125000
vt 0.292910 0.132463
vt 0.294776 0.136194
vt 0.287313 0.136194
vt 0.294776 0.143657
vt 0.285448 0.147388
vt 0.285448 0.139925
vt 0.292910 0.147388
vt 0.294776 0.151119
vt 0.287313 0.151119
vt 0.294776 0.158582
vt 0.285448 0.162313
vt 0.285448 0.154851
vt 0.292910 0.162313
vt 0.294776 0.166045
vt 0.287313 0.166045
vt 0.294776 0.173507
vt 0.285448 0.177239
vt 0.285448 0.169776
vt 0.292910 0.177239
vt 0.294776 0.180970
vt 0.287313 0.180970
vt 0.294776 0.188433
vt 0.285448 0.192164
vt 0.285448 0.184701
vt 0.292910 0.192164
vt 0.294776 0.195896
vt 0.287313 0.195896
vt 0.294776 0.203358
vt 0.285448 0.207090
vt 0.285448 0.199627
vt 0.292910 0.207090
vt 0.294776 0.210821
vt 0.287313 0.210821
vt 0.294776 0.218284
vt 0.285448 0.222015
vt 0.285448 0.214552
vt 0.292910 0.222015
vt 0.294776 0.225746
vt 0.287313 0.225746
vt 0.294776 0.233209
vt 0.285448 0.236940
vt 0.285448 0.229478
vt 0.292910 0.236940
vt 0.294776 0.240672
vt 0.287313 0.240672
vt 0.294776 0.248134
vt 0.285448 0.251866
vt 0.285448 0.244403
vt 0.292910 0.251866
vt 0.294776 0.255597
vt 0.287313 0.255597
vt 0.294776 0.263060
vt 0.285448 0.266791
vt 0.285448 0.259328
vt 0.292910 0.266791
vt 0.294776 0.270522
vt 0.287313 0.270522
vt 0.294776 0.277985
vt 0.285448 0.281716
vt 0.285448 0.274254
vt 0.292910 0.281716
vt 0.294776 0.285448
vt 0.287313 0.285448
vt 0.294776 0.292910
vt 0.285448 0.296642
vt 0.285448 0.289179
vt 0.292910 0.296642
vt 0.294776 0.300373
vt 0.287313 0.300373
vt 0.294776 0.307836
vt 0.285448 0.311567
vt 0.285448 0.304104
vt 0.292910 0.311567
vt 0.294776 0.315298
vt 0.287313 0.315298
vt 0.294776 0.322761
vt 0.285448 0.326493
vt 0.285448 0.319030
vt 0.292910 0.326493
vt 0.294776 0.330224
vt 0.287313 0.330224
vt 0.294776 0.337687
vt 0.285448 0.341418
vt 0.285448 0.333955
vt 0.292910 0.341418
vt 0.294776 0.345149
vt 0.287313 0.345149
vt 0.294776 0.352612
vt 0.285448 0.356343
vt 0.285448 0.348881
vt 0.292910 0.356343
vt 0.294776 0.360075
vt 0.287313 0.360075
vt 0.294776 0.367537
vt 0.285448 0.371269
vt 0.285448 0.363806
vt 0.292910 0.371269
vt 0.294776 0.375000
vt 0.287313 0.375000
vt 0.294776 0.382463
vt 0.285448 0.386194
vt 0.285448 0.378731
vt 0.292910 0.386194
vt 0.294776 0.389925
vt 0.287313 0.389925
vt 0.294776 0.397388
vt 0.285448 0.401119
vt 0.285448 0.393657
vt 0.292910 0.401119
vt 0.294776 0.404851
vt 0.287313 0.404851
vt 0.294776 0.412313
vt 0.285448 0.416045
vt 0.285448 0.408582
vt 0.292910 0.416045
vt 0.294776 0.419776
vt 0.287313 0.419776
vt 0.294776 0.427239
vt 0.285448 0.430970
vt 0.285448 0.423507
vt 0.292910 0.430970
vt 0.294776 0.434701
vt 0.287313 0.434701
vt 0.294776 0.442164
vt 0.285448 0.445896
vt 0.285448 0.438433
vt 0.292910 0.445896
vt 0.294776 0.449627
vt 0.287313 0.449627
vt 0.294776 0.457090
vt 0.285448 0.460821
vt 0.285448 0.453358
vt 0.292910 0.460821
vt 0.294776 0.464552
vt 0.287313 0.464552
vt 0.294776 0.472015
vt 0.285448 0.475746
vt 0.285448 0.468284
vt 0.292910 0.475746
vt 0.294776 0.479478
vt 0.287313 0.479478
vt 0.294776 0.486940
vt 0.285448 0.490672
vt 0.285448 0.483209
vt 0.292910 0.490672
vt 0.294776 0.494403
vt 0.287313 0.494403
vt 0.294776 0.501866
vt 0.285448 0.505597
vt 0.285448 0.498134
vt 0.292910 0.505597
vt 0.294776 0.509328
vt 0.287313 0.509328
vt 0.294776 0.516791
vt 0.285448 0.520522
vt 0.285448 0.513060
vt 0.292910 0.520522
vt 0.294776 0.524254
vt 0.287313 0.524254
vt 0.294776 0.531716
vt 0.285448 0.535448
vt 0.285448 0.527985
vt 0.292910 0.535448
vt 0.294776 0.539179
vt 0.287313 0.539179
vt 0.294776 0.546642
vt 0.285448 0.550373
vt 0.285448 0.542910
vt 0.292910 0.550373
vt 0.294776 0.554104
vt 0.287313 0.554104
vt 0.294776 0.561567
vt 0.285448 0.565298
vt 0.285448 0.557836
vt 0.292910 0.565298
vt 0.294776 0.569030
vt 0.287313 0.569030
vt 0.294776 0.576493
vt 0.285448 0.580224
vt 0.285448 0.572761
vt 0.292910 0.580224
vt 0.294776 0.583955
vt 0.287313 0.583955
vt 0.294776 0.591418
vt 0.285448 0.595149
vt 0.285448 0.587687
vt 0.292910 0.595149
vt 0.294776 0.598881
vt 0.287313 0.598881
vt 0.294776 0.606343
vt 0.285448 0.610075
vt 0.285448 0.602612
vt 0.292910 0.610075
vt 0.294776 0.613806
vt 0.287313 0.613806
vt 0.294776 0.621269
vt 0.285448 0.625000
vt 0.285448 0.617537
vt 0.292910 0.625000
vt 0.294776 0.628731
vt 0.287313 0.628731
vt 0.294776 0.636194
vt 0.285448 0.639925
vt 0.285448 0.632463
vt 0.292910 0.639925
vt 0.294776 0.643657
vt 0.287313 0.643657
vt 0.294776 0.651119
vt 0.285448 0.654851
vt 0.285448 0.647388
vt 0.292910 0.654851
vt 0.294776 0.658582
vt 0.287313 0.658582
vt 0.294776 0.666045
vt 0.285448 0.669776
vt 0.285448 0.662313
vt 0.292910 0.669776
vt 0.294776 0.673507
vt 0.287313 0.673507
vt 0.294776 0.680970
vt 0.285448 0.684702
vt 0.285448 0.677239
vt 0.292910 0.684702
vt 0.294776 0.688433
vt 0.287313 0.688433
vt 0.294776 0.695895
vt 0.285448 0.699627
vt 0.285448 0.692164
vt 0.292910 0.699627
vt 0.294776 0.703358
vt 0.287313 0.703358
vt 0.294776 0.710821
vt 0.285448 0.714552
vt 0.285448 0.707090
vt 0.292910 0.714552
vt 0.294776 0.718284
vt 0.287313 0.718284
vt 0.294776 0.725746
vt 0.285448 0.729478
vt 0.285448 0.722015
vt 0.292910 0.729478
vt 0.294776 0.733209
vt 0.287313 0.733209
vt 0.294776 0.740672
vt 0.285448 0.744403
vt 0.285448 0.736940
vt 0.292910 0.744403
vt 0.294776 0.748134
vt 0.287313 0.748134
vt 0.294776 0.755597
vt 0.285448 0.759328
vt 0.285448 0.751866
vt 0.292910 0.759328
vt 0.294776 0.763060
vt 0.287313 0.763060
vt 0.294776 0.770522
vt 0.285448 0.774254
vt 0.285448 0.766791
vt 0.292910 0.774254
vt 0.294776 0.777985
vt 0.287313 0.777985
vt 0.294776 0.785448
vt 0.285448 0.789179
vt 0.285448 0.781716
vt 0.292910 0.789179
vt 0.294776 0.792910
vt 0.287313 0.792910
vt 0.294776 0.800373
vt 0.285448 0.804104
vt 0.285448 0.796642
vt 0.292910 0.804104
vt 0.294776 0.807836
vt 0.287313 0.807836
vt 0.294776 0.815298
vt 0.285448 0.819030
vt 0.285448 0.811567
vt 0.292910 0.819030
vt 0.294776 0.822761
vt 0.287313 0.822761
vt 0.294776 0.830224
vt 0.285448 0.833955
vt 0.285448 0.826492
vt 0.292910 0.833955
vt 0.294776 0.837687
vt 0.287313 0.837687
vt 0.294776 0.845149
vt 0.285448 0.848881
vt 0.285448 0.841418
vt 0.292910 0.848881
vt 0.294776 0.852612
vt 0.287313 0.852612
vt 0.294776 0.860075
vt 0.285448 0.863806
vt 0.285448 0.856343
vt 0.292910 0.863806
vt 0.294776 0.867537
vt 0.287313 0.867537
vt 0.294776 0.875000
vt 0.285448 0.878731
vt 0.285448 0.871269
vt 0.292910 0.878731
vt 0.294776 0.882463
vt 0.287313 0.882463
vt 0.294776 0.889925
vt 0.285448 0.893657
vt 0.285448 0.886194
vt 0.292910 0.893657
vt 0.294776 0.897388
vt 0.287313 0.897388
vt 0.294776 0.904851
vt 0.285448 0.908582
vt 0.285448 0.901119
vt 0.292910 0.908582
vt 0.294776 0.912313
vt 0.287313 0.912313
vt 0.294776 0.919776
vt 0.285448 0.923507
vt 0.285448 0.916045
vt 0.292910 0.923507
vt 0.294776 0.927239
vt 0.287313 0.927239
vt 0.294776 0.934701
vt 0.285448 0.938433
vt 0.285448 0.930970
vt 0.292910 0.938433
vt 0.294776 0.942164
vt 0.287313 0.942164
vt 0.294776 0.949627
vt 0.285448 0.953358
vt 0.285448 0.945895
vt 0.292910 0.953358
vt 0.294776 0.957090
vt 0.287313 0.957090
vt 0.294776 0.964552
vt 0.285448 0.968284
vt 0.285448 0.960821
vt 0.292910 0.968284
vt 0.294776 0.972015
vt 0.287313 0.972015
vt 0.294776 0.979478
vt 0.285448 0.983209
vt 0.285448 0.975746
vt 0.292910 0.983209
vt 0.294776 0.986940
vt 0.287313 0.986940
vt 0.294776 0.994403
vt 0.285448 0.998134
vt 0.285448 0.990672
vt 0.292910 0.998134
vt 0.309701 0.001866
vt 0.302239 0.001866
vt 0.309701 0.009328
vt 0.300373 0.013060
vt 0.300373 0.005597
vt 0.307836 0.013060
vt 0.309701 0.016791
vt 0.302239 0.016791
vt 0.309701 0.024254
vt 0.300373 0.027985
vt 0.300373 0.020522
vt 0.307836 0.027985
vt 0.309701 0.031716
vt 0.302239 0.031716
vt 0.309701 0.039179
vt 0.300373 0.042910
vt 0.300373 0.035448
vt 0.307836 0.042910
vt 0.309701 0.046642
vt 0.302239 0.046642
vt 0.309701 0.054104
vt 0.300373 0.057836
vt 0.300373 0.050373
vt 0.307836 0.057836
vt 0.309701 0.061567
vt 0.302239 0.061567
vt 0.309701 0.069030
vt 0.300373 0.072761
vt 0.300373 0.065299
vt 0.307836 0.072761
vt 0.309701 0.076493
vt 0.302239 0.076493
vt 0.309701 0.083955
vt 0.300373 0.087687
vt 0.300373 0.080224
vt 0.307836 0.087687
vt 0.309701 0.091418
vt 0.302239 0.091418
vt 0.309701 0.098881
vt 0.300373 0.102612
vt 0.300373 0.095149
vt 0.307836 0.102612
vt 0.309701 0.106343
vt 0.302239 0.106343
vt 0.309701 0.113806
vt 0.300373 0.117537
vt 0.300373 0.110075
vt 0.307836 0.117537
vt 0.309701 0.121269
vt 0.302239 0.121269
vt 0.309701 0.128731
vt 0.300373 0.132463
vt 0.300373 0.125000
vt 0.307836 0.132463
vt 0.309701 0.136194
vt 0.302239 0.136194
vt 0.309701 0.143657
vt 0.300373 0.147388
vt 0.300373 0.139925
vt 0.307836 0.147388
vt 0.309701 0.151119
vt 0.302239 0.151119
vt 0.309701 0.158582
vt 0.300373 0.162313
vt 0.300373 0.154851
vt 0.307836 0.162313
vt 0.309701 0.166045
vt 0.302239 0.166045
vt 0.309701 0.173507
vt 0.300373 0.177239
vt 0.300373 0.169776
vt 0.307836 0.177239
vt 0.309701 0.180970
vt 0.302239 0.180970
vt 0.309701 0.188433
vt 0.300373 0.192164
vt 0.300373 0.184701
vt 0.307836 0.192164
vt 0.309701 0.195896
vt 0.302239 0.195896
vt 0.309701 0.203358
vt 0.300373 0.207090
vt 0.300373 0.199627
vt 0.307836 0.207090
vt 0.309701 0.210821
vt 0.302239 0.210821
vt 0.309701 0.218284
vt 0.300373 0.222015
vt 0.300373 0.214552
vt 0.307836 0.222015
vt 0.309701 0.225746
vt 0.302239 0.225746
vt 0.309701 0.233209
vt 0.300373 0.236940
vt 0.300373 0.229478
vt 0.307836 0.236940
vt 0.309701 0.240672
vt 0.302239 0.240672
vt 0.309701 0.248134
vt 0.300373 0.251866
vt 0.300373 0.244403
vt 0.307836 0.251866
vt 0.309701 0.255597
vt 0.302239 0.255597
vt 0.309701 0.263060
vt 0.300373 0.266791
vt 0.300373 0.259328
vt 0.307836 0.266791
vt 0.309701 0.270522
vt 0.302239 0.270522
vt 0.309701 0.277985
vt 0.300373 0.281716
vt 0.300373 0.274254
vt 0.307836 0.281716
vt 0.309701 0.285448
vt 0.302239 0.285448
vt 0.309701 0.292910
vt 0.300373 0.296642
vt 0.300373 0.289179
vt 0.307836 0.296642
vt 0.309701 0.300373
vt 0.302239 0.300373
vt 0.309701 0.307836
vt 0.300373 0.311567
vt 0.300373 0.304104
vt 0.307836 0.311567
vt 0.309701 0.315298
vt 0.302239 0.315298
vt 0.309701 0.322761
vt 0.300373 0.326493
vt 0.300373 0.319030
vt 0.307836 0.326493
vt 0.309701 0.330224
vt 0.302239 0.330224
vt 0.309701 0.337687
vt 0.300373 0.341418
vt 0.300373 0.333955
vt 0.307836 0.341418
vt 0.309701 0.345149
vt 0.302239 0.345149
vt 0.309701 0.352612
vt 0.300373 0.356343
vt 0.300373 0.348881
vt 0.307836 0.356343
vt 0.309701 0.360075
vt 0.302239 0.360075
vt 0.309701 0.367537
vt 0.300373 0.371269
vt 0.300373 0.363806
vt 0.307836 0.371269
vt 0.309701 0.375000
vt 0.302239 0.375000
vt 0.309701 0.382463
vt 0.300373 0.386194
vt 0.300373 0.378731
vt 0.307836 0.386194
vt 0.309701 0.389925
vt 0.302239 0.389925
vt 0.309701 0.397388
vt 0.300373 0.401119
vt 0.300373 0.393657
vt 0.307836 0.401119
vt 0.309701 0.404851
vt 0.302239 0.404851
vt 0.309701 0.412313
vt 0.300373 0.416045
vt 0.300373 0.408582
vt 0.307836 0.416045
vt 0.309701 0.419776
vt 0.302239 0.419776
vt 0.309701 0.427239
vt 0.300373 0.430970
vt 0.300373 0.423507
vt 0.307836 0.430970
vt 0.309701 0.434701
vt 0.302239 0.434701
vt 0.309701 0.442164
vt 0.300373 0.445896
vt 0.300373 0.438433
vt 0.307836 0.445896
vt 0.309701 0.449627
vt 0.302239 0.449627
vt 0.309701 0.457090
vt 0.300373 0.460821
vt 0.300373 0.453358
vt 0.307836 0.460821
vt 0.309701 0.464552
vt 0.302239 0.464552
vt 0.309701 0.472015
vt 0.300373 0.475746
vt 0.300373 0.468284
vt 0.307836 0.475746
vt 0.309701 0.479478
vt 0.302239 0.479478
vt 0.309701 0.486940
vt 0.300373 0.490672
vt 0.300373 0.483209
vt 0.307836 0.490672
vt 0.309701 0.494403
vt 0.302239 0.494403
vt 0.309701 0.501866
vt 0.300373 0.505597
vt 0.300373 0.498134
vt 0.307836 0.505597
vt 0.309701 0.509328
vt 0.302239 0.509328
vt 0.309701 0.516791
vt 0.300373 0.520522
vt 0.300373 0.513060
vt 0.307836 0.520522
vt 0.309701 0.524254
vt 0.302239 0.524254
vt 0.309701 0.531716
vt 0.300373 0.535448
vt 0.300373 0.527985
vt 0.307836 0.535448
vt 0.309701 0.539179
vt 0.302239 0.539179
vt 0.309701 0.546642
vt 0.300373 0.550373
vt 0.300373 0.542910
vt 0.307836 0.550373
vt 0.309701 0.554104
vt 0.302239 0.554104
vt 0.309701 0.561567
vt 0.300373 0.565298
vt 0.300373 0.557836
vt 0.307836 0.565298
vt 0.309701 0.569030
vt 0.302239 0.569030
vt 0.309701 0.576493
vt 0.300373 0.580224
vt 0.300373 0.572761
vt 0.307836 0.580224
vt 0.309701 0.583955
vt 0.302239 0.583955
vt 0.309701 0.591418
vt 0.300373 0.595149
vt 0.300373 0.587687
vt 0.307836 0.595149
vt 0.309701 0.598881
vt 0.302239 0.598881
vt 0.309701 0.606343
vt 0.300373 0.610075
vt 0.300373 0.602612
vt 0.307836 0.610075
vt 0.309701 0.613806
vt 0.302239 0.613806
vt 0.309701 0.621269
vt 0.300373 0.625000
vt 0.300373 0.617537
vt 0.307836 0.625000
vt 0.309701 0.628731
vt 0.302239 0.628731
vt 0.309701 0.636194
vt 0.300373 0.639925
vt 0.300373 0.632463
vt 0.307836 0.639925
vt 0.309701 0.643657
vt 0.302239 0.643657
vt 0.309701 0.651119
vt 0.300373 0.654851
vt 0.300373 0.647388
vt 0.307836 0.654851
vt 0.309701 0.658582
vt 0.302239 0.658582
vt 0.309701 0.666045
vt 0.300373 0.669776
vt 0.300373 0.662313
vt 0.307836 0.669776
vt 0.309701 0.673507
vt 0.302239 0.673507
vt 0.309701 0.680970
vt 0.300373 0.684702
vt 0.300373 0.677239
vt 0.307836 0.684702
vt 0.309701 0.688433
vt 0.302239 0.688433
vt 0.309701 0.695895
vt 0.300373 0.699627
vt 0.300373 0.692164
vt 0.307836 0.699627
vt 0.309701 0.703358
vt 0.302239 0.703358
vt 0.309701 0.710821
vt 0.300373 0.714552
vt 0.300373 0.707090
vt 0.307836 0.714552
vt 0.309701 0.718284
vt 0.302239 0.718284
vt 0.309701 0.725746
vt 0.300373 0.729478
vt 0.300373 0.722015
vt 0.307836 0.729478
vt 0.309701 0.733209
vt 0.302239 0.733209
vt 0.309701 0.740672
vt 0.300373 0.744403
vt 0.300373 0.736940
vt 0.307836 0.744403
vt 0.309701 0.748134
vt 0.302239 0.748134
vt 0.309701 0.755597
vt 0.300373 0.759328
vt 0.300373 0.751866
vt 0.307836 0.759328
vt 0.309701 0.763060
vt 0.302239 0.763060
vt 0.309701 0.770522
vt 0.300373 0.774254
vt 0.300373 0.766791
vt 0.307836 0.774254
vt 0.309701 0.777985
vt 0.302239 0.777985
vt 0.309701 0.785448
vt 0.300373 0.789179
vt 0.300373 0.781716
vt 0.307836 0.789179
vt 0.309701 0.792910
vt 0.302239 0.792910
vt 0.309701 0.800373
vt 0.300373 0.804104
vt 0.300373 0.796642
vt 0.307836 0.804104
vt 0.309701 0.807836
vt 0.302239 0.807836
vt 0.309701 0.815298
vt 0.300373 0.819030
vt 0.300373 0.811567
vt 0.307836 0.819030
vt 0.309701 0.822761
vt 0.302239 0.822761
vt 0.309701 0.830224
vt 0.300373 0.833955
vt 0.300373 0.826492
vt 0.307836 0.833955
vt 0.309701 0.837687
vt 0.302239 0.837687
vt 0.309701 0.845149
vt 0.300373 0.848881
vt 0.300373 0.841418
vt 0.307836 0.848881
vt 0.309701 0.852612
vt 0.302239 0.852612
vt 0.309701 0.860075
vt 0.300373 0.863806
vt 0.300373 0.856343
vt 0.307836 0.863806
vt 0.309701 0.867537
vt 0.302239 0.867537
vt 0.309701 0.875000
vt 0.300373 0.878731
vt 0.300373 0.871269
vt 0.307836 0.878731
vt 0.309701 0.882463
vt 0.302239 0.882463
vt 0.309701 0.889925
vt 0.300373 0.893657
vt 0.300373 0.886194
vt 0.307836 0.893657
vt 0.309701 0.897388
vt 0.302239 0.897388
vt 0.309701 0.904851
vt 0.300373 0.908582
vt 0.300373 0.901119
vt 0.307836 0.908582
vt 0.309701 0.912313
vt 0.302239 0.912313
vt 0.309701 0.919776
vt 0.300373 0.923507
vt 0.300373 0.916045
vt 0.307836 0.923507
vt 0.309701 0.927239
vt 0.302239 0.927239
vt 0.309701 0.934701
vt 0.300373 0.938433
vt 0.300373 0.930970
vt 0.307836 0.938433
vt 0.309701 0.942164
vt 0.302239 0.942164
vt 0.309701 0.949627
vt 0.300373 0.953358
vt 0.300373 0.945895
vt 0.307836 0.953358
vt 0.309701 0.957090
vt 0.302239 0.957090
vt 0.309701 0.964552
vt 0.300373 0.968284
vt 0.300373 0.960821
vt 0.307836 0.968284
vt 0.309701 0.972015
vt 0.302239 0.972015
vt 0.309701 0.979478
vt 0.300373 0.983209
vt 0.300373 0.975746
vt 0.307836 0.983209
vt 0.309701 0.986940
vt 0.302239 0.986940
vt 0.309701 0.994403
vt 0.300373 0.998134
vt 0.300373 0.990672
vt 0.307836 0.998134
vt 0.324627 0.001866
vt 0.317164 0.001866
vt 0.324627 0.009328
vt 0.315298 0.013060
vt 0.315298 0.005597
vt 0.322761 0.013060
vt 0.324627 0.016791
vt 0.317164 0.016791
vt 0.324627 0.024254
vt 0.315298 0.027985
vt 0.315298 0.020522
vt 0.322761 0.027985
vt 0.324627 0.031716
vt 0.317164 0.031716
vt 0.324627 0.039179
vt 0.315298 0.042910
vt 0.315298 0.035448
vt 0.322761 0.042910
vt 0.324627 0.046642
vt 0.317164 0.046642
vt 0.324627 0.054104
vt 0.315298 0.057836
vt 0.315298 0.050373
vt 0.322761 0.057836
vt 0.324627 0.061567
vt 0.317164 0.061567
vt 0.324627 0.069030
vt 0.315298 0.072761
vt 0.315298 0.065299
vt 0.322761 0.072761
vt 0.324627 0.076493
vt 0.317164 0.076493
vt 0.324627 0.083955
vt 0.315298 0.087687
vt 0.315298 0.080224
vt 0.322761 0.087687
vt 0.324627 0.091418
vt 0.317164 0.091418
vt 0.324627 0.098881
vt 0.315298 0.102612
vt 0.315298 0.095149
vt 0.322761 0.102612
vt 0.324627 0.106343
vt 0.317164 0.106343
vt 0.324627 0.113806
vt 0.315298 0.117537
vt 0.315298 0.110075
vt 0.322761 0.117537
vt 0.324627 0.121269
vt 0.317164 0.121269
vt 0.324627 0.128731
vt 0.315298 0.132463
vt 0.315298 0.125000
vt 0.322761 0.132463
vt 0.324627 0.136194
vt 0.317164 0.136194
vt 0.324627 0.143657
vt 0.315298 0.147388
vt 0.315298 0.139925
vt 0.322761 0.147388
vt 0.324627 0.151119
vt 0.317164 0.151119
vt 0.324627 0.158582
vt 0.315298 0.162313
vt 0.315298 0.154851
vt 0.322761 0.162313
vt 0.324627 0.166045
vt 0.317164 0.166045
vt 0.324627 0.173507
vt 0.315298 0.177239
vt 0.315298 0.169776
vt 0.322761 0.177239
vt 0.324627 0.180970
vt 0.317164 0.180970
vt 0.324627 0.188433
vt 0.315298 0.192164
vt 0.315298 0.184701
vt 0.322761 0.192164
vt 0.324627 0.195896
vt 0.317164 0.195896
vt 0.324627 0.203358
vt 0.315298 0.207090
vt 0.315298 0.199627
vt 0.322761 0.207090
vt 0.324627 0.210821
vt 0.317164 0.210821
vt 0.324627 0.218284
vt 0.315298 0.222015
vt 0.315298 0.214552
vt 0.322761 0.222015
vt 0.324627 0.225746
vt 0.317164 0.225746
vt 0.324627 0.233209
vt 0.315298 0.236940
vt 0.315298 0.229478
vt 0.322761 0.236940
vt 0.324627 0.240672
vt 0.317164 0.240672
vt 0.324627 0.248134
vt 0.315298 0.251866
vt 0.315298 0.244403
vt 0.322761 0.251866
vt 0.324627 0.255597
vt 0.317164 0.255597
vt 0.324627 0.263060
vt 0.315298 0.266791
vt 0.315298 0.259328
vt 0.322761 0.266791
vt 0.324627 0.270522
vt 0.317164 0.270522
vt 0.324627 0.277985
vt 0.315298 0.281716
vt 0.315298 0.274254
vt 0.322761 0.281716
vt 0.324627 0.285448
vt 0.317164 0.285448
vt 0.324627 0.292910
vt 0.315298 0.296642
vt 0.315298 0.289179
vt 0.322761 0.296642
vt 0.324627 0.300373
vt 0.317164 0.300373
vt 0.324627 0.307836
vt 0.315298 0.311567
vt 0.315298 0.304104
vt 0.322761 0.311567
vt 0.324627 0.315298
vt 0.317164 0.315298
vt 0.324627 0.322761
vt 0.315298 0.326493
vt 0.315298 0.319030
vt 0.322761 0.326493
vt 0.324627 0.330224
vt 0.317164 0.330224
vt 0.324627 0.337687
vt 0.315298 0.341418
vt 0.315298 0.333955
vt 0.322761 0.341418
vt 0.324627 0.345149
vt 0.317164 0.345149
vt 0.324627 0.352612
vt 0.315298 0.356343
vt 0.315298 0.348881
vt 0.322761 0.356343
vt 0.324627 0.360075
vt 0.317164 0.360075
vt 0.324627 0.367537
vt 0.315298 0.371269
vt 0.315298 0.363806
vt 0.322761 0.371269
vt 0.324627 0.375000
vt 0.317164 0.375000
vt 0.324627 0.382463
vt 0.315298 0.386194
vt 0.315298 0.378731
vt 0.322761 0.386194
vt 0.324627 0.389925
vt 0.317164 0.389925
vt 0.324627 0.397388
vt 0.315298 0.401119
vt 0.315298 0.393657
vt 0.322761 0.401119
vt 0.324627 0.404851
vt 0.317164 0.404851
vt 0.324627 0.412313
vt 0.315298 0.416045
vt 0.315298 0.408582
vt 0.322761 0.416045
vt 0.324627 0.419776
vt 0.317164 0.419776
vt 0.324627 0.427239
vt 0.315298 0.430970
vt 0.315298 0.423507
vt 0.322761 0.430970
vt 0.324627 0.434701
vt 0.317164 0.434701
vt 0.324627 0.442164
vt 0.315298 0.445896
vt 0.315298 0.438433
vt 0.322761 0.445896
vt 0.324627 0.449627
vt 0.317164 0.449627
vt 0.324627 0.457090
vt 0.315298 0.460821
vt 0.315298 0.453358
vt 0.322761 0.460821
vt 0.324627 0.464552
vt 0.317164 0.464552
vt 0.324627 0.472015
vt 0.315298 0.475746
vt 0.315298 0.468284
vt 0.322761 0.475746
vt 0.324627 0.479478
vt 0.317164 0.479478
vt 0.324627 0.486940
vt 0.315298 0.490672
vt 0.315298 0.483209
vt 0.322761 0.490672
vt 0.324627 0.494403
vt 0.317164 0.494403
vt 0.324627 0.501866
vt 0.315298 0.505597
vt 0.315298 0.498134
vt 0.322761 0.505597
vt 0.324627 0.509328
vt 0.317164 0.509328
vt 0.324627 0.516791
vt 0.315298 0.520522
vt 0.315298 0.513060
vt 0.322761 0.520522
vt 0.324627 0.524254
vt 0.317164 0.524254
vt 0.324627 0.531716
vt 0.315298 0.535448
vt 0.315298 0.527985
vt 0.322761 0.535448
vt 0.324627 0.539179
vt 0.317164 0.539179
vt 0.324627 0.546642
vt 0.315298 0.550373
vt 0.315298 0.542910
vt 0.322761 0.550373
vt 0.324627 0.554104
vt 0.317164 0.554104
vt 0.324627 0.561567
vt 0.315298 0.565298
vt 0.315298 0.557836
vt 0.322761 0.565298
vt 0.324627 0.569030
vt 0.317164 0.569030
vt 0.324627 0.576493
vt 0.315298 0.580224
vt 0.315298 0.572761
vt 0.322761 0.580224
vt 0.324627 0.583955
vt 0.317164 0.583955
vt 0.324627 0.591418
vt 0.315298 0.595149
vt 0.315298 0.587687
vt 0.322761 0.595149
vt 0.324627 0.598881
vt 0.317164 0.598881
vt 0.324627 0.606343
vt 0.315298 0.610075
vt 0.315298 0.602612
vt 0.322761 0.610075
vt 0.324627 0.613806
vt 0.317164 0.613806
vt 0.324627 0.621269
vt 0.315298 0.625000
vt 0.315298 0.617537
vt 0.322761 0.625000
vt 0.324627 0.628731
vt 0.317164 0.628731
vt 0.324627 0.636194
vt 0.315298 0.639925
vt 0.315298 0.632463
vt 0.322761 0.639925
vt 0.324627 0.643657
vt 0.317164 0.643657
vt 0.324627 0.651119
vt 0.315298 0.654851
vt 0.315298 0.647388
vt 0.322761 0.654851
vt 0.324627 0.658582
vt 0.317164 0.658582
vt 0.324627 0.666045
vt 0.315298 0.669776
vt 0.315298 0.662313
vt 0.322761 0.669776
vt 0.324627 0.673507
vt 0.317164 0.673507
vt 0.324627 0.680970
vt 0.315298 0.684702
vt 0.315298 0.677239
vt 0.322761 0.684702
vt 0.324627 0.688433
vt 0.317164 0.688433
vt 0.324627 0.695895
vt 0.315298 0.699627
vt 0.315298 0.692164
vt 0.322761 0.699627
vt 0.324627 0.703358
vt 0.317164 0.703358
vt 0.324627 0.710821
vt 0.315298 0.714552
vt 0.315298 0.707090
vt 0.322761 0.714552
vt 0.324627 0.718284
vt 0.317164 0.718284
vt 0.324627 0.725746
vt 0.315298 0.729478
vt 0.315298 0.722015
vt 0.322761 0.729478
vt 0.324627 0.733209
vt 0.317164 0.733209
vt 0.324627 0.740672
vt 0.315298 0.744403
vt 0.315298 0.736940
vt 0.322761 0.744403
vt 0.324627 0.748134
vt 0.317164 0.748134
vt 0.324627 0.755597
vt 0.315298 0.759328
vt 0.315298 0.751866
vt 0.322761 0.759328
vt 0.324627 0.763060
vt 0.317164 0.763060
vt 0.324627 0.770522
vt 0.315298 0.774254
vt 0.315298 0.766791
vt 0.322761 0.774254
vt 0.324627 0.777985
vt 0.317164 0.777985
vt 0.324627 0.785448
vt 0.315298 0.789179
vt 0.315298 0.781716
vt 0.322761 0.789179
vt 0.324627 0.792910
vt 0.317164 0.792910
vt 0.324627 0.800373
vt 0.315298 0.804104
vt 0.315298 0.796642
vt 0.322761 0.804104
vt 0.324627 0.807836
vt 0.317164 0.807836
vt 0.324627 0.815298
vt 0.315298 0.819030
vt 0.315298 0.811567
vt 0.322761 0.819030
vt 0.324627 0.822761
vt 0.317164 0.822761
vt 0.324627 0.830224
vt 0.315298 0.833955
vt 0.315298 0.826492
vt 0.322761 0.833955
vt 0.324627 0.837687
vt 0.317164 0.837687
vt 0.324627 0.845149
vt 0.315298 0.848881
vt 0.315298 0.841418
vt 0.322761 0.848881
vt 0.324627 0.852612
vt 0.317164 0.852612
vt 0.324627 0.860075
vt 0.315298 0.863806
vt 0.315298 0.856343
vt 0.322761 0.863806
vt 0.324627 0.867537
vt 0.317164 0.867537
vt 0.324627 0.875000
vt 0.315298 0.878731
vt 0.315298 0.871269
vt 0.322761 0.878731
vt 0.324627 0.882463
vt 0.317164 0.882463
vt 0.324627 0.889925
vt 0.315298 0.893657
vt 0.315298 0.886194
vt 0.322761 0.893657
vt 0.324627 0.897388
vt 0.317164 0.897388
vt 0.324627 0.904851
vt 0.315298 0.908582
vt 0.315298 0.901119
vt 0.322761 0.908582
vt 0.324627 0.912313
vt 0.317164 0.912313
vt 0.324627 0.919776
vt 0.315298 0.923507
vt 0.315298 0.916045
vt 0.322761 0.923507
vt 0.324627 0.927239
vt 0.317164 0.927239
vt 0.324627 0.934701
vt 0.315298 0.938433
vt 0.315298 0.930970
vt 0.322761 0.938433
vt 0.324627 0.942164
vt 0.317164 0.942164
vt 0.324627 0.949627
vt 0.315298 0.953358
vt 0.315298 0.945895
vt 0.322761 0.953358
vt 0.324627 0.957090
vt 0.317164 0.957090
vt 0.324627 0.964552
vt 0.315298 0.968284
vt 0.315298 0.960821
vt 0.322761 0.968284
vt 0.324627 0.972015
vt 0.317164 0.972015
vt 0.324627 0.979478
vt 0.315298 0.983209
vt 0.315298 0.975746
vt 0.322761 0.983209
vt 0.324627 0.986940
vt 0.317164 0.986940
vt 0.324627 0.994403
vt 0.315298 0.998134
vt 0.315298 0.990672
vt 0.322761 0.998134
vt 0.339552 0.001866
vt 0.332090 0.001866
vt 0.339552 0.009328
vt 0.330224 0.013060
vt 0.330224 0.005597
vt 0.337687 0.013060
vt 0.339552 0.016791
vt 0.332090 0.016791
vt 0.339552 0.024254
vt 0.330224 0.027985
vt 0.330224 0.020522
vt 0.337687 0.027985
vt 0.339552 0.031716
vt 0.332090 0.031716
vt 0.339552 0.039179
vt 0.330224 0.042910
vt 0.330224 0.035448
vt 0.337687 0.042910
vt 0.339552 0.046642
vt 0.332090 0.046642
vt 0.339552 0.054104
vt 0.330224 0.057836
vt 0.330224 0.050373
vt 0.337687 0.057836
vt 0.339552 0.061567
vt 0.332090 0.061567
vt 0.339552 0.069030
vt 0.330224 0.072761
vt 0.330224 0.065299
vt 0.337687 0.072761
vt 0.339552 0.076493
vt 0.332090 0.076493
vt 0.339552 0.083955
vt 0.330224 0.087687
vt 0.330224 0.080224
vt 0.337687 0.087687
vt 0.339552 0.091418
vt 0.332090 0.091418
vt 0.339552 0.098881
vt 0.330224 0.102612
vt 0.330224 0.095149
vt 0.337687 0.102612
vt 0.339552 0.106343
vt 0.332090 0.106343
vt 0.339552 0.113806
vt 0.330224 0.117537
vt 0.330224 0.110075
vt 0.337687 0.117537
vt 0.339552 0.121269
vt 0.332090 0.121269
vt 0.339552 0.128731
vt 0.330224 0.132463
vt 0.330224 0.125000
vt 0.337687 0.132463
vt 0.339552 0.136194
vt 0.332090 0.136194
vt 0.339552 0.143657
vt 0.330224 0.147388
vt 0.330224 0.139925
vt 0.337687 0.147388
vt 0.339552 0.151119
vt 0.332090 0.151119
vt 0.339552 0.158582
vt 0.330224 0.162313
vt 0.330224 0.154851
vt 0.337687 0.162313
vt 0.339552 0.166045
vt 0.332090 0.166045
vt 0.339552 0.173507
vt 0.330224 0.177239
vt 0.330224 0.169776
vt 0.337687 0.177239
vt 0.339552 0.180970
vt 0.332090 0.180970
vt 0.339552 0.188433
vt 0.330224 0.192164
vt 0.330224 0.184701
vt 0.337687 0.192164
vt 0.339552 0.195896
vt 0.332090 0.195896
vt 0.339552 0.203358
vt 0.330224 0.207090
vt 0.330224 0.199627
vt 0.337687 0.207090
vt 0.339552 0.210821
vt 0.332090 0.210821
vt 0.339552 0.218284
vt 0.330224 0.222015
vt 0.330224 0.214552
vt 0.337687 0.222015
vt 0.339552 0.225746
vt 0.332090 0.225746
vt 0.339552 0.233209
vt 0.330224 0.236940
vt 0.330224 0.229478
vt 0.337687 0.236940
vt 0.339552 0.240672
vt 0.332090 0.240672
vt 0.339552 0.248134
vt 0.330224 0.251866
vt 0.330224 0.244403
vt 0.337687 0.251866
vt 0.339552 0.255597
vt 0.332090 0.255597
vt 0.339552 0.263060
vt 0.330224 0.266791
vt 0.330224 0.259328
vt 0.337687 0.266791
vt 0.339552 0.270522
vt 0.332090 0.270522
vt 0.339552 0.277985
vt 0.330224 0.281716
vt 0.330224 0.274254
vt 0.337687 0.281716
vt 0.339552 0.285448
vt 0.332090 0.285448
vt 0.339552 0.292910
vt 0.330224 0.296642
vt 0.330224 0.289179
vt 0.337687 0.296642
vt 0.339552 0.300373
vt 0.332090 0.300373
vt 0.339552 0.307836
vt 0.330224 0.311567
vt 0.330224 0.304104
vt 0.337687 0.311567
vt 0.339552 0.315298
vt 0.332090 0.315298
vt 0.339552 0.322761
vt 0.330224 0.326493
vt 0.330224 0.319030
vt 0.337687 0.326493
vt 0.339552 0.330224
vt 0.332090 0.330224
vt 0.339552 0.337687
vt 0.330224 0.341418
vt 0.330224 0.333955
vt 0.337687 0.341418
vt 0.339552 0.345149
vt 0.332090 0.345149
vt 0.339552 0.352612
vt 0.330224 0.356343
vt 0.330224 0.348881
vt 0.337687 0.356343
vt 0.339552 0.360075
vt 0.332090 0.360075
vt 0.339552 0.367537
vt 0.330224 0.371269
vt 0.330224 0.363806
vt 0.337687 0.371269
vt 0.339552 0.375000
vt 0.332090 0.375000
vt 0.339552 0.382463
vt 0.330224 0.386194
vt 0.330224 0.378731
vt 0.337687 0.386194
vt 0.339552 0.389925
vt 0.332090 0.389925
vt 0.339552 0.397388
vt 0.330224 0.401119
vt 0.330224 0.393657
vt 0.337687 0.401119
vt 0.339552 0.404851
vt 0.332090 0.404851
vt 0.339552 0.412313
vt 0.330224 0.416045
vt 0.330224 0.408582
vt 0.337687 0.416045
vt 0.339552 0.419776
vt 0.332090 0.419776
vt 0.339552 0.427239
vt 0.330224 0.430970
vt 0.330224 0.423507
vt 0.337687 0.430970
vt 0.339552 0.434701
vt 0.332090 0.434701
vt 0.339552 0.442164
vt 0.330224 0.445896
vt 0.330224 0.438433
vt 0.337687 0.445896
vt 0.339552 0.449627
vt 0.332090 0.449627
vt 0.339552 0.457090
vt 0.330224 0.460821
vt 0.330224 0.453358
vt 0.337687 0.460821
vt 0.339552 0.464552
vt 0.332090 0.464552
vt 0.339552 0.472015
vt 0.330224 0.475746
vt 0.330224 0.468284
vt 0.337687 0.475746
vt 0.339552 0.479478
vt 0.332090 0.479478
vt 0.339552 0.486940
vt 0.330224 0.490672
vt 0.330224 0.483209
vt 0.337687 0.490672
vt 0.339552 0.494403
vt 0.332090 0.494403
vt 0.339552 0.501866
vt 0.330224 0.505597
vt 0.330224 0.498134
vt 0.337687 0.505597
vt 0.339552 0.509328
vt 0.332090 0.509328
vt 0.339552 0.516791
vt 0.330224 0.520522
vt 0.330224 0.513060
vt 0.337687 0.520522
vt 0.339552 0.524254
vt 0.332090 0.524254
vt 0.339552 0.531716
vt 0.330224 0.535448
vt 0.330224 0.527985
vt 0.337687 0.535448
vt 0.339552 0.539179
vt 0.332090 0.539179
vt 0.339552 0.546642
vt 0.330224 0.550373
vt 0.330224 0.542910
vt 0.337687 0.550373
vt 0.339552 0.554104
vt 0.332090 0.554104
vt 0.339552 0.561567
vt 0.330224 0.565298
vt 0.330224 0.557836
vt 0.337687 0.565298
vt 0.339552 0.569030
vt 0.332090 0.569030
vt 0.339552 0.576493
vt 0.330224 0.580224
vt 0.330224 0.572761
vt 0.337687 0.580224
vt 0.339552 0.583955
vt 0.332090 0.583955
vt 0.339552 0.591418
vt 0.330224 0.595149
vt 0.330224 0.587687
vt 0.337687 0.595149
vt 0.339552 0.598881
vt 0.332090 0.598881
vt 0.339552 0.606343
vt 0.330224 0.610075
vt 0.330224 0.602612
vt 0.337687 0.610075
vt 0.339552 0.613806
vt 0.332090 0.613806
vt 0.339552 0.621269
vt 0.330224 0.625000
vt 0.330224 0.617537
vt 0.337687 0.625000
vt 0.339552 0.628731
vt 0.332090 0.628731
vt 0.339552 0.636194
vt 0.330224 0.639925
vt 0.330224 0.632463
vt 0.337687 0.639925
vt 0.339552 0.643657
vt 0.332090 0.643657
vt 0.339552 0.651119
vt 0.330224 0.654851
vt 0.330224 0.647388
vt 0.337687 0.654851
vt 0.339552 0.658582
vt 0.332090 0.658582
vt 0.339552 0.666045
vt 0.330224 0.669776
vt 0.330224 0.662313
vt 0.337687 0.669776
vt 0.339552 0.673507
vt 0.332090 0.673507
vt 0.339552 0.680970
vt 0.330224 0.684702
vt 0.330224 0.677239
vt 0.337687 0.684702
vt 0.339552 0.688433
vt 0.332090 0.688433
vt 0.339552 0.695895
vt 0.330224 0.699627
vt 0.330224 0.692164
vt 0.337687 0.699627
vt 0.339552 0.703358
vt 0.332090 0.703358
vt 0.339552 0.710821
vt 0.330224 0.714552
vt 0.330224 0.707090
vt 0.337687 0.714552
vt 0.339552 0.718284
vt 0.332090 0.718284
vt 0.339552 0.725746
vt 0.330224 0.729478
vt 0.330224 0.722015
vt 0.337687 0.729478
vt 0.339552 0.733209
vt 0.332090 0.733209
vt 0.339552 0.740672
vt 0.330224 0.744403
vt 0.330224 0.736940
vt 0.337687 0.744403
vt 0.339552 0.748134
vt 0.332090 0.748134
vt 0.339552 0.755597
vt 0.330224 0.759328
vt 0.330224 0.751866
vt 0.337687 0.759328
vt 0.339552 0.763060
vt 0.332090 0.763060
vt 0.339552 0.770522
vt 0.330224 0.774254
vt 0.330224 0.766791
vt 0.337687 0.774254
vt 0.339552 0.777985
vt 0.332090 0.777985
vt 0.339552 0.785448
vt 0.330224 0.789179
vt 0.330224 0.781716
vt 0.337687 0.789179
vt 0.339552 0.792910
vt 0.332090 0.792910
vt 0.339552 0.800373
vt 0.330224 0.804104
vt 0.330224 0.796642
vt 0.337687 0.804104
vt 0.339552 0.807836
vt 0.332090 0.807836
vt 0.339552 0.815298
vt 0.330224 0.819030
vt 0.330224 0.811567
vt 0.337687 0.819030
vt 0.339552 0.822761
vt 0.332090 0.822761
vt 0.339552 0.830224
vt 0.330224 0.833955
vt 0.330224 0.826492
vt 0.337687 0.833955
vt 0.339552 0.837687
vt 0.332090 0.837687
vt 0.339552 0.845149
vt 0.330224 0.848881
vt 0.330224 0.841418
vt 0.337687 0.848881
vt 0.339552 0.852612
vt 0.332090 0.852612
vt 0.339552 0.860075
vt 0.330224 0.863806
vt 0.330224 0.856343
vt 0.337687 0.863806
vt 0.339552 0.867537
vt 0.332090 0.867537
vt 0.339552 0.875000
vt 0.330224 0.878731
vt 0.330224 0.871269
vt 0.337687 0.878731
vt 0.339552 0.882463
vt 0.332090 0.882463
vt 0.339552 0.889925
vt 0.330224 0.893657
vt 0.330224 0.886194
vt 0.337687 0.893657
vt 0.339552 0.897388
vt 0.332090 0.897388
vt 0.339552 0.904851
vt 0.330224 0.908582
vt 0.330224 0.901119
vt 0.337687 0.908582
vt 0.339552 0.912313
vt 0.332090 0.912313
vt 0.339552 0.919776
vt 0.330224 0.923507
vt 0.330224 0.916045
vt 0.337687 0.923507
vt 0.339552 0.927239
vt 0.332090 0.927239
vt 0.339552 0.934701
vt 0.330224 0.938433
vt 0.330224 0.930970
vt 0.337687 0.938433
vt 0.339552 0.942164
vt 0.332090 0.942164
vt 0.339552 0.949627
vt 0.330224 0.953358
vt 0.330224 0.945895
vt 0.337687 0.953358
vt 0.339552 0.957090
vt 0.332090 0.957090
vt 0.339552 0.964552
vt 0.330224 0.968284
vt 0.330224 0.960821
vt 0.337687 0.968284
vt 0.339552 0.972015
vt 0.332090 0.972015
vt 0.339552 0.979478
vt 0.330224 0.983209
vt 0.330224 0.975746
vt 0.337687 0.983209
vt 0.339552 0.986940
vt 0.332090 0.986940
vt 0.339552 0.994403
vt 0.330224 0.998134
vt 0.330224 0.990672
vt 0.337687 0.998134
vt 0.354478 0.001866
vt 0.347015 0.001866
vt 0.354478 0.009328
vt 0.345149 0.013060
vt 0.345149 0.005597
vt 0.352612 0.013060
vt 0.354478 0.016791
vt 0.347015 0.016791
vt 0.354478 0.024254
vt 0.345149 0.027985
vt 0.345149 0.020522
vt 0.352612 0.027985
vt 0.354478 0.031716
vt 0.347015 0.031716
vt 0.354478 0.039179
vt 0.345149 0.042910
vt 0.345149 0.035448
vt 0.352612 0.042910
vt 0.354478 0.046642
vt 0.347015 0.046642
vt 0.354478 0.054104
vt 0.345149 0.057836
vt 0.345149 0.050373
vt 0.352612 0.057836
vt 0.354478 0.061567
vt 0.347015 0.061567
vt 0.354478 0.069030
vt 0.345149 0.072761
vt 0.345149 0.065299
vt 0.352612 0.072761
vt 0.354478 0.076493
vt 0.347015 0.076493
vt 0.354478 0.083955
vt 0.345149 0.087687
vt 0.345149 0.080224
vt 0.352612 0.087687
vt 0.354478 0.091418
vt 0.347015 0.091418
vt 0.354478 0.098881
vt 0.345149 0.102612
vt 0.345149 0.095149
vt 0.352612 0.102612
vt 0.354478 0.106343
vt 0.347015 0.106343
vt 0.354478 0.113806
vt 0.345149 0.117537
vt 0.345149 0.110075
vt 0.352612 0.117537
vt 0.354478 0.121269
vt 0.347015 0.121269
vt 0.354478 0.128731
vt 0.345149 0.132463
vt 0.345149 0.125000
vt 0.352612 0.132463
vt 0.354478 0.136194
vt 0.347015 0.136194
vt 0.354478 0.143657
vt 0.345149 0.147388
vt 0.345149 0.139925
vt 0.352612 0.147388
vt 0.354478 0.151119
vt 0.347015 0.151119
vt 0.354478 0.158582
vt 0.345149 0.162313
vt 0.345149 0.154851
vt 0.352612 0.162313
vt 0.354478 0.166045
vt 0.347015 0.166045
vt 0.354478 0.173507
vt 0.345149 0.177239
vt 0.345149 0.169776
vt 0.352612 0.177239
vt 0.354478 0.180970
vt 0.347015 0.180970
vt 0.354478 0.188433
vt 0.345149 0.192164
vt 0.345149 0.184701
vt 0.352612 0.192164
vt 0.354478 0.195896
vt 0.347015 0.195896
vt 0.354478 0.203358
vt 0.345149 0.207090
vt 0.345149 0.199627
vt 0.352612 0.207090
vt 0.354478 0.210821
vt 0.347015 0.210821
vt 0.354478 0.218284
vt 0.345149 0.222015
vt 0.345149 0.214552
vt 0.352612 0.222015
vt 0.354478 0.225746
vt 0.347015 0.225746
vt 0.354478 0.233209
vt 0.345149 0.236940
vt 0.345149 0.229478
vt 0.352612 0.236940
vt 0.354478 0.240672
vt 0.347015 0.240672
vt 0.354478 0.248134
vt 0.345149 0.251866
vt 0.345149 0.244403
vt 0.352612 0.251866
vt 0.354478 0.255597
vt 0.347015 0.255597
vt 0.354478 0.263060
vt 0.345149 0.266791
vt 0.345149 0.259328
vt 0.352612 0.266791
vt 0.354478 0.270522
vt 0.347015 0.270522
vt 0.354478 0.277985
vt 0.345149 0.281716
vt 0.345149 0.274254
vt 0.352612 0.281716
vt 0.354478 0.285448
vt 0.347015 0.285448
vt 0.354478 0.292910
vt 0.345149 0.296642
vt 0.345149 0.289179
vt 0.352612 0.296642
vt 0.354478 0.300373
vt 0.347015 0.300373
vt 0.354478 0.307836
vt 0.345149 0.311567
vt 0.345149 0.304104
vt 0.352612 0.311567
vt 0.354478 0.315298
vt 0.347015 0.315298
vt 0.354478 0.322761
vt 0.345149 0.326493
vt 0.345149 0.319030
vt 0.352612 0.326493
vt 0.354478 0.330224
vt 0.347015 0.330224
vt 0.354478 0.337687
vt 0.345149 0.341418
vt 0.345149 0.333955
vt 0.352612 0.341418
vt 0.354478 0.345149
vt 0.347015 0.345149
vt 0.354478 0.352612
vt 0.345149 0.356343
vt 0.345149 0.348881
vt 0.352612 0.356343
vt 0.354478 0.360075
vt 0.347015 0.360075
vt 0.354478 0.367537
vt 0.345149 0.371269
vt 0.345149 0.363806
vt 0.352612 0.371269
vt 0.354478 0.375000
vt 0.347015 0.375000
vt 0.354478 0.382463
vt 0.345149 0.386194
vt 0.345149 0.378731
vt 0.352612 0.386194
vt 0.354478 0.389925
vt 0.347015 0.389925
vt 0.354478 0.397388
vt 0.345149 0.401119
vt 0.345149 0.393657
vt 0.352612 0.401119
vt 0.354478 0.404851
vt 0.347015 0.404851
vt 0.354478 0.412313
vt 0.345149 0.416045
vt 0.345149 0.408582
vt 0.352612 0.416045
vt 0.354478 0.419776
vt 0.347015 0.419776
vt 0.354478 0.427239
vt 0.345149 0.430970
vt 0.345149 0.423507
vt 0.352612 0.430970
vt 0.354478 0.434701
vt 0.347015 0.434701
vt 0.354478 0.442164
vt 0.345149 0.445896
vt 0.345149 0.438433
vt 0.352612 0.445896
vt 0.354478 0.449627
vt 0.347015 0.449627
vt 0.354478 0.457090
vt 0.345149 0.460821
vt 0.345149 0.453358
vt 0.352612 0.460821
vt 0.354478 0.464552
vt 0.347015 0.464552
vt 0.354478 0.472015
vt 0.345149 0.475746
vt 0.345149 0.468284
vt 0.352612 0.475746
vt 0.354478 0.479478
vt 0.347015 0.479478
vt 0.354478 0.486940
vt 0.345149 0.490672
vt 0.345149 0.483209
vt 0.352612 0.490672
vt 0.354478 0.494403
vt 0.347015 0.494403
vt 0.354478 0.501866
vt 0.345149 0.505597
vt 0.345149 0.498134
vt 0.352612 0.505597
vt 0.354478 0.509328
vt 0.347015 0.509328
vt 0.354478 0.516791
vt 0.345149 0.520522
vt 0.345149 0.513060
vt 0.352612 0.520522
vt 0.354478 0.524254
vt 0.347015 0.524254
vt 0.354478 0.531716
vt 0.345149 0.535448
vt 0.345149 0.527985
vt 0.352612 0.535448
vt 0.354478 0.539179
vt 0.347015 0.539179
vt 0.354478 0.546642
vt 0.345149 0.550373
vt 0.345149 0.542910
vt 0.352612 0.550373
vt 0.354478 0.554104
vt 0.347015 0.554104
vt 0.354478 0.561567
vt 0.345149 0.565298
vt 0.345149 0.557836
vt 0.352612 0.565298
vt 0.354478 0.569030
vt 0.347015 0.569030
vt 0.354478 0.576493
vt 0.345149 0.580224
vt 0.345149 0.572761
vt 0.352612 0.580224
vt 0.354478 0.583955
vt 0.347015 0.583955
vt 0.354478 0.591418
vt 0.345149 0.595149
vt 0.345149 0.587687
vt 0.352612 0.595149
vt 0.354478 0.598881
vt 0.347015 0.598881
vt 0.354478 0.606343
vt 0.345149 0.610075
vt 0.345149 0.602612
vt 0.352612 0.610075
vt 0.354478 0.613806
vt 0.347015 0.613806
vt 0.354478 0.621269
vt 0.345149 0.625000
vt 0.345149 0.617537
vt 0.352612 0.625000
vt 0.354478 0.628731
vt 0.347015 0.628731
vt 0.354478 0.636194
vt 0.345149 0.639925
vt 0.345149 0.632463
vt 0.352612 0.639925
vt 0.354478 0.643657
vt 0.347015 0.643657
vt 0.354478 0.651119
vt 0.345149 0.654851
vt 0.345149 0.647388
vt 0.352612 0.654851
vt 0.354478 0.658582
vt 0.347015 0.658582
vt 0.354478 0.666045
vt 0.345149 0.669776
vt 0.345149 0.662313
vt 0.352612 0.669776
vt 0.354478 0.673507
vt 0.347015 0.673507
vt 0.354478 0.680970
vt 0.345149 0.684702
vt 0.345149 0.677239
vt 0.352612 0.684702
vt 0.354478 0.688433
vt 0.347015 0.688433
vt 0.354478 0.695895
vt 0.345149 0.699627
vt 0.345149 0.692164
vt 0.352612 0.699627
vt 0.354478 0.703358
vt 0.347015 0.703358
vt 0.354478 0.710821
vt 0.345149 0.714552
vt 0.345149 0.707090
vt 0.352612 0.714552
vt 0.354478 0.718284
vt 0.347015 0.718284
vt 0.354478 0.725746
vt 0.345149 0.729478
vt 0.345149 0.722015
vt 0.352612 0.729478
vt 0.354478 0.733209
vt 0.347015 0.733209
vt 0.354478 0.740672
vt 0.345149 0.744403
vt 0.345149 0.736940
vt 0.352612 0.744403
vt 0.354478 0.748134
vt 0.347015 0.748134
vt 0.354478 0.755597
vt 0.345149 0.759328
vt 0.345149 0.751866
vt 0.352612 0.759328
vt 0.354478 0.763060
vt 0.347015 0.763060
vt 0.354478 0.770522
vt 0.345149 0.774254
vt 0.345149 0.766791
vt 0.352612 0.774254
vt 0.354478 0.777985
vt 0.347015 0.777985
vt 0.354478 0.785448
vt 0.345149 0.789179
vt 0.345149 0.781716
vt 0.352612 0.789179
vt 0.354478 0.792910
vt 0.347015 0.792910
vt 0.354478 0.800373
vt 0.345149 0.804104
vt 0.345149 0.796642
vt 0.352612 0.804104
vt 0.354478 0.807836
vt 0.347015 0.807836
vt 0.354478 0.815298
vt 0.345149 0.819030
vt 0.345149 0.811567
vt 0.352612 0.819030
vt 0.354478 0.822761
vt 0.347015 0.822761
vt 0.354478 0.830224
vt 0.345149 0.833955
vt 0.345149 0.826492
vt 0.352612 0.833955
vt 0.354478 0.837687
vt 0.347015 0.837687
vt 0.354478 0.845149
vt 0.345149 0.848881
vt 0.345149 0.841418
vt 0.352612 0.848881
vt 0.354478 0.852612
vt 0.347015 0.852612
vt 0.354478 0.860075
vt 0.345149 0.863806
vt 0.345149 0.856343
vt 0.352612 0.863806
vt 0.354478 0.867537
vt 0.347015 0.867537
vt 0.354478 0.875000
vt 0.345149 0.878731
vt 0.345149 0.871269
vt 0.352612 0.878731
vt 0.354478 0.882463
vt 0.347015 0.882463
vt 0.354478 0.889925
vt 0.345149 0.893657
vt 0.345149 0.886194
vt 0.352612 0.893657
vt 0.354478 0.897388
vt 0.347015 0.897388
vt 0.354478 0.904851
vt 0.345149 0.908582
vt 0.345149 0.901119
vt 0.352612 0.908582
vt 0.354478 0.912313
vt 0.347015 0.912313
vt 0.354478 0.919776
vt 0.345149 0.923507
vt 0.345149 0.916045
vt 0.352612 0.923507
vt 0.354478 0.927239
vt 0.347015 0.927239
vt 0.354478 0.934701
vt 0.345149 0.938433
vt 0.345149 0.930970
vt 0.352612 0.938433
vt 0.354478 0.942164
vt 0.347015 0.942164
vt 0.354478 0.949627
vt 0.345149 0.953358
vt 0.345149 0.945895
vt 0.352612 0.953358
vt 0.354478 0.957090
vt 0.347015 0.957090
vt 0.354478 0.964552
vt 0.345149 0.968284
vt 0.345149 0.960821
vt 0.352612 0.968284
vt 0.354478 0.972015
vt 0.347015 0.972015
vt 0.354478 0.979478
vt 0.345149 0.983209
vt 0.345149 0.975746
vt 0.352612 0.983209
vt 0.354478 0.986940
vt 0.347015 0.986940
vt 0.354478 0.994403
vt 0.345149 0.998134
vt 0.345149 0.990672
vt 0.352612 0.998134
vt 0.369403 0.001866
vt 0.361940 0.001866
vt 0.369403 0.009328
vt 0.360075 0.013060
vt 0.360075 0.005597
vt 0.367537 0.013060
vt 0.369403 0.016791
vt 0.361940 0.016791
vt 0.369403 0.024254
vt 0.360075 0.027985
vt 0.360075 0.020522
vt 0.367537 0.027985
vt 0.369403 0.031716
vt 0.361940 0.031716
vt 0.369403 0.039179
vt 0.360075 0.042910
vt 0.360075 0.035448
vt 0.367537 0.042910
vt 0.369403 0.046642
vt 0.361940 0.046642
vt 0.369403 0.054104
vt 0.360075 0.057836
vt 0.360075 0.050373
vt 0.367537 0.057836
vt 0.369403 0.061567
vt 0.361940 0.061567
vt 0.369403 0.069030
vt 0.360075 0.072761
vt 0.360075 0.065299
vt 0.367537 0.072761
vt 0.369403 0.076493
vt 0.361940 0.076493
vt 0.369403 0.083955
vt 0.360075 0.087687
vt 0.360075 0.080224
vt 0.367537 0.087687
vt 0.369403 0.091418
vt 0.361940 0.091418
vt 0.369403 0.098881
vt 0.360075 0.102612
vt 0.360075 0.095149
vt 0.367537 0.102612
vt 0.369403 0.106343
vt 0.361940 0.106343
vt 0.369403 0.113806
vt 0.360075 0.117537
vt 0.360075 0.110075
vt 0.367537 0.117537
vt 0.369403 0.121269
vt 0.361940 0.121269
vt 0.369403 0.128731
vt 0.360075 0.132463
vt 0.360075 0.125000
vt 0.367537 0.132463
vt 0.369403 0.136194
vt 0.361940 0.136194
vt 0.369403 0.143657
vt 0.360075 0.147388
vt 0.360075 0.139925
vt 0.367537 0.147388
vt 0.369403 0.151119
vt 0.361940 0.151119
vt 0.369403 0.158582
vt 0.360075 0.162313
vt 0.360075 0.154851
vt 0.367537 0.162313
vt 0.369403 0.166045
vt 0.361940 0.166045
vt 0.369403 0.173507
vt 0.360075 0.177239
vt 0.360075 0.169776
vt 0.367537 0.177239
vt 0.369403 0.180970
vt 0.361940 0.180970
vt 0.369403 0.188433
vt 0.360075 0.192164
vt 0.360075 0.184701
vt 0.367537 0.192164
vt 0.369403 0.195896
vt 0.361940 0.195896
vt 0.369403 0.203358
vt 0.360075 0.207090
vt 0.360075 0.199627
vt 0.367537 0.207090
vt 0.369403 0.210821
vt 0.361940 0.210821
vt 0.369403 0.218284
vt 0.360075 0.222015
vt 0.360075 0.214552
vt 0.367537 0.222015
vt 0.369403 0.225746
vt 0.361940 0.225746
vt 0.369403 0.233209
vt 0.360075 0.236940
vt 0.360075 0.229478
vt 0.367537 0.236940
vt 0.369403 0.240672
vt 0.361940 0.240672
vt 0.369403 0.248134
vt 0.360075 0.251866
vt 0.360075 0.244403
vt 0.367537 0.251866
vt 0.369403 0.255597
vt 0.361940 0.255597
vt 0.369403 0.263060
vt 0.360075 0.266791
vt 0.360075 0.259328
vt 0.367537 0.266791
vt 0.369403 0.270522
vt 0.361940 0.270522
vt 0.369403 0.277985
vt 0.360075 0.281716
vt 0.360075 0.274254
vt 0.367537 0.281716
vt 0.369403 0.285448
vt 0.361940 0.285448
vt 0.369403 0.292910
vt 0.360075 0.296642
vt 0.360075 0.289179
vt 0.367537 0.296642
vt 0.369403 0.300373
vt 0.361940 0.300373
vt 0.369403 0.307836
vt 0.360075 0.311567
vt 0.360075 0.304104
vt 0.367537 0.311567
vt 0.369403 0.315298
vt 0.361940 0.315298
vt 0.369403 0.322761
vt 0.360075 0.326493
vt 0.360075 0.319030
vt 0.367537 0.326493
vt 0.369403 0.330224
vt 0.361940 0.330224
vt 0.369403 0.337687
vt 0.360075 0.341418
vt 0.360075 0.333955
vt 0.367537 0.341418
vt 0.369403 0.345149
vt 0.361940 0.345149
vt 0.369403 0.352612
vt 0.360075 0.356343
vt 0.360075 0.348881
vt 0.367537 0.356343
vt 0.369403 0.360075
vt 0.361940 0.360075
vt 0.369403 0.367537
vt 0.360075 0.371269
vt 0.360075 0.363806
vt 0.367537 0.371269
vt 0.369403 0.375000
vt 0.361940 0.375000
vt 0.369403 0.382463
vt 0.360075 0.386194
vt 0.360075 0.378731
vt 0.367537 0.386194
vt 0.369403 0.389925
vt 0.361940 0.389925
vt 0.369403 0.397388
vt 0.360075 0.401119
vt 0.360075 0.393657
vt 0.367537 0.401119
vt 0.369403 0.404851
vt 0.361940 0.404851
vt 0.369403 0.412313
vt 0.360075 0.416045
vt 0.360075 0.408582
vt 0.367537 0.416045
vt 0.369403 0.419776
vt 0.361940 0.419776
vt 0.369403 0.427239
vt 0.360075 0.430970
vt 0.360075 0.423507
vt 0.367537 0.430970
vt 0.369403 0.434701
vt 0.361940 0.434701
vt 0.369403 0.442164
vt 0.360075 0.445896
vt 0.360075 0.438433
vt 0.367537 0.445896
vt 0.369403 0.449627
vt 0.361940 0.449627
vt 0.369403 0.457090
vt 0.360075 0.460821
vt 0.360075 0.453358
vt 0.367537 0.460821
vt 0.369403 0.464552
vt 0.361940 0.464552
vt 0.369403 0.472015
vt 0.360075 0.475746
vt 0.360075 0.468284
vt 0.367537 0.475746
vt 0.369403 0.479478
vt 0.361940 0.479478
vt 0.369403 0.486940
vt 0.360075 0.490672
vt 0.360075 0.483209
vt 0.367537 0.490672
vt 0.369403 0.494403
vt 0.361940 0.494403
vt 0.369403 0.501866
vt 0.360075 0.505597
vt 0.360075 0.498134
vt 0.367537 0.505597
vt 0.369403 0.509328
vt 0.361940 0.509328
vt 0.369403 0.516791
vt 0.360075 0.520522
vt 0.360075 0.513060
vt 0.367537 0.520522
vt 0.369403 0.524254
vt 0.361940 0.524254
vt 0.369403 0.531716
vt 0.360075 0.535448
vt 0.360075 0.527985
vt 0.367537 0.535448
vt 0.369403 0.539179
vt 0.361940 0.539179
vt 0.369403 0.546642
vt 0.360075 0.550373
vt 0.360075 0.542910
vt 0.367537 0.550373
vt 0.369403 0.554104
vt 0.361940 0.554104
vt 0.369403 0.561567
vt 0.360075 0.565298
vt 0.360075 0.557836
vt 0.367537 0.565298
vt 0.369403 0.569030
vt 0.361940 0.569030
vt 0.369403 0.576493
vt 0.360075 0.580224
vt 0.360075 0.572761
vt 0.367537 0.580224
vt 0.369403 0.583955
vt 0.361940 0.583955
vt 0.369403 0.591418
vt 0.360075 0.595149
vt 0.360075 0.587687
vt 0.367537 0.595149
vt 0.369403 0.598881
vt 0.361940 0.598881
vt 0.369403 0.606343
vt 0.360075 0.610075
vt 0.360075 0.602612
vt 0.367537 0.610075
vt 0.369403 0.613806
vt 0.361940 0.613806
vt 0.369403 0.621269
vt 0.360075 0.625000
vt 0.360075 0.617537
vt 0.367537 0.625000
vt 0.369403 0.628731
vt 0.361940 0.628731
vt 0.369403 0.636194
vt 0.360075 0.639925
vt 0.360075 0.632463
vt 0.367537 0.639925
vt 0.369403 0.643657
vt 0.361940 0.643657
vt 0.369403 0.651119
vt 0.360075 0.654851
vt 0.360075 0.647388
vt 0.367537 0.654851
vt 0.369403 0.658582
vt 0.361940 0.658582
vt 0.369403 0.666045
vt 0.360075 0.669776
vt 0.360075 0.662313
vt 0.367537 0.669776
vt 0.369403 0.673507
vt 0.361940 0.673507
vt 0.369403 0.680970
vt 0.360075 0.684702
vt 0.360075 0.677239
vt 0.367537 0.684702
vt 0.369403 0.688433
vt 0.361940 0.688433
vt 0.369403 0.695895
vt 0.360075 0.699627
vt 0.360075 0.692164
vt 0.367537 0.699627
vt 0.369403 0.703358
vt 0.361940 0.703358
vt 0.369403 0.710821
vt 0.360075 0.714552
vt 0.360075 0.707090
vt 0.367537 0.714552
vt 0.369403 0.718284
vt 0.361940 0.718284
vt 0.369403 0.725746
vt 0.360075 0.729478
vt 0.360075 0.722015
vt 0.367537 0.729478
vt 0.369403 0.733209
vt 0.361940 0.733209
vt 0.369403 0.740672
vt 0.360075 0.744403
vt 0.360075 0.736940
vt 0.367537 0.744403
vt 0.369403 0.748134
vt 0.361940 0.748134
vt 0.369403 0.755597
vt 0.360075 0.759328
vt 0.360075 0.751866
vt 0.367537 0.759328
vt 0.369403 0.763060
vt 0.361940 0.763060
vt 0.369403 0.770522
vt 0.360075 0.774254
vt 0.360075 0.766791
vt 0.367537 0.774254
vt 0.369403 0.777985
vt 0.361940 0.777985
vt 0.369403 0.785448
vt 0.360075 0.789179
vt 0.360075 0.781716
vt 0.367537 0.789179
vt 0.369403 0.792910
vt 0.361940 0.792910
vt 0.369403 0.800373
vt 0.360075 0.804104
vt 0.360075 0.796642
vt 0.367537 0.804104
vt 0.369403 0.807836
vt 0.361940 0.807836
vt 0.369403 0.815298
vt 0.360075 0.819030
vt 0.360075 0.811567
vt 0.367537 0.819030
vt 0.369403 0.822761
vt 0.361940 0.822761
vt 0.369403 0.830224
vt 0.360075 0.833955
vt 0.360075 0.826492
vt 0.367537 0.833955
vt 0.369403 0.837687
vt 0.361940 0.837687
vt 0.369403 0.845149
vt 0.360075 0.848881
vt 0.360075 0.841418
vt 0.367537 0.848881
vt 0.369403 0.852612
vt 0.361940 0.852612
vt 0.369403 0.860075
vt 0.360075 0.863806
vt 0.360075 0.856343
vt 0.367537 0.863806
vt 0.369403 0.867537
vt 0.361940 0.867537
vt 0.369403 0.875000
vt 0.360075 0.878731
vt 0.360075 0.871269
vt 0.367537 0.878731
vt 0.369403 0.882463
vt 0.361940 0.882463
vt 0.369403 0.889925
vt 0.360075 0.893657
vt 0.360075 0.886194
vt 0.367537 0.893657
vt 0.369403 0.897388
vt 0.361940 0.897388
vt 0.369403 0.904851
vt 0.360075 0.908582
vt 0.360075 0.901119
vt 0.367537 0.908582
vt 0.369403 0.912313
vt 0.361940 0.912313
vt 0.369403 0.919776
vt 0.360075 0.923507
vt 0.360075 0.916045
vt 0.367537 0.923507
vt 0.369403 0.927239
vt 0.361940 0.927239
vt 0.369403 0.934701
vt 0.360075 0.938433
vt 0.360075 0.930970
vt 0.367537 0.938433
vt 0.369403 0.942164
vt 0.361940 0.942164
vt 0.369403 0.949627
vt 0.360075 0.953358
vt 0.360075 0.945895
vt 0.367537 0.953358
vt 0.369403 0.957090
vt 0.361940 0.957090
vt 0.369403 0.964552
vt 0.360075 0.968284
vt 0.360075 0.960821
vt 0.367537 0.968284
vt 0.369403 0.972015
vt 0.361940 0.972015
vt 0.369403 0.979478
vt 0.360075 0.983209
vt 0.360075 0.975746
vt 0.367537 0.983209
vt 0.369403 0.986940
vt 0.361940 0.986940
vt 0.369403 0.994403
vt 0.360075 0.998134
vt 0.360075 0.990672
vt 0.367537 0.998134
vt 0.384328 0.001866
vt 0.376866 0.001866
vt 0.384328 0.009328
vt 0.375000 0.013060
vt 0.375000 0.005597
vt 0.382463 0.013060
vt 0.384328 0.016791
vt 0.376866 0.016791
vt 0.384328 0.024254
vt 0.375000 0.027985
vt 0.375000 0.020522
vt 0.382463 0.027985
vt 0.384328 0.031716
vt 0.376866 0.031716
vt 0.384328 0.039179
vt 0.375000 0.042910
vt 0.375000 0.035448
vt 0.382463 0.042910
vt 0.384328 0.046642
vt 0.376866 0.046642
vt 0.384328 0.054104
vt 0.375000 0.057836
vt 0.375000 0.050373
vt 0.382463 0.057836
vt 0.384328 0.061567
vt 0.376866 0.061567
vt 0.384328 0.069030
vt 0.375000 0.072761
vt 0.375000 0.065299
vt 0.382463 0.072761
vt 0.384328 0.076493
vt 0.376866 0.076493
vt 0.384328 0.083955
vt 0.375000 0.087687
vt 0.375000 0.080224
vt 0.382463 0.087687
vt 0.384328 0.091418
vt 0.376866 0.091418
vt 0.384328 0.098881
vt 0.375000 0.102612
vt 0.375000 0.095149
vt 0.382463 0.102612
vt 0.384328 0.106343
vt 0.376866 0.106343
vt 0.384328 0.113806
vt 0.375000 0.117537
vt 0.375000 0.110075
vt 0.382463 0.117537
vt 0.384328 0.121269
vt 0.376866 0.121269
vt 0.384328 0.128731
vt 0.375000 0.132463
vt 0.375000 0.125000
vt 0.382463 0.132463
vt 0.384328 0.136194
vt 0.376866 0.136194
vt 0.384328 0.143657
vt 0.375000 0.147388
vt 0.375000 0.139925
vt 0.382463 0.147388
vt 0.384328 0.151119
vt 0.376866 0.151119
vt 0.384328 0.158582
vt 0.375000 0.162313
vt 0.375000 0.154851
vt 0.382463 0.162313
vt 0.384328 0.166045
vt 0.376866 0.166045
vt 0.384328 0.173507
vt 0.375000 0.177239
vt 0.375000 0.169776
vt 0.382463 0.177239
vt 0.384328 0.180970
vt 0.376866 0.180970
vt 0.384328 0.188433
vt 0.375000 0.192164
vt 0.375000 0.184701
vt 0.382463 0.192164
vt 0.384328 0.195896
vt 0.376866 0.195896
vt 0.384328 0.203358
vt 0.375000 0.207090
vt 0.375000 0.199627
vt 0.382463 0.207090
vt 0.384328 0.210821
vt 0.376866 0.210821
vt 0.384328 0.218284
vt 0.375000 0.222015
vt 0.375000 0.214552
vt 0.382463 0.222015
vt 0.384328 0.225746
vt 0.376866 0.225746
vt 0.384328 0.233209
vt 0.375000 0.236940
vt 0.375000 0.229478
vt 0.382463 0.236940
vt 0.384328 0.240672
vt 0.376866 0.240672
vt 0.384328 0.248134
vt 0.375000 0.251866
vt 0.375000 0.244403
vt 0.382463 0.251866
vt 0.384328 0.255597
vt 0.376866 0.255597
vt 0.384328 0.263060
vt 0.375000 0.266791
vt 0.375000 0.259328
vt 0.382463 0.266791
vt 0.384328 0.270522
vt 0.376866 0.270522
vt 0.384328 0.277985
vt 0.375000 0.281716
vt 0.375000 0.274254
vt 0.382463 0.281716
vt 0.384328 0.285448
vt 0.376866 0.285448
vt 0.384328 0.292910
vt 0.375000 0.296642
vt 0.375000 0.289179
vt 0.382463 0.296642
vt 0.384328 0.300373
vt 0.376866 0.300373
vt 0.384328 0.307836
vt 0.375000 0.311567
vt 0.375000 0.304104
vt 0.382463 0.311567
vt 0.384328 0.315298
vt 0.376866 0.315298
vt 0.384328 0.322761
vt 0.375000 0.326493
vt 0.375000 0.319030
vt 0.382463 0.326493
vt 0.384328 0.330224
vt 0.376866 0.330224
vt 0.384328 0.337687
vt 0.375000 0.341418
vt 0.375000 0.333955
vt 0.382463 0.341418
vt 0.384328 0.345149
vt 0.376866 0.345149
vt 0.384328 0.352612
vt 0.375000 0.356343
vt 0.375000 0.348881
vt 0.382463 0.356343
vt 0.384328 0.360075
vt 0.376866 0.360075
vt 0.384328 0.367537
vt 0.375000 0.371269
vt 0.375000 0.363806
vt 0.382463 0.371269
vt 0.384328 0.375000
vt 0.376866 0.375000
vt 0.384328 0.382463
vt 0.375000 0.386194
vt 0.375000 0.378731
vt 0.382463 0.386194
vt 0.384328 0.389925
vt 0.376866 0.389925
vt 0.384328 0.397388
vt 0.375000 0.401119
vt 0.375000 0.393657
vt 0.382463 0.401119
vt 0.384328 0.404851
vt 0.376866 0.404851
vt 0.384328 0.412313
vt 0.375000 0.416045
vt 0.375000 0.408582
vt 0.382463 0.416045
vt 0.384328 0.419776
vt 0.376866 0.419776
vt 0.384328 0.427239
vt 0.375000 0.430970
vt 0.375000 0.423507
vt 0.382463 0.430970
vt 0.384328 0.434701
vt 0.376866 0.434701
vt 0.384328 0.442164
vt 0.375000 0.445896
vt 0.375000 0.438433
vt 0.382463 0.445896
vt 0.384328 0.449627
vt 0.376866 0.449627
vt 0.384328 0.457090
vt 0.375000 0.460821
vt 0.375000 0.453358
vt 0.382463 0.460821
vt 0.384328 0.464552
vt 0.376866 0.464552
vt 0.384328 0.472015
vt 0.375000 0.475746
vt 0.375000 0.468284
vt 0.382463 0.475746
vt 0.384328 0.479478
vt 0.376866 0.479478
vt 0.384328 0.486940
vt 0.375000 0.490672
vt 0.375000 0.483209
vt 0.382463 0.490672
vt 0.384328 0.494403
vt 0.376866 0.494403
vt 0.384328 0.501866
vt 0.375000 0.505597
vt 0.375000 0.498134
vt 0.382463 0.505597
vt 0.384328 0.509328
vt 0.376866 0.509328
vt 0.384328 0.516791
vt 0.375000 0.520522
vt 0.375000 0.513060
vt 0.382463 0.520522
vt 0.384328 0.524254
vt 0.376866 0.524254
vt 0.384328 0.531716
vt 0.375000 0.535448
vt 0.375000 0.527985
vt 0.382463 0.535448
vt 0.384328 0.539179
vt 0.376866 0.539179
vt 0.384328 0.546642
vt 0.375000 0.550373
vt 0.375000 0.542910
vt 0.382463 0.550373
vt 0.384328 0.554104
vt 0.376866 0.554104
vt 0.384328 0.561567
vt 0.375000 0.565298
vt 0.375000 0.557836
vt 0.382463 0.565298
vt 0.384328 0.569030
vt 0.376866 0.569030
vt 0.384328 0.576493
vt 0.375000 0.580224
vt 0.375000 0.572761
vt 0.382463 0.580224
vt 0.384328 0.583955
vt 0.376866 0.583955
vt 0.384328 0.591418
vt 0.375000 0.595149
vt 0.375000 0.587687
vt 0.382463 0.595149
vt 0.384328 0.598881
vt 0.376866 0.598881
vt 0.384328 0.606343
vt 0.375000 0.610075
vt 0.375000 0.602612
vt 0.382463 0.610075
vt 0.384328 0.613806
vt 0.376866 0.613806
vt 0.384328 0.621269
vt 0.375000 0.625000
vt 0.375000 0.617537
vt 0.382463 0.625000
vt 0.384328 0.628731
vt 0.376866 0.628731
vt 0.384328 0.636194
vt 0.375000 0.639925
vt 0.375000 0.632463
vt 0.382463 0.639925
vt 0.384328 0.643657
vt 0.376866 0.643657
vt 0.384328 0.651119
vt 0.375000 0.654851
vt 0.375000 0.647388
vt 0.382463 0.654851
vt 0.384328 0.658582
vt 0.376866 0.658582
vt 0.384328 0.666045
vt 0.375000 0.669776
vt 0.375000 0.662313
vt 0.382463 0.669776
vt 0.384328 0.673507
vt 0.376866 0.673507
vt 0.384328 0.680970
vt 0.375000 0.684702
vt 0.375000 0.677239
vt 0.382463 0.684702
vt 0.384328 0.688433
vt 0.376866 0.688433
vt 0.384328 0.695895
vt 0.375000 0.699627
vt 0.375000 0.692164
vt 0.382463 0.699627
vt 0.384328 0.703358
vt 0.376866 0.703358
vt 0.384328 0.710821
vt 0.375000 0.714552
vt 0.375000 0.707090
vt 0.382463 0.714552
vt 0.384328 0.718284
vt 0.376866 0.718284
vt 0.384328 0.725746
vt 0.375000 0.729478
vt 0.375000 0.722015
vt 0.382463 0.729478
vt 0.384328 0.733209
vt 0.376866 0.733209
vt 0.384328 0.740672
vt 0.375000 0.744403
vt 0.375000 0.736940
vt 0.382463 0.744403
vt 0.384328 0.748134
vt 0.376866 0.748134
vt 0.384328 0.755597
vt 0.375000 0.759328
vt 0.375000 0.751866
vt 0.382463 0.759328
vt 0.384328 0.763060
vt 0.376866 0.763060
vt 0.384328 0.770522
vt 0.375000 0.774254
vt 0.375000 0.766791
vt 0.382463 0.774254
vt 0.384328 0.777985
vt 0.376866 0.777985
vt 0.384328 0.785448
vt 0.375000 0.789179
vt 0.375000 0.781716
vt 0.382463 0.789179
vt 0.384328 0.792910
vt 0.376866 0.792910
vt 0.384328 0.800373
vt 0.375000 0.804104
vt 0.375000 0.796642
vt 0.382463 0.804104
vt 0.384328 0.807836
vt 0.376866 0.807836
vt 0.384328 0.815298
vt 0.375000 0.819030
vt 0.375000 0.811567
vt 0.382463 0.819030
vt 0.384328 0.822761
vt 0.376866 0.822761
vt 0.384328 0.830224
vt 0.375000 0.833955
vt 0.375000 0.826492
vt 0.382463 0.833955
vt 0.384328 0.837687
vt 0.376866 0.837687
vt 0.384328 0.845149
vt 0.375000 0.848881
vt 0.375000 0.841418
vt 0.382463 0.848881
vt 0.384328 0.852612
vt 0.376866 0.852612
vt 0.384328 0.860075
vt 0.375000 0.863806
vt 0.375000 0.856343
vt 0.382463 0.863806
vt 0.384328 0.867537
vt 0.376866 0.867537
vt 0.384328 0.875000
vt 0.375000 0.878731
vt 0.375000 0.871269
vt 0.382463 0.878731
vt 0.384328 0.882463
vt 0.376866 0.882463
vt 0.384328 0.889925
vt 0.375000 0.893657
vt 0.375000 0.886194
vt 0.382463 0.893657
vt 0.384328 0.897388
vt 0.376866 0.897388
vt 0.384328 0.904851
vt 0.375000 0.908582
vt 0.375000 0.901119
vt 0.382463 0.908582
vt 0.384328 0.912313
vt 0.376866 0.912313
vt 0.384328 0.919776
vt 0.375000 0.923507
vt 0.375000 0.916045
vt 0.382463 0.923507
vt 0.384328 0.927239
vt 0.376866 0.927239
vt 0.384328 0.934701
vt 0.375000 0.938433
vt 0.375000 0.930970
vt 0.382463 0.938433
vt 0.384328 0.942164
vt 0.376866 0.942164
vt 0.384328 0.949627
vt 0.375000 0.953358
vt 0.375000 0.945895
vt 0.382463 0.953358
vt 0.384328 0.957090
vt 0.376866 0.957090
vt 0.384328 0.964552
vt 0.375000 0.968284
vt 0.375000 0.960821
vt 0.382463 0.968284
vt 0.384328 0.972015
vt 0.376866 0.972015
vt 0.384328 0.979478
vt 0.375000 0.983209
vt 0.375000 0.975746
vt 0.382463 0.983209
vt 0.384328 0.986940
vt 0.376866 0.986940
vt 0.384328 0.994403
vt 0.375000 0.998134
vt 0.375000 0.990672
vt 0.382463 0.998134
vt 0.399254 0.001866
vt 0.391791 0.001866
vt 0.399254 0.009328
vt 0.389925 0.013060
vt 0.389925 0.005597
vt 0.397388 0.013060
vt 0.399254 0.016791
vt 0.391791 0.016791
vt 0.399254 0.024254
vt 0.389925 0.027985
vt 0.389925 0.020522
vt 0.397388 0.027985
vt 0.399254 0.031716
vt 0.391791 0.031716
vt 0.399254 0.039179
vt 0.389925 0.042910
vt 0.389925 0.035448
vt 0.397388 0.042910
vt 0.399254 0.046642
vt 0.391791 0.046642
vt 0.399254 0.054104
vt 0.389925 0.057836
vt 0.389925 0.050373
vt 0.397388 0.057836
vt 0.399254 0.061567
vt 0.391791 0.061567
vt 0.399254 0.069030
vt 0.389925 0.072761
vt 0.389925 0.065299
vt 0.397388 0.072761
vt 0.399254 0.076493
vt 0.391791 0.076493
vt 0.399254 0.083955
vt 0.389925 0.087687
vt 0.389925 0.080224
vt 0.397388 0.087687
vt 0.399254 0.091418
vt 0.391791 0.091418
vt 0.399254 0.098881
vt 0.389925 0.102612
vt 0.389925 0.095149
vt 0.397388 0.102612
vt 0.399254 0.106343
vt 0.391791 0.106343
vt 0.399254 0.113806
vt 0.389925 0.117537
vt 0.389925 0.110075
vt 0.397388 0.117537
vt 0.399254 0.121269
vt 0.391791 0.121269
vt 0.399254 0.128731
vt 0.389925 0.132463
vt 0.389925 0.125000
vt 0.397388 0.132463
vt 0.399254 0.136194
vt 0.391791 0.136194
vt 0.399254 0.143657
vt 0.389925 0.147388
vt 0.389925 0.139925
vt 0.397388 0.147388
vt 0.399254 0.151119
vt 0.391791 0.151119
vt 0.399254 0.158582
vt 0.389925 0.162313
vt 0.389925 0.154851
vt 0.397388 0.162313
vt 0.399254 0.166045
vt 0.391791 0.166045
vt 0.399254 0.173507
vt 0.389925 0.177239
vt 0.389925 0.169776
vt 0.397388 0.177239
vt 0.399254 0.180970
vt 0.391791 0.180970
vt 0.399254 0.188433
vt 0.389925 0.192164
vt 0.389925 0.184701
vt 0.397388 0.192164
vt 0.399254 0.195896
vt 0.391791 0.195896
vt 0.399254 0.203358
vt 0.389925 0.207090
vt 0.389925 0.199627
vt 0.397388 0.207090
vt 0.399254 0.210821
vt 0.391791 0.210821
vt 0.399254 0.218284
vt 0.389925 0.222015
vt 0.389925 0.214552
vt 0.397388 0.222015
vt 0.399254 0.225746
vt 0.391791 0.225746
vt 0.399254 0.233209
vt 0.389925 0.236940
vt 0.389925 0.229478
vt 0.397388 0.236940
vt 0.399254 0.240672
vt 0.391791 0.240672
vt 0.399254 0.248134
vt 0.389925 0.251866
vt 0.389925 0.244403
vt 0.397388 0.251866
vt 0.399254 0.255597
vt 0.391791 0.255597
vt 0.399254 0.263060
vt 0.389925 0.266791
vt 0.389925 0.259328
vt 0.397388 0.266791
vt 0.399254 0.270522
vt 0.391791 0.270522
vt 0.399254 0.277985
vt 0.389925 0.281716
vt 0.389925 0.274254
vt 0.397388 0.281716
vt 0.399254 0.285448
vt 0.391791 0.285448
vt 0.399254 0.292910
vt 0.389925 0.296642
vt 0.389925 0.289179
vt 0.397388 0.296642
vt 0.399254 0.300373
vt 0.391791 0.300373
vt 0.399254 0.307836
vt 0.389925 0.311567
vt 0.389925 0.304104
vt 0.397388 0.311567
vt 0.399254 0.315298
vt 0.391791 0.315298
vt 0.399254 0.322761
vt 0.389925 0.326493
vt 0.389925 0.319030
vt 0.397388 0.326493
vt 0.399254 0.330224
vt 0.391791 0.330224
vt 0.399254 0.337687
vt 0.389925 0.341418
vt 0.389925 0.333955
vt 0.397388 0.341418
vt 0.399254 0.345149
vt 0.391791 0.345149
vt 0.399254 0.352612
vt 0.389925 0.356343
vt 0.389925 0.348881
vt 0.397388 0.356343
vt 0.399254 0.360075
vt 0.391791 0.360075
vt 0.399254 0.367537
vt 0.389925 0.371269
vt 0.389925 0.363806
vt 0.397388 0.371269
vt 0.399254 0.375000
vt 0.391791 0.375000
vt 0.399254 0.382463
vt 0.389925 0.386194
vt 0.389925 0.378731
vt 0.397388 0.386194
vt 0.399254 0.389925
vt 0.391791 0.389925
vt 0.399254 0.397388
vt 0.389925 0.401119
vt 0.389925 0.393657
vt 0.397388 0.401119
vt 0.399254 0.404851
vt 0.391791 0.404851
vt 0.399254 0.412313
vt 0.389925 0.416045
vt 0.389925 0.408582
vt 0.397388 0.416045
vt 0.399254 0.419776
vt 0.391791 0.419776
vt 0.399254 0.427239
vt 0.389925 0.430970
vt 0.389925 0.423507
vt 0.397388 0.430970
vt 0.399254 0.434701
vt 0.391791 0.434701
vt 0.399254 0.442164
vt 0.389925 0.445896
vt 0.389925 0.438433
vt 0.397388 0.445896
vt 0.399254 0.449627
vt 0.391791 0.449627
vt 0.399254 0.457090
vt 0.389925 0.460821
vt 0.389925 0.453358
vt 0.397388 0.460821
vt 0.399254 0.464552
vt 0.391791 0.464552
vt 0.399254 0.472015
vt 0.389925 0.475746
vt 0.389925 0.468284
vt 0.397388 0.475746
vt 0.399254 0.479478
vt 0.391791 0.479478
vt 0.399254 0.486940
vt 0.389925 0.490672
vt 0.389925 0.483209
vt 0.397388 0.490672
vt 0.399254 0.494403
vt 0.391791 0.494403
vt 0.399254 0.501866
vt 0.389925 0.505597
vt 0.389925 0.498134
vt 0.397388 0.505597
vt 0.399254 0.509328
vt 0.391791 0.509328
vt 0.399254 0.516791
vt 0.389925 0.520522
vt 0.389925 0.513060
vt 0.397388 0.520522
vt 0.399254 0.524254
vt 0.391791 0.524254
vt 0.399254 0.531716
vt 0.389925 0.535448
vt 0.389925 0.527985
vt 0.397388 0.535448
vt 0.399254 0.539179
vt 0.391791 0.539179
vt 0.399254 0.546642
vt 0.389925 0.550373
vt 0.389925 0.542910
vt 0.397388 0.550373
vt 0.399254 0.554104
vt 0.391791 0.554104
vt 0.399254 0.561567
vt 0.389925 0.565298
vt 0.389925 0.557836
vt 0.397388 0.565298
vt 0.399254 0.569030
vt 0.391791 0.569030
vt 0.399254 0.576493
vt 0.389925 0.580224
vt 0.389925 0.572761
vt 0.397388 0.580224
vt 0.399254 0.583955
vt 0.391791 0.583955
vt 0.399254 0.591418
vt 0.389925 0.595149
vt 0.389925 0.587687
vt 0.397388 0.595149
vt 0.399254 0.598881
vt 0.391791 0.598881
vt 0.399254 0.606343
vt 0.389925 0.610075
vt 0.389925 0.602612
vt 0.397388 0.610075
vt 0.399254 0.613806
vt 0.391791 0.613806
vt 0.399254 0.621269
vt 0.389925 0.625000
vt 0.389925 0.617537
vt 0.397388 0.625000
vt 0.399254 0.628731
vt 0.391791 0.628731
vt 0.399254 0.636194
vt 0.389925 0.639925
vt 0.389925 0.632463
vt 0.397388 0.639925
vt 0.399254 0.643657
vt 0.391791 0.643657
vt 0.399254 0.651119
vt 0.389925 0.654851
vt 0.389925 0.647388
vt 0.397388 0.654851
vt 0.399254 0.658582
vt 0.391791 0.658582
vt 0.399254 0.666045
vt 0.389925 0.669776
vt 0.389925 0.662313
vt 0.397388 0.669776
vt 0.399254 0.673507
vt 0.391791 0.673507
vt 0.399254 0.680970
vt 0.389925 0.684702
vt 0.389925 0.677239
vt 0.397388 0.684702
vt 0.399254 0.688433
vt 0.391791 0.688433
vt 0.399254 0.695895
vt 0.389925 0.699627
vt 0.389925 0.692164
vt 0.397388 0.699627
vt 0.399254 0.703358
vt 0.391791 0.703358
vt 0.399254 0.710821
vt 0.389925 0.714552
vt 0.389925 0.707090
vt 0.397388 0.714552
vt 0.399254 0.718284
vt 0.391791 0.718284
vt 0.399254 0.725746
vt 0.389925 0.729478
vt 0.389925 0.722015
vt 0.397388 0.729478
vt 0.399254 0.733209
vt 0.391791 0.733209
vt 0.399254 0.740672
vt 0.389925 0.744403
vt 0.389925 0.736940
vt 0.397388 0.744403
vt 0.399254 0.748134
vt 0.391791 0.748134
vt 0.399254 0.755597
vt 0.389925 0.759328
vt 0.389925 0.751866
vt 0.397388 0.759328
vt 0.399254 0.763060
vt 0.391791 0.763060
vt 0.399254 0.770522
vt 0.389925 0.774254
vt 0.389925 0.766791
vt 0.397388 0.774254
vt 0.399254 0.777985
vt 0.391791 0.777985
vt 0.399254 0.785448
vt 0.389925 0.789179
vt 0.389925 0.781716
vt 0.397388 0.789179
vt 0.399254 0.792910
vt 0.391791 0.792910
vt 0.399254 0.800373
vt 0.389925 0.804104
vt 0.389925 0.796642
vt 0.397388 0.804104
vt 0.399254 0.807836
vt 0.391791 0.807836
vt 0.399254 0.815298
vt 0.389925 0.819030
vt 0.389925 0.811567
vt 0.397388 0.819030
vt 0.399254 0.822761
vt 0.391791 0.822761
vt 0.399254 0.830224
vt 0.389925 0.833955
vt 0.389925 0.826492
vt 0.397388 0.833955
vt 0.399254 0.837687
vt 0.391791 0.837687
vt 0.399254 0.845149
vt 0.389925 0.848881
vt 0.389925 0.841418
vt 0.397388 0.848881
vt 0.399254 0.852612
vt 0.391791 0.852612
vt 0.399254 0.860075
vt 0.389925 0.863806
vt 0.389925 0.856343
vt 0.397388 0.863806
vt 0.399254 0.867537
vt 0.391791 0.867537
vt 0.399254 0.875000
vt 0.389925 0.878731
vt 0.389925 0.871269
vt 0.397388 0.878731
vt 0.399254 0.882463
vt 0.391791 0.882463
vt 0.399254 0.889925
vt 0.389925 0.893657
vt 0.389925 0.886194
vt 0.397388 0.893657
vt 0.399254 0.897388
vt 0.391791 0.897388
vt 0.399254 0.904851
vt 0.389925 0.908582
vt 0.389925 0.901119
vt 0.397388 0.908582
vt 0.399254 0.912313
vt 0.391791 0.912313
vt 0.399254 0.919776
vt 0.389925 0.923507
vt 0.389925 0.916045
vt 0.397388 0.923507
vt 0.399254 0.927239
vt 0.391791 0.927239
vt 0.399254 0.934701
vt 0.389925 0.938433
vt 0.389925 0.930970
vt 0.397388 0.938433
vt 0.399254 0.942164
vt 0.391791 0.942164
vt 0.399254 0.949627
vt 0.389925 0.953358
vt 0.389925 0.945895
vt 0.397388 0.953358
vt 0.399254 0.957090
vt 0.391791 0.957090
vt 0.399254 0.964552
vt 0.389925 0.968284
vt 0.389925 0.960821
vt 0.397388 0.968284
vt 0.399254 0.972015
vt 0.391791 0.972015
vt 0.399254 0.979478
vt 0.389925 0.983209
vt 0.389925 0.975746
vt 0.397388 0.983209
vt 0.399254 0.986940
vt 0.391791 0.986940
vt 0.399254 0.994403
vt 0.389925 0.998134
vt 0.389925 0.990672
vt 0.397388 0.998134
vt 0.414179 0.001866
vt 0.406716 0.001866
vt 0.414179 0.009328
vt 0.404851 0.013060
vt 0.404851 0.005597
vt 0.412313 0.013060
vt 0.414179 0.016791
vt 0.406716 0.016791
vt 0.414179 0.024254
vt 0.404851 0.027985
vt 0.404851 0.020522
vt 0.412313 0.027985
vt 0.414179 0.031716
vt 0.406716 0.031716
vt 0.414179 0.039179
vt 0.404851 0.042910
vt 0.404851 0.035448
vt 0.412313 0.042910
vt 0.414179 0.046642
vt 0.406716 0.046642
vt 0.414179 0.054104
vt 0.404851 0.057836
vt 0.404851 0.050373
vt 0.412313 0.057836
vt 0.414179 0.061567
vt 0.406716 0.061567
vt 0.414179 0.069030
vt 0.404851 0.072761
vt 0.404851 0.065299
vt 0.412313 0.072761
vt 0.414179 0.076493
vt 0.406716 0.076493
vt 0.414179 0.083955
vt 0.404851 0.087687
vt 0.404851 0.080224
vt 0.412313 0.087687
vt 0.414179 0.091418
vt 0.406716 0.091418
vt 0.414179 0.098881
vt 0.404851 0.102612
vt 0.404851 0.095149
vt 0.412313 0.102612
vt 0.414179 0.106343
vt 0.406716 0.106343
vt 0.414179 0.113806
vt 0.404851 0.117537
vt 0.404851 0.110075
vt 0.412313 0.117537
vt 0.414179 0.121269
vt 0.406716 0.121269
vt 0.414179 0.128731
vt 0.404851 0.132463
vt 0.404851 0.125000
vt 0.412313 0.132463
vt 0.414179 0.136194
vt 0.406716 0.136194
vt 0.414179 0.143657
vt 0.404851 0.147388
vt 0.404851 0.139925
vt 0.412313 0.147388
vt 0.414179 0.151119
vt 0.406716 0.151119
vt 0.414179 0.158582
vt 0.404851 0.162313
vt 0.404851 0.154851
vt 0.412313 0.162313
vt 0.414179 0.166045
vt 0.406716 0.166045
vt 0.414179 0.173507
vt 0.404851 0.177239
vt 0.404851 0.169776
vt 0.412313 0.177239
vt 0.414179 0.180970
vt 0.406716 0.180970
vt 0.414179 0.188433
vt 0.404851 0.192164
vt 0.404851 0.184701
vt 0.412313 0.192164
vt 0.414179 0.195896
vt 0.406716 0.195896
vt 0.414179 0.203358
vt 0.404851 0.207090
vt 0.404851 0.199627
vt 0.412313 0.207090
vt 0.414179 0.210821
vt 0.406716 0.210821
vt 0.414179 0.218284
vt 0.404851 0.222015
vt 0.404851 0.214552
vt 0.412313 0.222015
vt 0.414179 0.225746
vt 0.406716 0.225746
vt 0.414179 0.233209
vt 0.404851 0.236940
vt 0.404851 0.229478
vt 0.412313 0.236940
vt 0.414179 0.240672
vt 0.406716 0.240672
vt 0.414179 0.248134
vt 0.404851 0.251866
vt 0.404851 0.244403
vt 0.412313 0.251866
vt 0.414179 0.255597
vt 0.406716 0.255597
vt 0.414179 0.263060
vt 0.404851 0.266791
vt 0.404851 0.259328
vt 0.412313 0.266791
vt 0.414179 0.270522
vt 0.406716 0.270522
vt 0.414179 0.277985
vt 0.404851 0.281716
vt 0.404851 0.274254
vt 0.412313 0.281716
vt 0.414179 0.285448
vt 0.406716 0.285448
vt 0.414179 0.292910
vt 0.404851 0.296642
vt 0.404851 0.289179
vt 0.412313 0.296642
vt 0.414179 0.300373
vt 0.406716 0.300373
vt 0.414179 0.307836
vt 0.404851 0.311567
vt 0.404851 0.304104
vt 0.412313 0.311567
vt 0.414179 0.315298
vt 0.406716 0.315298
vt 0.414179 0.322761
vt 0.404851 0.326493
vt 0.404851 0.319030
vt 0.412313 0.326493
vt 0.414179 0.330224
vt 0.406716 0.330224
vt 0.414179 0.337687
vt 0.404851 0.341418
vt 0.404851 0.333955
vt 0.412313 0.341418
vt 0.414179 0.345149
vt 0.406716 0.345149
vt 0.414179 0.352612
vt 0.404851 0.356343
vt 0.404851 0.348881
vt 0.412313 0.356343
vt 0.414179 0.360075
vt 0.406716 0.360075
vt 0.414179 0.367537
vt 0.404851 0.371269
vt 0.404851 0.363806
vt 0.412313 0.371269
vt 0.414179 0.375000
vt 0.406716 0.375000
vt 0.414179 0.382463
vt 0.404851 0.386194
vt 0.404851 0.378731
vt 0.412313 0.386194
vt 0.414179 0.389925
vt 0.406716 0.389925
vt 0.414179 0.397388
vt 0.404851 0.401119
vt 0.404851 0.393657
vt 0.412313 0.401119
vt 0.414179 0.404851
vt 0.406716 0.404851
vt 0.414179 0.412313
vt 0.404851 0.416045
vt 0.404851 0.408582
vt 0.412313 0.416045
vt 0.414179 0.419776
vt 0.406716 0.419776
vt 0.414179 0.427239
vt 0.404851 0.430970
vt 0.404851 0.423507
vt 0.412313 0.430970
vt 0.414179 0.434701
vt 0.406716 0.434701
vt 0.414179 0.442164
vt 0.404851 0.445896
vt 0.404851 0.438433
vt 0.412313 0.445896
vt 0.414179 0.449627
vt 0.406716 0.449627
vt 0.414179 0.457090
vt 0.404851 0.460821
vt 0.404851 0.453358
vt 0.412313 0.460821
vt 0.414179 0.464552
vt 0.406716 0.464552
vt 0.414179 0.472015
vt 0.404851 0.475746
vt 0.404851 0.468284
vt 0.412313 0.475746
vt 0.414179 0.479478
vt 0.406716 0.479478
vt 0.414179 0.486940
vt 0.404851 0.490672
vt 0.404851 0.483209
vt 0.412313 0.490672
vt 0.414179 0.494403
vt 0.406716 0.494403
vt 0.414179 0.501866
vt 0.404851 0.505597
vt 0.404851 0.498134
vt 0.412313 0.505597
vt 0.414179 0.509328
vt 0.406716 0.509328
vt 0.414179 0.516791
vt 0.404851 0.520522
vt 0.404851 0.513060
vt 0.412313 0.520522
vt 0.414179 0.524254
vt 0.406716 0.524254
vt 0.414179 0.531716
vt 0.404851 0.535448
vt 0.404851 0.527985
vt 0.412313 0.535448
vt 0.414179 0.539179
vt 0.406716 0.539179
vt 0.414179 0.546642
vt 0.404851 0.550373
vt 0.404851 0.542910
vt 0.412313 0.550373
vt 0.414179 0.554104
vt 0.406716 0.554104
vt 0.414179 0.561567
vt 0.404851 0.565298
vt 0.404851 0.557836
vt 0.412313 0.565298
vt 0.414179 0.569030
vt 0.406716 0.569030
vt 0.414179 0.576493
vt 0.404851 0.580224
vt 0.404851 0.572761
vt 0.412313 0.580224
vt 0.414179 0.583955
vt 0.406716 0.583955
vt 0.414179 0.591418
vt 0.404851 0.595149
vt 0.404851 0.587687
vt 0.412313 0.595149
vt 0.414179 0.598881
vt 0.406716 0.598881
vt 0.414179 0.606343
vt 0.404851 0.610075
vt 0.404851 0.602612
vt 0.412313 0.610075
vt 0.414179 0.613806
vt 0.406716 0.613806
vt 0.414179 0.621269
vt 0.404851 0.625000
vt 0.404851 0.617537
vt 0.412313 0.625000
vt 0.414179 0.628731
vt 0.406716 0.628731
vt 0.414179 0.636194
vt 0.404851 0.639925
vt 0.404851 0.632463
vt 0.412313 0.639925
vt 0.414179 0.643657
vt 0.406716 0.643657
vt 0.414179 0.651119
vt 0.404851 0.654851
vt 0.404851 0.647388
vt 0.412313 0.654851
vt 0.414179 0.658582
vt 0.406716 0.658582
vt 0.414179 0.666045
vt 0.404851 0.669776
vt 0.404851 0.662313
vt 0.412313 0.669776
vt 0.414179 0.673507
vt 0.406716 0.673507
vt 0.414179 0.680970
vt 0.404851 0.684702
vt 0.404851 0.677239
vt 0.412313 0.684702
vt 0.414179 0.688433
vt 0.406716 0.688433
vt 0.414179 0.695895
vt 0.404851 0.699627
vt 0.404851 0.692164
vt 0.412313 0.699627
vt 0.414179 0.703358
vt 0.406716 0.703358
vt 0.414179 0.710821
vt 0.404851 0.714552
vt 0.404851 0.707090
vt 0.412313 0.714552
vt 0.414179 0.718284
vt 0.406716 0.718284
vt 0.414179 0.725746
vt 0.404851 0.729478
vt 0.404851 0.722015
vt 0.412313 0.729478
vt 0.414179 0.733209
vt 0.406716 0.733209
vt 0.414179 0.740672
vt 0.404851 0.744403
vt 0.404851 0.736940
vt 0.412313 0.744403
vt 0.414179 0.748134
vt 0.406716 0.748134
vt 0.414179 0.755597
vt 0.404851 0.759328
vt 0.404851 0.751866
vt 0.412313 0.759328
vt 0.414179 0.763060
vt 0.406716 0.763060
vt 0.414179 0.770522
vt 0.404851 0.774254
vt 0.404851 0.766791
vt 0.412313 0.774254
vt 0.414179 0.777985
vt 0.406716 0.777985
vt 0.414179 0.785448
vt 0.404851 0.789179
vt 0.404851 0.781716
vt 0.412313 0.789179
vt 0.414179 0.792910
vt 0.406716 0.792910
vt 0.414179 0.800373
vt 0.404851 0.804104
vt 0.404851 0.796642
vt 0.412313 0.804104
vt 0.414179 0.807836
vt 0.406716 0.807836
vt 0.414179 0.815298
vt 0.404851 0.819030
vt 0.404851 0.811567
vt 0.412313 0.819030
vt 0.414179 0.822761
vt 0.406716 0.822761
vt 0.414179 0.830224
vt 0.404851 0.833955
vt 0.404851 0.826492
vt 0.412313 0.833955
vt 0.414179 0.837687
vt 0.406716 0.837687
vt 0.414179 0.845149
vt 0.404851 0.848881
vt 0.404851 0.841418
vt 0.412313 0.848881
vt 0.414179 0.852612
vt 0.406716 0.852612
vt 0.414179 0.860075
vt 0.404851 0.863806
vt 0.404851 0.856343
vt 0.412313 0.863806
vt 0.414179 0.867537
vt 0.406716 0.867537
vt 0.414179 0.875000
vt 0.404851 0.878731
vt 0.404851 0.871269
vt 0.412313 0.878731
vt 0.414179 0.882463
vt 0.406716 0.882463
vt 0.414179 0.889925
vt 0.404851 0.893657
vt 0.404851 0.886194
vt 0.412313 0.893657
vt 0.414179 0.897388
vt 0.406716 0.897388
vt 0.414179 0.904851
vt 0.404851 0.908582
vt 0.404851 0.901119
vt 0.412313 0.908582
vt 0.414179 0.912313
vt 0.406716 0.912313
vt 0.414179 0.919776
vt 0.404851 0.923507
vt 0.404851 0.916045
vt 0.412313 0.923507
vt 0.414179 0.927239
vt 0.406716 0.927239
vt 0.414179 0.934701
vt 0.404851 0.938433
vt 0.404851 0.930970
vt 0.412313 0.938433
vt 0.414179 0.942164
vt 0.406716 0.942164
vt 0.414179 0.949627
vt 0.404851 0.953358
vt 0.404851 0.945895
vt 0.412313 0.953358
vt 0.414179 0.957090
vt 0.406716 0.957090
vt 0.414179 0.964552
vt 0.404851 0.968284
vt 0.404851 0.960821
vt 0.412313 0.968284
vt 0.414179 0.972015
vt 0.406716 0.972015
vt 0.414179 0.979478
vt 0.404851 0.983209
vt 0.404851 0.975746
vt 0.412313 0.983209
vt 0.414179 0.986940
vt 0.406716 0.986940
vt 0.414179 0.994403
vt 0.404851 0.998134
vt 0.404851 0.990672
vt 0.412313 0.998134
vt 0.429104 0.001866
vt 0.421642 0.001866
vt 0.429104 0.009328
vt 0.419776 0.013060
vt 0.419776 0.005597
vt 0.427239 0.013060
vt 0.429104 0.016791
vt 0.421642 0.016791
vt 0.429104 0.024254
vt 0.419776 0.027985
vt 0.419776 0.020522
vt 0.427239 0.027985
vt 0.429104 0.031716
vt 0.421642 0.031716
vt 0.429104 0.039179
vt 0.419776 0.042910
vt 0.419776 0.035448
vt 0.427239 0.042910
vt 0.429104 0.046642
vt 0.421642 0.046642
vt 0.429104 0.054104
vt 0.419776 0.057836
vt 0.419776 0.050373
vt 0.427239 0.057836
vt 0.429104 0.061567
vt 0.421642 0.061567
vt 0.429104 0.069030
vt 0.419776 0.072761
vt 0.419776 0.065299
vt 0.427239 0.072761
vt 0.429104 0.076493
vt 0.421642 0.076493
vt 0.429104 0.083955
vt 0.419776 0.087687
vt 0.419776 0.080224
vt 0.427239 0.087687
vt 0.429104 0.091418
vt 0.421642 0.091418
vt 0.429104 0.098881
vt 0.419776 0.102612
vt 0.419776 0.095149
vt 0.427239 0.102612
vt 0.429104 0.106343
vt 0.421642 0.106343
vt 0.429104 0.113806
vt 0.419776 0.117537
vt 0.419776 0.110075
vt 0.427239 0.117537
vt 0.429104 0.121269
vt 0.421642 0.121269
vt 0.429104 0.128731
vt 0.419776 0.132463
vt 0.419776 0.125000
vt 0.427239 0.132463
vt 0.429104 0.136194
vt 0.421642 0.136194
vt 0.429104 0.143657
vt 0.419776 0.147388
vt 0.419776 0.139925
vt 0.427239 0.147388
vt 0.429104 0.151119
vt 0.421642 0.151119
vt 0.429104 0.158582
vt 0.419776 0.162313
vt 0.419776 0.154851
vt 0.427239 0.162313
vt 0.429104 0.166045
vt 0.421642 0.166045
vt 0.429104 0.173507
vt 0.419776 0.177239
vt 0.419776 0.169776
vt 0.427239 0.177239
vt 0.429104 0.180970
vt 0.421642 0.180970
vt 0.429104 0.188433
vt 0.419776 0.192164
vt 0.419776 0.184701
vt 0.427239 0.192164
vt 0.429104 0.195896
vt 0.421642 0.195896
vt 0.429104 0.203358
vt 0.419776 0.207090
vt 0.419776 0.199627
vt 0.427239 0.207090
vt 0.429104 0.210821
vt 0.421642 0.210821
vt 0.429104 0.218284
vt 0.419776 0.222015
vt 0.419776 0.214552
vt 0.427239 0.222015
vt 0.429104 0.225746
vt 0.421642 0.225746
vt 0.429104 0.233209
vt 0.419776 0.236940
vt 0.419776 0.229478
vt 0.427239 0.236940
vt 0.429104 0.240672
vt 0.421642 0.240672
vt 0.429104 0.248134
vt 0.419776 0.251866
vt 0.419776 0.244403
vt 0.427239 0.251866
vt 0.429104 0.255597
vt 0.421642 0.255597
vt 0.429104 0.263060
vt 0.419776 0.266791
vt 0.419776 0.259328
vt 0.427239 0.266791
vt 0.429104 0.270522
vt 0.421642 0.270522
vt 0.429104 0.277985
vt 0.419776 0.281716
vt 0.419776 0.274254
vt 0.427239 0.281716
vt 0.429104 0.285448
vt 0.421642 0.285448
vt 0.429104 0.292910
vt 0.419776 0.296642
vt 0.419776 0.289179
vt 0.427239 0.296642
vt 0.429104 0.300373
vt 0.421642 0.300373
vt 0.429104 0.307836
vt 0.419776 0.311567
vt 0.419776 0.304104
vt 0.427239 0.311567
vt 0.429104 0.315298
vt 0.421642 0.315298
vt 0.429104 0.322761
vt 0.419776 0.326493
vt 0.419776 0.319030
vt 0.427239 0.326493
vt 0.429104 0.330224
vt 0.421642 0.330224
vt 0.429104 0.337687
vt 0.419776 0.341418
vt 0.419776 0.333955
vt 0.427239 0.341418
vt 0.429104 0.345149
vt 0.421642 0.345149
vt 0.429104 0.352612
vt 0.419776 0.356343
vt 0.419776 0.348881
vt 0.427239 0.356343
vt 0.429104 0.360075
vt 0.421642 0.360075
vt 0.429104 0.367537
vt 0.419776 0.371269
vt 0.419776 0.363806
vt 0.427239 0.371269
vt 0.429104 0.375000
vt 0.421642 0.375000
vt 0.429104 0.382463
vt 0.419776 0.386194
vt 0.419776 0.378731
vt 0.427239 0.386194
vt 0.429104 0.389925
vt 0.421642 0.389925
vt 0.429104 0.397388
vt 0.419776 0.401119
vt 0.419776 0.393657
vt 0.427239 0.401119
vt 0.429104 0.404851
vt 0.421642 0.404851
vt 0.429104 0.412313
vt 0.419776 0.416045
vt 0.419776 0.408582
vt 0.427239 0.416045
vt 0.429104 0.419776
vt 0.421642 0.419776
vt 0.429104 0.427239
vt 0.419776 0.430970
vt 0.419776 0.423507
vt 0.427239 0.430970
vt 0.429104 0.434701
vt 0.421642 0.434701
vt 0.429104 0.442164
vt 0.419776 0.445896
vt 0.419776 0.438433
vt 0.427239 0.445896
vt 0.429104 0.449627
vt 0.421642 0.449627
vt 0.429104 0.457090
vt 0.419776 0.460821
vt 0.419776 0.453358
vt 0.427239 0.460821
vt 0.429104 0.464552
vt 0.421642 0.464552
vt 0.429104 0.472015
vt 0.419776 0.475746
vt 0.419776 0.468284
vt 0.427239 0.475746
vt 0.429104 0.479478
vt 0.421642 0.479478
vt 0.429104 0.486940
vt 0.419776 0.490672
vt 0.419776 0.483209
vt 0.427239 0.490672
vt 0.429104 0.494403
vt 0.421642 0.494403
vt 0.429104 0.501866
vt 0.419776 0.505597
vt 0.419776 0.498134
vt 0.427239 0.505597
vt 0.429104 0.509328
vt 0.421642 0.509328
vt 0.429104 0.516791
vt 0.419776 0.520522
vt 0.419776 0.513060
vt 0.427239 0.520522
vt 0.429104 0.524254
vt 0.421642 0.524254
vt 0.429104 0.531716
vt 0.419776 0.535448
vt 0.419776 0.527985
vt 0.427239 0.535448
vt 0.429104 0.539179
vt 0.421642 0.539179
vt 0.429104 0.546642
vt 0.419776 0.550373
vt 0.419776 0.542910
vt 0.427239 0.550373
vt 0.429104 0.554104
vt 0.421642 0.554104
vt 0.429104 0.561567
vt 0.419776 0.565298
vt 0.419776 0.557836
vt 0.427239 0.565298
vt 0.429104 0.569030
vt 0.421642 0.569030
vt 0.429104 0.576493
vt 0.419776 0.580224
vt 0.419776 0.572761
vt 0.427239 0.580224
vt 0.429104 0.583955
vt 0.421642 0.583955
vt 0.429104 0.591418
vt 0.419776 0.595149
vt 0.419776 0.587687
vt 0.427239 0.595149
vt 0.429104 0.598881
vt 0.421642 0.598881
vt 0.429104 0.606343
vt 0.419776 0.610075
vt 0.419776 0.602612
vt 0.427239 0.610075
vt 0.429104 0.613806
vt 0.421642 0.613806
vt 0.429104 0.621269
vt 0.419776 0.625000
vt 0.419776 0.617537
vt 0.427239 0.625000
vt 0.429104 0.628731
vt 0.421642 0.628731
vt 0.429104 0.636194
vt 0.419776 0.639925
vt 0.419776 0.632463
vt 0.427239 0.639925
vt 0.429104 0.643657
vt 0.421642 0.643657
vt 0.429104 0.651119
vt 0.419776 0.654851
vt 0.419776 0.647388
vt 0.427239 0.654851
vt 0.429104 0.658582
vt 0.421642 0.658582
vt 0.429104 0.666045
vt 0.419776 0.669776
vt 0.419776 0.662313
vt 0.427239 0.669776
vt 0.429104 0.673507
vt 0.421642 0.673507
vt 0.429104 0.680970
vt 0.419776 0.684702
vt 0.419776 0.677239
vt 0.427239 0.684702
vt 0.429104 0.688433
vt 0.421642 0.688433
vt 0.429104 0.695895
vt 0.419776 0.699627
vt 0.419776 0.692164
vt 0.427239 0.699627
vt 0.429104 0.703358
vt 0.421642 0.703358
vt 0.429104 0.710821
vt 0.419776 0.714552
vt 0.419776 0.707090
vt 0.427239 0.714552
vt 0.429104 0.718284
vt 0.421642 0.718284
vt 0.429104 0.725746
vt 0.419776 0.729478
vt 0.419776 0.722015
vt 0.427239 0.729478
vt 0.429104 0.733209
vt 0.421642 0.733209
vt 0.429104 0.740672
vt 0.419776 0.744403
vt 0.419776 0.736940
vt 0.427239 0.744403
vt 0.429104 0.748134
vt 0.421642 0.748134
vt 0.429104 0.755597
vt 0.419776 0.759328
vt 0.419776 0.751866
vt 0.427239 0.759328
vt 0.429104 0.763060
vt 0.421642 0.763060
vt 0.429104 0.770522
vt 0.419776 0.774254
vt 0.419776 0.766791
vt 0.427239 0.774254
vt 0.429104 0.777985
vt 0.421642 0.777985
vt 0.429104 0.785448
vt 0.419776 0.789179
vt 0.419776 0.781716
vt 0.427239 0.789179
vt 0.429104 0.792910
vt 0.421642 0.792910
vt 0.429104 0.800373
vt 0.419776 0.804104
vt 0.419776 0.796642
vt 0.427239 0.804104
vt 0.429104 0.807836
vt 0.421642 0.807836
vt 0.429104 0.815298
vt 0.419776 0.819030
vt 0.419776 0.811567
vt 0.427239 0.819030
vt 0.429104 0.822761
vt 0.421642 0.822761
vt 0.429104 0.830224
vt 0.419776 0.833955
vt 0.419776 0.826492
vt 0.427239 0.833955
vt 0.429104 0.837687
vt 0.421642 0.837687
vt 0.429104 0.845149
vt 0.419776 0.848881
vt 0.419776 0.841418
vt 0.427239 0.848881
vt 0.429104 0.852612
vt 0.421642 0.852612
vt 0.429104 0.860075
vt 0.419776 0.863806
vt 0.419776 0.856343
vt 0.427239 0.863806
vt 0.429104 0.867537
vt 0.421642 0.867537
vt 0.429104 0.875000
vt 0.419776 0.878731
vt 0.419776 0.871269
vt 0.427239 0.878731
vt 0.429104 0.882463
vt 0.421642 0.882463
vt 0.429104 0.889925
vt 0.419776 0.893657
vt 0.419776 0.886194
vt 0.427239 0.893657
vt 0.429104 0.897388
vt 0.421642 0.897388
vt 0.429104 0.904851
vt 0.419776 0.908582
vt 0.419776 0.901119
vt 0.427239 0.908582
vt 0.429104 0.912313
vt 0.421642 0.912313
vt 0.429104 0.919776
vt 0.419776 0.923507
vt 0.419776 0.916045
vt 0.427239 0.923507
vt 0.429104 0.927239
vt 0.421642 0.927239
vt 0.429104 0.934701
vt 0.419776 0.938433
vt 0.419776 0.930970
vt 0.427239 0.938433
vt 0.429104 0.942164
vt 0.421642 0.942164
vt 0.429104 0.949627
vt 0.419776 0.953358
vt 0.419776 0.945895
vt 0.427239 0.953358
vt 0.429104 0.957090
vt 0.421642 0.957090
vt 0.429104 0.964552
vt 0.419776 0.968284
vt 0.419776 0.960821
vt 0.427239 0.968284
vt 0.429104 0.972015
vt 0.421642 0.972015
vt 0.429104 0.979478
vt 0.419776 0.983209
vt 0.419776 0.975746
vt 0.427239 0.983209
vt 0.429104 0.986940
vt 0.421642 0.986940
vt 0.429104 0.994403
vt 0.419776 0.998134
vt 0.419776 0.990672
vt 0.427239 0.998134
vt 0.444030 0.001866
vt 0.436567 0.001866
vt 0.444030 0.009328
vt 0.434701 0.013060
vt 0.434701 0.005597
vt 0.442164 0.013060
vt 0.444030 0.016791
vt 0.436567 0.016791
vt 0.444030 0.024254
vt 0.434701 0.027985
vt 0.434701 0.020522
vt 0.442164 0.027985
vt 0.444030 0.031716
vt 0.436567 0.031716
vt 0.444030 0.039179
vt 0.434701 0.042910
vt 0.434701 0.035448
vt 0.442164 0.042910
vt 0.444030 0.046642
vt 0.436567 0.046642
vt 0.444030 0.054104
vt 0.434701 0.057836
vt 0.434701 0.050373
vt 0.442164 0.057836
vt 0.444030 0.061567
vt 0.436567 0.061567
vt 0.444030 0.069030
vt 0.434701 0.072761
vt 0.434701 0.065299
vt 0.442164 0.072761
vt 0.444030 0.076493
vt 0.436567 0.076493
vt 0.444030 0.083955
vt 0.434701 0.087687
vt 0.434701 0.080224
vt 0.442164 0.087687
vt 0.444030 0.091418
vt 0.436567 0.091418
vt 0.444030 0.098881
vt 0.434701 0.102612
vt 0.434701 0.095149
vt 0.442164 0.102612
vt 0.444030 0.106343
vt 0.436567 0.106343
vt 0.444030 0.113806
vt 0.434701 0.117537
vt 0.434701 0.110075
vt 0.442164 0.117537
vt 0.444030 0.121269
vt 0.436567 0.121269
vt 0.444030 0.128731
vt 0.434701 0.132463
vt 0.434701 0.125000
vt 0.442164 0.132463
vt 0.444030 0.136194
vt 0.436567 0.136194
vt 0.444030 0.143657
vt 0.434701 0.147388
vt 0.434701 0.139925
vt 0.442164 0.147388
vt 0.444030 0.151119
vt 0.436567 0.151119
vt 0.444030 0.158582
vt 0.434701 0.162313
vt 0.434701 0.154851
vt 0.442164 0.162313
vt 0.444030 0.166045
vt 0.436567 0.166045
vt 0.444030 0.173507
vt 0.434701 0.177239
vt 0.434701 0.169776
vt 0.442164 0.177239
vt 0.444030 0.180970
vt 0.436567 0.180970
vt 0.444030 0.188433
vt 0.434701 0.192164
vt 0.434701 0.184701
vt 0.442164 0.192164
vt 0.444030 0.195896
vt 0.436567 0.195896
vt 0.444030 0.203358
vt 0.434701 0.207090
vt 0.434701 0.199627
vt 0.442164 0.207090
vt 0.444030 0.210821
vt 0.436567 0.210821
vt 0.444030 0.218284
vt 0.434701 0.222015
vt 0.434701 0.214552
vt 0.442164 0.222015
vt 0.444030 0.225746
vt 0.436567 0.225746
vt 0.444030 0.233209
vt 0.434701 0.236940
vt 0.434701 0.229478
vt 0.442164 0.236940
vt 0.444030 0.240672
vt 0.436567 0.240672
vt 0.444030 0.248134
vt 0.434701 0.251866
vt 0.434701 0.244403
vt 0.442164 0.251866
vt 0.444030 0.255597
vt 0.436567 0.255597
vt 0.444030 0.263060
vt 0.434701 0.266791
vt 0.434701 0.259328
vt 0.442164 0.266791
vt 0.444030 0.270522
vt 0.436567 0.270522
vt 0.444030 0.277985
vt 0.434701 0.281716
vt 0.434701 0.274254
vt 0.442164 0.281716
vt 0.444030 0.285448
vt 0.436567 0.285448
vt 0.444030 0.292910
vt 0.434701 0.296642
vt 0.434701 0.289179
vt 0.442164 0.296642
vt 0.444030 0.300373
vt 0.436567 0.300373
vt 0.444030 0.307836
vt 0.434701 0.311567
vt 0.434701 0.304104
vt 0.442164 0.311567
vt 0.444030 0.315298
vt 0.436567 0.315298
vt 0.444030 0.322761
vt 0.434701 0.326493
vt 0.434701 0.319030
vt 0.442164 0.326493
vt 0.444030 0.330224
vt 0.436567 0.330224
vt 0.444030 0.337687
vt 0.434701 0.341418
vt 0.434701 0.333955
vt 0.442164 0.341418
vt 0.444030 0.345149
vt 0.436567 0.345149
vt 0.444030 0.352612
vt 0.434701 0.356343
vt 0.434701 0.348881
vt 0.442164 0.356343
vt 0.444030 0.360075
vt 0.436567 0.360075
vt 0.444030 0.367537
vt 0.434701 0.371269
vt 0.434701 0.363806
vt 0.442164 0.371269
vt 0.444030 0.375000
vt 0.436567 0.375000
vt 0.444030 0.382463
vt 0.434701 0.386194
vt 0.434701 0.378731
vt 0.442164 0.386194
vt 0.444030 0.389925
vt 0.436567 0.389925
vt 0.444030 0.397388
vt 0.434701 0.401119
vt 0.434701 0.393657
vt 0.442164 0.401119
vt 0.444030 0.404851
vt 0.436567 0.404851
vt 0.444030 0.412313
vt 0.434701 0.416045
vt 0.434701 0.408582
vt 0.442164 0.416045
vt 0.444030 0.419776
vt 0.436567 0.419776
vt 0.444030 0.427239
vt 0.434701 0.430970
vt 0.434701 0.423507
vt 0.442164 0.430970
vt 0.444030 0.434701
vt 0.436567 0.434701
vt 0.444030 0.442164
vt 0.434701 0.445896
vt 0.434701 0.438433
vt 0.442164 0.445896
vt 0.444030 0.449627
vt 0.436567 0.449627
vt 0.444030 0.457090
vt 0.434701 0.460821
vt 0.434701 0.453358
vt 0.442164 0.460821
vt 0.444030 0.464552
vt 0.436567 0.464552
vt 0.444030 0.472015
vt 0.434701 0.475746
vt 0.434701 0.468284
vt 0.442164 0.475746
vt 0.444030 0.479478
vt 0.436567 0.479478
vt 0.444030 0.486940
vt 0.434701 0.490672
vt 0.434701 0.483209
vt 0.442164 0.490672
vt 0.444030 0.494403
vt 0.436567 0.494403
vt 0.444030 0.501866
vt 0.434701 0.505597
vt 0.434701 0.498134
vt 0.442164 0.505597
vt 0.444030 0.509328
vt 0.436567 0.509328
vt 0.444030 0.516791
vt 0.434701 0.520522
vt 0.434701 0.513060
vt 0.442164 0.520522
vt 0.444030 0.524254
vt 0.436567 0.524254
vt 0.444030 0.531716
vt 0.434701 0.535448
vt 0.434701 0.527985
vt 0.442164 0.535448
vt 0.444030 0.539179
vt 0.436567 0.539179
vt 0.444030 0.546642
vt 0.434701 0.550373
vt 0.434701 0.542910
vt 0.442164 0.550373
vt 0.444030 0.554104
vt 0.436567 0.554104
vt 0.444030 0.561567
vt 0.434701 0.565298
vt 0.434701 0.557836
vt 0.442164 0.565298
vt 0.444030 0.569030
vt 0.436567 0.569030
vt 0.444030 0.576493
vt 0.434701 0.580224
vt 0.434701 0.572761
vt 0.442164 0.580224
vt 0.444030 0.583955
vt 0.436567 0.583955
vt 0.444030 0.591418
vt 0.434701 0.595149
vt 0.434701 0.587687
vt 0.442164 0.595149
vt 0.444030 0.598881
vt 0.436567 0.598881
vt 0.444030 0.606343
vt 0.434701 0.610075
vt 0.434701 0.602612
vt 0.442164 0.610075
vt 0.444030 0.613806
vt 0.436567 0.613806
vt 0.444030 0.621269
vt 0.434701 0.625000
vt 0.434701 0.617537
vt 0.442164 0.625000
vt 0.444030 0.628731
vt 0.436567 0.628731
vt 0.444030 0.636194
vt 0.434701 0.639925
vt 0.434701 0.632463
vt 0.442164 0.639925
vt 0.444030 0.643657
vt 0.436567 0.643657
vt 0.444030 0.651119
vt 0.434701 0.654851
vt 0.434701 0.647388
vt 0.442164 0.654851
vt 0.444030 0.658582
vt 0.436567 0.658582
vt 0.444030 0.666045
vt 0.434701 0.669776
vt 0.434701 0.662313
vt 0.442164 0.669776
vt 0.444030 0.673507
vt 0.436567 0.673507
vt 0.444030 0.680970
vt 0.434701 0.684702
vt 0.434701 0.677239
vt 0.442164 0.684702
vt 0.444030 0.688433
vt 0.436567 0.688433
vt 0.444030 0.695895
vt 0.434701 0.699627
vt 0.434701 0.692164
vt 0.442164 0.699627
vt 0.444030 0.703358
vt 0.436567 0.703358
vt 0.444030 0.710821
vt 0.434701 0.714552
vt 0.434701 0.707090
vt 0.442164 0.714552
vt 0.444030 0.718284
vt 0.436567 0.718284
vt 0.444030 0.725746
vt 0.434701 0.729478
vt 0.434701 0.722015
vt 0.442164 0.729478
vt 0.444030 0.733209
vt 0.436567 0.733209
vt 0.444030 0.740672
vt 0.434701 0.744403
vt 0.434701 0.736940
vt 0.442164 0.744403
vt 0.444030 0.748134
vt 0.436567 0.748134
vt 0.444030 0.755597
vt 0.434701 0.759328
vt 0.434701 0.751866
vt 0.442164 0.759328
vt 0.444030 0.763060
vt 0.436567 0.763060
vt 0.444030 0.770522
vt 0.434701 0.774254
vt 0.434701 0.766791
vt 0.442164 0.774254
vt 0.444030 0.777985
vt 0.436567 0.777985
vt 0.444030 0.785448
vt 0.434701 0.789179
vt 0.434701 0.781716
vt 0.442164 0.789179
vt 0.444030 0.792910
vt 0.436567 0.792910
vt 0.444030 0.800373
vt 0.434701 0.804104
vt 0.434701 0.796642
vt 0.442164 0.804104
vt 0.444030 0.807836
vt 0.436567 0.807836
vt 0.444030 0.815298
vt 0.434701 0.819030
vt 0.434701 0.811567
vt 0.442164 0.819030
vt 0.444030 0.822761
vt 0.436567 0.822761
vt 0.444030 0.830224
vt 0.434701 0.833955
vt 0.434701 0.826492
vt 0.442164 0.833955
vt 0.444030 0.837687
vt 0.436567 0.837687
vt 0.444030 0.845149
vt 0.434701 0.848881
vt 0.434701 0.841418
vt 0.442164 0.848881
vt 0.444030 0.852612
vt 0.436567 0.852612
vt 0.444030 0.860075
vt 0.434701 0.863806
vt 0.434701 0.856343
vt 0.442164 0.863806
vt 0.444030 0.867537
vt 0.436567 0.867537
vt 0.444030 0.875000
vt 0.434701 0.878731
vt 0.434701 0.871269
vt 0.442164 0.878731
vt 0.444030 0.882463
vt 0.436567 0.882463
vt 0.444030 0.889925
vt 0.434701 0.893657
vt 0.434701 0.886194
vt 0.442164 0.893657
vt 0.444030 0.897388
vt 0.436567 0.897388
vt 0.444030 0.904851
vt 0.434701 0.908582
vt 0.434701 0.901119
vt 0.442164 0.908582
vt 0.444030 0.912313
vt 0.436567 0.912313
vt 0.444030 0.919776
vt 0.434701 0.923507
vt 0.434701 0.916045
vt 0.442164 0.923507
vt 0.444030 0.927239
vt 0.436567 0.927239
vt 0.444030 0.934701
vt 0.434701 0.938433
vt 0.434701 0.930970
vt 0.442164 0.938433
vt 0.444030 0.942164
vt 0.436567 0.942164
vt 0.444030 0.949627
vt 0.434701 0.953358
vt 0.434701 0.945895
vt 0.442164 0.953358
vt 0.444030 0.957090
vt 0.436567 0.957090
vt 0.444030 0.964552
vt 0.434701 0.968284
vt 0.434701 0.960821
vt 0.442164 0.968284
vt 0.444030 0.972015
vt 0.436567 0.972015
vt 0.444030 0.979478
vt 0.434701 0.983209
vt 0.434701 0.975746
vt 0.442164 0.983209
vt 0.444030 0.986940
vt 0.436567 0.986940
vt 0.444030 0.994403
vt 0.434701 0.998134
vt 0.434701 0.990672
vt 0.442164 0.998134
vt 0.458955 0.001866
vt 0.451493 0.001866
vt 0.458955 0.009328
vt 0.449627 0.013060
vt 0.449627 0.005597
vt 0.457090 0.013060
vt 0.458955 0.016791
vt 0.451493 0.016791
vt 0.458955 0.024254
vt 0.449627 0.027985
vt 0.449627 0.020522
vt 0.457090 0.027985
vt 0.458955 0.031716
vt 0.451493 0.031716
vt 0.458955 0.039179
vt 0.449627 0.042910
vt 0.449627 0.035448
vt 0.457090 0.042910
vt 0.458955 0.046642
vt 0.451493 0.046642
vt 0.458955 0.054104
vt 0.449627 0.057836
vt 0.449627 0.050373
vt 0.457090 0.057836
vt 0.458955 0.061567
vt 0.451493 0.061567
vt 0.458955 0.069030
vt 0.449627 0.072761
vt 0.449627 0.065299
vt 0.457090 0.072761
vt 0.458955 0.076493
vt 0.451493 0.076493
vt 0.458955 0.083955
vt 0.449627 0.087687
vt 0.449627 0.080224
vt 0.457090 0.087687
vt 0.458955 0.091418
vt 0.451493 0.091418
vt 0.458955 0.098881
vt 0.449627 0.102612
vt 0.449627 0.095149
vt 0.457090 0.102612
vt 0.458955 0.106343
vt 0.451493 0.106343
vt 0.458955 0.113806
vt 0.449627 0.117537
vt 0.449627 0.110075
vt 0.457090 0.117537
vt 0.458955 0.121269
vt 0.451493 0.121269
vt 0.458955 0.128731
vt 0.449627 0.132463
vt 0.449627 0.125000
vt 0.457090 0.132463
vt 0.458955 0.136194
vt 0.451493 0.136194
vt 0.458955 0.143657
vt 0.449627 0.147388
vt 0.449627 0.139925
vt 0.457090 0.147388
vt 0.458955 0.151119
vt 0.451493 0.151119
vt 0.458955 0.158582
vt 0.449627 0.162313
vt 0.449627 0.154851
vt 0.457090 0.162313
vt 0.458955 0.166045
vt 0.451493 0.166045
vt 0.458955 0.173507
vt 0.449627 0.177239
vt 0.449627 0.169776
vt 0.457090 0.177239
vt 0.458955 0.180970
vt 0.451493 0.180970
vt 0.458955 0.188433
vt 0.449627 0.192164
vt 0.449627 0.184701
vt 0.457090 0.192164
vt 0.458955 0.195896
vt 0.451493 0.195896
vt 0.458955 0.203358
vt 0.449627 0.207090
vt 0.449627 0.199627
vt 0.457090 0.207090
vt 0.458955 0.210821
vt 0.451493 0.210821
vt 0.458955 0.218284
vt 0.449627 0.222015
vt 0.449627 0.214552
vt 0.457090 0.222015
vt 0.458955 0.225746
vt 0.451493 0.225746
vt 0.458955 0.233209
vt 0.449627 0.236940
vt 0.449627 0.229478
vt 0.457090 0.236940
vt 0.458955 0.240672
vt 0.451493 0.240672
vt 0.458955 0.248134
vt 0.449627 0.251866
vt 0.449627 0.244403
vt 0.457090 0.251866
vt 0.458955 0.255597
vt 0.451493 0.255597
vt 0.458955 0.263060
vt 0.449627 0.266791
vt 0.449627 0.259328
vt 0.457090 0.266791
vt 0.458955 0.270522
vt 0.451493 0.270522
vt 0.458955 0.277985
vt 0.449627 0.281716
vt 0.449627 0.274254
vt 0.457090 0.281716
vt 0.458955 0.285448
vt 0.451493 0.285448
vt 0.458955 0.292910
vt 0.449627 0.296642
vt 0.449627 0.289179
vt 0.457090 0.296642
vt 0.458955 0.300373
vt 0.451493 0.300373
vt 0.458955 0.307836
vt 0.449627 0.311567
vt 0.449627 0.304104
vt 0.457090 0.311567
vt 0.458955 0.315298
vt 0.451493 0.315298
vt 0.458955 0.322761
vt 0.449627 0.326493
vt 0.449627 0.319030
vt 0.457090 0.326493
vt 0.458955 0.330224
vt 0.451493 0.330224
vt 0.458955 0.337687
vt 0.449627 0.341418
vt 0.449627 0.333955
vt 0.457090 0.341418
vt 0.458955 0.345149
vt 0.451493 0.345149
vt 0.458955 0.352612
vt 0.449627 0.356343
vt 0.449627 0.348881
vt 0.457090 0.356343
vt 0.458955 0.360075
vt 0.451493 0.360075
vt 0.458955 0.367537
vt 0.449627 0.371269
vt 0.449627 0.363806
vt 0.457090 0.371269
vt 0.458955 0.375000
vt 0.451493 0.375000
vt 0.458955 0.382463
vt 0.449627 0.386194
vt 0.449627 0.378731
vt 0.457090 0.386194
vt 0.458955 0.389925
vt 0.451493 0.389925
vt 0.458955 0.397388
vt 0.449627 0.401119
vt 0.449627 0.393657
vt 0.457090 0.401119
vt 0.458955 0.404851
vt 0.451493 0.404851
vt 0.458955 0.412313
vt 0.449627 0.416045
vt 0.449627 0.408582
vt 0.457090 0.416045
vt 0.458955 0.419776
vt 0.451493 0.419776
vt 0.458955 0.427239
vt 0.449627 0.430970
vt 0.449627 0.423507
vt 0.457090 0.430970
vt 0.458955 0.434701
vt 0.451493 0.434701
vt 0.458955 0.442164
vt 0.449627 0.445896
vt 0.449627 0.438433
vt 0.457090 0.445896
vt 0.458955 0.449627
vt 0.451493 0.449627
vt 0.458955 0.457090
vt 0.449627 0.460821
vt 0.449627 0.453358
vt 0.457090 0.460821
vt 0.458955 0.464552
vt 0.451493 0.464552
vt 0.458955 0.472015
vt 0.449627 0.475746
vt 0.449627 0.468284
vt 0.457090 0.475746
vt 0.458955 0.479478
vt 0.451493 0.479478
vt 0.458955 0.486940
vt 0.449627 0.490672
vt 0.449627 0.483209
vt 0.457090 0.490672
vt 0.458955 0.494403
vt 0.451493 0.494403
vt 0.458955 0.501866
vt 0.449627 0.505597
vt 0.449627 0.498134
vt 0.457090 0.505597
vt 0.458955 0.509328
vt 0.451493 0.509328
vt 0.458955 0.516791
vt 0.449627 0.520522
vt 0.449627 0.513060
vt 0.457090 0.520522
vt 0.458955 0.524254
vt 0.451493 0.524254
vt 0.458955 0.531716
vt 0.449627 0.535448
vt 0.449627 0.527985
vt 0.457090 0.535448
vt 0.458955 0.539179
vt 0.451493 0.539179
vt 0.458955 0.546642
vt 0.449627 0.550373
vt 0.449627 0.542910
vt 0.457090 0.550373
vt 0.458955 0.554104
vt 0.451493 0.554104
vt 0.458955 0.561567
vt 0.449627 0.565298
vt 0.449627 0.557836
vt 0.457090 0.565298
vt 0.458955 0.569030
vt 0.451493 0.569030
vt 0.458955 0.576493
vt 0.449627 0.580224
vt 0.449627 0.572761
vt 0.457090 0.580224
vt 0.458955 0.583955
vt 0.451493 0.583955
vt 0.458955 0.591418
vt 0.449627 0.595149
vt 0.449627 0.587687
vt 0.457090 0.595149
vt 0.458955 0.598881
vt 0.451493 0.598881
vt 0.458955 0.606343
vt 0.449627 0.610075
vt 0.449627 0.602612
vt 0.457090 0.610075
vt 0.458955 0.613806
vt 0.451493 0.613806
vt 0.458955 0.621269
vt 0.449627 0.625000
vt 0.449627 0.617537
vt 0.457090 0.625000
vt 0.458955 0.628731
vt 0.451493 0.628731
vt 0.458955 0.636194
vt 0.449627 0.639925
vt 0.449627 0.632463
vt 0.457090 0.639925
vt 0.458955 0.643657
vt 0.451493 0.643657
vt 0.458955 0.651119
vt 0.449627 0.654851
vt 0.449627 0.647388
vt 0.457090 0.654851
vt 0.458955 0.658582
vt 0.451493 0.658582
vt 0.458955 0.666045
vt 0.449627 0.669776
vt 0.449627 0.662313
vt 0.457090 0.669776
vt 0.458955 0.673507
vt 0.451493 0.673507
vt 0.458955 0.680970
vt 0.449627 0.684702
vt 0.449627 0.677239
vt 0.457090 0.684702
vt 0.458955 0.688433
vt 0.451493 0.688433
vt 0.458955 0.695895
vt 0.449627 0.699627
vt 0.449627 0.692164
vt 0.457090 0.699627
vt 0.458955 0.703358
vt 0.451493 0.703358
vt 0.458955 0.710821
vt 0.449627 0.714552
vt 0.449627 0.707090
vt 0.457090 0.714552
vt 0.458955 0.718284
vt 0.451493 0.718284
vt 0.458955 0.725746
vt 0.449627 0.729478
vt 0.449627 0.722015
vt 0.457090 0.729478
vt 0.458955 0.733209
vt 0.451493 0.733209
vt 0.458955 0.740672
vt 0.449627 0.744403
vt 0.449627 0.736940
vt 0.457090 0.744403
vt 0.458955 0.748134
vt 0.451493 0.748134
vt 0.458955 0.755597
vt 0.449627 0.759328
vt 0.449627 0.751866
vt 0.457090 0.759328
vt 0.458955 0.763060
vt 0.451493 0.763060
vt 0.458955 0.770522
vt 0.449627 0.774254
vt 0.449627 0.766791
vt 0.457090 0.774254
vt 0.458955 0.777985
vt 0.451493 0.777985
vt 0.458955 0.785448
vt 0.449627 0.789179
vt 0.449627 0.781716
vt 0.457090 0.789179
vt 0.458955 0.792910
vt 0.451493 0.792910
vt 0.458955 0.800373
vt 0.449627 0.804104
vt 0.449627 0.796642
vt 0.457090 0.804104
vt 0.458955 0.807836
vt 0.451493 0.807836
vt 0.458955 0.815298
vt 0.449627 0.819030
vt 0.449627 0.811567
vt 0.457090 0.819030
vt 0.458955 0.822761
vt 0.451493 0.822761
vt 0.458955 0.830224
vt 0.449627 0.833955
vt 0.449627 0.826492
vt 0.457090 0.833955
vt 0.458955 0.837687
vt 0.451493 0.837687
vt 0.458955 0.845149
vt 0.449627 0.848881
vt 0.449627 0.841418
vt 0.457090 0.848881
vt 0.458955 0.852612
vt 0.451493 0.852612
vt 0.458955 0.860075
vt 0.449627 0.863806
vt 0.449627 0.856343
vt 0.457090 0.863806
vt 0.458955 0.867537
vt 0.451493 0.867537
vt 0.458955 0.875000
vt 0.449627 0.878731
vt 0.449627 0.871269
vt 0.457090 0.878731
vt 0.458955 0.882463
vt 0.451493 0.882463
vt 0.458955 0.889925
vt 0.449627 0.893657
vt 0.449627 0.886194
vt 0.457090 0.893657
vt 0.458955 0.897388
vt 0.451493 0.897388
vt 0.458955 0.904851
vt 0.449627 0.908582
vt 0.449627 0.901119
vt 0.457090 0.908582
vt 0.458955 0.912313
vt 0.451493 0.912313
vt 0.458955 0.919776
vt 0.449627 0.923507
vt 0.449627 0.916045
vt 0.457090 0.923507
vt 0.458955 0.927239
vt 0.451493 0.927239
vt 0.458955 0.934701
vt 0.449627 0.938433
vt 0.449627 0.930970
vt 0.457090 0.938433
vt 0.458955 0.942164
vt 0.451493 0.942164
vt 0.458955 0.949627
vt 0.449627 0.953358
vt 0.449627 0.945895
vt 0.457090 0.953358
vt 0.458955 0.957090
vt 0.451493 0.957090
vt 0.458955 0.964552
vt 0.449627 0.968284
vt 0.449627 0.960821
vt 0.457090 0.968284
vt 0.458955 0.972015
vt 0.451493 0.972015
vt 0.458955 0.979478
vt 0.449627 0.983209
vt 0.449627 0.975746
vt 0.457090 0.983209
vt 0.458955 0.986940
vt 0.451493 0.986940
vt 0.458955 0.994403
vt 0.449627 0.998134
vt 0.449627 0.990672
vt 0.457090 0.998134
vt 0.473881 0.001866
vt 0.466418 0.001866
vt 0.473881 0.009328
vt 0.464552 0.013060
vt 0.464552 0.005597
vt 0.472015 0.013060
vt 0.473881 0.016791
vt 0.466418 0.016791
vt 0.473881 0.024254
vt 0.464552 0.027985
vt 0.464552 0.020522
vt 0.472015 0.027985
vt 0.473881 0.031716
vt 0.466418 0.031716
vt 0.473881 0.039179
vt 0.464552 0.042910
vt 0.464552 0.035448
vt 0.472015 0.042910
vt 0.473881 0.046642
vt 0.466418 0.046642
vt 0.473881 0.054104
vt 0.464552 0.057836
vt 0.464552 0.050373
vt 0.472015 0.057836
vt 0.473881 0.061567
vt 0.466418 0.061567
vt 0.473881 0.069030
vt 0.464552 0.072761
vt 0.464552 0.065299
vt 0.472015 0.072761
vt 0.473881 0.076493
vt 0.466418 0.076493
vt 0.473881 0.083955
vt 0.464552 0.087687
vt 0.464552 0.080224
vt 0.472015 0.087687
vt 0.473881 0.091418
vt 0.466418 0.091418
vt 0.473881 0.098881
vt 0.464552 0.102612
vt 0.464552 0.095149
vt 0.472015 0.102612
vt 0.473881 0.106343
vt 0.466418 0.106343
vt 0.473881 0.113806
vt 0.464552 0.117537
vt 0.464552 0.110075
vt 0.472015 0.117537
vt 0.473881 0.121269
vt 0.466418 0.121269
vt 0.473881 0.128731
vt 0.464552 0.132463
vt 0.464552 0.125000
vt 0.472015 0.132463
vt 0.473881 0.136194
vt 0.466418 0.136194
vt 0.473881 0.143657
vt 0.464552 0.147388
vt 0.464552 0.139925
vt 0.472015 0.147388
vt 0.473881 0.151119
vt 0.466418 0.151119
vt 0.473881 0.158582
vt 0.464552 0.162313
vt 0.464552 0.154851
vt 0.472015 0.162313
vt 0.473881 0.166045
vt 0.466418 0.166045
vt 0.473881 0.173507
vt 0.464552 0.177239
vt 0.464552 0.169776
vt 0.472015 0.177239
vt 0.473881 0.180970
vt 0.466418 0.180970
vt 0.473881 0.188433
vt 0.464552 0.192164
vt 0.464552 0.184701
vt 0.472015 0.192164
vt 0.473881 0.195896
vt 0.466418 0.195896
vt 0.473881 0.203358
vt 0.464552 0.207090
vt 0.464552 0.199627
vt 0.472015 0.207090
vt 0.473881 0.210821
vt 0.466418 0.210821
vt 0.473881 0.218284
vt 0.464552 0.222015
vt 0.464552 0.214552
vt 0.472015 0.222015
vt 0.473881 0.225746
vt 0.466418 0.225746
vt 0.473881 0.233209
vt 0.464552 0.236940
vt 0.464552 0.229478
vt 0.472015 0.236940
vt 0.473881 0.240672
vt 0.466418 0.240672
vt 0.473881 0.248134
vt 0.464552 0.251866
vt 0.464552 0.244403
vt 0.472015 0.251866
vt 0.473881 0.255597
vt 0.466418 0.255597
vt 0.473881 0.263060
vt 0.464552 0.266791
vt 0.464552 0.259328
vt 0.472015 0.266791
vt 0.473881 0.270522
vt 0.466418 0.270522
vt 0.473881 0.277985
vt 0.464552 0.281716
vt 0.464552 0.274254
vt 0.472015 0.281716
vt 0.473881 0.285448
vt 0.466418 0.285448
vt 0.473881 0.292910
vt 0.464552 0.296642
vt 0.464552 0.289179
vt 0.472015 0.296642
vt 0.473881 0.300373
vt 0.466418 0.300373
vt 0.473881 0.307836
vt 0.464552 0.311567
vt 0.464552 0.304104
vt 0.472015 0.311567
vt 0.473881 0.315298
vt 0.466418 0.315298
vt 0.473881 0.322761
vt 0.464552 0.326493
vt 0.464552 0.319030
vt 0.472015 0.326493
vt 0.473881 0.330224
vt 0.466418 0.330224
vt 0.473881 0.337687
vt 0.464552 0.341418
vt 0.464552 0.333955
vt 0.472015 0.341418
vt 0.473881 0.345149
vt 0.466418 0.345149
vt 0.473881 0.352612
vt 0.464552 0.356343
vt 0.464552 0.348881
vt 0.472015 0.356343
vt 0.473881 0.360075
vt 0.466418 0.360075
vt 0.473881 0.367537
vt 0.464552 0.371269
vt 0.464552 0.363806
vt 0.472015 0.371269
vt 0.473881 0.375000
vt 0.466418 0.375000
vt 0.473881 0.382463
vt 0.464552 0.386194
vt 0.464552 0.378731
vt 0.472015 0.386194
vt 0.473881 0.389925
vt 0.466418 0.389925
vt 0.473881 0.397388
vt 0.464552 0.401119
vt 0.464552 0.393657
vt 0.472015 0.401119
vt 0.473881 0.404851
vt 0.466418 0.404851
vt 0.473881 0.412313
vt 0.464552 0.416045
vt 0.464552 0.408582
vt 0.472015 0.416045
vt 0.473881 0.419776
vt 0.466418 0.419776
vt 0.473881 0.427239
vt 0.464552 0.430970
vt 0.464552 0.423507
vt 0.472015 0.430970
vt 0.473881 0.434701
vt 0.466418 0.434701
vt 0.473881 0.442164
vt 0.464552 0.445896
vt 0.464552 0.438433
vt 0.472015 0.445896
vt 0.473881 0.449627
vt 0.466418 0.449627
vt 0.473881 0.457090
vt 0.464552 0.460821
vt 0.464552 0.453358
vt 0.472015 0.460821
vt 0.473881 0.464552
vt 0.466418 0.464552
vt 0.473881 0.472015
vt 0.464552 0.475746
vt 0.464552 0.468284
vt 0.472015 0.475746
vt 0.473881 0.479478
vt 0.466418 0.479478
vt 0.473881 0.486940
vt 0.464552 0.490672
vt 0.464552 0.483209
vt 0.472015 0.490672
vt 0.473881 0.494403
vt 0.466418 0.494403
vt 0.473881 0.501866
vt 0.464552 0.505597
vt 0.464552 0.498134
vt 0.472015 0.505597
vt 0.473881 0.509328
vt 0.466418 0.509328
vt 0.473881 0.516791
vt 0.464552 0.520522
vt 0.464552 0.513060
vt 0.472015 0.520522
vt 0.473881 0.524254
vt 0.466418 0.524254
vt 0.473881 0.531716
vt 0.464552 0.535448
vt 0.464552 0.527985
vt 0.472015 0.535448
vt 0.473881 0.539179
vt 0.466418 0.539179
vt 0.473881 0.546642
vt 0.464552 0.550373
vt 0.464552 0.542910
vt 0.472015 0.550373
vt 0.473881 0.554104
vt 0.466418 0.554104
vt 0.473881 0.561567
vt 0.464552 0.565298
vt 0.464552 0.557836
vt 0.472015 0.565298
vt 0.473881 0.569030
vt 0.466418 0.569030
vt 0.473881 0.576493
vt 0.464552 0.580224
vt 0.464552 0.572761
vt 0.472015 0.580224
vt 0.473881 0.583955
vt 0.466418 0.583955
vt 0.473881 0.591418
vt 0.464552 0.595149
vt 0.464552 0.587687
vt 0.472015 0.595149
vt 0.473881 0.598881
vt 0.466418 0.598881
vt 0.473881 0.606343
vt 0.464552 0.610075
vt 0.464552 0.602612
vt 0.472015 0.610075
vt 0.473881 0.613806
vt 0.466418 0.613806
vt 0.473881 0.621269
vt 0.464552 0.625000
vt 0.464552 0.617537
vt 0.472015 0.625000
vt 0.473881 0.628731
vt 0.466418 0.628731
vt 0.473881 0.636194
vt 0.464552 0.639925
vt 0.464552 0.632463
vt 0.472015 0.639925
vt 0.473881 0.643657
vt 0.466418 0.643657
vt 0.473881 0.651119
vt 0.464552 0.654851
vt 0.464552 0.647388
vt 0.472015 0.654851
vt 0.473881 0.658582
vt 0.466418 0.658582
vt 0.473881 0.666045
vt 0.464552 0.669776
vt 0.464552 0.662313
vt 0.472015 0.669776
vt 0.473881 0.673507
vt 0.466418 0.673507
vt 0.473881 0.680970
vt 0.464552 0.684702
vt 0.464552 0.677239
vt 0.472015 0.684702
vt 0.473881 0.688433
vt 0.466418 0.688433
vt 0.473881 0.695895
vt 0.464552 0.699627
vt 0.464552 0.692164
vt 0.472015 0.699627
vt 0.473881 0.703358
vt 0.466418 0.703358
vt 0.473881 0.710821
vt 0.464552 0.714552
vt 0.464552 0.707090
vt 0.472015 0.714552
vt 0.473881 0.718284
vt 0.466418 0.718284
vt 0.473881 0.725746
vt 0.464552 0.729478
vt 0.464552 0.722015
vt 0.472015 0.729478
vt 0.473881 0.733209
vt 0.466418 0.733209
vt 0.473881 0.740672
vt 0.464552 0.744403
vt 0.464552 0.736940
vt 0.472015 0.744403
vt 0.473881 0.748134
vt 0.466418 0.748134
vt 0.473881 0.755597
vt 0.464552 0.759328
vt 0.464552 0.751866
vt 0.472015 0.759328
vt 0.473881 0.763060
vt 0.466418 0.763060
vt 0.473881 0.770522
vt 0.464552 0.774254
vt 0.464552 0.766791
vt 0.472015 0.774254
vt 0.473881 0.777985
vt 0.466418 0.777985
vt 0.473881 0.785448
vt 0.464552 0.789179
vt 0.464552 0.781716
vt 0.472015 0.789179
vt 0.473881 0.792910
vt 0.466418 0.792910
vt 0.473881 0.800373
vt 0.464552 0.804104
vt 0.464552 0.796642
vt 0.472015 0.804104
vt 0.473881 0.807836
vt 0.466418 0.807836
vt 0.473881 0.815298
vt 0.464552 0.819030
vt 0.464552 0.811567
vt 0.472015 0.819030
vt 0.473881 0.822761
vt 0.466418 0.822761
vt 0.473881 0.830224
vt 0.464552 0.833955
vt 0.464552 0.826492
vt 0.472015 0.833955
vt 0.473881 0.837687
vt 0.466418 0.837687
vt 0.473881 0.845149
vt 0.464552 0.848881
vt 0.464552 0.841418
vt 0.472015 0.848881
vt 0.473881 0.852612
vt 0.466418 0.852612
vt 0.473881 0.860075
vt 0.464552 0.863806
vt 0.464552 0.856343
vt 0.472015 0.863806
vt 0.473881 0.867537
vt 0.466418 0.867537
vt 0.473881 0.875000
vt 0.464552 0.878731
vt 0.464552 0.871269
vt 0.472015 0.878731
vt 0.473881 0.882463
vt 0.466418 0.882463
vt 0.473881 0.889925
vt 0.464552 0.893657
vt 0.464552 0.886194
vt 0.472015 0.893657
vt 0.473881 0.897388
vt 0.466418 0.897388
vt 0.473881 0.904851
vt 0.464552 0.908582
vt 0.464552 0.901119
vt 0.472015 0.908582
vt 0.473881 0.912313
vt 0.466418 0.912313
vt 0.473881 0.919776
vt 0.464552 0.923507
vt 0.464552 0.916045
vt 0.472015 0.923507
vt 0.473881 0.927239
vt 0.466418 0.927239
vt 0.473881 0.934701
vt 0.464552 0.938433
vt 0.464552 0.930970
vt 0.472015 0.938433
vt 0.473881 0.942164
vt 0.466418 0.942164
vt 0.473881 0.949627
vt 0.464552 0.953358
vt 0.464552 0.945895
vt 0.472015 0.953358
vt 0.473881 0.957090
vt 0.466418 0.957090
vt 0.473881 0.964552
vt 0.464552 0.968284
vt 0.464552 0.960821
vt 0.472015 0.968284
vt 0.473881 0.972015
vt 0.466418 0.972015
vt 0.473881 0.979478
vt 0.464552 0.983209
vt 0.464552 0.975746
vt 0.472015 0.983209
vt 0.473881 0.986940
vt 0.466418 0.986940
vt 0.473881 0.994403
vt 0.464552 0.998134
vt 0.464552 0.990672
vt 0.472015 0.998134
vt 0.488806 0.001866
vt 0.481343 0.001866
vt 0.488806 0.009328
vt 0.479478 0.013060
vt 0.479478 0.005597
vt 0.486940 0.013060
vt 0.488806 0.016791
vt 0.481343 0.016791
vt 0.488806 0.024254
vt 0.479478 0.027985
vt 0.479478 0.020522
vt 0.486940 0.027985
vt 0.488806 0.031716
vt 0.481343 0.031716
vt 0.488806 0.039179
vt 0.479478 0.042910
vt 0.479478 0.035448
vt 0.486940 0.042910
vt 0.488806 0.046642
vt 0.481343 0.046642
vt 0.488806 0.054104
vt 0.479478 0.057836
vt 0.479478 0.050373
vt 0.486940 0.057836
vt 0.488806 0.061567
vt 0.481343 0.061567
vt 0.488806 0.069030
vt 0.479478 0.072761
vt 0.479478 0.065299
vt 0.486940 0.072761
vt 0.488806 0.076493
vt 0.481343 0.076493
vt 0.488806 0.083955
vt 0.479478 0.087687
vt 0.479478 0.080224
vt 0.486940 0.087687
vt 0.488806 0.091418
vt 0.481343 0.091418
vt 0.488806 0.098881
vt 0.479478 0.102612
vt 0.479478 0.095149
vt 0.486940 0.102612
vt 0.488806 0.106343
vt 0.481343 0.106343
vt 0.488806 0.113806
vt 0.479478 0.117537
vt 0.479478 0.110075
vt 0.486940 0.117537
vt 0.488806 0.121269
vt 0.481343 0.121269
vt 0.488806 0.128731
vt 0.479478 0.132463
vt 0.479478 0.125000
vt 0.486940 0.132463
vt 0.488806 0.136194
vt 0.481343 0.136194
vt 0.488806 0.143657
vt 0.479478 0.147388
vt 0.479478 0.139925
vt 0.486940 0.147388
vt 0.488806 0.151119
vt 0.481343 0.151119
vt 0.488806 0.158582
vt 0.479478 0.162313
vt 0.479478 0.154851
vt 0.486940 0.162313
vt 0.488806 0.166045
vt 0.481343 0.166045
vt 0.488806 0.173507
vt 0.479478 0.177239
vt 0.479478 0.169776
vt 0.486940 0.177239
vt 0.488806 0.180970
vt 0.481343 0.180970
vt 0.488806 0.188433
vt 0.479478 0.192164
vt 0.479478 0.184701
vt 0.486940 0.192164
vt 0.488806 0.195896
vt 0.481343 0.195896
vt 0.488806 0.203358
vt 0.479478 0.207090
vt 0.479478 0.199627
vt 0.486940 0.207090
vt 0.488806 0.210821
vt 0.481343 0.210821
vt 0.488806 0.218284
vt 0.479478 0.222015
vt 0.479478 0.214552
vt 0.486940 0.222015
vt 0.488806 0.225746
vt 0.481343 0.225746
vt 0.488806 0.233209
vt 0.479478 0.236940
vt 0.479478 0.229478
vt 0.486940 0.236940
vt 0.488806 0.240672
vt 0.481343 0.240672
vt 0.488806 0.248134
vt 0.479478 0.251866
vt 0.479478 0.244403
vt 0.486940 0.251866
vt 0.488806 0.255597
vt 0.481343 0.255597
vt 0.488806 0.263060
vt 0.479478 0.266791
vt 0.479478 0.259328
vt 0.486940 0.266791
vt 0.488806 0.270522
vt 0.481343 0.270522
vt 0.488806 0.277985
vt 0.479478 0.281716
vt 0.479478 0.274254
vt 0.486940 0.281716
vt 0.488806 0.285448
vt 0.481343 0.285448
vt 0.488806 0.292910
vt 0.479478 0.296642
vt 0.479478 0.289179
vt 0.486940 0.296642
vt 0.488806 0.300373
vt 0.481343 0.300373
vt 0.488806 0.307836
vt 0.479478 0.311567
vt 0.479478 0.304104
vt 0.486940 0.311567
vt 0.488806 0.315298
vt 0.481343 0.315298
vt 0.488806 0.322761
vt 0.479478 0.326493
vt 0.479478 0.319030
vt 0.486940 0.326493
vt 0.488806 0.330224
vt 0.481343 0.330224
vt 0.488806 0.337687
vt 0.479478 0.341418
vt 0.479478 0.333955
vt 0.486940 0.341418
vt 0.488806 0.345149
vt 0.481343 0.345149
vt 0.488806 0.352612
vt 0.479478 0.356343
vt 0.479478 0.348881
vt 0.486940 0.356343
vt 0.488806 0.360075
vt 0.481343 0.360075
vt 0.488806 0.367537
vt 0.479478 0.371269
vt 0.479478 0.363806
vt 0.486940 0.371269
vt 0.488806 0.375000
vt 0.481343 0.375000
vt 0.488806 0.382463
vt 0.479478 0.386194
vt 0.479478 0.378731
vt 0.486940 0.386194
vt 0.488806 0.389925
vt 0.481343 0.389925
vt 0.488806 0.397388
vt 0.479478 0.401119
vt 0.479478 0.393657
vt 0.486940 0.401119
vt 0.488806 0.404851
vt 0.481343 0.404851
vt 0.488806 0.412313
vt 0.479478 0.416045
vt 0.479478 0.408582
vt 0.486940 0.416045
vt 0.488806 0.419776
vt 0.481343 0.419776
vt 0.488806 0.427239
vt 0.479478 0.430970
vt 0.479478 0.423507
vt 0.486940 0.430970
vt 0.488806 0.434701
vt 0.481343 0.434701
vt 0.488806 0.442164
vt 0.479478 0.445896
vt 0.479478 0.438433
vt 0.486940 0.445896
vt 0.488806 0.449627
vt 0.481343 0.449627
vt 0.488806 0.457090
vt 0.479478 0.460821
vt 0.479478 0.453358
vt 0.486940 0.460821
vt 0.488806 0.464552
vt 0.481343 0.464552
vt 0.488806 0.472015
vt 0.479478 0.475746
vt 0.479478 0.468284
vt 0.486940 0.475746
vt 0.488806 0.479478
vt 0.481343 0.479478
vt 0.488806 0.486940
vt 0.479478 0.490672
vt 0.479478 0.483209
vt 0.486940 0.490672
vt 0.488806 0.494403
vt 0.481343 0.494403
vt 0.488806 0.501866
vt 0.479478 0.505597
vt 0.479478 0.498134
vt 0.486940 0.505597
vt 0.488806 0.509328
vt 0.481343 0.509328
vt 0.488806 0.516791
vt 0.479478 0.520522
vt 0.479478 0.513060
vt 0.486940 0.520522
vt 0.488806 0.524254
vt 0.481343 0.524254
vt 0.488806 0.531716
vt 0.479478 0.535448
vt 0.479478 0.527985
vt 0.486940 0.535448
vt 0.488806 0.539179
vt 0.481343 0.539179
vt 0.488806 0.546642
vt 0.479478 0.550373
vt 0.479478 0.542910
vt 0.486940 0.550373
vt 0.488806 0.554104
vt 0.481343 0.554104
vt 0.488806 0.561567
vt 0.479478 0.565298
vt 0.479478 0.557836
vt 0.486940 0.565298
vt 0.488806 0.569030
vt 0.481343 0.569030
vt 0.488806 0.576493
vt 0.479478 0.580224
vt 0.479478 0.572761
vt 0.486940 0.580224
vt 0.488806 0.583955
vt 0.481343 0.583955
vt 0.488806 0.591418
vt 0.479478 0.595149
vt 0.479478 0.587687
vt 0.486940 0.595149
vt 0.488806 0.598881
vt 0.481343 0.598881
vt 0.488806 0.606343
vt 0.479478 0.610075
vt 0.479478 0.602612
vt 0.486940 0.610075
vt 0.488806 0.613806
vt 0.481343 0.613806
vt 0.488806 0.621269
vt 0.479478 0.625000
vt 0.479478 0.617537
vt 0.486940 0.625000
vt 0.488806 0.628731
vt 0.481343 0.628731
vt 0.488806 0.636194
vt 0.479478 0.639925
vt 0.479478 0.632463
vt 0.486940 0.639925
vt 0.488806 0.643657
vt 0.481343 0.643657
vt 0.488806 0.651119
vt 0.479478 0.654851
vt 0.479478 0.647388
vt 0.486940 0.654851
vt 0.488806 0.658582
vt 0.481343 0.658582
vt 0.488806 0.666045
vt 0.479478 0.669776
vt 0.479478 0.662313
vt 0.486940 0.669776
vt 0.488806 0.673507
vt 0.481343 0.673507
vt 0.488806 0.680970
vt 0.479478 0.684702
vt 0.479478 0.677239
vt 0.486940 0.684702
vt 0.488806 0.688433
vt 0.481343 0.688433
vt 0.488806 0.695895
vt 0.479478 0.699627
vt 0.479478 0.692164
vt 0.486940 0.699627
vt 0.488806 0.703358
vt 0.481343 0.703358
vt 0.488806 0.710821
vt 0.479478 0.714552
vt 0.479478 0.707090
vt 0.486940 0.714552
vt 0.488806 0.718284
vt 0.481343 0.718284
vt 0.488806 0.725746
vt 0.479478 0.729478
vt 0.479478 0.722015
vt 0.486940 0.729478
vt 0.488806 0.733209
vt 0.481343 0.733209
vt 0.488806 0.740672
vt 0.479478 0.744403
vt 0.479478 0.736940
vt 0.486940 0.744403
vt 0.488806 0.748134
vt 0.481343 0.748134
vt 0.488806 0.755597
vt 0.479478 0.759328
vt 0.479478 0.751866
vt 0.486940 0.759328
vt 0.488806 0.763060
vt 0.481343 0.763060
vt 0.488806 0.770522
vt 0.479478 0.774254
vt 0.479478 0.766791
vt 0.486940 0.774254
vt 0.488806 0.777985
vt 0.481343 0.777985
vt 0.488806 0.785448
vt 0.479478 0.789179
vt 0.479478 0.781716
vt 0.486940 0.789179
vt 0.488806 0.792910
vt 0.481343 0.792910
vt 0.488806 0.800373
vt 0.479478 0.804104
vt 0.479478 0.796642
vt 0.486940 0.804104
vt 0.488806 0.807836
vt 0.481343 0.807836
vt 0.488806 0.815298
vt 0.479478 0.819030
vt 0.479478 0.811567
vt 0.486940 0.819030
vt 0.488806 0.822761
vt 0.481343 0.822761
vt 0.488806 0.830224
vt 0.479478 0.833955
vt 0.479478 0.826492
vt 0.486940 0.833955
vt 0.488806 0.837687
vt 0.481343 0.837687
vt 0.488806 0.845149
vt 0.479478 0.848881
vt 0.479478 0.841418
vt 0.486940 0.848881
vt 0.488806 0.852612
vt 0.481343 0.852612
vt 0.488806 0.860075
vt 0.479478 0.863806
vt 0.479478 0.856343
vt 0.486940 0.863806
vt 0.488806 0.867537
vt 0.481343 0.867537
vt 0.488806 0.875000
vt 0.479478 0.878731
vt 0.479478 0.871269
vt 0.486940 0.878731
vt 0.488806 0.882463
vt 0.481343 0.882463
vt 0.488806 0.889925
vt 0.479478 0.893657
vt 0.479478 0.886194
vt 0.486940 0.893657
vt 0.488806 0.897388
vt 0.481343 0.897388
vt 0.488806 0.904851
vt 0.479478 0.908582
vt 0.479478 0.901119
vt 0.486940 0.908582
vt 0.488806 0.912313
vt 0.481343 0.912313
vt 0.488806 0.919776
vt 0.479478 0.923507
vt 0.479478 0.916045
vt 0.486940 0.923507
vt 0.488806 0.927239
vt 0.481343 0.927239
vt 0.488806 0.934701
vt 0.479478 0.938433
vt 0.479478 0.930970
vt 0.486940 0.938433
vt 0.488806 0.942164
vt 0.481343 0.942164
vt 0.488806 0.949627
vt 0.479478 0.953358
vt 0.479478 0.945895
vt 0.486940 0.953358
vt 0.488806 0.957090
vt 0.481343 0.957090
vt 0.488806 0.964552
vt 0.479478 0.968284
vt 0.479478 0.960821
vt 0.486940 0.968284
vt 0.488806 0.972015
vt 0.481343 0.972015
vt 0.488806 0.979478
vt 0.479478 0.983209
vt 0.479478 0.975746
vt 0.486940 0.983209
vt 0.488806 0.986940
vt 0.481343 0.986940
vt 0.488806 0.994403
vt 0.479478 0.998134
vt 0.479478 0.990672
vt 0.486940 0.998134
vt 0.503731 0.001866
vt 0.496269 0.001866
vt 0.503731 0.009328
vt 0.494403 0.013060
vt 0.494403 0.005597
vt 0.501866 0.013060
vt 0.503731 0.016791
vt 0.496269 0.016791
vt 0.503731 0.024254
vt 0.494403 0.027985
vt 0.494403 0.020522
vt 0.501866 0.027985
vt 0.503731 0.031716
vt 0.496269 0.031716
vt 0.503731 0.039179
vt 0.494403 0.042910
vt 0.494403 0.035448
vt 0.501866 0.042910
vt 0.503731 0.046642
vt 0.496269 0.046642
vt 0.503731 0.054104
vt 0.494403 0.057836
vt 0.494403 0.050373
vt 0.501866 0.057836
vt 0.503731 0.061567
vt 0.496269 0.061567
vt 0.503731 0.069030
vt 0.494403 0.072761
vt 0.494403 0.065299
vt 0.501866 0.072761
vt 0.503731 0.076493
vt 0.496269 0.076493
vt 0.503731 0.083955
vt 0.494403 0.087687
vt 0.494403 0.080224
vt 0.501866 0.087687
vt 0.503731 0.091418
vt 0.496269 0.091418
vt 0.503731 0.098881
vt 0.494403 0.102612
vt 0.494403 0.095149
vt 0.501866 0.102612
vt 0.503731 0.106343
vt 0.496269 0.106343
vt 0.503731 0.113806
vt 0.494403 0.117537
vt 0.494403 0.110075
vt 0.501866 0.117537
vt 0.503731 0.121269
vt 0.496269 0.121269
vt 0.503731 0.128731
vt 0.494403 0.132463
vt 0.494403 0.125000
vt 0.501866 0.132463
vt 0.503731 0.136194
vt 0.496269 0.136194
vt 0.503731 0.143657
vt 0.494403 0.147388
vt 0.494403 0.139925
vt 0.501866 0.147388
vt 0.503731 0.151119
vt 0.496269 0.151119
vt 0.503731 0.158582
vt 0.494403 0.162313
vt 0.494403 0.154851
vt 0.501866 0.162313
vt 0.503731 0.166045
vt 0.496269 0.166045
vt 0.503731 0.173507
vt 0.494403 0.177239
vt 0.494403 0.169776
vt 0.501866 0.177239
vt 0.503731 0.180970
vt 0.496269 0.180970
vt 0.503731 0.188433
vt 0.494403 0.192164
vt 0.494403 0.184701
vt 0.501866 0.192164
vt 0.503731 0.195896
vt 0.496269 0.195896
vt 0.503731 0.203358
vt 0.494403 0.207090
vt 0.494403 0.199627
vt 0.501866 0.207090
vt 0.503731 0.210821
vt 0.496269 0.210821
vt 0.503731 0.218284
vt 0.494403 0.222015
vt 0.494403 0.214552
vt 0.501866 0.222015
vt 0.503731 0.225746
vt 0.496269 0.225746
vt 0.503731 0.233209
vt 0.494403 0.236940
vt 0.494403 0.229478
vt 0.501866 0.236940
vt 0.503731 0.240672
vt 0.496269 0.240672
vt 0.503731 0.248134
vt 0.494403 0.251866
vt 0.494403 0.244403
vt 0.501866 0.251866
vt 0.503731 0.255597
vt 0.496269 0.255597
vt 0.503731 0.263060
vt 0.494403 0.266791
vt 0.494403 0.259328
vt 0.501866 0.266791
vt 0.503731 0.270522
vt 0.496269 0.270522
vt 0.503731 0.277985
vt 0.494403 0.281716
vt 0.494403 0.274254
vt 0.501866 0.281716
vt 0.503731 0.285448
vt 0.496269 0.285448
vt 0.503731 0.292910
vt 0.494403 0.296642
vt 0.494403 0.289179
vt 0.501866 0.296642
vt 0.503731 0.300373
vt 0.496269 0.300373
vt 0.503731 0.307836
vt 0.494403 0.311567
vt 0.494403 0.304104
vt 0.501866 0.311567
vt 0.503731 0.315298
vt 0.496269 0.315298
vt 0.503731 0.322761
vt 0.494403 0.326493
vt 0.494403 0.319030
vt 0.501866 0.326493
vt 0.503731 0.330224
vt 0.496269 0.330224
vt 0.503731 0.337687
vt 0.494403 0.341418
vt 0.494403 0.333955
vt 0.501866 0.341418
vt 0.503731 0.345149
vt 0.496269 0.345149
vt 0.503731 0.352612
vt 0.494403 0.356343
vt 0.494403 0.348881
vt 0.501866 0.356343
vt 0.503731 0.360075
vt 0.496269 0.360075
vt 0.503731 0.367537
vt 0.494403 0.371269
vt 0.494403 0.363806
vt 0.501866 0.371269
vt 0.503731 0.375000
vt 0.496269 0.375000
vt 0.503731 0.382463
vt 0.494403 0.386194
vt 0.494403 0.378731
vt 0.501866 0.386194
vt 0.503731 0.389925
vt 0.496269 0.389925
vt 0.503731 0.397388
vt 0.494403 0.401119
vt 0.494403 0.393657
vt 0.501866 0.401119
vt 0.503731 0.404851
vt 0.496269 0.404851
vt 0.503731 0.412313
vt 0.494403 0.416045
vt 0.494403 0.408582
vt 0.501866 0.416045
vt 0.503731 0.419776
vt 0.496269 0.419776
vt 0.503731 0.427239
vt 0.494403 0.430970
vt 0.494403 0.423507
vt 0.501866 0.430970
vt 0.503731 0.434701
vt 0.496269 0.434701
vt 0.503731 0.442164
vt 0.494403 0.445896
vt 0.494403 0.438433
vt 0.501866 0.445896
vt 0.503731 0.449627
vt 0.496269 0.449627
vt 0.503731 0.457090
vt 0.494403 0.460821
vt 0.494403 0.453358
vt 0.501866 0.460821
vt 0.503731 0.464552
vt 0.496269 0.464552
vt 0.503731 0.472015
vt 0.494403 0.475746
vt 0.494403 0.468284
vt 0.501866 0.475746
vt 0.503731 0.479478
vt 0.496269 0.479478
vt 0.503731 0.486940
vt 0.494403 0.490672
vt 0.494403 0.483209
vt 0.501866 0.490672
vt 0.503731 0.494403
vt 0.496269 0.494403
vt 0.503731 0.501866
vt 0.494403 0.505597
vt 0.494403 0.498134
vt 0.501866 0.505597
vt 0.503731 0.509328
vt 0.496269 0.509328
vt 0.503731 0.516791
vt 0.494403 0.520522
vt 0.494403 0.513060
vt 0.501866 0.520522
vt 0.503731 0.524254
vt 0.496269 0.524254
vt 0.503731 0.531716
vt 0.494403 0.535448
vt 0.494403 0.527985
vt 0.501866 0.535448
vt 0.503731 0.539179
vt 0.496269 0.539179
vt 0.503731 0.546642
vt 0.494403 0.550373
vt 0.494403 0.542910
vt 0.501866 0.550373
vt 0.503731 0.554104
vt 0.496269 0.554104
vt 0.503731 0.561567
vt 0.494403 0.565298
vt 0.494403 0.557836
vt 0.501866 0.565298
vt 0.503731 0.569030
vt 0.496269 0.569030
vt 0.503731 0.576493
vt 0.494403 0.580224
vt 0.494403 0.572761
vt 0.501866 0.580224
vt 0.503731 0.583955
vt 0.496269 0.583955
vt 0.503731 0.591418
vt 0.494403 0.595149
vt 0.494403 0.587687
vt 0.501866 0.595149
vt 0.503731 0.598881
vt 0.496269 0.598881
vt 0.503731 0.606343
vt 0.494403 0.610075
vt 0.494403 0.602612
vt 0.501866 0.610075
vt 0.503731 0.613806
vt 0.496269 0.613806
vt 0.503731 0.621269
vt 0.494403 0.625000
vt 0.494403 0.617537
vt 0.501866 0.625000
vt 0.503731 0.628731
vt 0.496269 0.628731
vt 0.503731 0.636194
vt 0.494403 0.639925
vt 0.494403 0.632463
vt 0.501866 0.639925
vt 0.503731 0.643657
vt 0.496269 0.643657
vt 0.503731 0.651119
vt 0.494403 0.654851
vt 0.494403 0.647388
vt 0.501866 0.654851
vt 0.503731 0.658582
vt 0.496269 0.658582
vt 0.503731 0.666045
vt 0.494403 0.669776
vt 0.494403 0.662313
vt 0.501866 0.669776
vt 0.503731 0.673507
vt 0.496269 0.673507
vt 0.503731 0.680970
vt 0.494403 0.684702
vt 0.494403 0.677239
vt 0.501866 0.684702
vt 0.503731 0.688433
vt 0.496269 0.688433
vt 0.503731 0.695895
vt 0.494403 0.699627
vt 0.494403 0.692164
vt 0.501866 0.699627
vt 0.503731 0.703358
vt 0.496269 0.703358
vt 0.503731 0.710821
vt 0.494403 0.714552
vt 0.494403 0.707090
vt 0.501866 0.714552
vt 0.503731 0.718284
vt 0.496269 0.718284
vt 0.503731 0.725746
vt 0.494403 0.729478
vt 0.494403 0.722015
vt 0.501866 0.729478
vt 0.503731 0.733209
vt 0.496269 0.733209
vt 0.503731 0.740672
vt 0.494403 0.744403
vt 0.494403 0.736940
vt 0.501866 0.744403
vt 0.503731 0.748134
vt 0.496269 0.748134
vt 0.503731 0.755597
vt 0.494403 0.759328
vt 0.494403 0.751866
vt 0.501866 0.759328
vt 0.503731 0.763060
vt 0.496269 0.763060
vt 0.503731 0.770522
vt 0.494403 0.774254
vt 0.494403 0.766791
vt 0.501866 0.774254
vt 0.503731 0.777985
vt 0.496269 0.777985
vt 0.503731 0.785448
vt 0.494403 0.789179
vt 0.494403 0.781716
vt 0.501866 0.789179
vt 0.503731 0.792910
vt 0.496269 0.792910
vt 0.503731 0.800373
vt 0.494403 0.804104
vt 0.494403 0.796642
vt 0.501866 0.804104
vt 0.503731 0.807836
vt 0.496269 0.807836
vt 0.503731 0.815298
vt 0.494403 0.819030
vt 0.494403 0.811567
vt 0.501866 0.819030
vt 0.503731 0.822761
vt 0.496269 0.822761
vt 0.503731 0.830224
vt 0.494403 0.833955
vt 0.494403 0.826492
vt 0.501866 0.833955
vt 0.503731 0.837687
vt 0.496269 0.837687
vt 0.503731 0.845149
vt 0.494403 0.848881
vt 0.494403 0.841418
vt 0.501866 0.848881
vt 0.503731 0.852612
vt 0.496269 0.852612
vt 0.503731 0.860075
vt 0.494403 0.863806
vt 0.494403 0.856343
vt 0.501866 0.863806
vt 0.503731 0.867537
vt 0.496269 0.867537
vt 0.503731 0.875000
vt 0.494403 0.878731
vt 0.494403 0.871269
vt 0.501866 0.878731
vt 0.503731 0.882463
vt 0.496269 0.882463
vt 0.503731 0.889925
vt 0.494403 0.893657
vt 0.494403 0.886194
vt 0.501866 0.893657
vt 0.503731 0.897388
vt 0.496269 0.897388
vt 0.503731 0.904851
vt 0.494403 0.908582
vt 0.494403 0.901119
vt 0.501866 0.908582
vt 0.503731 0.912313
vt 0.496269 0.912313
vt 0.503731 0.919776
vt 0.494403 0.923507
vt 0.494403 0.916045
vt 0.501866 0.923507
vt 0.503731 0.927239
vt 0.496269 0.927239
vt 0.503731 0.934701
vt 0.494403 0.938433
vt 0.494403 0.930970
vt 0.501866 0.938433
vt 0.503731 0.942164
vt 0.496269 0.942164
vt 0.503731 0.949627
vt 0.494403 0.953358
vt 0.494403 0.945895
vt 0.501866 0.953358
vt 0.503731 0.957090
vt 0.496269 0.957090
vt 0.503731 0.964552
vt 0.494403 0.968284
vt 0.494403 0.960821
vt 0.501866 0.968284
vt 0.503731 0.972015
vt 0.496269 0.972015
vt 0.503731 0.979478
vt 0.494403 0.983209
vt 0.494403 0.975746
vt 0.501866 0.983209
vt 0.503731 0.986940
vt 0.496269 0.986940
vt 0.503731 0.994403
vt 0.494403 0.998134
vt 0.494403 0.990672
vt 0.501866 0.998134
vt 0.518657 0.001866
vt 0.511194 0.001866
vt 0.518657 0.009328
vt 0.509328 0.013060
vt 0.509328 0.005597
vt 0.516791 0.013060
vt 0.518657 0.016791
vt 0.511194 0.016791
vt 0.518657 0.024254
vt 0.509328 0.027985
vt 0.509328 0.020522
vt 0.516791 0.027985
vt 0.518657 0.031716
vt 0.511194 0.031716
vt 0.518657 0.039179
vt 0.509328 0.042910
vt 0.509328 0.035448
vt 0.516791 0.042910
vt 0.518657 0.046642
vt 0.511194 0.046642
vt 0.518657 0.054104
vt 0.509328 0.057836
vt 0.509328 0.050373
vt 0.516791 0.057836
vt 0.518657 0.061567
vt 0.511194 0.061567
vt 0.518657 0.069030
vt 0.509328 0.072761
vt 0.509328 0.065299
vt 0.516791 0.072761
vt 0.518657 0.076493
vt 0.511194 0.076493
vt 0.518657 0.083955
vt 0.509328 0.087687
vt 0.509328 0.080224
vt 0.516791 0.087687
vt 0.518657 0.091418
vt 0.511194 0.091418
vt 0.518657 0.098881
vt 0.509328 0.102612
vt 0.509328 0.095149
vt 0.516791 0.102612
vt 0.518657 0.106343
vt 0.511194 0.106343
vt 0.518657 0.113806
vt 0.509328 0.117537
vt 0.509328 0.110075
vt 0.516791 0.117537
vt 0.518657 0.121269
vt 0.511194 0.121269
vt 0.518657 0.128731
vt 0.509328 0.132463
vt 0.509328 0.125000
vt 0.516791 0.132463
vt 0.518657 0.136194
vt 0.511194 0.136194
vt 0.518657 0.143657
vt 0.509328 0.147388
vt 0.509328 0.139925
vt 0.516791 0.147388
vt 0.518657 0.151119
vt 0.511194 0.151119
vt 0.518657 0.158582
vt 0.509328 0.162313
vt 0.509328 0.154851
vt 0.516791 0.162313
vt 0.518657 0.166045
vt 0.511194 0.166045
vt 0.518657 0.173507
vt 0.509328 0.177239
vt 0.509328 0.169776
vt 0.516791 0.177239
vt 0.518657 0.180970
vt 0.511194 0.180970
vt 0.518657 0.188433
vt 0.509328 0.192164
vt 0.509328 0.184701
vt 0.516791 0.192164
vt 0.518657 0.195896
vt 0.511194 0.195896
vt 0.518657 0.203358
vt 0.509328 0.207090
vt 0.509328 0.199627
vt 0.516791 0.207090
vt 0.518657 0.210821
vt 0.511194 0.210821
vt 0.518657 0.218284
vt 0.509328 0.222015
vt 0.509328 0.214552
vt 0.516791 0.222015
vt 0.518657 0.225746
vt 0.511194 0.225746
vt 0.518657 0.233209
vt 0.509328 0.236940
vt 0.509328 0.229478
vt 0.516791 0.236940
vt 0.518657 0.240672
vt 0.511194 0.240672
vt 0.518657 0.248134
vt 0.509328 0.251866
vt 0.509328 0.244403
vt 0.516791 0.251866
vt 0.518657 0.255597
vt 0.511194 0.255597
vt 0.518657 0.263060
vt 0.509328 0.266791
vt 0.509328 0.259328
vt 0.516791 0.266791
vt 0.518657 0.270522
vt 0.511194 0.270522
vt 0.518657 0.277985
vt 0.509328 0.281716
vt 0.509328 0.274254
vt 0.516791 0.281716
vt 0.518657 0.285448
vt 0.511194 0.285448
vt 0.518657 0.292910
vt 0.509328 0.296642
vt 0.509328 0.289179
vt 0.516791 0.296642
vt 0.518657 0.300373
vt 0.511194 0.300373
vt 0.518657 0.307836
vt 0.509328 0.311567
vt 0.509328 0.304104
vt 0.516791 0.311567
vt 0.518657 0.315298
vt 0.511194 0.315298
vt 0.518657 0.322761
vt 0.509328 0.326493
vt 0.509328 0.319030
vt 0.516791 0.326493
vt 0.518657 0.330224
vt 0.511194 0.330224
vt 0.518657 0.337687
vt 0.509328 0.341418
vt 0.509328 0.333955
vt 0.516791 0.341418
vt 0.518657 0.345149
vt 0.511194 0.345149
vt 0.518657 0.352612
vt 0.509328 0.356343
vt 0.509328 0.348881
vt 0.516791 0.356343
vt 0.518657 0.360075
vt 0.511194 0.360075
vt 0.518657 0.367537
vt 0.509328 0.371269
vt 0.509328 0.363806
vt 0.516791 0.371269
vt 0.518657 0.375000
vt 0.511194 0.375000
vt 0.518657 0.382463
vt 0.509328 0.386194
vt 0.509328 0.378731
vt 0.516791 0.386194
vt 0.518657 0.389925
vt 0.511194 0.389925
vt 0.518657 0.397388
vt 0.509328 0.401119
vt 0.509328 0.393657
vt 0.516791 0.401119
vt 0.518657 0.404851
vt 0.511194 0.404851
vt 0.518657 0.412313
vt 0.509328 0.416045
vt 0.509328 0.408582
vt 0.516791 0.416045
vt 0.518657 0.419776
vt 0.511194 0.419776
vt 0.518657 0.427239
vt 0.509328 0.430970
vt 0.509328 0.423507
vt 0.516791 0.430970
vt 0.518657 0.434701
vt 0.511194 0.434701
vt 0.518657 0.442164
vt 0.509328 0.445896
vt 0.509328 0.438433
vt 0.516791 0.445896
vt 0.518657 0.449627
vt 0.511194 0.449627
vt 0.518657 0.457090
vt 0.509328 0.460821
vt 0.509328 0.453358
vt 0.516791 0.460821
vt 0.518657 0.464552
vt 0.511194 0.464552
vt 0.518657 0.472015
vt 0.509328 0.475746
vt 0.509328 0.468284
vt 0.516791 0.475746
vt 0.518657 0.479478
vt 0.511194 0.479478
vt 0.518657 0.486940
vt 0.509328 0.490672
vt 0.509328 0.483209
vt 0.516791 0.490672
vt 0.518657 0.494403
vt 0.511194 0.494403
vt 0.518657 0.501866
vt 0.509328 0.505597
vt 0.509328 0.498134
vt 0.516791 0.505597
vt 0.518657 0.509328
vt 0.511194 0.509328
vt 0.518657 0.516791
vt 0.509328 0.520522
vt 0.509328 0.513060
vt 0.516791 0.520522
vt 0.518657 0.524254
vt 0.511194 0.524254
vt 0.518657 0.531716
vt 0.509328 0.535448
vt 0.509328 0.527985
vt 0.516791 0.535448
vt 0.518657 0.539179
vt 0.511194 0.539179
vt 0.518657 0.546642
vt 0.509328 0.550373
vt 0.509328 0.542910
vt 0.516791 0.550373
vt 0.518657 0.554104
vt 0.511194 0.554104
vt 0.518657 0.561567
vt 0.509328 0.565298
vt 0.509328 0.557836
vt 0.516791 0.565298
vt 0.518657 0.569030
vt 0.511194 0.569030
vt 0.518657 0.576493
vt 0.509328 0.580224
vt 0.509328 0.572761
vt 0.516791 0.580224
vt 0.518657 0.583955
vt 0.511194 0.583955
vt 0.518657 0.591418
vt 0.509328 0.595149
vt 0.509328 0.587687
vt 0.516791 0.595149
vt 0.518657 0.598881
vt 0.511194 0.598881
vt 0.518657 0.606343
vt 0.509328 0.610075
vt 0.509328 0.602612
vt 0.516791 0.610075
vt 0.518657 0.613806
vt 0.511194 0.613806
vt 0.518657 0.621269
vt 0.509328 0.625000
vt 0.509328 0.617537
vt 0.516791 0.625000
vt 0.518657 0.628731
vt 0.511194 0.628731
vt 0.518657 0.636194
vt 0.509328 0.639925
vt 0.509328 0.632463
vt 0.516791 0.639925
vt 0.518657 0.643657
vt 0.511194 0.643657
vt 0.518657 0.651119
vt 0.509328 0.654851
vt 0.509328 0.647388
vt 0.516791 0.654851
vt 0.518657 0.658582
vt 0.511194 0.658582
vt 0.518657 0.666045
vt 0.509328 0.669776
vt 0.509328 0.662313
vt 0.516791 0.669776
vt 0.518657 0.673507
vt 0.511194 0.673507
vt 0.518657 0.680970
vt 0.509328 0.684702
vt 0.509328 0.677239
vt 0.516791 0.684702
vt 0.518657 0.688433
vt 0.511194 0.688433
vt 0.518657 0.695895
vt 0.509328 0.699627
vt 0.509328 0.692164
vt 0.516791 0.699627
vt 0.518657 0.703358
vt 0.511194 0.703358
vt 0.518657 0.710821
vt 0.509328 0.714552
vt 0.509328 0.707090
vt 0.516791 0.714552
vt 0.518657 0.718284
vt 0.511194 0.718284
vt 0.518657 0.725746
vt 0.509328 0.729478
vt 0.509328 0.722015
vt 0.516791 0.729478
vt 0.518657 0.733209
vt 0.511194 0.733209
vt 0.518657 0.740672
vt 0.509328 0.744403
vt 0.509328 0.736940
vt 0.516791 0.744403
vt 0.518657 0.748134
vt 0.511194 0.748134
vt 0.518657 0.755597
vt 0.509328 0.759328
vt 0.509328 0.751866
vt 0.516791 0.759328
vt 0.518657 0.763060
vt 0.511194 0.763060
vt 0.518657 0.770522
vt 0.509328 0.774254
vt 0.509328 0.766791
vt 0.516791 0.774254
vt 0.518657 0.777985
vt 0.511194 0.777985
vt 0.518657 0.785448
vt 0.509328 0.789179
vt 0.509328 0.781716
vt 0.516791 0.789179
vt 0.518657 0.792910
vt 0.511194 0.792910
vt 0.518657 0.800373
vt 0.509328 0.804104
vt 0.509328 0.796642
vt 0.516791 0.804104
vt 0.518657 0.807836
vt 0.511194 0.807836
vt 0.518657 0.815298
vt 0.509328 0.819030
vt 0.509328 0.811567
vt 0.516791 0.819030
vt 0.518657 0.822761
vt 0.511194 0.822761
vt 0.518657 0.830224
vt 0.509328 0.833955
vt 0.509328 0.826492
vt 0.516791 0.833955
vt 0.518657 0.837687
vt 0.511194 0.837687
vt 0.518657 0.845149
vt 0.509328 0.848881
vt 0.509328 0.841418
vt 0.516791 0.848881
vt 0.518657 0.852612
vt 0.511194 0.852612
vt 0.518657 0.860075
vt 0.509328 0.863806
vt 0.509328 0.856343
vt 0.516791 0.863806
vt 0.518657 0.867537
vt 0.511194 0.867537
vt 0.518657 0.875000
vt 0.509328 0.878731
vt 0.509328 0.871269
vt 0.516791 0.878731
vt 0.518657 0.882463
vt 0.511194 0.882463
vt 0.518657 0.889925
vt 0.509328 0.893657
vt 0.509328 0.886194
vt 0.516791 0.893657
vt 0.518657 0.897388
vt 0.511194 0.897388
vt 0.518657 0.904851
vt 0.509328 0.908582
vt 0.509328 0.901119
vt 0.516791 0.908582
vt 0.518657 0.912313
vt 0.511194 0.912313
vt 0.518657 0.919776
vt 0.509328 0.923507
vt 0.509328 0.916045
vt 0.516791 0.923507
vt 0.518657 0.927239
vt 0.511194 0.927239
vt 0.518657 0.934701
vt 0.509328 0.938433
vt 0.509328 0.930970
vt 0.516791 0.938433
vt 0.518657 0.942164
vt 0.511194 0.942164
vt 0.518657 0.949627
vt 0.509328 0.953358
vt 0.509328 0.945895
vt 0.516791 0.953358
vt 0.518657 0.957090
vt 0.511194 0.957090
vt 0.518657 0.964552
vt 0.509328 0.968284
vt 0.509328 0.960821
vt 0.516791 0.968284
vt 0.518657 0.972015
vt 0.511194 0.972015
vt 0.518657 0.979478
vt 0.509328 0.983209
vt 0.509328 0.975746
vt 0.516791 0.983209
vt 0.518657 0.986940
vt 0.511194 0.986940
vt 0.518657 0.994403
vt 0.509328 0.998134
vt 0.509328 0.990672
vt 0.516791 0.998134
vt 0.533582 0.001866
vt 0.526119 0.001866
vt 0.533582 0.009328
vt 0.524254 0.013060
vt 0.524254 0.005597
vt 0.531716 0.013060
vt 0.533582 0.016791
vt 0.526119 0.016791
vt 0.533582 0.024254
vt 0.524254 0.027985
vt 0.524254 0.020522
vt 0.531716 0.027985
vt 0.533582 0.031716
vt 0.526119 0.031716
vt 0.533582 0.039179
vt 0.524254 0.042910
vt 0.524254 0.035448
vt 0.531716 0.042910
vt 0.533582 0.046642
vt 0.526119 0.046642
vt 0.533582 0.054104
vt 0.524254 0.057836
vt 0.524254 0.050373
vt 0.531716 0.057836
vt 0.533582 0.061567
vt 0.526119 0.061567
vt 0.533582 0.069030
vt 0.524254 0.072761
vt 0.524254 0.065299
vt 0.531716 0.072761
vt 0.533582 0.076493
vt 0.526119 0.076493
vt 0.533582 0.083955
vt 0.524254 0.087687
vt 0.524254 0.080224
vt 0.531716 0.087687
vt 0.533582 0.091418
vt 0.526119 0.091418
vt 0.533582 0.098881
vt 0.524254 0.102612
vt 0.524254 0.095149
vt 0.531716 0.102612
vt 0.533582 0.106343
vt 0.526119 0.106343
vt 0.533582 0.113806
vt 0.524254 0.117537
vt 0.524254 0.110075
vt 0.531716 0.117537
vt 0.533582 0.121269
vt 0.526119 0.121269
vt 0.533582 0.128731
vt 0.524254 0.132463
vt 0.524254 0.125000
vt 0.531716 0.132463
vt 0.533582 0.136194
vt 0.526119 0.136194
vt 0.533582 0.143657
vt 0.524254 0.147388
vt 0.524254 0.139925
vt 0.531716 0.147388
vt 0.533582 0.151119
vt 0.526119 0.151119
vt 0.533582 0.158582
vt 0.524254 0.162313
vt 0.524254 0.154851
vt 0.531716 0.162313
vt 0.533582 0.166045
vt 0.526119 0.166045
vt 0.533582 0.173507
vt 0.524254 0.177239
vt 0.524254 0.169776
vt 0.531716 0.177239
vt 0.533582 0.180970
vt 0.526119 0.180970
vt 0.533582 0.188433
vt 0.524254 0.192164
vt 0.524254 0.184701
vt 0.531716 0.192164
vt 0.533582 0.195896
vt 0.526119 0.195896
vt 0.533582 0.203358
vt 0.524254 0.207090
vt 0.524254 0.199627
vt 0.531716 0.207090
vt 0.533582 0.210821
vt 0.526119 0.210821
vt 0.533582 0.218284
vt 0.524254 0.222015
vt 0.524254 0.214552
vt 0.531716 0.222015
vt 0.533582 0.225746
vt 0.526119 0.225746
vt 0.533582 0.233209
vt 0.524254 0.236940
vt 0.524254 0.229478
vt 0.531716 0.236940
vt 0.533582 0.240672
vt 0.526119 0.240672
vt 0.533582 0.248134
vt 0.524254 0.251866
vt 0.524254 0.244403
vt 0.531716 0.251866
vt 0.533582 0.255597
vt 0.526119 0.255597
vt 0.533582 0.263060
vt 0.524254 0.266791
vt 0.524254 0.259328
vt 0.531716 0.266791
vt 0.533582 0.270522
vt 0.526119 0.270522
vt 0.533582 0.277985
vt 0.524254 0.281716
vt 0.524254 0.274254
vt 0.531716 0.281716
vt 0.533582 0.285448
vt 0.526119 0.285448
vt 0.533582 0.292910
vt 0.524254 0.296642
vt 0.524254 0.289179
vt 0.531716 0.296642
vt 0.533582 0.300373
vt 0.526119 0.300373
vt 0.533582 0.307836
vt 0.524254 0.311567
vt 0.524254 0.304104
vt 0.531716 0.311567
vt 0.533582 0.315298
vt 0.526119 0.315298
vt 0.533582 0.322761
vt 0.524254 0.326493
vt 0.524254 0.319030
vt 0.531716 0.326493
vt 0.533582 0.330224
vt 0.526119 0.330224
vt 0.533582 0.337687
vt 0.524254 0.341418
vt 0.524254 0.333955
vt 0.531716 0.341418
vt 0.533582 0.345149
vt 0.526119 0.345149
vt 0.533582 0.352612
vt 0.524254 0.356343
vt 0.524254 0.348881
vt 0.531716 0.356343
vt 0.533582 0.360075
vt 0.526119 0.360075
vt 0.533582 0.367537
vt 0.524254 0.371269
vt 0.524254 0.363806
vt 0.531716 0.371269
vt 0.533582 0.375000
vt 0.526119 0.375000
vt 0.533582 0.382463
vt 0.524254 0.386194
vt 0.524254 0.378731
vt 0.531716 0.386194
vt 0.533582 0.389925
vt 0.526119 0.389925
vt 0.533582 0.397388
vt 0.524254 0.401119
vt 0.524254 0.393657
vt 0.531716 0.401119
vt 0.533582 0.404851
vt 0.526119 0.404851
vt 0.533582 0.412313
vt 0.524254 0.416045
vt 0.524254 0.408582
vt 0.531716 0.416045
vt 0.533582 0.419776
vt 0.526119 0.419776
vt 0.533582 0.427239
vt 0.524254 0.430970
vt 0.524254 0.423507
vt 0.531716 0.430970
vt 0.533582 0.434701
vt 0.526119 0.434701
vt 0.533582 0.442164
vt 0.524254 0.445896
vt 0.524254 0.438433
vt 0.531716 0.445896
vt 0.533582 0.449627
vt 0.526119 0.449627
vt 0.533582 0.457090
vt 0.524254 0.460821
vt 0.524254 0.453358
vt 0.531716 0.460821
vt 0.533582 0.464552
vt 0.526119 0.464552
vt 0.533582 0.472015
vt 0.524254 0.475746
vt 0.524254 0.468284
vt 0.531716 0.475746
vt 0.533582 0.479478
vt 0.526119 0.479478
vt 0.533582 0.486940
vt 0.524254 0.490672
vt 0.524254 0.483209
vt 0.531716 0.490672
vt 0.533582 0.494403
vt 0.526119 0.494403
vt 0.533582 0.501866
vt 0.524254 0.505597
vt 0.524254 0.498134
vt 0.531716 0.505597
vt 0.533582 0.509328
vt 0.526119 0.509328
vt 0.533582 0.516791
vt 0.524254 0.520522
vt 0.524254 0.513060
vt 0.531716 0.520522
vt 0.533582 0.524254
vt 0.526119 0.524254
vt 0.533582 0.531716
vt 0.524254 0.535448
vt 0.524254 0.527985
vt 0.531716 0.535448
vt 0.533582 0.539179
vt 0.526119 0.539179
vt 0.533582 0.546642
vt 0.524254 0.550373
vt 0.524254 0.542910
vt 0.531716 0.550373
vt 0.533582 0.554104
vt 0.526119 0.554104
vt 0.533582 0.561567
vt 0.524254 0.565298
vt 0.524254 0.557836
vt 0.531716 0.565298
vt 0.533582 0.569030
vt 0.526119 0.569030
vt 0.533582 0.576493
vt 0.524254 0.580224
vt 0.524254 0.572761
vt 0.531716 0.580224
vt 0.533582 0.583955
vt 0.526119 0.583955
vt 0.533582 0.591418
vt 0.524254 0.595149
vt 0.524254 0.587687
vt 0.531716 0.595149
vt 0.533582 0.598881
vt 0.526119 0.598881
vt 0.533582 0.606343
vt 0.524254 0.610075
vt 0.524254 0.602612
vt 0.531716 0.610075
vt 0.533582 0.613806
vt 0.526119 0.613806
vt 0.533582 0.621269
vt 0.524254 0.625000
vt 0.524254 0.617537
vt 0.531716 0.625000
vt 0.533582 0.628731
vt 0.526119 0.628731
vt 0.533582 0.636194
vt 0.524254 0.639925
vt 0.524254 0.632463
vt 0.531716 0.639925
vt 0.533582 0.643657
vt 0.526119 0.643657
vt 0.533582 0.651119
vt 0.524254 0.654851
vt 0.524254 0.647388
vt 0.531716 0.654851
vt 0.533582 0.658582
vt 0.526119 0.658582
vt 0.533582 0.666045
vt 0.524254 0.669776
vt 0.524254 0.662313
vt 0.531716 0.669776
vt 0.533582 0.673507
vt 0.526119 0.673507
vt 0.533582 0.680970
vt 0.524254 0.684702
vt 0.524254 0.677239
vt 0.531716 0.684702
vt 0.533582 0.688433
vt 0.526119 0.688433
vt 0.533582 0.695895
vt 0.524254 0.699627
vt 0.524254 0.692164
vt 0.531716 0.699627
vt 0.533582 0.703358
vt 0.526119 0.703358
vt 0.533582 0.710821
vt 0.524254 0.714552
vt 0.524254 0.707090
vt 0.531716 0.714552
vt 0.533582 0.718284
vt 0.526119 0.718284
vt 0.533582 0.725746
vt 0.524254 0.729478
vt 0.524254 0.722015
vt 0.531716 0.729478
vt 0.533582 0.733209
vt 0.526119 0.733209
vt 0.533582 0.740672
vt 0.524254 0.744403
vt 0.524254 0.736940
vt 0.531716 0.744403
vt 0.533582 0.748134
vt 0.526119 0.748134
vt 0.533582 0.755597
vt 0.524254 0.759328
vt 0.524254 0.751866
vt 0.531716 0.759328
vt 0.533582 0.763060
vt 0.526119 0.763060
vt 0.533582 0.770522
vt 0.524254 0.774254
vt 0.524254 0.766791
vt 0.531716 0.774254
vt 0.533582 0.777985
vt 0.526119 0.777985
vt 0.533582 0.785448
vt 0.524254 0.789179
vt 0.524254 0.781716
vt 0.531716 0.789179
vt 0.533582 0.792910
vt 0.526119 0.792910
vt 0.533582 0.800373
vt 0.524254 0.804104
vt 0.524254 0.796642
vt 0.531716 0.804104
vt 0.533582 0.807836
vt 0.526119 0.807836
vt 0.533582 0.815298
vt 0.524254 0.819030
vt 0.524254 0.811567
vt 0.531716 0.819030
vt 0.533582 0.822761
vt 0.526119 0.822761
vt 0.533582 0.830224
vt 0.524254 0.833955
vt 0.524254 0.826492
vt 0.531716 0.833955
vt 0.533582 0.837687
vt 0.526119 0.837687
vt 0.533582 0.845149
vt 0.524254 0.848881
vt 0.524254 0.841418
vt 0.531716 0.848881
vt 0.533582 0.852612
vt 0.526119 0.852612
vt 0.533582 0.860075
vt 0.524254 0.863806
vt 0.524254 0.856343
vt 0.531716 0.863806
vt 0.533582 0.867537
vt 0.526119 0.867537
vt 0.533582 0.875000
vt 0.524254 0.878731
vt 0.524254 0.871269
vt 0.531716 0.878731
vt 0.533582 0.882463
vt 0.526119 0.882463
vt 0.533582 0.889925
vt 0.524254 0.893657
vt 0.524254 0.886194
vt 0.531716 0.893657
vt 0.533582 0.897388
vt 0.526119 0.897388
vt 0.533582 0.904851
vt 0.524254 0.908582
vt 0.524254 0.901119
vt 0.531716 0.908582
vt 0.533582 0.912313
vt 0.526119 0.912313
vt 0.533582 0.919776
vt 0.524254 0.923507
vt 0.524254 0.916045
vt 0.531716 0.923507
vt 0.533582 0.927239
vt 0.526119 0.927239
vt 0.533582 0.934701
vt 0.524254 0.938433
vt 0.524254 0.930970
vt 0.531716 0.938433
vt 0.533582 0.942164
vt 0.526119 0.942164
vt 0.533582 0.949627
vt 0.524254 0.953358
vt 0.524254 0.945895
vt 0.531716 0.953358
vt 0.533582 0.957090
vt 0.526119 0.957090
vt 0.533582 0.964552
vt 0.524254 0.968284
vt 0.524254 0.960821
vt 0.531716 0.968284
vt 0.533582 0.972015
vt 0.526119 0.972015
vt 0.533582 0.979478
vt 0.524254 0.983209
vt 0.524254 0.975746
vt 0.531716 0.983209
vt 0.533582 0.986940
vt 0.526119 0.986940
vt 0.533582 0.994403
vt 0.524254 0.998134
vt 0.524254 0.990672
vt 0.531716 0.998134
vt 0.548507 0.001866
vt 0.541045 0.001866
vt 0.548507 0.009328
vt 0.539179 0.013060
vt 0.539179 0.005597
vt 0.546642 0.013060
vt 0.548507 0.016791
vt 0.541045 0.016791
vt 0.548507 0.024254
vt 0.539179 0.027985
vt 0.539179 0.020522
vt 0.546642 0.027985
vt 0.548507 0.031716
vt 0.541045 0.031716
vt 0.548507 0.039179
vt 0.539179 0.042910
vt 0.539179 0.035448
vt 0.546642 0.042910
vt 0.548507 0.046642
vt 0.541045 0.046642
vt 0.548507 0.054104
vt 0.539179 0.057836
vt 0.539179 0.050373
vt 0.546642 0.057836
vt 0.548507 0.061567
vt 0.541045 0.061567
vt 0.548507 0.069030
vt 0.539179 0.072761
vt 0.539179 0.065299
vt 0.546642 0.072761
vt 0.548507 0.076493
vt 0.541045 0.076493
vt 0.548507 0.083955
vt 0.539179 0.087687
vt 0.539179 0.080224
vt 0.546642 0.087687
vt 0.548507 0.091418
vt 0.541045 0.091418
vt 0.548507 0.098881
vt 0.539179 0.102612
vt 0.539179 0.095149
vt 0.546642 0.102612
vt 0.548507 0.106343
vt 0.541045 0.106343
vt 0.548507 0.113806
vt 0.539179 0.117537
vt 0.539179 0.110075
vt 0.546642 0.117537
vt 0.548507 0.121269
vt 0.541045 0.121269
vt 0.548507 0.128731
vt 0.539179 0.132463
vt 0.539179 0.125000
vt 0.546642 0.132463
vt 0.548507 0.136194
vt 0.541045 0.136194
vt 0.548507 0.143657
vt 0.539179 0.147388
vt 0.539179 0.139925
vt 0.546642 0.147388
vt 0.548507 0.151119
vt 0.541045 0.151119
vt 0.548507 0.158582
vt 0.539179 0.162313
vt 0.539179 0.154851
vt 0.546642 0.162313
vt 0.548507 0.166045
vt 0.541045 0.166045
vt 0.548507 0.173507
vt 0.539179 0.177239
vt 0.539179 0.169776
vt 0.546642 0.177239
vt 0.548507 0.180970
vt 0.541045 0.180970
vt 0.548507 0.188433
vt 0.539179 0.192164
vt 0.539179 0.184701
vt 0.546642 0.192164
vt 0.548507 0.195896
vt 0.541045 0.195896
vt 0.548507 0.203358
vt 0.539179 0.207090
vt 0.539179 0.199627
vt 0.546642 0.207090
vt 0.548507 0.210821
vt 0.541045 0.210821
vt 0.548507 0.218284
vt 0.539179 0.222015
vt 0.539179 0.214552
vt 0.546642 0.222015
vt 0.548507 0.225746
vt 0.541045 0.225746
vt 0.548507 0.233209
vt 0.539179 0.236940
vt 0.539179 0.229478
vt 0.546642 0.236940
vt 0.548507 0.240672
vt 0.541045 0.240672
vt 0.548507 0.248134
vt 0.539179 0.251866
vt 0.539179 0.244403
vt 0.546642 0.251866
vt 0.548507 0.255597
vt 0.541045 0.255597
vt 0.548507 0.263060
vt 0.539179 0.266791
vt 0.539179 0.259328
vt 0.546642 0.266791
vt 0.548507 0.270522
vt 0.541045 0.270522
vt 0.548507 0.277985
vt 0.539179 0.281716
vt 0.539179 0.274254
vt 0.546642 0.281716
vt 0.548507 0.285448
vt 0.541045 0.285448
vt 0.548507 0.292910
vt 0.539179 0.296642
vt 0.539179 0.289179
vt 0.546642 0.296642
vt 0.548507 0.300373
vt 0.541045 0.300373
vt 0.548507 0.307836
vt 0.539179 0.311567
vt 0.539179 0.304104
vt 0.546642 0.311567
vt 0.548507 0.315298
vt 0.541045 0.315298
vt 0.548507 0.322761
vt 0.539179 0.326493
vt 0.539179 0.319030
vt 0.546642 0.326493
vt 0.548507 0.330224
vt 0.541045 0.330224
vt 0.548507 0.337687
vt 0.539179 0.341418
vt 0.539179 0.333955
vt 0.546642 0.341418
vt 0.548507 0.345149
vt 0.541045 0.345149
vt 0.548507 0.352612
vt 0.539179 0.356343
vt 0.539179 0.348881
vt 0.546642 0.356343
vt 0.548507 0.360075
vt 0.541045 0.360075
vt 0.548507 0.367537
vt 0.539179 0.371269
vt 0.539179 0.363806
vt 0.546642 0.371269
vt 0.548507 0.375000
vt 0.541045 0.375000
vt 0.548507 0.382463
vt 0.539179 0.386194
vt 0.539179 0.378731
vt 0.546642 0.386194
vt 0.548507 0.389925
vt 0.541045 0.389925
vt 0.548507 0.397388
vt 0.539179 0.401119
vt 0.539179 0.393657
vt 0.546642 0.401119
vt 0.548507 0.404851
vt 0.541045 0.404851
vt 0.548507 0.412313
vt 0.539179 0.416045
vt 0.539179 0.408582
vt 0.546642 0.416045
vt 0.548507 0.419776
vt 0.541045 0.419776
vt 0.548507 0.427239
vt 0.539179 0.430970
vt 0.539179 0.423507
vt 0.546642 0.430970
vt 0.548507 0.434701
vt 0.541045 0.434701
vt 0.548507 0.442164
vt 0.539179 0.445896
vt 0.539179 0.438433
vt 0.546642 0.445896
vt 0.548507 0.449627
vt 0.541045 0.449627
vt 0.548507 0.457090
vt 0.539179 0.460821
vt 0.539179 0.453358
vt 0.546642 0.460821
vt 0.548507 0.464552
vt 0.541045 0.464552
vt 0.548507 0.472015
vt 0.539179 0.475746
vt 0.539179 0.468284
vt 0.546642 0.475746
vt 0.548507 0.479478
vt 0.541045 0.479478
vt 0.548507 0.486940
vt 0.539179 0.490672
vt 0.539179 0.483209
vt 0.546642 0.490672
vt 0.548507 0.494403
vt 0.541045 0.494403
vt 0.548507 0.501866
vt 0.539179 0.505597
vt 0.539179 0.498134
vt 0.546642 0.505597
vt 0.548507 0.509328
vt 0.541045 0.509328
vt 0.548507 0.516791
vt 0.539179 0.520522
vt 0.539179 0.513060
vt 0.546642 0.520522
vt 0.548507 0.524254
vt 0.541045 0.524254
vt 0.548507 0.531716
vt 0.539179 0.535448
vt 0.539179 0.527985
vt 0.546642 0.535448
vt 0.548507 0.539179
vt 0.541045 0.539179
vt 0.548507 0.546642
vt 0.539179 0.550373
vt 0.539179 0.542910
vt 0.546642 0.550373
vt 0.548507 0.554104
vt 0.541045 0.554104
vt 0.548507 0.561567
vt 0.539179 0.565298
vt 0.539179 0.557836
vt 0.546642 0.565298
vt 0.548507 0.569030
vt 0.541045 0.569030
vt 0.548507 0.576493
vt 0.539179 0.580224
vt 0.539179 0.572761
vt 0.546642 0.580224
vt 0.548507 0.583955
vt 0.541045 0.583955
vt 0.548507 0.591418
vt 0.539179 0.595149
vt 0.539179 0.587687
vt 0.546642 0.595149
vt 0.548507 0.598881
vt 0.541045 0.598881
vt 0.548507 0.606343
vt 0.539179 0.610075
vt 0.539179 0.602612
vt 0.546642 0.610075
vt 0.548507 0.613806
vt 0.541045 0.613806
vt 0.548507 0.621269
vt 0.539179 0.625000
vt 0.539179 0.617537
vt 0.546642 0.625000
vt 0.548507 0.628731
vt 0.541045 0.628731
vt 0.548507 0.636194
vt 0.539179 0.639925
vt 0.539179 0.632463
vt 0.546642 0.639925
vt 0.548507 0.643657
vt 0.541045 0.643657
vt 0.548507 0.651119
vt 0.539179 0.654851
vt 0.539179 0.647388
vt 0.546642 0.654851
vt 0.548507 0.658582
vt 0.541045 0.658582
vt 0.548507 0.666045
vt 0.539179 0.669776
vt 0.539179 0.662313
vt 0.546642 0.669776
vt 0.548507 0.673507
vt 0.541045 0.673507
vt 0.548507 0.680970
vt 0.539179 0.684702
vt 0.539179 0.677239
vt 0.546642 0.684702
vt 0.548507 0.688433
vt 0.541045 0.688433
vt 0.548507 0.695895
vt 0.539179 0.699627
vt 0.539179 0.692164
vt 0.546642 0.699627
vt 0.548507 0.703358
vt 0.541045 0.703358
vt 0.548507 0.710821
vt 0.539179 0.714552
vt 0.539179 0.707090
vt 0.546642 0.714552
vt 0.548507 0.718284
vt 0.541045 0.718284
vt 0.548507 0.725746
vt 0.539179 0.729478
vt 0.539179 0.722015
vt 0.546642 0.729478
vt 0.548507 0.733209
vt 0.541045 0.733209
vt 0.548507 0.740672
vt 0.539179 0.744403
vt 0.539179 0.736940
vt 0.546642 0.744403
vt 0.548507 0.748134
vt 0.541045 0.748134
vt 0.548507 0.755597
vt 0.539179 0.759328
vt 0.539179 0.751866
vt 0.546642 0.759328
vt 0.548507 0.763060
vt 0.541045 0.763060
vt 0.548507 0.770522
vt 0.539179 0.774254
vt 0.539179 0.766791
vt 0.546642 0.774254
vt 0.548507 0.777985
vt 0.541045 0.777985
vt 0.548507 0.785448
vt 0.539179 0.789179
vt 0.539179 0.781716
vt 0.546642 0.789179
vt 0.548507 0.792910
vt 0.541045 0.792910
vt 0.548507 0.800373
vt 0.539179 0.804104
vt 0.539179 0.796642
vt 0.546642 0.804104
vt 0.548507 0.807836
vt 0.541045 0.807836
vt 0.548507 0.815298
vt 0.539179 0.819030
vt 0.539179 0.811567
vt 0.546642 0.819030
vt 0.548507 0.822761
vt 0.541045 0.822761
vt 0.548507 0.830224
vt 0.539179 0.833955
vt 0.539179 0.826492
vt 0.546642 0.833955
vt 0.548507 0.837687
vt 0.541045 0.837687
vt 0.548507 0.845149
vt 0.539179 0.848881
vt 0.539179 0.841418
vt 0.546642 0.848881
vt 0.548507 0.852612
vt 0.541045 0.852612
vt 0.548507 0.860075
vt 0.539179 0.863806
vt 0.539179 0.856343
vt 0.546642 0.863806
vt 0.548507 0.867537
vt 0.541045 0.867537
vt 0.548507 0.875000
vt 0.539179 0.878731
vt 0.539179 0.871269
vt 0.546642 0.878731
vt 0.548507 0.882463
vt 0.541045 0.882463
vt 0.548507 0.889925
vt 0.539179 0.893657
vt 0.539179 0.886194
vt 0.546642 0.893657
vt 0.548507 0.897388
vt 0.541045 0.897388
vt 0.548507 0.904851
vt 0.539179 0.908582
vt 0.539179 0.901119
vt 0.546642 0.908582
vt 0.548507 0.912313
vt 0.541045 0.912313
vt 0.548507 0.919776
vt 0.539179 0.923507
vt 0.539179 0.916045
vt 0.546642 0.923507
vt 0.548507 0.927239
vt 0.541045 0.927239
vt 0.548507 0.934701
vt 0.539179 0.938433
vt 0.539179 0.930970
vt 0.546642 0.938433
vt 0.548507 0.942164
vt 0.541045 0.942164
vt 0.548507 0.949627
vt 0.539179 0.953358
vt 0.539179 0.945895
vt 0.546642 0.953358
vt 0.548507 0.957090
vt 0.541045 0.957090
vt 0.548507 0.964552
vt 0.539179 0.968284
vt 0.539179 0.960821
vt 0.546642 0.968284
vt 0.548507 0.972015
vt 0.541045 0.972015
vt 0.548507 0.979478
vt 0.539179 0.983209
vt 0.539179 0.975746
vt 0.546642 0.983209
vt 0.548507 0.986940
vt 0.541045 0.986940
vt 0.548507 0.994403
vt 0.539179 0.998134
vt 0.539179 0.990672
vt 0.546642 0.998134
vt 0.563433 0.001866
vt 0.555970 0.001866
vt 0.563433 0.009328
vt 0.554104 0.013060
vt 0.554104 0.005597
vt 0.561567 0.013060
vt 0.563433 0.016791
vt 0.555970 0.016791
vt 0.563433 0.024254
vt 0.554104 0.027985
vt 0.554104 0.020522
vt 0.561567 0.027985
vt 0.563433 0.031716
vt 0.555970 0.031716
vt 0.563433 0.039179
vt 0.554104 0.042910
vt 0.554104 0.035448
vt 0.561567 0.042910
vt 0.563433 0.046642
vt 0.555970 0.046642
vt 0.563433 0.054104
vt 0.554104 0.057836
vt 0.554104 0.050373
vt 0.561567 0.057836
vt 0.563433 0.061567
vt 0.555970 0.061567
vt 0.563433 0.069030
vt 0.554104 0.072761
vt 0.554104 0.065299
vt 0.561567 0.072761
vt 0.563433 0.076493
vt 0.555970 0.076493
vt 0.563433 0.083955
vt 0.554104 0.087687
vt 0.554104 0.080224
vt 0.561567 0.087687
vt 0.563433 0.091418
vt 0.555970 0.091418
vt 0.563433 0.098881
vt 0.554104 0.102612
vt 0.554104 0.095149
vt 0.561567 0.102612
vt 0.563433 0.106343
vt 0.555970 0.106343
vt 0.563433 0.113806
vt 0.554104 0.117537
vt 0.554104 0.110075
vt 0.561567 0.117537
vt 0.563433 0.121269
vt 0.555970 0.121269
vt 0.563433 0.128731
vt 0.554104 0.132463
vt 0.554104 0.125000
vt 0.561567 0.132463
vt 0.563433 0.136194
vt 0.555970 0.136194
vt 0.563433 0.143657
vt 0.554104 0.147388
vt 0.554104 0.139925
vt 0.561567 0.147388
vt 0.563433 0.151119
vt 0.555970 0.151119
vt 0.563433 0.158582
vt 0.554104 0.162313
vt 0.554104 0.154851
vt 0.561567 0.162313
vt 0.563433 0.166045
vt 0.555970 0.166045
vt 0.563433 0.173507
vt 0.554104 0.177239
vt 0.554104 0.169776
vt 0.561567 0.177239
vt 0.563433 0.180970
vt 0.555970 0.180970
vt 0.563433 0.188433
vt 0.554104 0.192164
vt 0.554104 0.184701
vt 0.561567 0.192164
vt 0.563433 0.195896
vt 0.555970 0.195896
vt 0.563433 0.203358
vt 0.554104 0.207090
vt 0.554104 0.199627
vt 0.561567 0.207090
vt 0.563433 0.210821
vt 0.555970 0.210821
vt 0.563433 0.218284
vt 0.554104 0.222015
vt 0.554104 0.214552
vt 0.561567 0.222015
vt 0.563433 0.225746
vt 0.555970 0.225746
vt 0.563433 0.233209
vt 0.554104 0.236940
vt 0.554104 0.229478
vt 0.561567 0.236940
vt 0.563433 0.240672
vt 0.555970 0.240672
vt 0.563433 0.248134
vt 0.554104 0.251866
vt 0.554104 0.244403
vt 0.561567 0.251866
vt 0.563433 0.255597
vt 0.555970 0.255597
vt 0.563433 0.263060
vt 0.554104 0.266791
vt 0.554104 0.259328
vt 0.561567 0.266791
vt 0.563433 0.270522
vt 0.555970 0.270522
vt 0.563433 0.277985
vt 0.554104 0.281716
vt 0.554104 0.274254
vt 0.561567 0.281716
vt 0.563433 0.285448
vt 0.555970 0.285448
vt 0.563433 0.292910
vt 0.554104 0.296642
vt 0.554104 0.289179
vt 0.561567 0.296642
vt 0.563433 0.300373
vt 0.555970 0.300373
vt 0.563433 0.307836
vt 0.554104 0.311567
vt 0.554104 0.304104
vt 0.561567 0.311567
vt 0.563433 0.315298
vt 0.555970 0.315298
vt 0.563433 0.322761
vt 0.554104 0.326493
vt 0.554104 0.319030
vt 0.561567 0.326493
vt 0.563433 0.330224
vt 0.555970 0.330224
vt 0.563433 0.337687
vt 0.554104 0.341418
vt 0.554104 0.333955
vt 0.561567 0.341418
vt 0.563433 0.345149
vt 0.555970 0.345149
vt 0.563433 0.352612
vt 0.554104 0.356343
vt 0.554104 0.348881
vt 0.561567 0.356343
vt 0.563433 0.360075
vt 0.555970 0.360075
vt 0.563433 0.367537
vt 0.554104 0.371269
vt 0.554104 0.363806
vt 0.561567 0.371269
vt 0.563433 0.375000
vt 0.555970 0.375000
vt 0.563433 0.382463
vt 0.554104 0.386194
vt 0.554104 0.378731
vt 0.561567 0.386194
vt 0.563433 0.389925
vt 0.555970 0.389925
vt 0.563433 0.397388
vt 0.554104 0.401119
vt 0.554104 0.393657
vt 0.561567 0.401119
vt 0.563433 0.404851
vt 0.555970 0.404851
vt 0.563433 0.412313
vt 0.554104 0.416045
vt 0.554104 0.408582
vt 0.561567 0.416045
vt 0.563433 0.419776
vt 0.555970 0.419776
vt 0.563433 0.427239
vt 0.554104 0.430970
vt 0.554104 0.423507
vt 0.561567 0.430970
vt 0.563433 0.434701
vt 0.555970 0.434701
vt 0.563433 0.442164
vt 0.554104 0.445896
vt 0.554104 0.438433
vt 0.561567 0.445896
vt 0.563433 0.449627
vt 0.555970 0.449627
vt 0.563433 0.457090
vt 0.554104 0.460821
vt 0.554104 0.453358
vt 0.561567 0.460821
vt 0.563433 0.464552
vt 0.555970 0.464552
vt 0.563433 0.472015
vt 0.554104 0.475746
vt 0.554104 0.468284
vt 0.561567 0.475746
vt 0.563433 0.479478
vt 0.555970 0.479478
vt 0.563433 0.486940
vt 0.554104 0.490672
vt 0.554104 0.483209
vt 0.561567 0.490672
vt 0.563433 0.494403
vt 0.555970 0.494403
vt 0.563433 0.501866
vt 0.554104 0.505597
vt 0.554104 0.498134
vt 0.561567 0.505597
vt 0.563433 0.509328
vt 0.555970 0.509328
vt 0.563433 0.516791
vt 0.554104 0.520522
vt 0.554104 0.513060
vt 0.561567 0.520522
vt 0.563433 0.524254
vt 0.555970 0.524254
vt 0.563433 0.531716
vt 0.554104 0.535448
vt 0.554104 0.527985
vt 0.561567 0.535448
vt 0.563433 0.539179
vt 0.555970 0.539179
vt 0.563433 0.546642
vt 0.554104 0.550373
vt 0.554104 0.542910
vt 0.561567 0.550373
vt 0.563433 0.554104
vt 0.555970 0.554104
vt 0.563433 0.561567
vt 0.554104 0.565298
vt 0.554104 0.557836
vt 0.561567 0.565298
vt 0.563433 0.569030
vt 0.555970 0.569030
vt 0.563433 0.576493
vt 0.554104 0.580224
vt 0.554104 0.572761
vt 0.561567 0.580224
vt 0.563433 0.583955
vt 0.555970 0.583955
vt 0.563433 0.591418
vt 0.554104 0.595149
vt 0.554104 0.587687
vt 0.561567 0.595149
vt 0.563433 0.598881
vt 0.555970 0.598881
vt 0.563433 0.606343
vt 0.554104 0.610075
vt 0.554104 0.602612
vt 0.561567 0.610075
vt 0.563433 0.613806
vt 0.555970 0.613806
vt 0.563433 0.621269
vt 0.554104 0.625000
vt 0.554104 0.617537
vt 0.561567 0.625000
vt 0.563433 0.628731
vt 0.555970 0.628731
vt 0.563433 0.636194
vt 0.554104 0.639925
vt 0.554104 0.632463
vt 0.561567 0.639925
vt 0.563433 0.643657
vt 0.555970 0.643657
vt 0.563433 0.651119
vt 0.554104 0.654851
vt 0.554104 0.647388
vt 0.561567 0.654851
vt 0.563433 0.658582
vt 0.555970 0.658582
vt 0.563433 0.666045
vt 0.554104 0.669776
vt 0.554104 0.662313
vt 0.561567 0.669776
vt 0.563433 0.673507
vt 0.555970 0.673507
vt 0.563433 0.680970
vt 0.554104 0.684702
vt 0.554104 0.677239
vt 0.561567 0.684702
vt 0.563433 0.688433
vt 0.555970 0.688433
vt 0.563433 0.695895
vt 0.554104 0.699627
vt 0.554104 0.692164
vt 0.561567 0.699627
vt 0.563433 0.703358
vt 0.555970 0.703358
vt 0.563433 0.710821
vt 0.554104 0.714552
vt 0.554104 0.707090
vt 0.561567 0.714552
vt 0.563433 0.718284
vt 0.555970 0.718284
vt 0.563433 0.725746
vt 0.554104 0.729478
vt 0.554104 0.722015
vt 0.561567 0.729478
vt 0.563433 0.733209
vt 0.555970 0.733209
vt 0.563433 0.740672
vt 0.554104 0.744403
vt 0.554104 0.736940
vt 0.561567 0.744403
vt 0.563433 0.748134
vt 0.555970 0.748134
vt 0.563433 0.755597
vt 0.554104 0.759328
vt 0.554104 0.751866
vt 0.561567 0.759328
vt 0.563433 0.763060
vt 0.555970 0.763060
vt 0.563433 0.770522
vt 0.554104 0.774254
vt 0.554104 0.766791
vt 0.561567 0.774254
vt 0.563433 0.777985
vt 0.555970 0.777985
vt 0.563433 0.785448
vt 0.554104 0.789179
vt 0.554104 0.781716
vt 0.561567 0.789179
vt 0.563433 0.792910
vt 0.555970 0.792910
vt 0.563433 0.800373
vt 0.554104 0.804104
vt 0.554104 0.796642
vt 0.561567 0.804104
vt 0.563433 0.807836
vt 0.555970 0.807836
vt 0.563433 0.815298
vt 0.554104 0.819030
vt 0.554104 0.811567
vt 0.561567 0.819030
vt 0.563433 0.822761
vt 0.555970 0.822761
vt 0.563433 0.830224
vt 0.554104 0.833955
vt 0.554104 0.826492
vt 0.561567 0.833955
vt 0.563433 0.837687
vt 0.555970 0.837687
vt 0.563433 0.845149
vt 0.554104 0.848881
vt 0.554104 0.841418
vt 0.561567 0.848881
vt 0.563433 0.852612
vt 0.555970 0.852612
vt 0.563433 0.860075
vt 0.554104 0.863806
vt 0.554104 0.856343
vt 0.561567 0.863806
vt 0.563433 0.867537
vt 0.555970 0.867537
vt 0.563433 0.875000
vt 0.554104 0.878731
vt 0.554104 0.871269
vt 0.561567 0.878731
vt 0.563433 0.882463
vt 0.555970 0.882463
vt 0.563433 0.889925
vt 0.554104 0.893657
vt 0.554104 0.886194
vt 0.561567 0.893657
vt 0.563433 0.897388
vt 0.555970 0.897388
vt 0.563433 0.904851
vt 0.554104 0.908582
vt 0.554104 0.901119
vt 0.561567 0.908582
vt 0.563433 0.912313
vt 0.555970 0.912313
vt 0.563433 0.919776
vt 0.554104 0.923507
vt 0.554104 0.916045
vt 0.561567 0.923507
vt 0.563433 0.927239
vt 0.555970 0.927239
vt 0.563433 0.934701
vt 0.554104 0.938433
vt 0.554104 0.930970
vt 0.561567 0.938433
vt 0.563433 0.942164
vt 0.555970 0.942164
vt 0.563433 0.949627
vt 0.554104 0.953358
vt 0.554104 0.945895
vt 0.561567 0.953358
vt 0.563433 0.957090
vt 0.555970 0.957090
vt 0.563433 0.964552
vt 0.554104 0.968284
vt 0.554104 0.960821
vt 0.561567 0.968284
vt 0.563433 0.972015
vt 0.555970 0.972015
vt 0.563433 0.979478
vt 0.554104 0.983209
vt 0.554104 0.975746
vt 0.561567 0.983209
vt 0.563433 0.986940
vt 0.555970 0.986940
vt 0.563433 0.994403
vt 0.554104 0.998134
vt 0.554104 0.990672
vt 0.561567 0.998134
vt 0.578358 0.001866
vt 0.570895 0.001866
vt 0.578358 0.009328
vt 0.569030 0.013060
vt 0.569030 0.005597
vt 0.576493 0.013060
vt 0.578358 0.016791
vt 0.570895 0.016791
vt 0.578358 0.024254
vt 0.569030 0.027985
vt 0.569030 0.020522
vt 0.576493 0.027985
vt 0.578358 0.031716
vt 0.570895 0.031716
vt 0.578358 0.039179
vt 0.569030 0.042910
vt 0.569030 0.035448
vt 0.576493 0.042910
vt 0.578358 0.046642
vt 0.570895 0.046642
vt 0.578358 0.054104
vt 0.569030 0.057836
vt 0.569030 0.050373
vt 0.576493 0.057836
vt 0.578358 0.061567
vt 0.570895 0.061567
vt 0.578358 0.069030
vt 0.569030 0.072761
vt 0.569030 0.065299
vt 0.576493 0.072761
vt 0.578358 0.076493
vt 0.570895 0.076493
vt 0.578358 0.083955
vt 0.569030 0.087687
vt 0.569030 0.080224
vt 0.576493 0.087687
vt 0.578358 0.091418
vt 0.570895 0.091418
vt 0.578358 0.098881
vt 0.569030 0.102612
vt 0.569030 0.095149
vt 0.576493 0.102612
vt 0.578358 0.106343
vt 0.570895 0.106343
vt 0.578358 0.113806
vt 0.569030 0.117537
vt 0.569030 0.110075
vt 0.576493 0.117537
vt 0.578358 0.121269
vt 0.570895 0.121269
vt 0.578358 0.128731
vt 0.569030 0.132463
vt 0.569030 0.125000
vt 0.576493 0.132463
vt 0.578358 0.136194
vt 0.570895 0.136194
vt 0.578358 0.143657
vt 0.569030 0.147388
vt 0.569030 0.139925
vt 0.576493 0.147388
vt 0.578358 0.151119
vt 0.570895 0.151119
vt 0.578358 0.158582
vt 0.569030 0.162313
vt 0.569030 0.154851
vt 0.576493 0.162313
vt 0.578358 0.166045
vt 0.570895 0.166045
vt 0.578358 0.173507
vt 0.569030 0.177239
vt 0.569030 0.169776
vt 0.576493 0.177239
vt 0.578358 0.180970
vt 0.570895 0.180970
vt 0.578358 0.188433
vt 0.569030 0.192164
vt 0.569030 0.184701
vt 0.576493 0.192164
vt 0.578358 0.195896
vt 0.570895 0.195896
vt 0.578358 0.203358
vt 0.569030 0.207090
vt 0.569030 0.199627
vt 0.576493 0.207090
vt 0.578358 0.210821
vt 0.570895 0.210821
vt 0.578358 0.218284
vt 0.569030 0.222015
vt 0.569030 0.214552
vt 0.576493 0.222015
vt 0.578358 0.225746
vt 0.570895 0.225746
vt 0.578358 0.233209
vt 0.569030 0.236940
vt 0.569030 0.229478
vt 0.576493 0.236940
vt 0.578358 0.240672
vt 0.570895 0.240672
vt 0.578358 0.248134
vt 0.569030 0.251866
vt 0.569030 0.244403
vt 0.576493 0.251866
vt 0.578358 0.255597
vt 0.570895 0.255597
vt 0.578358 0.263060
vt 0.569030 0.266791
vt 0.569030 0.259328
vt 0.576493 0.266791
vt 0.578358 0.270522
vt 0.570895 0.270522
vt 0.578358 0.277985
vt 0.569030 0.281716
vt 0.569030 0.274254
vt 0.576493 0.281716
vt 0.578358 0.285448
vt 0.570895 0.285448
vt 0.578358 0.292910
vt 0.569030 0.296642
vt 0.569030 0.289179
vt 0.576493 0.296642
vt 0.578358 0.300373
vt 0.570895 0.300373
vt 0.578358 0.307836
vt 0.569030 0.311567
vt 0.569030 0.304104
vt 0.576493 0.311567
vt 0.578358 0.315298
vt 0.570895 0.315298
vt 0.578358 0.322761
vt 0.569030 0.326493
vt 0.569030 0.319030
vt 0.576493 0.326493
vt 0.578358 0.330224
vt 0.570895 0.330224
vt 0.578358 0.337687
vt 0.569030 0.341418
vt 0.569030 0.333955
vt 0.576493 0.341418
vt 0.578358 0.345149
vt 0.570895 0.345149
vt 0.578358 0.352612
vt 0.569030 0.356343
vt 0.569030 0.348881
vt 0.576493 0.356343
vt 0.578358 0.360075
vt 0.570895 0.360075
vt 0.578358 0.367537
vt 0.569030 0.371269
vt 0.569030 0.363806
vt 0.576493 0.371269
vt 0.578358 0.375000
vt 0.570895 0.375000
vt 0.578358 0.382463
vt 0.569030 0.386194
vt 0.569030 0.378731
vt 0.576493 0.386194
vt 0.578358 0.389925
vt 0.570895 0.389925
vt 0.578358 0.397388
vt 0.569030 0.401119
vt 0.569030 0.393657
vt 0.576493 0.401119
vt 0.578358 0.404851
vt 0.570895 0.404851
vt 0.578358 0.412313
vt 0.569030 0.416045
vt 0.569030 0.408582
vt 0.576493 0.416045
vt 0.578358 0.419776
vt 0.570895 0.419776
vt 0.578358 0.427239
vt 0.569030 0.430970
vt 0.569030 0.423507
vt 0.576493 0.430970
vt 0.578358 0.434701
vt 0.570895 0.434701
vt 0.578358 0.442164
vt 0.569030 0.445896
vt 0.569030 0.438433
vt 0.576493 0.445896
vt 0.578358 0.449627
vt 0.570895 0.449627
vt 0.578358 0.457090
vt 0.569030 0.460821
vt 0.569030 0.453358
vt 0.576493 0.460821
vt 0.578358 0.464552
vt 0.570895 0.464552
vt 0.578358 0.472015
vt 0.569030 0.475746
vt 0.569030 0.468284
vt 0.576493 0.475746
vt 0.578358 0.479478
vt 0.570895 0.479478
vt 0.578358 0.486940
vt 0.569030 0.490672
vt 0.569030 0.483209
vt 0.576493 0.490672
vt 0.578358 0.494403
vt 0.570895 0.494403
vt 0.578358 0.501866
vt 0.569030 0.505597
vt 0.569030 0.498134
vt 0.576493 0.505597
vt 0.578358 0.509328
vt 0.570895 0.509328
vt 0.578358 0.516791
vt 0.569030 0.520522
vt 0.569030 0.513060
vt 0.576493 0.520522
vt 0.578358 0.524254
vt 0.570895 0.524254
vt 0.578358 0.531716
vt 0.569030 0.535448
vt 0.569030 0.527985
vt 0.576493 0.535448
vt 0.578358 0.539179
vt 0.570895 0.539179
vt 0.578358 0.546642
vt 0.569030 0.550373
vt 0.569030 0.542910
vt 0.576493 0.550373
vt 0.578358 0.554104
vt 0.570895 0.554104
vt 0.578358 0.561567
vt 0.569030 0.565298
vt 0.569030 0.557836
vt 0.576493 0.565298
vt 0.578358 0.569030
vt 0.570895 0.569030
vt 0.578358 0.576493
vt 0.569030 0.580224
vt 0.569030 0.572761
vt 0.576493 0.580224
vt 0.578358 0.583955
vt 0.570895 0.583955
vt 0.578358 0.591418
vt 0.569030 0.595149
vt 0.569030 0.587687
vt 0.576493 0.595149
vt 0.578358 0.598881
vt 0.570895 0.598881
vt 0.578358 0.606343
vt 0.569030 0.610075
vt 0.569030 0.602612
vt 0.576493 0.610075
vt 0.578358 0.613806
vt 0.570895 0.613806
vt 0.578358 0.621269
vt 0.569030 0.625000
vt 0.569030 0.617537
vt 0.576493 0.625000
vt 0.578358 0.628731
vt 0.570895 0.628731
vt 0.578358 0.636194
vt 0.569030 0.639925
vt 0.569030 0.632463
vt 0.576493 0.639925
vt 0.578358 0.643657
vt 0.570895 0.643657
vt 0.578358 0.651119
vt 0.569030 0.654851
vt 0.569030 0.647388
vt 0.576493 0.654851
vt 0.578358 0.658582
vt 0.570895 0.658582
vt 0.578358 0.666045
vt 0.569030 0.669776
vt 0.569030 0.662313
vt 0.576493 0.669776
vt 0.578358 0.673507
vt 0.570895 0.673507
vt 0.578358 0.680970
vt 0.569030 0.684702
vt 0.569030 0.677239
vt 0.576493 0.684702
vt 0.578358 0.688433
vt 0.570895 0.688433
vt 0.578358 0.695895
vt 0.569030 0.699627
vt 0.569030 0.692164
vt 0.576493 0.699627
vt 0.578358 0.703358
vt 0.570895 0.703358
vt 0.578358 0.710821
vt 0.569030 0.714552
vt 0.569030 0.707090
vt 0.576493 0.714552
vt 0.578358 0.718284
vt 0.570895 0.718284
vt 0.578358 0.725746
vt 0.569030 0.729478
vt 0.569030 0.722015
vt 0.576493 0.729478
vt 0.578358 0.733209
vt 0.570895 0.733209
vt 0.578358 0.740672
vt 0.569030 0.744403
vt 0.569030 0.736940
vt 0.576493 0.744403
vt 0.578358 0.748134
vt 0.570895 0.748134
vt 0.578358 0.755597
vt 0.569030 0.759328
vt 0.569030 0.751866
vt 0.576493 0.759328
vt 0.578358 0.763060
vt 0.570895 0.763060
vt 0.578358 0.770522
vt 0.569030 0.774254
vt 0.569030 0.766791
vt 0.576493 0.774254
vt 0.578358 0.777985
vt 0.570895 0.777985
vt 0.578358 0.785448
vt 0.569030 0.789179
vt 0.569030 0.781716
vt 0.576493 0.789179
vt 0.578358 0.792910
vt 0.570895 0.792910
vt 0.578358 0.800373
vt 0.569030 0.804104
vt 0.569030 0.796642
vt 0.576493 0.804104
vt 0.578358 0.807836
vt 0.570895 0.807836
vt 0.578358 0.815298
vt 0.569030 0.819030
vt 0.569030 0.811567
vt 0.576493 0.819030
vt 0.578358 0.822761
vt 0.570895 0.822761
vt 0.578358 0.830224
vt 0.569030 0.833955
vt 0.569030 0.826492
vt 0.576493 0.833955
vt 0.578358 0.837687
vt 0.570895 0.837687
vt 0.578358 0.845149
vt 0.569030 0.848881
vt 0.569030 0.841418
vt 0.576493 0.848881
vt 0.578358 0.852612
vt 0.570895 0.852612
vt 0.578358 0.860075
vt 0.569030 0.863806
vt 0.569030 0.856343
vt 0.576493 0.863806
vt 0.578358 0.867537
vt 0.570895 0.867537
vt 0.578358 0.875000
vt 0.569030 0.878731
vt 0.569030 0.871269
vt 0.576493 0.878731
vt 0.578358 0.882463
vt 0.570895 0.882463
vt 0.578358 0.889925
vt 0.569030 0.893657
vt 0.569030 0.886194
vt 0.576493 0.893657
vt 0.578358 0.897388
vt 0.570895 0.897388
vt 0.578358 0.904851
vt 0.569030 0.908582
vt 0.569030 0.901119
vt 0.576493 0.908582
vt 0.578358 0.912313
vt 0.570895 0.912313
vt 0.578358 0.919776
vt 0.569030 0.923507
vt 0.569030 0.916045
vt 0.576493 0.923507
vt 0.578358 0.927239
vt 0.570895 0.927239
vt 0.578358 0.934701
vt 0.569030 0.938433
vt 0.569030 0.930970
vt 0.576493 0.938433
vt 0.578358 0.942164
vt 0.570895 0.942164
vt 0.578358 0.949627
vt 0.569030 0.953358
vt 0.569030 0.945895
vt 0.576493 0.953358
vt 0.578358 0.957090
vt 0.570895 0.957090
vt 0.578358 0.964552
vt 0.569030 0.968284
vt 0.569030 0.960821
vt 0.576493 0.968284
vt 0.578358 0.972015
vt 0.570895 0.972015
vt 0.578358 0.979478
vt 0.569030 0.983209
vt 0.569030 0.975746
vt 0.576493 0.983209
vt 0.578358 0.986940
vt 0.570895 0.986940
vt 0.578358 0.994403
vt 0.569030 0.998134
vt 0.569030 0.990672
vt 0.576493 0.998134
vt 0.593284 0.001866
vt 0.585821 0.001866
vt 0.593284 0.009328
vt 0.583955 0.013060
vt 0.583955 0.005597
vt 0.591418 0.013060
vt 0.593284 0.016791
vt 0.585821 0.016791
vt 0.593284 0.024254
vt 0.583955 0.027985
vt 0.583955 0.020522
vt 0.591418 0.027985
vt 0.593284 0.031716
vt 0.585821 0.031716
vt 0.593284 0.039179
vt 0.583955 0.042910
vt 0.583955 0.035448
vt 0.591418 0.042910
vt 0.593284 0.046642
vt 0.585821 0.046642
vt 0.593284 0.054104
vt 0.583955 0.057836
vt 0.583955 0.050373
vt 0.591418 0.057836
vt 0.593284 0.061567
vt 0.585821 0.061567
vt 0.593284 0.069030
vt 0.583955 0.072761
vt 0.583955 0.065299
vt 0.591418 0.072761
vt 0.593284 0.076493
vt 0.585821 0.076493
vt 0.593284 0.083955
vt 0.583955 0.087687
vt 0.583955 0.080224
vt 0.591418 0.087687
vt 0.593284 0.091418
vt 0.585821 0.091418
vt 0.593284 0.098881
vt 0.583955 0.102612
vt 0.583955 0.095149
vt 0.591418 0.102612
vt 0.593284 0.106343
vt 0.585821 0.106343
vt 0.593284 0.113806
vt 0.583955 0.117537
vt 0.583955 0.110075
vt 0.591418 0.117537
vt 0.593284 0.121269
vt 0.585821 0.121269
vt 0.593284 0.128731
vt 0.583955 0.132463
vt 0.583955 0.125000
vt 0.591418 0.132463
vt 0.593284 0.136194
vt 0.585821 0.136194
vt 0.593284 0.143657
vt 0.583955 0.147388
vt 0.583955 0.139925
vt 0.591418 0.147388
vt 0.593284 0.151119
vt 0.585821 0.151119
vt 0.593284 0.158582
vt 0.583955 0.162313
vt 0.583955 0.154851
vt 0.591418 0.162313
vt 0.593284 0.166045
vt 0.585821 0.166045
vt 0.593284 0.173507
vt 0.583955 0.177239
vt 0.583955 0.169776
vt 0.591418 0.177239
vt 0.593284 0.180970
vt 0.585821 0.180970
vt 0.593284 0.188433
vt 0.583955 0.192164
vt 0.583955 0.184701
vt 0.591418 0.192164
vt 0.593284 0.195896
vt 0.585821 0.195896
vt 0.593284 0.203358
vt 0.583955 0.207090
vt 0.583955 0.199627
vt 0.591418 0.207090
vt 0.593284 0.210821
vt 0.585821 0.210821
vt 0.593284 0.218284
vt 0.583955 0.222015
vt 0.583955 0.214552
vt 0.591418 0.222015
vt 0.593284 0.225746
vt 0.585821 0.225746
vt 0.593284 0.233209
vt 0.583955 0.236940
vt 0.583955 0.229478
vt 0.591418 0.236940
vt 0.593284 0.240672
vt 0.585821 0.240672
vt 0.593284 0.248134
vt 0.583955 0.251866
vt 0.583955 0.244403
vt 0.591418 0.251866
vt 0.593284 0.255597
vt 0.585821 0.255597
vt 0.593284 0.263060
vt 0.583955 0.266791
vt 0.583955 0.259328
vt 0.591418 0.266791
vt 0.593284 0.270522
vt 0.585821 0.270522
vt 0.593284 0.277985
vt 0.583955 0.281716
vt 0.583955 0.274254
vt 0.591418 0.281716
vt 0.593284 0.285448
vt 0.585821 0.285448
vt 0.593284 0.292910
vt 0.583955 0.296642
vt 0.583955 0.289179
vt 0.591418 0.296642
vt 0.593284 0.300373
vt 0.585821 0.300373
vt 0.593284 0.307836
vt 0.583955 0.311567
vt 0.583955 0.304104
vt 0.591418 0.311567
vt 0.593284 0.315298
vt 0.585821 0.315298
vt 0.593284 0.322761
vt 0.583955 0.326493
vt 0.583955 0.319030
vt 0.591418 0.326493
vt 0.593284 0.330224
vt 0.585821 0.330224
vt 0.593284 0.337687
vt 0.583955 0.341418
vt 0.583955 0.333955
vt 0.591418 0.341418
vt 0.593284 0.345149
vt 0.585821 0.345149
vt 0.593284 0.352612
vt 0.583955 0.356343
vt 0.583955 0.348881
vt 0.591418 0.356343
vt 0.593284 0.360075
vt 0.585821 0.360075
vt 0.593284 0.367537
vt 0.583955 0.371269
vt 0.583955 0.363806
vt 0.591418 0.371269
vt 0.593284 0.375000
vt 0.585821 0.375000
vt 0.593284 0.382463
vt 0.583955 0.386194
vt 0.583955 0.378731
vt 0.591418 0.386194
vt 0.593284 0.389925
vt 0.585821 0.389925
vt 0.593284 0.397388
vt 0.583955 0.401119
vt 0.583955 0.393657
vt 0.591418 0.401119
vt 0.593284 0.404851
vt 0.585821 0.404851
vt 0.593284 0.412313
vt 0.583955 0.416045
vt 0.583955 0.408582
vt 0.591418 0.416045
vt 0.593284 0.419776
vt 0.585821 0.419776
vt 0.593284 0.427239
vt 0.583955 0.430970
vt 0.583955 0.423507
vt 0.591418 0.430970
vt 0.593284 0.434701
vt 0.585821 0.434701
vt 0.593284 0.442164
vt 0.583955 0.445896
vt 0.583955 0.438433
vt 0.591418 0.445896
vt 0.593284 0.449627
vt 0.585821 0.449627
vt 0.593284 0.457090
vt 0.583955 0.460821
vt 0.583955 0.453358
vt 0.591418 0.460821
vt 0.593284 0.464552
vt 0.585821 0.464552
vt 0.593284 0.472015
vt 0.583955 0.475746
vt 0.583955 0.468284
vt 0.591418 0.475746
vt 0.593284 0.479478
vt 0.585821 0.479478
vt 0.593284 0.486940
vt 0.583955 0.490672
vt 0.583955 0.483209
vt 0.591418 0.490672
vt 0.593284 0.494403
vt 0.585821 0.494403
vt 0.593284 0.501866
vt 0.583955 0.505597
vt 0.583955 0.498134
vt 0.591418 0.505597
vt 0.593284 0.509328
vt 0.585821 0.509328
vt 0.593284 0.516791
vt 0.583955 0.520522
vt 0.583955 0.513060
vt 0.591418 0.520522
vt 0.593284 0.524254
vt 0.585821 0.524254
vt 0.593284 0.531716
vt 0.583955 0.535448
vt 0.583955 0.527985
vt 0.591418 0.535448
vt 0.593284 0.539179
vt 0.585821 0.539179
vt 0.593284 0.546642
vt 0.583955 0.550373
vt 0.583955 0.542910
vt 0.591418 0.550373
vt 0.593284 0.554104
vt 0.585821 0.554104
vt 0.593284 0.561567
vt 0.583955 0.565298
vt 0.583955 0.557836
vt 0.591418 0.565298
vt 0.593284 0.569030
vt 0.585821 0.569030
vt 0.593284 0.576493
vt 0.583955 0.580224
vt 0.583955 0.572761
vt 0.591418 0.580224
vt 0.593284 0.583955
vt 0.585821 0.583955
vt 0.593284 0.591418
vt 0.583955 0.595149
vt 0.583955 0.587687
vt 0.591418 0.595149
vt 0.593284 0.598881
vt 0.585821 0.598881
vt 0.593284 0.606343
vt 0.583955 0.610075
vt 0.583955 0.602612
vt 0.591418 0.610075
vt 0.593284 0.613806
vt 0.585821 0.613806
vt 0.593284 0.621269
vt 0.583955 0.625000
vt 0.583955 0.617537
vt 0.591418 0.625000
vt 0.593284 0.628731
vt 0.585821 0.628731
vt 0.593284 0.636194
vt 0.583955 0.639925
vt 0.583955 0.632463
vt 0.591418 0.639925
vt 0.593284 0.643657
vt 0.585821 0.643657
vt 0.593284 0.651119
vt 0.583955 0.654851
vt 0.583955 0.647388
vt 0.591418 0.654851
vt 0.593284 0.658582
vt 0.585821 0.658582
vt 0.593284 0.666045
vt 0.583955 0.669776
vt 0.583955 0.662313
vt 0.591418 0.669776
vt 0.593284 0.673507
vt 0.585821 0.673507
vt 0.593284 0.680970
vt 0.583955 0.684702
vt 0.583955 0.677239
vt 0.591418 0.684702
vt 0.593284 0.688433
vt 0.585821 0.688433
vt 0.593284 0.695895
vt 0.583955 0.699627
vt 0.583955 0.692164
vt 0.591418 0.699627
vt 0.593284 0.703358
vt 0.585821 0.703358
vt 0.593284 0.710821
vt 0.583955 0.714552
vt 0.583955 0.707090
vt 0.591418 0.714552
vt 0.593284 0.718284
vt 0.585821 0.718284
vt 0.593284 0.725746
vt 0.583955 0.729478
vt 0.583955 0.722015
vt 0.591418 0.729478
vt 0.593284 0.733209
vt 0.585821 0.733209
vt 0.593284 0.740672
vt 0.583955 0.744403
vt 0.583955 0.736940
vt 0.591418 0.744403
vt 0.593284 0.748134
vt 0.585821 0.748134
vt 0.593284 0.755597
vt 0.583955 0.759328
vt 0.583955 0.751866
vt 0.591418 0.759328
vt 0.593284 0.763060
vt 0.585821 0.763060
vt 0.593284 0.770522
vt 0.583955 0.774254
vt 0.583955 0.766791
vt 0.591418 0.774254
vt 0.593284 0.777985
vt 0.585821 0.777985
vt 0.593284 0.785448
vt 0.583955 0.789179
vt 0.583955 0.781716
vt 0.591418 0.789179
vt 0.593284 0.792910
vt 0.585821 0.792910
vt 0.593284 0.800373
vt 0.583955 0.804104
vt 0.583955 0.796642
vt 0.591418 0.804104
vt 0.593284 0.807836
vt 0.585821 0.807836
vt 0.593284 0.815298
vt 0.583955 0.819030
vt 0.583955 0.811567
vt 0.591418 0.819030
vt 0.593284 0.822761
vt 0.585821 0.822761
vt 0.593284 0.830224
vt 0.583955 0.833955
vt 0.583955 0.826492
vt 0.591418 0.833955
vt 0.593284 0.837687
vt 0.585821 0.837687
vt 0.593284 0.845149
vt 0.583955 0.848881
vt 0.583955 0.841418
vt 0.591418 0.848881
vt 0.593284 0.852612
vt 0.585821 0.852612
vt 0.593284 0.860075
vt 0.583955 0.863806
vt 0.583955 0.856343
vt 0.591418 0.863806
vt 0.593284 0.867537
vt 0.585821 0.867537
vt 0.593284 0.875000
vt 0.583955 0.878731
vt 0.583955 0.871269
vt 0.591418 0.878731
vt 0.593284 0.882463
vt 0.585821 0.882463
vt 0.593284 0.889925
vt 0.583955 0.893657
vt 0.583955 0.886194
vt 0.591418 0.893657
vt 0.593284 0.897388
vt 0.585821 0.897388
vt 0.593284 0.904851
vt 0.583955 0.908582
vt 0.583955 0.901119
vt 0.591418 0.908582
vt 0.593284 0.912313
vt 0.585821 0.912313
vt 0.593284 0.919776
vt 0.583955 0.923507
vt 0.583955 0.916045
vt 0.591418 0.923507
vt 0.593284 0.927239
vt 0.585821 0.927239
vt 0.593284 0.934701
vt 0.583955 0.938433
vt 0.583955 0.930970
vt 0.591418 0.938433
vt 0.593284 0.942164
vt 0.585821 0.942164
vt 0.593284 0.949627
vt 0.583955 0.953358
vt 0.583955 0.945895
vt 0.591418 0.953358
vt 0.593284 0.957090
vt 0.585821 0.957090
vt 0.593284 0.964552
vt 0.583955 0.968284
vt 0.583955 0.960821
vt 0.591418 0.968284
vt 0.593284 0.972015
vt 0.585821 0.972015
vt 0.593284 0.979478
vt 0.583955 0.983209
vt 0.583955 0.975746
vt 0.591418 0.983209
vt 0.593284 0.986940
vt 0.585821 0.986940
vt 0.593284 0.994403
vt 0.583955 0.998134
vt 0.583955 0.990672
vt 0.591418 0.998134
vt 0.608209 0.001866
vt 0.600746 0.001866
vt 0.608209 0.009328
vt 0.598881 0.013060
vt 0.598881 0.005597
vt 0.606343 0.013060
vt 0.608209 0.016791
vt 0.600746 0.016791
vt 0.608209 0.024254
vt 0.598881 0.027985
vt 0.598881 0.020522
vt 0.606343 0.027985
vt 0.608209 0.031716
vt 0.600746 0.031716
vt 0.608209 0.039179
vt 0.598881 0.042910
vt 0.598881 0.035448
vt 0.606343 0.042910
vt 0.608209 0.046642
vt 0.600746 0.046642
vt 0.608209 0.054104
vt 0.598881 0.057836
vt 0.598881 0.050373
vt 0.606343 0.057836
vt 0.608209 0.061567
vt 0.600746 0.061567
vt 0.608209 0.069030
vt 0.598881 0.072761
vt 0.598881 0.065299
vt 0.606343 0.072761
vt 0.608209 0.076493
vt 0.600746 0.076493
vt 0.608209 0.083955
vt 0.598881 0.087687
vt 0.598881 0.080224
vt 0.606343 0.087687
vt 0.608209 0.091418
vt 0.600746 0.091418
vt 0.608209 0.098881
vt 0.598881 0.102612
vt 0.598881 0.095149
vt 0.606343 0.102612
vt 0.608209 0.106343
vt 0.600746 0.106343
vt 0.608209 0.113806
vt 0.598881 0.117537
vt 0.598881 0.110075
vt 0.606343 0.117537
vt 0.608209 0.121269
vt 0.600746 0.121269
vt 0.608209 0.128731
vt 0.598881 0.132463
vt 0.598881 0.125000
vt 0.606343 0.132463
vt 0.608209 0.136194
vt 0.600746 0.136194
vt 0.608209 0.143657
vt 0.598881 0.147388
vt 0.598881 0.139925
vt 0.606343 0.147388
vt 0.608209 0.151119
vt 0.600746 0.151119
vt 0.608209 0.158582
vt 0.598881 0.162313
vt 0.598881 0.154851
vt 0.606343 0.162313
vt 0.608209 0.166045
vt 0.600746 0.166045
vt 0.608209 0.173507
vt 0.598881 0.177239
vt 0.598881 0.169776
vt 0.606343 0.177239
vt 0.608209 0.180970
vt 0.600746 0.180970
vt 0.608209 0.188433
vt 0.598881 0.192164
vt 0.598881 0.184701
vt 0.606343 0.192164
vt 0.608209 0.195896
vt 0.600746 0.195896
vt 0.608209 0.203358
vt 0.598881 0.207090
vt 0.598881 0.199627
vt 0.606343 0.207090
vt 0.608209 0.210821
vt 0.600746 0.210821
vt 0.608209 0.218284
vt 0.598881 0.222015
vt 0.598881 0.214552
vt 0.606343 0.222015
vt 0.608209 0.225746
vt 0.600746 0.225746
vt 0.608209 0.233209
vt 0.598881 0.236940
vt 0.598881 0.229478
vt 0.606343 0.236940
vt 0.608209 0.240672
vt 0.600746 0.240672
vt 0.608209 0.248134
vt 0.598881 0.251866
vt 0.598881 0.244403
vt 0.606343 0.251866
vt 0.608209 0.255597
vt 0.600746 0.255597
vt 0.608209 0.263060
vt 0.598881 0.266791
vt 0.598881 0.259328
vt 0.606343 0.266791
vt 0.608209 0.270522
vt 0.600746 0.270522
vt 0.608209 0.277985
vt 0.598881 0.281716
vt 0.598881 0.274254
vt 0.606343 0.281716
vt 0.608209 0.285448
vt 0.600746 0.285448
vt 0.608209 0.292910
vt 0.598881 0.296642
vt 0.598881 0.289179
vt 0.606343 0.296642
vt 0.608209 0.300373
vt 0.600746 0.300373
vt 0.608209 0.307836
vt 0.598881 0.311567
vt 0.598881 0.304104
vt 0.606343 0.311567
vt 0.608209 0.315298
vt 0.600746 0.315298
vt 0.608209 0.322761
vt 0.598881 0.326493
vt 0.598881 0.319030
vt 0.606343 0.326493
vt 0.608209 0.330224
vt 0.600746 0.330224
vt 0.608209 0.337687
vt 0.598881 0.341418
vt 0.598881 0.333955
vt 0.606343 0.341418
vt 0.608209 0.345149
vt 0.600746 0.345149
vt 0.608209 0.352612
vt 0.598881 0.356343
vt 0.598881 0.348881
vt 0.606343 0.356343
vt 0.608209 0.360075
vt 0.600746 0.360075
vt 0.608209 0.367537
vt 0.598881 0.371269
vt 0.598881 0.363806
vt 0.606343 0.371269
vt 0.608209 0.375000
vt 0.600746 0.375000
vt 0.608209 0.382463
vt 0.598881 0.386194
vt 0.598881 0.378731
vt 0.606343 0.386194
vt 0.608209 0.389925
vt 0.600746 0.389925
vt 0.608209 0.397388
vt 0.598881 0.401119
vt 0.598881 0.393657
vt 0.606343 0.401119
vt 0.608209 0.404851
vt 0.600746 0.404851
vt 0.608209 0.412313
vt 0.598881 0.416045
vt 0.598881 0.408582
vt 0.606343 0.416045
vt 0.608209 0.419776
vt 0.600746 0.419776
vt 0.608209 0.427239
vt 0.598881 0.430970
vt 0.598881 0.423507
vt 0.606343 0.430970
vt 0.608209 0.434701
vt 0.600746 0.434701
vt 0.608209 0.442164
vt 0.598881 0.445896
vt 0.598881 0.438433
vt 0.606343 0.445896
vt 0.608209 0.449627
vt 0.600746 0.449627
vt 0.608209 0.457090
vt 0.598881 0.460821
vt 0.598881 0.453358
vt 0.606343 0.460821
vt 0.608209 0.464552
vt 0.600746 0.464552
vt 0.608209 0.472015
vt 0.598881 0.475746
vt 0.598881 0.468284
vt 0.606343 0.475746
vt 0.608209 0.479478
vt 0.600746 0.479478
vt 0.608209 0.486940
vt 0.598881 0.490672
vt 0.598881 0.483209
vt 0.606343 0.490672
vt 0.608209 0.494403
vt 0.600746 0.494403
vt 0.608209 0.501866
vt 0.598881 0.505597
vt 0.598881 0.498134
vt 0.606343 0.505597
vt 0.608209 0.509328
vt 0.600746 0.509328
vt 0.608209 0.516791
vt 0.598881 0.520522
vt 0.598881 0.513060
vt 0.606343 0.520522
vt 0.608209 0.524254
vt 0.600746 0.524254
vt 0.608209 0.531716
vt 0.598881 0.535448
vt 0.598881 0.527985
vt 0.606343 0.535448
vt 0.608209 0.539179
vt 0.600746 0.539179
vt 0.608209 0.546642
vt 0.598881 0.550373
vt 0.598881 0.542910
vt 0.606343 0.550373
vt 0.608209 0.554104
vt 0.600746 0.554104
vt 0.608209 0.561567
vt 0.598881 0.565298
vt 0.598881 0.557836
vt 0.606343 0.565298
vt 0.608209 0.569030
vt 0.600746 0.569030
vt 0.608209 0.576493
vt 0.598881 0.580224
vt 0.598881 0.572761
vt 0.606343 0.580224
vt 0.608209 0.583955
vt 0.600746 0.583955
vt 0.608209 0.591418
vt 0.598881 0.595149
vt 0.598881 0.587687
vt 0.606343 0.595149
vt 0.608209 0.598881
vt 0.600746 0.598881
vt 0.608209 0.606343
vt 0.598881 0.610075
vt 0.598881 0.602612
vt 0.606343 0.610075
vt 0.608209 0.613806
vt 0.600746 0.613806
vt 0.608209 0.621269
vt 0.598881 0.625000
vt 0.598881 0.617537
vt 0.606343 0.625000
vt 0.608209 0.628731
vt 0.600746 0.628731
vt 0.608209 0.636194
vt 0.598881 0.639925
vt 0.598881 0.632463
vt 0.606343 0.639925
vt 0.608209 0.643657
vt 0.600746 0.643657
vt 0.608209 0.651119
vt 0.598881 0.654851
vt 0.598881 0.647388
vt 0.606343 0.654851
vt 0.608209 0.658582
vt 0.600746 0.658582
vt 0.608209 0.666045
vt 0.598881 0.669776
vt 0.598881 0.662313
vt 0.606343 0.669776
vt 0.608209 0.673507
vt 0.600746 0.673507
vt 0.608209 0.680970
vt 0.598881 0.684702
vt 0.598881 0.677239
vt 0.606343 0.684702
vt 0.608209 0.688433
vt 0.600746 0.688433
vt 0.608209 0.695895
vt 0.598881 0.699627
vt 0.598881 0.692164
vt 0.606343 0.699627
vt 0.608209 0.703358
vt 0.600746 0.703358
vt 0.608209 0.710821
vt 0.598881 0.714552
vt 0.598881 0.707090
vt 0.606343 0.714552
vt 0.608209 0.718284
vt 0.600746 0.718284
vt 0.608209 0.725746
vt 0.598881 0.729478
vt 0.598881 0.722015
vt 0.606343 0.729478
vt 0.608209 0.733209
vt 0.600746 0.733209
vt 0.608209 0.740672
vt 0.598881 0.744403
vt 0.598881 0.736940
vt 0.606343 0.744403
vt 0.608209 0.748134
vt 0.600746 0.748134
vt 0.608209 0.755597
vt 0.598881 0.759328
vt 0.598881 0.751866
vt 0.606343 0.759328
vt 0.608209 0.763060
vt 0.600746 0.763060
vt 0.608209 0.770522
vt 0.598881 0.774254
vt 0.598881 0.766791
vt 0.606343 0.774254
vt 0.608209 0.777985
vt 0.600746 0.777985
vt 0.608209 0.785448
vt 0.598881 0.789179
vt 0.598881 0.781716
vt 0.606343 0.789179
vt 0.608209 0.792910
vt 0.600746 0.792910
vt 0.608209 0.800373
vt 0.598881 0.804104
vt 0.598881 0.796642
vt 0.606343 0.804104
vt 0.608209 0.807836
vt 0.600746 0.807836
vt 0.608209 0.815298
vt 0.598881 0.819030
vt 0.598881 0.811567
vt 0.606343 0.819030
vt 0.608209 0.822761
vt 0.600746 0.822761
vt 0.608209 0.830224
vt 0.598881 0.833955
vt 0.598881 0.826492
vt 0.606343 0.833955
vt 0.608209 0.837687
vt 0.600746 0.837687
vt 0.608209 0.845149
vt 0.598881 0.848881
vt 0.598881 0.841418
vt 0.606343 0.848881
vt 0.608209 0.852612
vt 0.600746 0.852612
vt 0.608209 0.860075
vt 0.598881 0.863806
vt 0.598881 0.856343
vt 0.606343 0.863806
vt 0.608209 0.867537
vt 0.600746 0.867537
vt 0.608209 0.875000
vt 0.598881 0.878731
vt 0.598881 0.871269
vt 0.606343 0.878731
vt 0.608209 0.882463
vt 0.600746 0.882463
vt 0.608209 0.889925
vt 0.598881 0.893657
vt 0.598881 0.886194
vt 0.606343 0.893657
vt 0.608209 0.897388
vt 0.600746 0.897388
vt 0.608209 0.904851
vt 0.598881 0.908582
vt 0.598881 0.901119
vt 0.606343 0.908582
vt 0.608209 0.912313
vt 0.600746 0.912313
vt 0.608209 0.919776
vt 0.598881 0.923507
vt 0.598881 0.916045
vt 0.606343 0.923507
vt 0.608209 0.927239
vt 0.600746 0.927239
vt 0.608209 0.934701
vt 0.598881 0.938433
vt 0.598881 0.930970
vt 0.606343 0.938433
vt 0.608209 0.942164
vt 0.600746 0.942164
vt 0.608209 0.949627
vt 0.598881 0.953358
vt 0.598881 0.945895
vt 0.606343 0.953358
vt 0.608209 0.957090
vt 0.600746 0.957090
vt 0.608209 0.964552
vt 0.598881 0.968284
vt 0.598881 0.960821
vt 0.606343 0.968284
vt 0.608209 0.972015
vt 0.600746 0.972015
vt 0.608209 0.979478
vt 0.598881 0.983209
vt 0.598881 0.975746
vt 0.606343 0.983209
vt 0.608209 0.986940
vt 0.600746 0.986940
vt 0.608209 0.994403
vt 0.598881 0.998134
vt 0.598881 0.990672
vt 0.606343 0.998134
vt 0.623134 0.001866
vt 0.615672 0.001866
vt 0.623134 0.009328
vt 0.613806 0.013060
vt 0.613806 0.005597
vt 0.621269 0.013060
vt 0.623134 0.016791
vt 0.615672 0.016791
vt 0.623134 0.024254
vt 0.613806 0.027985
vt 0.613806 0.020522
vt 0.621269 0.027985
vt 0.623134 0.031716
vt 0.615672 0.031716
vt 0.623134 0.039179
vt 0.613806 0.042910
vt 0.613806 0.035448
vt 0.621269 0.042910
vt 0.623134 0.046642
vt 0.615672 0.046642
vt 0.623134 0.054104
vt 0.613806 0.057836
vt 0.613806 0.050373
vt 0.621269 0.057836
vt 0.623134 0.061567
vt 0.615672 0.061567
vt 0.623134 0.069030
vt 0.613806 0.072761
vt 0.613806 0.065299
vt 0.621269 0.072761
vt 0.623134 0.076493
vt 0.615672 0.076493
vt 0.623134 0.083955
vt 0.613806 0.087687
vt 0.613806 0.080224
vt 0.621269 0.087687
vt 0.623134 0.091418
vt 0.615672 0.091418
vt 0.623134 0.098881
vt 0.613806 0.102612
vt 0.613806 0.095149
vt 0.621269 0.102612
vt 0.623134 0.106343
vt 0.615672 0.106343
vt 0.623134 0.113806
vt 0.613806 0.117537
vt 0.613806 0.110075
vt 0.621269 0.117537
vt 0.623134 0.121269
vt 0.615672 0.121269
vt 0.623134 0.128731
vt 0.613806 0.132463
vt 0.613806 0.125000
vt 0.621269 0.132463
vt 0.623134 0.136194
vt 0.615672 0.136194
vt 0.623134 0.143657
vt 0.613806 0.147388
vt 0.613806 0.139925
vt 0.621269 0.147388
vt 0.623134 0.151119
vt 0.615672 0.151119
vt 0.623134 0.158582
vt 0.613806 0.162313
vt 0.613806 0.154851
vt 0.621269 0.162313
vt 0.623134 0.166045
vt 0.615672 0.166045
vt 0.623134 0.173507
vt 0.613806 0.177239
vt 0.613806 0.169776
vt 0.621269 0.177239
vt 0.623134 0.180970
vt 0.615672 0.180970
vt 0.623134 0.188433
vt 0.613806 0.192164
vt 0.613806 0.184701
vt 0.621269 0.192164
vt 0.623134 0.195896
vt 0.615672 0.195896
vt 0.623134 0.203358
vt 0.613806 0.207090
vt 0.613806 0.199627
vt 0.621269 0.207090
vt 0.623134 0.210821
vt 0.615672 0.210821
vt 0.623134 0.218284
vt 0.613806 0.222015
vt 0.613806 0.214552
vt 0.621269 0.222015
vt 0.623134 0.225746
vt 0.615672 0.225746
vt 0.623134 0.233209
vt 0.613806 0.236940
vt 0.613806 0.229478
vt 0.621269 0.236940
vt 0.623134 0.240672
vt 0.615672 0.240672
vt 0.623134 0.248134
vt 0.613806 0.251866
vt 0.613806 0.244403
vt 0.621269 0.251866
vt 0.623134 0.255597
vt 0.615672 0.255597
vt 0.623134 0.263060
vt 0.613806 0.266791
vt 0.613806 0.259328
vt 0.621269 0.266791
vt 0.623134 0.270522
vt 0.615672 0.270522
vt 0.623134 0.277985
vt 0.613806 0.281716
vt 0.613806 0.274254
vt 0.621269 0.281716
vt 0.623134 0.285448
vt 0.615672 0.285448
vt 0.623134 0.292910
vt 0.613806 0.296642
vt 0.613806 0.289179
vt 0.621269 0.296642
vt 0.623134 0.300373
vt 0.615672 0.300373
vt 0.623134 0.307836
vt 0.613806 0.311567
vt 0.613806 0.304104
vt 0.621269 0.311567
vt 0.623134 0.315298
vt 0.615672 0.315298
vt 0.623134 0.322761
vt 0.613806 0.326493
vt 0.613806 0.319030
vt 0.621269 0.326493
vt 0.623134 0.330224
vt 0.615672 0.330224
vt 0.623134 0.337687
vt 0.613806 0.341418
vt 0.613806 0.333955
vt 0.621269 0.341418
vt 0.623134 0.345149
vt 0.615672 0.345149
vt 0.623134 0.352612
vt 0.613806 0.356343
vt 0.613806 0.348881
vt 0.621269 0.356343
vt 0.623134 0.360075
vt 0.615672 0.360075
vt 0.623134 0.367537
vt 0.613806 0.371269
vt 0.613806 0.363806
vt 0.621269 0.371269
vt 0.623134 0.375000
vt 0.615672 0.375000
vt 0.623134 0.382463
vt 0.613806 0.386194
vt 0.613806 0.378731
vt 0.621269 0.386194
vt 0.623134 0.389925
vt 0.615672 0.389925
vt 0.623134 0.397388
vt 0.613806 0.401119
vt 0.613806 0.393657
vt 0.621269 0.401119
vt 0.623134 0.404851
vt 0.615672 0.404851
vt 0.623134 0.412313
vt 0.613806 0.416045
vt 0.613806 0.408582
vt 0.621269 0.416045
vt 0.623134 0.419776
vt 0.615672 0.419776
vt 0.623134 0.427239
vt 0.613806 0.430970
vt 0.613806 0.423507
vt 0.621269 0.430970
vt 0.623134 0.434701
vt 0.615672 0.434701
vt 0.623134 0.442164
vt 0.613806 0.445896
vt 0.613806 0.438433
vt 0.621269 0.445896
vt 0.623134 0.449627
vt 0.615672 0.449627
vt 0.623134 0.457090
vt 0.613806 0.460821
vt 0.613806 0.453358
vt 0.621269 0.460821
vt 0.623134 0.464552
vt 0.615672 0.464552
vt 0.623134 0.472015
vt 0.613806 0.475746
vt 0.613806 0.468284
vt 0.621269 0.475746
vt 0.623134 0.479478
vt 0.615672 0.479478
vt 0.623134 0.486940
vt 0.613806 0.490672
vt 0.613806 0.483209
vt 0.621269 0.490672
vt 0.623134 0.494403
vt 0.615672 0.494403
vt 0.623134 0.501866
vt 0.613806 0.505597
vt 0.613806 0.498134
vt 0.621269 0.505597
vt 0.623134 0.509328
vt 0.615672 0.509328
vt 0.623134 0.516791
vt 0.613806 0.520522
vt 0.613806 0.513060
vt 0.621269 0.520522
vt 0.623134 0.524254
vt 0.615672 0.524254
vt 0.623134 0.531716
vt 0.613806 0.535448
vt 0.613806 0.527985
vt 0.621269 0.535448
vt 0.623134 0.539179
vt 0.615672 0.539179
vt 0.623134 0.546642
vt 0.613806 0.550373
vt 0.613806 0.542910
vt 0.621269 0.550373
vt 0.623134 0.554104
vt 0.615672 0.554104
vt 0.623134 0.561567
vt 0.613806 0.565298
vt 0.613806 0.557836
vt 0.621269 0.565298
vt 0.623134 0.569030
vt 0.615672 0.569030
vt 0.623134 0.576493
vt 0.613806 0.580224
vt 0.613806 0.572761
vt 0.621269 0.580224
vt 0.623134 0.583955
vt 0.615672 0.583955
vt 0.623134 0.591418
vt 0.613806 0.595149
vt 0.613806 0.587687
vt 0.621269 0.595149
vt 0.623134 0.598881
vt 0.615672 0.598881
vt 0.623134 0.606343
vt 0.613806 0.610075
vt 0.613806 0.602612
vt 0.621269 0.610075
vt 0.623134 0.613806
vt 0.615672 0.613806
vt 0.623134 0.621269
vt 0.613806 0.625000
vt 0.613806 0.617537
vt 0.621269 0.625000
vt 0.623134 0.628731
vt 0.615672 0.628731
vt 0.623134 0.636194
vt 0.613806 0.639925
vt 0.613806 0.632463
vt 0.621269 0.639925
vt 0.623134 0.643657
vt 0.615672 0.643657
vt 0.623134 0.651119
vt 0.613806 0.654851
vt 0.613806 0.647388
vt 0.621269 0.654851
vt 0.623134 0.658582
vt 0.615672 0.658582
vt 0.623134 0.666045
vt 0.613806 0.669776
vt 0.613806 0.662313
vt 0.621269 0.669776
vt 0.623134 0.673507
vt 0.615672 0.673507
vt 0.623134 0.680970
vt 0.613806 0.684702
vt 0.613806 0.677239
vt 0.621269 0.684702
vt 0.623134 0.688433
vt 0.615672 0.688433
vt 0.623134 0.695895
vt 0.613806 0.699627
vt 0.613806 0.692164
vt 0.621269 0.699627
vt 0.623134 0.703358
vt 0.615672 0.703358
vt 0.623134 0.710821
vt 0.613806 0.714552
vt 0.613806 0.707090
vt 0.621269 0.714552
vt 0.623134 0.718284
vt 0.615672 0.718284
vt 0.623134 0.725746
vt 0.613806 0.729478
vt 0.613806 0.722015
vt 0.621269 0.729478
vt 0.623134 0.733209
vt 0.615672 0.733209
vt 0.623134 0.740672
vt 0.613806 0.744403
vt 0.613806 0.736940
vt 0.621269 0.744403
vt 0.623134 0.748134
vt 0.615672 0.748134
vt 0.623134 0.755597
vt 0.613806 0.759328
vt 0.613806 0.751866
vt 0.621269 0.759328
vt 0.623134 0.763060
vt 0.615672 0.763060
vt 0.623134 0.770522
vt 0.613806 0.774254
vt 0.613806 0.766791
vt 0.621269 0.774254
vt 0.623134 0.777985
vt 0.615672 0.777985
vt 0.623134 0.785448
vt 0.613806 0.789179
vt 0.613806 0.781716
vt 0.621269 0.789179
vt 0.623134 0.792910
vt 0.615672 0.792910
vt 0.623134 0.800373
vt 0.613806 0.804104
vt 0.613806 0.796642
vt 0.621269 0.804104
vt 0.623134 0.807836
vt 0.615672 0.807836
vt 0.623134 0.815298
vt 0.613806 0.819030
vt 0.613806 0.811567
vt 0.621269 0.819030
vt 0.623134 0.822761
vt 0.615672 0.822761
vt 0.623134 0.830224
vt 0.613806 0.833955
vt 0.613806 0.826492
vt 0.621269 0.833955
vt 0.623134 0.837687
vt 0.615672 0.837687
vt 0.623134 0.845149
vt 0.613806 0.848881
vt 0.613806 0.841418
vt 0.621269 0.848881
vt 0.623134 0.852612
vt 0.615672 0.852612
vt 0.623134 0.860075
vt 0.613806 0.863806
vt 0.613806 0.856343
vt 0.621269 0.863806
vt 0.623134 0.867537
vt 0.615672 0.867537
vt 0.623134 0.875000
vt 0.613806 0.878731
vt 0.613806 0.871269
vt 0.621269 0.878731
vt 0.623134 0.882463
vt 0.615672 0.882463
vt 0.623134 0.889925
vt 0.613806 0.893657
vt 0.613806 0.886194
vt 0.621269 0.893657
vt 0.623134 0.897388
vt 0.615672 0.897388
vt 0.623134 0.904851
vt 0.613806 0.908582
vt 0.613806 0.901119
vt 0.621269 0.908582
vt 0.623134 0.912313
vt 0.615672 0.912313
vt 0.623134 0.919776
vt 0.613806 0.923507
vt 0.613806 0.916045
vt 0.621269 0.923507
vt 0.623134 0.927239
vt 0.615672 0.927239
vt 0.623134 0.934701
vt 0.613806 0.938433
vt 0.613806 0.930970
vt 0.621269 0.938433
vt 0.623134 0.942164
vt 0.615672 0.942164
vt 0.623134 0.949627
vt 0.613806 0.953358
vt 0.613806 0.945895
vt 0.621269 0.953358
vt 0.623134 0.957090
vt 0.615672 0.957090
vt 0.623134 0.964552
vt 0.613806 0.968284
vt 0.613806 0.960821
vt 0.621269 0.968284
vt 0.623134 0.972015
vt 0.615672 0.972015
vt 0.623134 0.979478
vt 0.613806 0.983209
vt 0.613806 0.975746
vt 0.621269 0.983209
vt 0.623134 0.986940
vt 0.615672 0.986940
vt 0.623134 0.994403
vt 0.613806 0.998134
vt 0.613806 0.990672
vt 0.621269 0.998134
vt 0.638060 0.001866
vt 0.630597 0.001866
vt 0.638060 0.009328
vt 0.628731 0.013060
vt 0.628731 0.005597
vt 0.636194 0.013060
vt 0.638060 0.016791
vt 0.630597 0.016791
vt 0.638060 0.024254
vt 0.628731 0.027985
vt 0.628731 0.020522
vt 0.636194 0.027985
vt 0.638060 0.031716
vt 0.630597 0.031716
vt 0.638060 0.039179
vt 0.628731 0.042910
vt 0.628731 0.035448
vt 0.636194 0.042910
vt 0.638060 0.046642
vt 0.630597 0.046642
vt 0.638060 0.054104
vt 0.628731 0.057836
vt 0.628731 0.050373
vt 0.636194 0.057836
vt 0.638060 0.061567
vt 0.630597 0.061567
vt 0.638060 0.069030
vt 0.628731 0.072761
vt 0.628731 0.065299
vt 0.636194 0.072761
vt 0.638060 0.076493
vt 0.630597 0.076493
vt 0.638060 0.083955
vt 0.628731 0.087687
vt 0.628731 0.080224
vt 0.636194 0.087687
vt 0.638060 0.091418
vt 0.630597 0.091418
vt 0.638060 0.098881
vt 0.628731 0.102612
vt 0.628731 0.095149
vt 0.636194 0.102612
vt 0.638060 0.106343
vt 0.630597 0.106343
vt 0.638060 0.113806
vt 0.628731 0.117537
vt 0.628731 0.110075
vt 0.636194 0.117537
vt 0.638060 0.121269
vt 0.630597 0.121269
vt 0.638060 0.128731
vt 0.628731 0.132463
vt 0.628731 0.125000
vt 0.636194 0.132463
vt 0.638060 0.136194
vt 0.630597 0.136194
vt 0.638060 0.143657
vt 0.628731 0.147388
vt 0.628731 0.139925
vt 0.636194 0.147388
vt 0.638060 0.151119
vt 0.630597 0.151119
vt 0.638060 0.158582
vt 0.628731 0.162313
vt 0.628731 0.154851
vt 0.636194 0.162313
vt 0.638060 0.166045
vt 0.630597 0.166045
vt 0.638060 0.173507
vt 0.628731 0.177239
vt 0.628731 0.169776
vt 0.636194 0.177239
vt 0.638060 0.180970
vt 0.630597 0.180970
vt 0.638060 0.188433
vt 0.628731 0.192164
vt 0.628731 0.184701
vt 0.636194 0.192164
vt 0.638060 0.195896
vt 0.630597 0.195896
vt 0.638060 0.203358
vt 0.628731 0.207090
vt 0.628731 0.199627
vt 0.636194 0.207090
vt 0.638060 0.210821
vt 0.630597 0.210821
vt 0.638060 0.218284
vt 0.628731 0.222015
vt 0.628731 0.214552
vt 0.636194 0.222015
vt 0.638060 0.225746
vt 0.630597 0.225746
vt 0.638060 0.233209
vt 0.628731 0.236940
vt 0.628731 0.229478
vt 0.636194 0.236940
vt 0.638060 0.240672
vt 0.630597 0.240672
vt 0.638060 0.248134
vt 0.628731 0.251866
vt 0.628731 0.244403
vt 0.636194 0.251866
vt 0.638060 0.255597
vt 0.630597 0.255597
vt 0.638060 0.263060
vt 0.628731 0.266791
vt 0.628731 0.259328
vt 0.636194 0.266791
vt 0.638060 0.270522
vt 0.630597 0.270522
vt 0.638060 0.277985
vt 0.628731 0.281716
vt 0.628731 0.274254
vt 0.636194 0.281716
vt 0.638060 0.285448
vt 0.630597 0.285448
vt 0.638060 0.292910
vt 0.628731 0.296642
vt 0.628731 0.289179
vt 0.636194 0.296642
vt 0.638060 0.300373
vt 0.630597 0.300373
vt 0.638060 0.307836
vt 0.628731 0.311567
vt 0.628731 0.304104
vt 0.636194 0.311567
vt 0.638060 0.315298
vt 0.630597 0.315298
vt 0.638060 0.322761
vt 0.628731 0.326493
vt 0.628731 0.319030
vt 0.636194 0.326493
vt 0.638060 0.330224
vt 0.630597 0.330224
vt 0.638060 0.337687
vt 0.628731 0.341418
vt 0.628731 0.333955
vt 0.636194 0.341418
vt 0.638060 0.345149
vt 0.630597 0.345149
vt 0.638060 0.352612
vt 0.628731 0.356343
vt 0.628731 0.348881
vt 0.636194 0.356343
vt 0.638060 0.360075
vt 0.630597 0.360075
vt 0.638060 0.367537
vt 0.628731 0.371269
vt 0.628731 0.363806
vt 0.636194 0.371269
vt 0.638060 0.375000
vt 0.630597 0.375000
vt 0.638060 0.382463
vt 0.628731 0.386194
vt 0.628731 0.378731
vt 0.636194 0.386194
vt 0.638060 0.389925
vt 0.630597 0.389925
vt 0.638060 0.397388
vt 0.628731 0.401119
vt 0.628731 0.393657
vt 0.636194 0.401119
vt 0.638060 0.404851
vt 0.630597 0.404851
vt 0.638060 0.412313
vt 0.628731 0.416045
vt 0.628731 0.408582
vt 0.636194 0.416045
vt 0.638060 0.419776
vt 0.630597 0.419776
vt 0.638060 0.427239
vt 0.628731 0.430970
vt 0.628731 0.423507
vt 0.636194 0.430970
vt 0.638060 0.434701
vt 0.630597 0.434701
vt 0.638060 0.442164
vt 0.628731 0.445896
vt 0.628731 0.438433
vt 0.636194 0.445896
vt 0.638060 0.449627
vt 0.630597 0.449627
vt 0.638060 0.457090
vt 0.628731 0.460821
vt 0.628731 0.453358
vt 0.636194 0.460821
vt 0.638060 0.464552
vt 0.630597 0.464552
vt 0.638060 0.472015
vt 0.628731 0.475746
vt 0.628731 0.468284
vt 0.636194 0.475746
vt 0.638060 0.479478
vt 0.630597 0.479478
vt 0.638060 0.486940
vt 0.628731 0.490672
vt 0.628731 0.483209
vt 0.636194 0.490672
vt 0.638060 0.494403
vt 0.630597 0.494403
vt 0.638060 0.501866
vt 0.628731 0.505597
vt 0.628731 0.498134
vt 0.636194 0.505597
vt 0.638060 0.509328
vt 0.630597 0.509328
vt 0.638060 0.516791
vt 0.628731 0.520522
vt 0.628731 0.513060
vt 0.636194 0.520522
vt 0.638060 0.524254
vt 0.630597 0.524254
vt 0.638060 0.531716
vt 0.628731 0.535448
vt 0.628731 0.527985
vt 0.636194 0.535448
vt 0.638060 0.539179
vt 0.630597 0.539179
vt 0.638060 0.546642
vt 0.628731 0.550373
vt 0.628731 0.542910
vt 0.636194 0.550373
vt 0.638060 0.554104
vt 0.630597 0.554104
vt 0.638060 0.561567
vt 0.628731 0.565298
vt 0.628731 0.557836
vt 0.636194 0.565298
vt 0.638060 0.569030
vt 0.630597 0.569030
vt 0.638060 0.576493
vt 0.628731 0.580224
vt 0.628731 0.572761
vt 0.636194 0.580224
vt 0.638060 0.583955
vt 0.630597 0.583955
vt 0.638060 0.591418
vt 0.628731 0.595149
vt 0.628731 0.587687
vt 0.636194 0.595149
vt 0.638060 0.598881
vt 0.630597 0.598881
vt 0.638060 0.606343
vt 0.628731 0.610075
vt 0.628731 0.602612
vt 0.636194 0.610075
vt 0.638060 0.613806
vt 0.630597 0.613806
vt 0.638060 0.621269
vt 0.628731 0.625000
vt 0.628731 0.617537
vt 0.636194 0.625000
vt 0.638060 0.628731
vt 0.630597 0.628731
vt 0.638060 0.636194
vt 0.628731 0.639925
vt 0.628731 0.632463
vt 0.636194 0.639925
vt 0.638060 0.643657
vt 0.630597 0.643657
vt 0.638060 0.651119
vt 0.628731 0.654851
vt 0.628731 0.647388
vt 0.636194 0.654851
vt 0.638060 0.658582
vt 0.630597 0.658582
vt 0.638060 0.666045
vt 0.628731 0.669776
vt 0.628731 0.662313
vt 0.636194 0.669776
vt 0.638060 0.673507
vt 0.630597 0.673507
vt 0.638060 0.680970
vt 0.628731 0.684702
vt 0.628731 0.677239
vt 0.636194 0.684702
vt 0.638060 0.688433
vt 0.630597 0.688433
vt 0.638060 0.695895
vt 0.628731 0.699627
vt 0.628731 0.692164
vt 0.636194 0.699627
vt 0.638060 0.703358
vt 0.630597 0.703358
vt 0.638060 0.710821
vt 0.628731 0.714552
vt 0.628731 0.707090
vt 0.636194 0.714552
vt 0.638060 0.718284
vt 0.630597 0.718284
vt 0.638060 0.725746
vt 0.628731 0.729478
vt 0.628731 0.722015
vt 0.636194 0.729478
vt 0.638060 0.733209
vt 0.630597 0.733209
vt 0.638060 0.740672
vt 0.628731 0.744403
vt 0.628731 0.736940
vt 0.636194 0.744403
vt 0.638060 0.748134
vt 0.630597 0.748134
vt 0.638060 0.755597
vt 0.628731 0.759328
vt 0.628731 0.751866
vt 0.636194 0.759328
vt 0.638060 0.763060
vt 0.630597 0.763060
vt 0.638060 0.770522
vt 0.628731 0.774254
vt 0.628731 0.766791
vt 0.636194 0.774254
vt 0.638060 0.777985
vt 0.630597 0.777985
vt 0.638060 0.785448
vt 0.628731 0.789179
vt 0.628731 0.781716
vt 0.636194 0.789179
vt 0.638060 0.792910
vt 0.630597 0.792910
vt 0.638060 0.800373
vt 0.628731 0.804104
vt 0.628731 0.796642
vt 0.636194 0.804104
vt 0.638060 0.807836
vt 0.630597 0.807836
vt 0.638060 0.815298
vt 0.628731 0.819030
vt 0.628731 0.811567
vt 0.636194 0.819030
vt 0.638060 0.822761
vt 0.630597 0.822761
vt 0.638060 0.830224
vt 0.628731 0.833955
vt 0.628731 0.826492
vt 0.636194 0.833955
vt 0.638060 0.837687
vt 0.630597 0.837687
vt 0.638060 0.845149
vt 0.628731 0.848881
vt 0.628731 0.841418
vt 0.636194 0.848881
vt 0.638060 0.852612
vt 0.630597 0.852612
vt 0.638060 0.860075
vt 0.628731 0.863806
vt 0.628731 0.856343
vt 0.636194 0.863806
vt 0.638060 0.867537
vt 0.630597 0.867537
vt 0.638060 0.875000
vt 0.628731 0.878731
vt 0.628731 0.871269
vt 0.636194 0.878731
vt 0.638060 0.882463
vt 0.630597 0.882463
vt 0.638060 0.889925
vt 0.628731 0.893657
vt 0.628731 0.886194
vt 0.636194 0.893657
vt 0.638060 0.897388
vt 0.630597 0.897388
vt 0.638060 0.904851
vt 0.628731 0.908582
vt 0.628731 0.901119
vt 0.636194 0.908582
vt 0.638060 0.912313
vt 0.630597 0.912313
vt 0.638060 0.919776
vt 0.628731 0.923507
vt 0.628731 0.916045
vt 0.636194 0.923507
vt 0.638060 0.927239
vt 0.630597 0.927239
vt 0.638060 0.934701
vt 0.628731 0.938433
vt 0.628731 0.930970
vt 0.636194 0.938433
vt 0.638060 0.942164
vt 0.630597 0.942164
vt 0.638060 0.949627
vt 0.628731 0.953358
vt 0.628731 0.945895
vt 0.636194 0.953358
vt 0.638060 0.957090
vt 0.630597 0.957090
vt 0.638060 0.964552
vt 0.628731 0.968284
vt 0.628731 0.960821
vt 0.636194 0.968284
vt 0.638060 0.972015
vt 0.630597 0.972015
vt 0.638060 0.979478
vt 0.628731 0.983209
vt 0.628731 0.975746
vt 0.636194 0.983209
vt 0.638060 0.986940
vt 0.630597 0.986940
vt 0.638060 0.994403
vt 0.628731 0.998134
vt 0.628731 0.990672
vt 0.636194 0.998134
vt 0.652985 0.001866
vt 0.645522 0.001866
vt 0.652985 0.009328
vt 0.643657 0.013060
vt 0.643657 0.005597
vt 0.651119 0.013060
vt 0.652985 0.016791
vt 0.645522 0.016791
vt 0.652985 0.024254
vt 0.643657 0.027985
vt 0.643657 0.020522
vt 0.651119 0.027985
vt 0.652985 0.031716
vt 0.645522 0.031716
vt 0.652985 0.039179
vt 0.643657 0.042910
vt 0.643657 0.035448
vt 0.651119 0.042910
vt 0.652985 0.046642
vt 0.645522 0.046642
vt 0.652985 0.054104
vt 0.643657 0.057836
vt 0.643657 0.050373
vt 0.651119 0.057836
vt 0.652985 0.061567
vt 0.645522 0.061567
vt 0.652985 0.069030
vt 0.643657 0.072761
vt 0.643657 0.065299
vt 0.651119 0.072761
vt 0.652985 0.076493
vt 0.645522 0.076493
vt 0.652985 0.083955
vt 0.643657 0.087687
vt 0.643657 0.080224
vt 0.651119 0.087687
vt 0.652985 0.091418
vt 0.645522 0.091418
vt 0.652985 0.098881
vt 0.643657 0.102612
vt 0.643657 0.095149
vt 0.651119 0.102612
vt 0.652985 0.106343
vt 0.645522 0.106343
vt 0.652985 0.113806
vt 0.643657 0.117537
vt 0.643657 0.110075
vt 0.651119 0.117537
vt 0.652985 0.121269
vt 0.645522 0.121269
vt 0.652985 0.128731
vt 0.643657 0.132463
vt 0.643657 0.125000
vt 0.651119 0.132463
vt 0.652985 0.136194
vt 0.645522 0.136194
vt 0.652985 0.143657
vt 0.643657 0.147388
vt 0.643657 0.139925
vt 0.651119 0.147388
vt 0.652985 0.151119
vt 0.645522 0.151119
vt 0.652985 0.158582
vt 0.643657 0.162313
vt 0.643657 0.154851
vt 0.651119 0.162313
vt 0.652985 0.166045
vt 0.645522 0.166045
vt 0.652985 0.173507
vt 0.643657 0.177239
vt 0.643657 0.169776
vt 0.651119 0.177239
vt 0.652985 0.180970
vt 0.645522 0.180970
vt 0.652985 0.188433
vt 0.643657 0.192164
vt 0.643657 0.184701
vt 0.651119 0.192164
vt 0.652985 0.195896
vt 0.645522 0.195896
vt 0.652985 0.203358
vt 0.643657 0.207090
vt 0.643657 0.199627
vt 0.651119 0.207090
vt 0.652985 0.210821
vt 0.645522 0.210821
vt 0.652985 0.218284
vt 0.643657 0.222015
vt 0.643657 0.214552
vt 0.651119 0.222015
vt 0.652985 0.225746
vt 0.645522 0.225746
vt 0.652985 0.233209
vt 0.643657 0.236940
vt 0.643657 0.229478
vt 0.651119 0.236940
vt 0.652985 0.240672
vt 0.645522 0.240672
vt 0.652985 0.248134
vt 0.643657 0.251866
vt 0.643657 0.244403
vt 0.651119 0.251866
vt 0.652985 0.255597
vt 0.645522 0.255597
vt 0.652985 0.263060
vt 0.643657 0.266791
vt 0.643657 0.259328
vt 0.651119 0.266791
vt 0.652985 0.270522
vt 0.645522 0.270522
vt 0.652985 0.277985
vt 0.643657 0.281716
vt 0.643657 0.274254
vt 0.651119 0.281716
vt 0.652985 0.285448
vt 0.645522 0.285448
vt 0.652985 0.292910
vt 0.643657 0.296642
vt 0.643657 0.289179
vt 0.651119 0.296642
vt 0.652985 0.300373
vt 0.645522 0.300373
vt 0.652985 0.307836
vt 0.643657 0.311567
vt 0.643657 0.304104
vt 0.651119 0.311567
vt 0.652985 0.315298
vt 0.645522 0.315298
vt 0.652985 0.322761
vt 0.643657 0.326493
vt 0.643657 0.319030
vt 0.651119 0.326493
vt 0.652985 0.330224
vt 0.645522 0.330224
vt 0.652985 0.337687
vt 0.643657 0.341418
vt 0.643657 0.333955
vt 0.651119 0.341418
vt 0.652985 0.345149
vt 0.645522 0.345149
vt 0.652985 0.352612
vt 0.643657 0.356343
vt 0.643657 0.348881
vt 0.651119 0.356343
vt 0.652985 0.360075
vt 0.645522 0.360075
vt 0.652985 0.367537
vt 0.643657 0.371269
vt 0.643657 0.363806
vt 0.651119 0.371269
vt 0.652985 0.375000
vt 0.645522 0.375000
vt 0.652985 0.382463
vt 0.643657 0.386194
vt 0.643657 0.378731
vt 0.651119 0.386194
vt 0.652985 0.389925
vt 0.645522 0.389925
vt 0.652985 0.397388
vt 0.643657 0.401119
vt 0.643657 0.393657
vt 0.651119 0.401119
vt 0.652985 0.404851
vt 0.645522 0.404851
vt 0.652985 0.412313
vt 0.643657 0.416045
vt 0.643657 0.408582
vt 0.651119 0.416045
vt 0.652985 0.419776
vt 0.645522 0.419776
vt 0.652985 0.427239
vt 0.643657 0.430970
vt 0.643657 0.423507
vt 0.651119 0.430970
vt 0.652985 0.434701
vt 0.645522 0.434701
vt 0.652985 0.442164
vt 0.643657 0.445896
vt 0.643657 0.438433
vt 0.651119 0.445896
vt 0.652985 0.449627
vt 0.645522 0.449627
vt 0.652985 0.457090
vt 0.643657 0.460821
vt 0.643657 0.453358
vt 0.651119 0.460821
vt 0.652985 0.464552
vt 0.645522 0.464552
vt 0.652985 0.472015
vt 0.643657 0.475746
vt 0.643657 0.468284
vt 0.651119 0.475746
vt 0.652985 0.479478
vt 0.645522 0.479478
vt 0.652985 0.486940
vt 0.643657 0.490672
vt 0.643657 0.483209
vt 0.651119 0.490672
vt 0.652985 0.494403
vt 0.645522 0.494403
vt 0.652985 0.501866
vt 0.643657 0.505597
vt 0.643657 0.498134
vt 0.651119 0.505597
vt 0.652985 0.509328
vt 0.645522 0.509328
vt 0.652985 0.516791
vt 0.643657 0.520522
vt 0.643657 0.513060
vt 0.651119 0.520522
vt 0.652985 0.524254
vt 0.645522 0.524254
vt 0.652985 0.531716
vt 0.643657 0.535448
vt 0.643657 0.527985
vt 0.651119 0.535448
vt 0.652985 0.539179
vt 0.645522 0.539179
vt 0.652985 0.546642
vt 0.643657 0.550373
vt 0.643657 0.542910
vt 0.651119 0.550373
vt 0.652985 0.554104
vt 0.645522 0.554104
vt 0.652985 0.561567
vt 0.643657 0.565298
vt 0.643657 0.557836
vt 0.651119 0.565298
vt 0.652985 0.569030
vt 0.645522 0.569030
vt 0.652985 0.576493
vt 0.643657 0.580224
vt 0.643657 0.572761
vt 0.651119 0.580224
vt 0.652985 0.583955
vt 0.645522 0.583955
vt 0.652985 0.591418
vt 0.643657 0.595149
vt 0.643657 0.587687
vt 0.651119 0.595149
vt 0.652985 0.598881
vt 0.645522 0.598881
vt 0.652985 0.606343
vt 0.643657 0.610075
vt 0.643657 0.602612
vt 0.651119 0.610075
vt 0.652985 0.613806
vt 0.645522 0.613806
vt 0.652985 0.621269
vt 0.643657 0.625000
vt 0.643657 0.617537
vt 0.651119 0.625000
vt 0.652985 0.628731
vt 0.645522 0.628731
vt 0.652985 0.636194
vt 0.643657 0.639925
vt 0.643657 0.632463
vt 0.651119 0.639925
vt 0.652985 0.643657
vt 0.645522 0.643657
vt 0.652985 0.651119
vt 0.643657 0.654851
vt 0.643657 0.647388
vt 0.651119 0.654851
vt 0.652985 0.658582
vt 0.645522 0.658582
vt 0.652985 0.666045
vt 0.643657 0.669776
vt 0.643657 0.662313
vt 0.651119 0.669776
vt 0.652985 0.673507
vt 0.645522 0.673507
vt 0.652985 0.680970
vt 0.643657 0.684702
vt 0.643657 0.677239
vt 0.651119 0.684702
vt 0.652985 0.688433
vt 0.645522 0.688433
vt 0.652985 0.695895
vt 0.643657 0.699627
vt 0.643657 0.692164
vt 0.651119 0.699627
vt 0.652985 0.703358
vt 0.645522 0.703358
vt 0.652985 0.710821
vt 0.643657 0.714552
vt 0.643657 0.707090
vt 0.651119 0.714552
vt 0.652985 0.718284
vt 0.645522 0.718284
vt 0.652985 0.725746
vt 0.643657 0.729478
vt 0.643657 0.722015
vt 0.651119 0.729478
vt 0.652985 0.733209
vt 0.645522 0.733209
vt 0.652985 0.740672
vt 0.643657 0.744403
vt 0.643657 0.736940
vt 0.651119 0.744403
vt 0.652985 0.748134
vt 0.645522 0.748134
vt 0.652985 0.755597
vt 0.643657 0.759328
vt 0.643657 0.751866
vt 0.651119 0.759328
vt 0.652985 0.763060
vt 0.645522 0.763060
vt 0.652985 0.770522
vt 0.643657 0.774254
vt 0.643657 0.766791
vt 0.651119 0.774254
vt 0.652985 0.777985
vt 0.645522 0.777985
vt 0.652985 0.785448
vt 0.643657 0.789179
vt 0.643657 0.781716
vt 0.651119 0.789179
vt 0.652985 0.792910
vt 0.645522 0.792910
vt 0.652985 0.800373
vt 0.643657 0.804104
vt 0.643657 0.796642
vt 0.651119 0.804104
vt 0.652985 0.807836
vt 0.645522 0.807836
vt 0.652985 0.815298
vt 0.643657 0.819030
vt 0.643657 0.811567
vt 0.651119 0.819030
vt 0.652985 0.822761
vt 0.645522 0.822761
vt 0.652985 0.830224
vt 0.643657 0.833955
vt 0.643657 0.826492
vt 0.651119 0.833955
vt 0.652985 0.837687
vt 0.645522 0.837687
vt 0.652985 0.845149
vt 0.643657 0.848881
vt 0.643657 0.841418
vt 0.651119 0.848881
vt 0.652985 0.852612
vt 0.645522 0.852612
vt 0.652985 0.860075
vt 0.643657 0.863806
vt 0.643657 0.856343
vt 0.651119 0.863806
vt 0.652985 0.867537
vt 0.645522 0.867537
vt 0.652985 0.875000
vt 0.643657 0.878731
vt 0.643657 0.871269
vt 0.651119 0.878731
vt 0.652985 0.882463
vt 0.645522 0.882463
vt 0.652985 0.889925
vt 0.643657 0.893657
vt 0.643657 0.886194
vt 0.651119 0.893657
vt 0.652985 0.897388
vt 0.645522 0.897388
vt 0.652985 0.904851
vt 0.643657 0.908582
vt 0.643657 0.901119
vt 0.651119 0.908582
vt 0.652985 0.912313
vt 0.645522 0.912313
vt 0.652985 0.919776
vt 0.643657 0.923507
vt 0.643657 0.916045
vt 0.651119 0.923507
vt 0.652985 0.927239
vt 0.645522 0.927239
vt 0.652985 0.934701
vt 0.643657 0.938433
vt 0.643657 0.930970
vt 0.651119 0.938433
vt 0.652985 0.942164
vt 0.645522 0.942164
vt 0.652985 0.949627
vt 0.643657 0.953358
vt 0.643657 0.945895
vt 0.651119 0.953358
vt 0.652985 0.957090
vt 0.645522 0.957090
vt 0.652985 0.964552
vt 0.643657 0.968284
vt 0.643657 0.960821
vt 0.651119 0.968284
vt 0.652985 0.972015
vt 0.645522 0.972015
vt 0.652985 0.979478
vt 0.643657 0.983209
vt 0.643657 0.975746
vt 0.651119 0.983209
vt 0.652985 0.986940
vt 0.645522 0.986940
vt 0.652985 0.994403
vt 0.643657 0.998134
vt 0.643657 0.990672
vt 0.651119 0.998134
vt 0.667910 0.001866
vt 0.660448 0.001866
vt 0.667910 0.009328
vt 0.658582 0.013060
vt 0.658582 0.005597
vt 0.666045 0.013060
vt 0.667910 0.016791
vt 0.660448 0.016791
vt 0.667910 0.024254
vt 0.658582 0.027985
vt 0.658582 0.020522
vt 0.666045 0.027985
vt 0.667910 0.031716
vt 0.660448 0.031716
vt 0.667910 0.039179
vt 0.658582 0.042910
vt 0.658582 0.035448
vt 0.666045 0.042910
vt 0.667910 0.046642
vt 0.660448 0.046642
vt 0.667910 0.054104
vt 0.658582 0.057836
vt 0.658582 0.050373
vt 0.666045 0.057836
vt 0.667910 0.061567
vt 0.660448 0.061567
vt 0.667910 0.069030
vt 0.658582 0.072761
vt 0.658582 0.065299
vt 0.666045 0.072761
vt 0.667910 0.076493
vt 0.660448 0.076493
vt 0.667910 0.083955
vt 0.658582 0.087687
vt 0.658582 0.080224
vt 0.666045 0.087687
vt 0.667910 0.091418
vt 0.660448 0.091418
vt 0.667910 0.098881
vt 0.658582 0.102612
vt 0.658582 0.095149
vt 0.666045 0.102612
vt 0.667910 0.106343
vt 0.660448 0.106343
vt 0.667910 0.113806
vt 0.658582 0.117537
vt 0.658582 0.110075
vt 0.666045 0.117537
vt 0.667910 0.121269
vt 0.660448 0.121269
vt 0.667910 0.128731
vt 0.658582 0.132463
vt 0.658582 0.125000
vt 0.666045 0.132463
vt 0.667910 0.136194
vt 0.660448 0.136194
vt 0.667910 0.143657
vt 0.658582 0.147388
vt 0.658582 0.139925
vt 0.666045 0.147388
vt 0.667910 0.151119
vt 0.660448 0.151119
vt 0.667910 0.158582
vt 0.658582 0.162313
vt 0.658582 0.154851
vt 0.666045 0.162313
vt 0.667910 0.166045
vt 0.660448 0.166045
vt 0.667910 0.173507
vt 0.658582 0.177239
vt 0.658582 0.169776
vt 0.666045 0.177239
vt 0.667910 0.180970
vt 0.660448 0.180970
vt 0.667910 0.188433
vt 0.658582 0.192164
vt 0.658582 0.184701
vt 0.666045 0.192164
vt 0.667910 0.195896
vt 0.660448 0.195896
vt 0.667910 0.203358
vt 0.658582 0.207090
vt 0.658582 0.199627
vt 0.666045 0.207090
vt 0.667910 0.210821
vt 0.660448 0.210821
vt 0.667910 0.218284
vt 0.658582 0.222015
vt 0.658582 0.214552
vt 0.666045 0.222015
vt 0.667910 0.225746
vt 0.660448 0.225746
vt 0.667910 0.233209
vt 0.658582 0.236940
vt 0.658582 0.229478
vt 0.666045 0.236940
vt 0.667910 0.240672
vt 0.660448 0.240672
vt 0.667910 0.248134
vt 0.658582 0.251866
vt 0.658582 0.244403
vt 0.666045 0.251866
vt 0.667910 0.255597
vt 0.660448 0.255597
vt 0.667910 0.263060
vt 0.658582 0.266791
vt 0.658582 0.259328
vt 0.666045 0.266791
vt 0.667910 0.270522
vt 0.660448 0.270522
vt 0.667910 0.277985
vt 0.658582 0.281716
vt 0.658582 0.274254
vt 0.666045 0.281716
vt 0.667910 0.285448
vt 0.660448 0.285448
vt 0.667910 0.292910
vt 0.658582 0.296642
vt 0.658582 0.289179
vt 0.666045 0.296642
vt 0.667910 0.300373
vt 0.660448 0.300373
vt 0.667910 0.307836
vt 0.658582 0.311567
vt 0.658582 0.304104
vt 0.666045 0.311567
vt 0.667910 0.315298
vt 0.660448 0.315298
vt 0.667910 0.322761
vt 0.658582 0.326493
vt 0.658582 0.319030
vt 0.666045 0.326493
vt 0.667910 0.330224
vt 0.660448 0.330224
vt 0.667910 0.337687
vt 0.658582 0.341418
vt 0.658582 0.333955
vt 0.666045 0.341418
vt 0.667910 0.345149
vt 0.660448 0.345149
vt 0.667910 0.352612
vt 0.658582 0.356343
vt 0.658582 0.348881
vt 0.666045 0.356343
vt 0.667910 0.360075
vt 0.660448 0.360075
vt 0.667910 0.367537
vt 0.658582 0.371269
vt 0.658582 0.363806
vt 0.666045 0.371269
vt 0.667910 0.375000
vt 0.660448 0.375000
vt 0.667910 0.382463
vt 0.658582 0.386194
vt 0.658582 0.378731
vt 0.666045 0.386194
vt 0.667910 0.389925
vt 0.660448 0.389925
vt 0.667910 0.397388
vt 0.658582 0.401119
vt 0.658582 0.393657
vt 0.666045 0.401119
vt 0.667910 0.404851
vt 0.660448 0.404851
vt 0.667910 0.412313
vt 0.658582 0.416045
vt 0.658582 0.408582
vt 0.666045 0.416045
vt 0.667910 0.419776
vt 0.660448 0.419776
vt 0.667910 0.427239
vt 0.658582 0.430970
vt 0.658582 0.423507
vt 0.666045 0.430970
vt 0.667910 0.434701
vt 0.660448 0.434701
vt 0.667910 0.442164
vt 0.658582 0.445896
vt 0.658582 0.438433
vt 0.666045 0.445896
vt 0.667910 0.449627
vt 0.660448 0.449627
vt 0.667910 0.457090
vt 0.658582 0.460821
vt 0.658582 0.453358
vt 0.666045 0.460821
vt 0.667910 0.464552
vt 0.660448 0.464552
vt 0.667910 0.472015
vt 0.658582 0.475746
vt 0.658582 0.468284
vt 0.666045 0.475746
vt 0.667910 0.479478
vt 0.660448 0.479478
vt 0.667910 0.486940
vt 0.658582 0.490672
vt 0.658582 0.483209
vt 0.666045 0.490672
vt 0.667910 0.494403
vt 0.660448 0.494403
vt 0.667910 0.501866
vt 0.658582 0.505597
vt 0.658582 0.498134
vt 0.666045 0.505597
vt 0.667910 0.509328
vt 0.660448 0.509328
vt 0.667910 0.516791
vt 0.658582 0.520522
vt 0.658582 0.513060
vt 0.666045 0.520522
vt 0.667910 0.524254
vt 0.660448 0.524254
vt 0.667910 0.531716
vt 0.658582 0.535448
vt 0.658582 0.527985
vt 0.666045 0.535448
vt 0.667910 0.539179
vt 0.660448 0.539179
vt 0.667910 0.546642
vt 0.658582 0.550373
vt 0.658582 0.542910
vt 0.666045 0.550373
vt 0.667910 0.554104
vt 0.660448 0.554104
vt 0.667910 0.561567
vt 0.658582 0.565298
vt 0.658582 0.557836
vt 0.666045 0.565298
vt 0.667910 0.569030
vt 0.660448 0.569030
vt 0.667910 0.576493
vt 0.658582 0.580224
vt 0.658582 0.572761
vt 0.666045 0.580224
vt 0.667910 0.583955
vt 0.660448 0.583955
vt 0.667910 0.591418
vt 0.658582 0.595149
vt 0.658582 0.587687
vt 0.666045 0.595149
vt 0.667910 0.598881
vt 0.660448 0.598881
vt 0.667910 0.606343
vt 0.658582 0.610075
vt 0.658582 0.602612
vt 0.666045 0.610075
vt 0.667910 0.613806
vt 0.660448 0.613806
vt 0.667910 0.621269
vt 0.658582 0.625000
vt 0.658582 0.617537
vt 0.666045 0.625000
vt 0.667910 0.628731
vt 0.660448 0.628731
vt 0.667910 0.636194
vt 0.658582 0.639925
vt 0.658582 0.632463
vt 0.666045 0.639925
vt 0.667910 0.643657
vt 0.660448 0.643657
vt 0.667910 0.651119
vt 0.658582 0.654851
vt 0.658582 0.647388
vt 0.666045 0.654851
vt 0.667910 0.658582
vt 0.660448 0.658582
vt 0.667910 0.666045
vt 0.658582 0.669776
vt 0.658582 0.662313
vt 0.666045 0.669776
vt 0.667910 0.673507
vt 0.660448 0.673507
vt 0.667910 0.680970
vt 0.658582 0.684702
vt 0.658582 0.677239
vt 0.666045 0.684702
vt 0.667910 0.688433
vt 0.660448 0.688433
vt 0.667910 0.695895
vt 0.658582 0.699627
vt 0.658582 0.692164
vt 0.666045 0.699627
vt 0.667910 0.703358
vt 0.660448 0.703358
vt 0.667910 0.710821
vt 0.658582 0.714552
vt 0.658582 0.707090
vt 0.666045 0.714552
vt 0.667910 0.718284
vt 0.660448 0.718284
vt 0.667910 0.725746
vt 0.658582 0.729478
vt 0.658582 0.722015
vt 0.666045 0.729478
vt 0.667910 0.733209
vt 0.660448 0.733209
vt 0.667910 0.740672
vt 0.658582 0.744403
vt 0.658582 0.736940
vt 0.666045 0.744403
vt 0.667910 0.748134
vt 0.660448 0.748134
vt 0.667910 0.755597
vt 0.658582 0.759328
vt 0.658582 0.751866
vt 0.666045 0.759328
vt 0.667910 0.763060
vt 0.660448 0.763060
vt 0.667910 0.770522
vt 0.658582 0.774254
vt 0.658582 0.766791
vt 0.666045 0.774254
vt 0.667910 0.777985
vt 0.660448 0.777985
vt 0.667910 0.785448
vt 0.658582 0.789179
vt 0.658582 0.781716
vt 0.666045 0.789179
vt 0.667910 0.792910
vt 0.660448 0.792910
vt 0.667910 0.800373
vt 0.658582 0.804104
vt 0.658582 0.796642
vt 0.666045 0.804104
vt 0.667910 0.807836
vt 0.660448 0.807836
vt 0.667910 0.815298
vt 0.658582 0.819030
vt 0.658582 0.811567
vt 0.666045 0.819030
vt 0.667910 0.822761
vt 0.660448 0.822761
vt 0.667910 0.830224
vt 0.658582 0.833955
vt 0.658582 0.826492
vt 0.666045 0.833955
vt 0.667910 0.837687
vt 0.660448 0.837687
vt 0.667910 0.845149
vt 0.658582 0.848881
vt 0.658582 0.841418
vt 0.666045 0.848881
vt 0.667910 0.852612
vt 0.660448 0.852612
vt 0.667910 0.860075
vt 0.658582 0.863806
vt 0.658582 0.856343
vt 0.666045 0.863806
vt 0.667910 0.867537
vt 0.660448 0.867537
vt 0.667910 0.875000
vt 0.658582 0.878731
vt 0.658582 0.871269
vt 0.666045 0.878731
vt 0.667910 0.882463
vt 0.660448 0.882463
vt 0.667910 0.889925
vt 0.658582 0.893657
vt 0.658582 0.886194
vt 0.666045 0.893657
vt 0.667910 0.897388
vt 0.660448 0.897388
vt 0.667910 0.904851
vt 0.658582 0.908582
vt 0.658582 0.901119
vt 0.666045 0.908582
vt 0.667910 0.912313
vt 0.660448 0.912313
vt 0.667910 0.919776
vt 0.658582 0.923507
vt 0.658582 0.916045
vt 0.666045 0.923507
vt 0.667910 0.927239
vt 0.660448 0.927239
vt 0.667910 0.934701
vt 0.658582 0.938433
vt 0.658582 0.930970
vt 0.666045 0.938433
vt 0.667910 0.942164
vt 0.660448 0.942164
vt 0.667910 0.949627
vt 0.658582 0.953358
vt 0.658582 0.945895
vt 0.666045 0.953358
vt 0.667910 0.957090
vt 0.660448 0.957090
vt 0.667910 0.964552
vt 0.658582 0.968284
vt 0.658582 0.960821
vt 0.666045 0.968284
vt 0.667910 0.972015
vt 0.660448 0.972015
vt 0.667910 0.979478
vt 0.658582 0.983209
vt 0.658582 0.975746
vt 0.666045 0.983209
vt 0.667910 0.986940
vt 0.660448 0.986940
vt 0.667910 0.994403
vt 0.658582 0.998134
vt 0.658582 0.990672
vt 0.666045 0.998134
vt 0.682836 0.001866
vt 0.675373 0.001866
vt 0.682836 0.009328
vt 0.673507 0.013060
vt 0.673507 0.005597
vt 0.680970 0.013060
vt 0.682836 0.016791
vt 0.675373 0.016791
vt 0.682836 0.024254
vt 0.673507 0.027985
vt 0.673507 0.020522
vt 0.680970 0.027985
vt 0.682836 0.031716
vt 0.675373 0.031716
vt 0.682836 0.039179
vt 0.673507 0.042910
vt 0.673507 0.035448
vt 0.680970 0.042910
vt 0.682836 0.046642
vt 0.675373 0.046642
vt 0.682836 0.054104
vt 0.673507 0.057836
vt 0.673507 0.050373
vt 0.680970 0.057836
vt 0.682836 0.061567
vt 0.675373 0.061567
vt 0.682836 0.069030
vt 0.673507 0.072761
vt 0.673507 0.065299
vt 0.680970 0.072761
vt 0.682836 0.076493
vt 0.675373 0.076493
vt 0.682836 0.083955
vt 0.673507 0.087687
vt 0.673507 0.080224
vt 0.680970 0.087687
vt 0.682836 0.091418
vt 0.675373 0.091418
vt 0.682836 0.098881
vt 0.673507 0.102612
vt 0.673507 0.095149
vt 0.680970 0.102612
vt 0.682836 0.106343
vt 0.675373 0.106343
vt 0.682836 0.113806
vt 0.673507 0.117537
vt 0.673507 0.110075
vt 0.680970 0.117537
vt 0.682836 0.121269
vt 0.675373 0.121269
vt 0.682836 0.128731
vt 0.673507 0.132463
vt 0.673507 0.125000
vt 0.680970 0.132463
vt 0.682836 0.136194
vt 0.675373 0.136194
vt 0.682836 0.143657
vt 0.673507 0.147388
vt 0.673507 0.139925
vt 0.680970 0.147388
vt 0.682836 0.151119
vt 0.675373 0.151119
vt 0.682836 0.158582
vt 0.673507 0.162313
vt 0.673507 0.154851
vt 0.680970 0.162313
vt 0.682836 0.166045
vt 0.675373 0.166045
vt 0.682836 0.173507
vt 0.673507 0.177239
vt 0.673507 0.169776
vt 0.680970 0.177239
vt 0.682836 0.180970
vt 0.675373 0.180970
vt 0.682836 0.188433
vt 0.673507 0.192164
vt 0.673507 0.184701
vt 0.680970 0.192164
vt 0.682836 0.195896
vt 0.675373 0.195896
vt 0.682836 0.203358
vt 0.673507 0.207090
vt 0.673507 0.199627
vt 0.680970 0.207090
vt 0.682836 0.210821
vt 0.675373 0.210821
vt 0.682836 0.218284
vt 0.673507 0.222015
vt 0.673507 0.214552
vt 0.680970 0.222015
vt 0.682836 0.225746
vt 0.675373 0.225746
vt 0.682836 0.233209
vt 0.673507 0.236940
vt 0.673507 0.229478
vt 0.680970 0.236940
vt 0.682836 0.240672
vt 0.675373 0.240672
vt 0.682836 0.248134
vt 0.673507 0.251866
vt 0.673507 0.244403
vt 0.680970 0.251866
vt 0.682836 0.255597
vt 0.675373 0.255597
vt 0.682836 0.263060
vt 0.673507 0.266791
vt 0.673507 0.259328
vt 0.680970 0.266791
vt 0.682836 0.270522
vt 0.675373 0.270522
vt 0.682836 0.277985
vt 0.673507 0.281716
vt 0.673507 0.274254
vt 0.680970 0.281716
vt 0.682836 0.285448
vt 0.675373 0.285448
vt 0.682836 0.292910
vt 0.673507 0.296642
vt 0.673507 0.289179
vt 0.680970 0.296642
vt 0.682836 0.300373
vt 0.675373 0.300373
vt 0.682836 0.307836
vt 0.673507 0.311567
vt 0.673507 0.304104
vt 0.680970 0.311567
vt 0.682836 0.315298
vt 0.675373 0.315298
vt 0.682836 0.322761
vt 0.673507 0.326493
vt 0.673507 0.319030
vt 0.680970 0.326493
vt 0.682836 0.330224
vt 0.675373 0.330224
vt 0.682836 0.337687
vt 0.673507 0.341418
vt 0.673507 0.333955
vt 0.680970 0.341418
vt 0.682836 0.345149
vt 0.675373 0.345149
vt 0.682836 0.352612
vt 0.673507 0.356343
vt 0.673507 0.348881
vt 0.680970 0.356343
vt 0.682836 0.360075
vt 0.675373 0.360075
vt 0.682836 0.367537
vt 0.673507 0.371269
vt 0.673507 0.363806
vt 0.680970 0.371269
vt 0.682836 0.375000
vt 0.675373 0.375000
vt 0.682836 0.382463
vt 0.673507 0.386194
vt 0.673507 0.378731
vt 0.680970 0.386194
vt 0.682836 0.389925
vt 0.675373 0.389925
vt 0.682836 0.397388
vt 0.673507 0.401119
vt 0.673507 0.393657
vt 0.680970 0.401119
vt 0.682836 0.404851
vt 0.675373 0.404851
vt 0.682836 0.412313
vt 0.673507 0.416045
vt 0.673507 0.408582
vt 0.680970 0.416045
vt 0.682836 0.419776
vt 0.675373 0.419776
vt 0.682836 0.427239
vt 0.673507 0.430970
vt 0.673507 0.423507
vt 0.680970 0.430970
vt 0.682836 0.434701
vt 0.675373 0.434701
vt 0.682836 0.442164
vt 0.673507 0.445896
vt 0.673507 0.438433
vt 0.680970 0.445896
vt 0.682836 0.449627
vt 0.675373 0.449627
vt 0.682836 0.457090
vt 0.673507 0.460821
vt 0.673507 0.453358
vt 0.680970 0.460821
vt 0.682836 0.464552
vt 0.675373 0.464552
vt 0.682836 0.472015
vt 0.673507 0.475746
vt 0.673507 0.468284
vt 0.680970 0.475746
vt 0.682836 0.479478
vt 0.675373 0.479478
vt 0.682836 0.486940
vt 0.673507 0.490672
vt 0.673507 0.483209
vt 0.680970 0.490672
vt 0.682836 0.494403
vt 0.675373 0.494403
vt 0.682836 0.501866
vt 0.673507 0.505597
vt 0.673507 0.498134
vt 0.680970 0.505597
vt 0.682836 0.509328
vt 0.675373 0.509328
vt 0.682836 0.516791
vt 0.673507 0.520522
vt 0.673507 0.513060
vt 0.680970 0.520522
vt 0.682836 0.524254
vt 0.675373 0.524254
vt 0.682836 0.531716
vt 0.673507 0.535448
vt 0.673507 0.527985
vt 0.680970 0.535448
vt 0.682836 0.539179
vt 0.675373 0.539179
vt 0.682836 0.546642
vt 0.673507 0.550373
vt 0.673507 0.542910
vt 0.680970 0.550373
vt 0.682836 0.554104
vt 0.675373 0.554104
vt 0.682836 0.561567
vt 0.673507 0.565298
vt 0.673507 0.557836
vt 0.680970 0.565298
vt 0.682836 0.569030
vt 0.675373 0.569030
vt 0.682836 0.576493
vt 0.673507 0.580224
vt 0.673507 0.572761
vt 0.680970 0.580224
vt 0.682836 0.583955
vt 0.675373 0.583955
vt 0.682836 0.591418
vt 0.673507 0.595149
vt 0.673507 0.587687
vt 0.680970 0.595149
vt 0.682836 0.598881
vt 0.675373 0.598881
vt 0.682836 0.606343
vt 0.673507 0.610075
vt 0.673507 0.602612
vt 0.680970 0.610075
vt 0.682836 0.613806
vt 0.675373 0.613806
vt 0.682836 0.621269
vt 0.673507 0.625000
vt 0.673507 0.617537
vt 0.680970 0.625000
vt 0.682836 0.628731
vt 0.675373 0.628731
vt 0.682836 0.636194
vt 0.673507 0.639925
vt 0.673507 0.632463
vt 0.680970 0.639925
vt 0.682836 0.643657
vt 0.675373 0.643657
vt 0.682836 0.651119
vt 0.673507 0.654851
vt 0.673507 0.647388
vt 0.680970 0.654851
vt 0.682836 0.658582
vt 0.675373 0.658582
vt 0.682836 0.666045
vt 0.673507 0.669776
vt 0.673507 0.662313
vt 0.680970 0.669776
vt 0.682836 0.673507
vt 0.675373 0.673507
vt 0.682836 0.680970
vt 0.673507 0.684702
vt 0.673507 0.677239
vt 0.680970 0.684702
vt 0.682836 0.688433
vt 0.675373 0.688433
vt 0.682836 0.695895
vt 0.673507 0.699627
vt 0.673507 0.692164
vt 0.680970 0.699627
vt 0.682836 0.703358
vt 0.675373 0.703358
vt 0.682836 0.710821
vt 0.673507 0.714552
vt 0.673507 0.707090
vt 0.680970 0.714552
vt 0.682836 0.718284
vt 0.675373 0.718284
vt 0.682836 0.725746
vt 0.673507 0.729478
vt 0.673507 0.722015
vt 0.680970 0.729478
vt 0.682836 0.733209
vt 0.675373 0.733209
vt 0.682836 0.740672
vt 0.673507 0.744403
vt 0.673507 0.736940
vt 0.680970 0.744403
vt 0.682836 0.748134
vt 0.675373 0.748134
vt 0.682836 0.755597
vt 0.673507 0.759328
vt 0.673507 0.751866
vt 0.680970 0.759328
vt 0.682836 0.763060
vt 0.675373 0.763060
vt 0.682836 0.770522
vt 0.673507 0.774254
vt 0.673507 0.766791
vt 0.680970 0.774254
vt 0.682836 0.777985
vt 0.675373 0.777985
vt 0.682836 0.785448
vt 0.673507 0.789179
vt 0.673507 0.781716
vt 0.680970 0.789179
vt 0.682836 0.792910
vt 0.675373 0.792910
vt 0.682836 0.800373
vt 0.673507 0.804104
vt 0.673507 0.796642
vt 0.680970 0.804104
vt 0.682836 0.807836
vt 0.675373 0.807836
vt 0.682836 0.815298
vt 0.673507 0.819030
vt 0.673507 0.811567
vt 0.680970 0.819030
vt 0.682836 0.822761
vt 0.675373 0.822761
vt 0.682836 0.830224
vt 0.673507 0.833955
vt 0.673507 0.826492
vt 0.680970 0.833955
vt 0.682836 0.837687
vt 0.675373 0.837687
vt 0.682836 0.845149
vt 0.673507 0.848881
vt 0.673507 0.841418
vt 0.680970 0.848881
vt 0.682836 0.852612
vt 0.675373 0.852612
vt 0.682836 0.860075
vt 0.673507 0.863806
vt 0.673507 0.856343
vt 0.680970 0.863806
vt 0.682836 0.867537
vt 0.675373 0.867537
vt 0.682836 0.875000
vt 0.673507 0.878731
vt 0.673507 0.871269
vt 0.680970 0.878731
vt 0.682836 0.882463
vt 0.675373 0.882463
vt 0.682836 0.889925
vt 0.673507 0.893657
vt 0.673507 0.886194
vt 0.680970 0.893657
vt 0.682836 0.897388
vt 0.675373 0.897388
vt 0.682836 0.904851
vt 0.673507 0.908582
vt 0.673507 0.901119
vt 0.680970 0.908582
vt 0.682836 0.912313
vt 0.675373 0.912313
vt 0.682836 0.919776
vt 0.673507 0.923507
vt 0.673507 0.916045
vt 0.680970 0.923507
vt 0.682836 0.927239
vt 0.675373 0.927239
vt 0.682836 0.934701
vt 0.673507 0.938433
vt 0.673507 0.930970
vt 0.680970 0.938433
vt 0.682836 0.942164
vt 0.675373 0.942164
vt 0.682836 0.949627
vt 0.673507 0.953358
vt 0.673507 0.945895
vt 0.680970 0.953358
vt 0.682836 0.957090
vt 0.675373 0.957090
vt 0.682836 0.964552
vt 0.673507 0.968284
vt 0.673507 0.960821
vt 0.680970 0.968284
vt 0.682836 0.972015
vt 0.675373 0.972015
vt 0.682836 0.979478
vt 0.673507 0.983209
vt 0.673507 0.975746
vt 0.680970 0.983209
vt 0.682836 0.986940
vt 0.675373 0.986940
vt 0.682836 0.994403
vt 0.673507 0.998134
vt 0.673507 0.990672
vt 0.680970 0.998134
vt 0.697761 0.001866
vt 0.690298 0.001866
vt 0.697761 0.009328
vt 0.688433 0.013060
vt 0.688433 0.005597
vt 0.695895 0.013060
vt 0.697761 0.016791
vt 0.690298 0.016791
vt 0.697761 0.024254
vt 0.688433 0.027985
vt 0.688433 0.020522
vt 0.695895 0.027985
vt 0.697761 0.031716
vt 0.690298 0.031716
vt 0.697761 0.039179
vt 0.688433 0.042910
vt 0.688433 0.035448
vt 0.695895 0.042910
vt 0.697761 0.046642
vt 0.690298 0.046642
vt 0.697761 0.054104
vt 0.688433 0.057836
vt 0.688433 0.050373
vt 0.695895 0.057836
vt 0.697761 0.061567
vt 0.690298 0.061567
vt 0.697761 0.069030
vt 0.688433 0.072761
vt 0.688433 0.065299
vt 0.695895 0.072761
vt 0.697761 0.076493
vt 0.690298 0.076493
vt 0.697761 0.083955
vt 0.688433 0.087687
vt 0.688433 0.080224
vt 0.695895 0.087687
vt 0.697761 0.091418
vt 0.690298 0.091418
vt 0.697761 0.098881
vt 0.688433 0.102612
vt 0.688433 0.095149
vt 0.695895 0.102612
vt 0.697761 0.106343
vt 0.690298 0.106343
vt 0.697761 0.113806
vt 0.688433 0.117537
vt 0.688433 0.110075
vt 0.695895 0.117537
vt 0.697761 0.121269
vt 0.690298 0.121269
vt 0.697761 0.128731
vt 0.688433 0.132463
vt 0.688433 0.125000
vt 0.695895 0.132463
vt 0.697761 0.136194
vt 0.690298 0.136194
vt 0.697761 0.143657
vt 0.688433 0.147388
vt 0.688433 0.139925
vt 0.695895 0.147388
vt 0.697761 0.151119
vt 0.690298 0.151119
vt 0.697761 0.158582
vt 0.688433 0.162313
vt 0.688433 0.154851
vt 0.695895 0.162313
vt 0.697761 0.166045
vt 0.690298 0.166045
vt 0.697761 0.173507
vt 0.688433 0.177239
vt 0.688433 0.169776
vt 0.695895 0.177239
vt 0.697761 0.180970
vt 0.690298 0.180970
vt 0.697761 0.188433
vt 0.688433 0.192164
vt 0.688433 0.184701
vt 0.695895 0.192164
vt 0.697761 0.195896
vt 0.690298 0.195896
vt 0.697761 0.203358
vt 0.688433 0.207090
vt 0.688433 0.199627
vt 0.695895 0.207090
vt 0.697761 0.210821
vt 0.690298 0.210821
vt 0.697761 0.218284
vt 0.688433 0.222015
vt 0.688433 0.214552
vt 0.695895 0.222015
vt 0.697761 0.225746
vt 0.690298 0.225746
vt 0.697761 0.233209
vt 0.688433 0.236940
vt 0.688433 0.229478
vt 0.695895 0.236940
vt 0.697761 0.240672
vt 0.690298 0.240672
vt 0.697761 0.248134
vt 0.688433 0.251866
vt 0.688433 0.244403
vt 0.695895 0.251866
vt 0.697761 0.255597
vt 0.690298 0.255597
vt 0.697761 0.263060
vt 0.688433 0.266791
vt 0.688433 0.259328
vt 0.695895 0.266791
vt 0.697761 0.270522
vt 0.690298 0.270522
vt 0.697761 0.277985
vt 0.688433 0.281716
vt 0.688433 0.274254
vt 0.695895 0.281716
vt 0.697761 0.285448
vt 0.690298 0.285448
vt 0.697761 0.292910
vt 0.688433 0.296642
vt 0.688433 0.289179
vt 0.695895 0.296642
vt 0.697761 0.300373
vt 0.690298 0.300373
vt 0.697761 0.307836
vt 0.688433 0.311567
vt 0.688433 0.304104
vt 0.695895 0.311567
vt 0.697761 0.315298
vt 0.690298 0.315298
vt 0.697761 0.322761
vt 0.688433 0.326493
vt 0.688433 0.319030
vt 0.695895 0.326493
vt 0.697761 0.330224
vt 0.690298 0.330224
vt 0.697761 0.337687
vt 0.688433 0.341418
vt 0.688433 0.333955
vt 0.695895 0.341418
vt 0.697761 0.345149
vt 0.690298 0.345149
vt 0.697761 0.352612
vt 0.688433 0.356343
vt 0.688433 0.348881
vt 0.695895 0.356343
vt 0.697761 0.360075
vt 0.690298 0.360075
vt 0.697761 0.367537
vt 0.688433 0.371269
vt 0.688433 0.363806
vt 0.695895 0.371269
vt 0.697761 0.375000
vt 0.690298 0.375000
vt 0.697761 0.382463
vt 0.688433 0.386194
vt 0.688433 0.378731
vt 0.695895 0.386194
vt 0.697761 0.389925
vt 0.690298 0.389925
vt 0.697761 0.397388
vt 0.688433 0.401119
vt 0.688433 0.393657
vt 0.695895 0.401119
vt 0.697761 0.404851
vt 0.690298 0.404851
vt 0.697761 0.412313
vt 0.688433 0.416045
vt 0.688433 0.408582
vt 0.695895 0.416045
vt 0.697761 0.419776
vt 0.690298 0.419776
vt 0.697761 0.427239
vt 0.688433 0.430970
vt 0.688433 0.423507
vt 0.695895 0.430970
vt 0.697761 0.434701
vt 0.690298 0.434701
vt 0.697761 0.442164
vt 0.688433 0.445896
vt 0.688433 0.438433
vt 0.695895 0.445896
vt 0.697761 0.449627
vt 0.690298 0.449627
vt 0.697761 0.457090
vt 0.688433 0.460821
vt 0.688433 0.453358
vt 0.695895 0.460821
vt 0.697761 0.464552
vt 0.690298 0.464552
vt 0.697761 0.472015
vt 0.688433 0.475746
vt 0.688433 0.468284
vt 0.695895 0.475746
vt 0.697761 0.479478
vt 0.690298 0.479478
vt 0.697761 0.486940
vt 0.688433 0.490672
vt 0.688433 0.483209
vt 0.695895 0.490672
vt 0.697761 0.494403
vt 0.690298 0.494403
vt 0.697761 0.501866
vt 0.688433 0.505597
vt 0.688433 0.498134
vt 0.695895 0.505597
vt 0.697761 0.509328
vt 0.690298 0.509328
vt 0.697761 0.516791
vt 0.688433 0.520522
vt 0.688433 0.513060
vt 0.695895 0.520522
vt 0.697761 0.524254
vt 0.690298 0.524254
vt 0.697761 0.531716
vt 0.688433 0.535448
vt 0.688433 0.527985
vt 0.695895 0.535448
vt 0.697761 0.539179
vt 0.690298 0.539179
vt 0.697761 0.546642
vt 0.688433 0.550373
vt 0.688433 0.542910
vt 0.695895 0.550373
vt 0.697761 0.554104
vt 0.690298 0.554104
vt 0.697761 0.561567
vt 0.688433 0.565298
vt 0.688433 0.557836
vt 0.695895 0.565298
vt 0.697761 0.569030
vt 0.690298 0.569030
vt 0.697761 0.576493
vt 0.688433 0.580224
vt 0.688433 0.572761
vt 0.695895 0.580224
vt 0.697761 0.583955
vt 0.690298 0.583955
vt 0.697761 0.591418
vt 0.688433 0.595149
vt 0.688433 0.587687
vt 0.695895 0.595149
vt 0.697761 0.598881
vt 0.690298 0.598881
vt 0.697761 0.606343
vt 0.688433 0.610075
vt 0.688433 0.602612
vt 0.695895 0.610075
vt 0.697761 0.613806
vt 0.690298 0.613806
vt 0.697761 0.621269
vt 0.688433 0.625000
vt 0.688433 0.617537
vt 0.695895 0.625000
vt 0.697761 0.628731
vt 0.690298 0.628731
vt 0.697761 0.636194
vt 0.688433 0.639925
vt 0.688433 0.632463
vt 0.695895 0.639925
vt 0.697761 0.643657
vt 0.690298 0.643657
vt 0.697761 0.651119
vt 0.688433 0.654851
vt 0.688433 0.647388
vt 0.695895 0.654851
vt 0.697761 0.658582
vt 0.690298 0.658582
vt 0.697761 0.666045
vt 0.688433 0.669776
vt 0.688433 0.662313
vt 0.695895 0.669776
vt 0.697761 0.673507
vt 0.690298 0.673507
vt 0.697761 0.680970
vt 0.688433 0.684702
vt 0.688433 0.677239
vt 0.695895 0.684702
vt 0.697761 0.688433
vt 0.690298 0.688433
vt 0.697761 0.695895
vt 0.688433 0.699627
vt 0.688433 0.692164
vt 0.695895 0.699627
vt 0.697761 0.703358
vt 0.690298 0.703358
vt 0.697761 0.710821
vt 0.688433 0.714552
vt 0.688433 0.707090
vt 0.695895 0.714552
vt 0.697761 0.718284
vt 0.690298 0.718284
vt 0.697761 0.725746
vt 0.688433 0.729478
vt 0.688433 0.722015
vt 0.695895 0.729478
vt 0.697761 0.733209
vt 0.690298 0.733209
vt 0.697761 0.740672
vt 0.688433 0.744403
vt 0.688433 0.736940
vt 0.695895 0.744403
vt 0.697761 0.748134
vt 0.690298 0.748134
vt 0.697761 0.755597
vt 0.688433 0.759328
vt 0.688433 0.751866
vt 0.695895 0.759328
vt 0.697761 0.763060
vt 0.690298 0.763060
vt 0.697761 0.770522
vt 0.688433 0.774254
vt 0.688433 0.766791
vt 0.695895 0.774254
vt 0.697761 0.777985
vt 0.690298 0.777985
vt 0.697761 0.785448
vt 0.688433 0.789179
vt 0.688433 0.781716
vt 0.695895 0.789179
vt 0.697761 0.792910
vt 0.690298 0.792910
vt 0.697761 0.800373
vt 0.688433 0.804104
vt 0.688433 0.796642
vt 0.695895 0.804104
vt 0.697761 0.807836
vt 0.690298 0.807836
vt 0.697761 0.815298
vt 0.688433 0.819030
vt 0.688433 0.811567
vt 0.695895 0.819030
vt 0.697761 0.822761
vt 0.690298 0.822761
vt 0.697761 0.830224
vt 0.688433 0.833955
vt 0.688433 0.826492
vt 0.695895 0.833955
vt 0.697761 0.837687
vt 0.690298 0.837687
vt 0.697761 0.845149
vt 0.688433 0.848881
vt 0.688433 0.841418
vt 0.695895 0.848881
vt 0.697761 0.852612
vt 0.690298 0.852612
vt 0.697761 0.860075
vt 0.688433 0.863806
vt 0.688433 0.856343
vt 0.695895 0.863806
vt 0.697761 0.867537
vt 0.690298 0.867537
vt 0.697761 0.875000
vt 0.688433 0.878731
vt 0.688433 0.871269
vt 0.695895 0.878731
vt 0.697761 0.882463
vt 0.690298 0.882463
vt 0.697761 0.889925
vt 0.688433 0.893657
vt 0.688433 0.886194
vt 0.695895 0.893657
vt 0.697761 0.897388
vt 0.690298 0.897388
vt 0.697761 0.904851
vt 0.688433 0.908582
vt 0.688433 0.901119
vt 0.695895 0.908582
vt 0.697761 0.912313
vt 0.690298 0.912313
vt 0.697761 0.919776
vt 0.688433 0.923507
vt 0.688433 0.916045
vt 0.695895 0.923507
vt 0.697761 0.927239
vt 0.690298 0.927239
vt 0.697761 0.934701
vt 0.688433 0.938433
vt 0.688433 0.930970
vt 0.695895 0.938433
vt 0.697761 0.942164
vt 0.690298 0.942164
vt 0.697761 0.949627
vt 0.688433 0.953358
vt 0.688433 0.945895
vt 0.695895 0.953358
vt 0.697761 0.957090
vt 0.690298 0.957090
vt 0.697761 0.964552
vt 0.688433 0.968284
vt 0.688433 0.960821
vt 0.695895 0.968284
vt 0.697761 0.972015
vt 0.690298 0.972015
vt 0.697761 0.979478
vt 0.688433 0.983209
vt 0.688433 0.975746
vt 0.695895 0.983209
vt 0.697761 0.986940
vt 0.690298 0.986940
vt 0.697761 0.994403
vt 0.688433 0.998134
vt 0.688433 0.990672
vt 0.695895 0.998134
vt 0.712687 0.001866
vt 0.705224 0.001866
vt 0.712687 0.009328
vt 0.703358 0.013060
vt 0.703358 0.005597
vt 0.710821 0.013060
vt 0.712687 0.016791
vt 0.705224 0.016791
vt 0.712687 0.024254
vt 0.703358 0.027985
vt 0.703358 0.020522
vt 0.710821 0.027985
vt 0.712687 0.031716
vt 0.705224 0.031716
vt 0.712687 0.039179
vt 0.703358 0.042910
vt 0.703358 0.035448
vt 0.710821 0.042910
vt 0.712687 0.046642
vt 0.705224 0.046642
vt 0.712687 0.054104
vt 0.703358 0.057836
vt 0.703358 0.050373
vt 0.710821 0.057836
vt 0.712687 0.061567
vt 0.705224 0.061567
vt 0.712687 0.069030
vt 0.703358 0.072761
vt 0.703358 0.065299
vt 0.710821 0.072761
vt 0.712687 0.076493
vt 0.705224 0.076493
vt 0.712687 0.083955
vt 0.703358 0.087687
vt 0.703358 0.080224
vt 0.710821 0.087687
vt 0.712687 0.091418
vt 0.705224 0.091418
vt 0.712687 0.098881
vt 0.703358 0.102612
vt 0.703358 0.095149
vt 0.710821 0.102612
vt 0.712687 0.106343
vt 0.705224 0.106343
vt 0.712687 0.113806
vt 0.703358 0.117537
vt 0.703358 0.110075
vt 0.710821 0.117537
vt 0.712687 0.121269
vt 0.705224 0.121269
vt 0.712687 0.128731
vt 0.703358 0.132463
vt 0.703358 0.125000
vt 0.710821 0.132463
vt 0.712687 0.136194
vt 0.705224 0.136194
vt 0.712687 0.143657
vt 0.703358 0.147388
vt 0.703358 0.139925
vt 0.710821 0.147388
vt 0.712687 0.151119
vt 0.705224 0.151119
vt 0.712687 0.158582
vt 0.703358 0.162313
vt 0.703358 0.154851
vt 0.710821 0.162313
vt 0.712687 0.166045
vt 0.705224 0.166045
vt 0.712687 0.173507
vt 0.703358 0.177239
vt 0.703358 0.169776
vt 0.710821 0.177239
vt 0.712687 0.180970
vt 0.705224 0.180970
vt 0.712687 0.188433
vt 0.703358 0.192164
vt 0.703358 0.184701
vt 0.710821 0.192164
vt 0.712687 0.195896
vt 0.705224 0.195896
vt 0.712687 0.203358
vt 0.703358 0.207090
vt 0.703358 0.199627
vt 0.710821 0.207090
vt 0.712687 0.210821
vt 0.705224 0.210821
vt 0.712687 0.218284
vt 0.703358 0.222015
vt 0.703358 0.214552
vt 0.710821 0.222015
vt 0.712687 0.225746
vt 0.705224 0.225746
vt 0.712687 0.233209
vt 0.703358 0.236940
vt 0.703358 0.229478
vt 0.710821 0.236940
vt 0.712687 0.240672
vt 0.705224 0.240672
vt 0.712687 0.248134
vt 0.703358 0.251866
vt 0.703358 0.244403
vt 0.710821 0.251866
vt 0.712687 0.255597
vt 0.705224 0.255597
vt 0.712687 0.263060
vt 0.703358 0.266791
vt 0.703358 0.259328
vt 0.710821 0.266791
vt 0.712687 0.270522
vt 0.705224 0.270522
vt 0.712687 0.277985
vt 0.703358 0.281716
vt 0.703358 0.274254
vt 0.710821 0.281716
vt 0.712687 0.285448
vt 0.705224 0.285448
vt 0.712687 0.292910
vt 0.703358 0.296642
vt 0.703358 0.289179
vt 0.710821 0.296642
vt 0.712687 0.300373
vt 0.705224 0.300373
vt 0.712687 0.307836
vt 0.703358 0.311567
vt 0.703358 0.304104
vt 0.710821 0.311567
vt 0.712687 0.315298
vt 0.705224 0.315298
vt 0.712687 0.322761
vt 0.703358 0.326493
vt 0.703358 0.319030
vt 0.710821 0.326493
vt 0.712687 0.330224
vt 0.705224 0.330224
vt 0.712687 0.337687
vt 0.703358 0.341418
vt 0.703358 0.333955
vt 0.710821 0.341418
vt 0.712687 0.345149
vt 0.705224 0.345149
vt 0.712687 0.352612
vt 0.703358 0.356343
vt 0.703358 0.348881
vt 0.710821 0.356343
vt 0.712687 0.360075
vt 0.705224 0.360075
vt 0.712687 0.367537
vt 0.703358 0.371269
vt 0.703358 0.363806
vt 0.710821 0.371269
vt 0.712687 0.375000
vt 0.705224 0.375000
vt 0.712687 0.382463
vt 0.703358 0.386194
vt 0.703358 0.378731
vt 0.710821 0.386194
vt 0.712687 0.389925
vt 0.705224 0.389925
vt 0.712687 0.397388
vt 0.703358 0.401119
vt 0.703358 0.393657
vt 0.710821 0.401119
vt 0.712687 0.404851
vt 0.705224 0.404851
vt 0.712687 0.412313
vt 0.703358 0.416045
vt 0.703358 0.408582
vt 0.710821 0.416045
vt 0.712687 0.419776
vt 0.705224 0.419776
vt 0.712687 0.427239
vt 0.703358 0.430970
vt 0.703358 0.423507
vt 0.710821 0.430970
vt 0.712687 0.434701
vt 0.705224 0.434701
vt 0.712687 0.442164
vt 0.703358 0.445896
vt 0.703358 0.438433
vt 0.710821 0.445896
vt 0.712687 0.449627
vt 0.705224 0.449627
vt 0.712687 0.457090
vt 0.703358 0.460821
vt 0.703358 0.453358
vt 0.710821 0.460821
vt 0.712687 0.464552
vt 0.705224 0.464552
vt 0.712687 0.472015
vt 0.703358 0.475746
vt 0.703358 0.468284
vt 0.710821 0.475746
vt 0.712687 0.479478
vt 0.705224 0.479478
vt 0.712687 0.486940
vt 0.703358 0.490672
vt 0.703358 0.483209
vt 0.710821 0.490672
vt 0.712687 0.494403
vt 0.705224 0.494403
vt 0.712687 0.501866
vt 0.703358 0.505597
vt 0.703358 0.498134
vt 0.710821 0.505597
vt 0.712687 0.509328
vt 0.705224 0.509328
vt 0.712687 0.516791
vt 0.703358 0.520522
vt 0.703358 0.513060
vt 0.710821 0.520522
vt 0.712687 0.524254
vt 0.705224 0.524254
vt 0.712687 0.531716
vt 0.703358 0.535448
vt 0.703358 0.527985
vt 0.710821 0.535448
vt 0.712687 0.539179
vt 0.705224 0.539179
vt 0.712687 0.546642
vt 0.703358 0.550373
vt 0.703358 0.542910
vt 0.710821 0.550373
vt 0.712687 0.554104
vt 0.705224 0.554104
vt 0.712687 0.561567
vt 0.703358 0.565298
vt 0.703358 0.557836
vt 0.710821 0.565298
vt 0.712687 0.569030
vt 0.705224 0.569030
vt 0.712687 0.576493
vt 0.703358 0.580224
vt 0.703358 0.572761
vt 0.710821 0.580224
vt 0.712687 0.583955
vt 0.705224 0.583955
vt 0.712687 0.591418
vt 0.703358 0.595149
vt 0.703358 0.587687
vt 0.710821 0.595149
vt 0.712687 0.598881
vt 0.705224 0.598881
vt 0.712687 0.606343
vt 0.703358 0.610075
vt 0.703358 0.602612
vt 0.710821 0.610075
vt 0.712687 0.613806
vt 0.705224 0.613806
vt 0.712687 0.621269
vt 0.703358 0.625000
vt 0.703358 0.617537
vt 0.710821 0.625000
vt 0.712687 0.628731
vt 0.705224 0.628731
vt 0.712687 0.636194
vt 0.703358 0.639925
vt 0.703358 0.632463
vt 0.710821 0.639925
vt 0.712687 0.643657
vt 0.705224 0.643657
vt 0.712687 0.651119
vt 0.703358 0.654851
vt 0.703358 0.647388
vt 0.710821 0.654851
vt 0.712687 0.658582
vt 0.705224 0.658582
vt 0.712687 0.666045
vt 0.703358 0.669776
vt 0.703358 0.662313
vt 0.710821 0.669776
vt 0.712687 0.673507
vt 0.705224 0.673507
vt 0.712687 0.680970
vt 0.703358 0.684702
vt 0.703358 0.677239
vt 0.710821 0.684702
vt 0.712687 0.688433
vt 0.705224 0.688433
vt 0.712687 0.695895
vt 0.703358 0.699627
vt 0.703358 0.692164
vt 0.710821 0.699627
vt 0.712687 0.703358
vt 0.705224 0.703358
vt 0.712687 0.710821
vt 0.703358 0.714552
vt 0.703358 0.707090
vt 0.710821 0.714552
vt 0.712687 0.718284
vt 0.705224 0.718284
vt 0.712687 0.725746
vt 0.703358 0.729478
vt 0.703358 0.722015
vt 0.710821 0.729478
vt 0.712687 0.733209
vt 0.705224 0.733209
vt 0.712687 0.740672
vt 0.703358 0.744403
vt 0.703358 0.736940
vt 0.710821 0.744403
vt 0.712687 0.748134
vt 0.705224 0.748134
vt 0.712687 0.755597
vt 0.703358 0.759328
vt 0.703358 0.751866
vt 0.710821 0.759328
vt 0.712687 0.763060
vt 0.705224 0.763060
vt 0.712687 0.770522
vt 0.703358 0.774254
vt 0.703358 0.766791
vt 0.710821 0.774254
vt 0.712687 0.777985
vt 0.705224 0.777985
vt 0.712687 0.785448
vt 0.703358 0.789179
vt 0.703358 0.781716
vt 0.710821 0.789179
vt 0.712687 0.792910
vt 0.705224 0.792910
vt 0.712687 0.800373
vt 0.703358 0.804104
vt 0.703358 0.796642
vt 0.710821 0.804104
vt 0.712687 0.807836
vt 0.705224 0.807836
vt 0.712687 0.815298
vt 0.703358 0.819030
vt 0.703358 0.811567
vt 0.710821 0.819030
vt 0.712687 0.822761
vt 0.705224 0.822761
vt 0.712687 0.830224
vt 0.703358 0.833955
vt 0.703358 0.826492
vt 0.710821 0.833955
vt 0.712687 0.837687
vt 0.705224 0.837687
vt 0.712687 0.845149
vt 0.703358 0.848881
vt 0.703358 0.841418
vt 0.710821 0.848881
vt 0.712687 0.852612
vt 0.705224 0.852612
vt 0.712687 0.860075
vt 0.703358 0.863806
vt 0.703358 0.856343
vt 0.710821 0.863806
vt 0.712687 0.867537
vt 0.705224 0.867537
vt 0.712687 0.875000
vt 0.703358 0.878731
vt 0.703358 0.871269
vt 0.710821 0.878731
vt 0.712687 0.882463
vt 0.705224 0.882463
vt 0.712687 0.889925
vt 0.703358 0.893657
vt 0.703358 0.886194
vt 0.710821 0.893657
vt 0.712687 0.897388
vt 0.705224 0.897388
vt 0.712687 0.904851
vt 0.703358 0.908582
vt 0.703358 0.901119
vt 0.710821 0.908582
vt 0.712687 0.912313
vt 0.705224 0.912313
vt 0.712687 0.919776
vt 0.703358 0.923507
vt 0.703358 0.916045
vt 0.710821 0.923507
vt 0.712687 0.927239
vt 0.705224 0.927239
vt 0.712687 0.934701
vt 0.703358 0.938433
vt 0.703358 0.930970
vt 0.710821 0.938433
vt 0.712687 0.942164
vt 0.705224 0.942164
vt 0.712687 0.949627
vt 0.703358 0.953358
vt 0.703358 0.945895
vt 0.710821 0.953358
vt 0.712687 0.957090
vt 0.705224 0.957090
vt 0.712687 0.964552
vt 0.703358 0.968284
vt 0.703358 0.960821
vt 0.710821 0.968284
vt 0.712687 0.972015
vt 0.705224 0.972015
vt 0.712687 0.979478
vt 0.703358 0.983209
vt 0.703358 0.975746
vt 0.710821 0.983209
vt 0.712687 0.986940
vt 0.705224 0.986940
vt 0.712687 0.994403
vt 0.703358 0.998134
vt 0.703358 0.990672
vt 0.710821 0.998134
vt 0.727612 0.001866
vt 0.720149 0.001866
vt 0.727612 0.009328
vt 0.718284 0.013060
vt 0.718284 0.005597
vt 0.725746 0.013060
vt 0.727612 0.016791
vt 0.720149 0.016791
vt 0.727612 0.024254
vt 0.718284 0.027985
vt 0.718284 0.020522
vt 0.725746 0.027985
vt 0.727612 0.031716
vt 0.720149 0.031716
vt 0.727612 0.039179
vt 0.718284 0.042910
vt 0.718284 0.035448
vt 0.725746 0.042910
vt 0.727612 0.046642
vt 0.720149 0.046642
vt 0.727612 0.054104
vt 0.718284 0.057836
vt 0.718284 0.050373
vt 0.725746 0.057836
vt 0.727612 0.061567
vt 0.720149 0.061567
vt 0.727612 0.069030
vt 0.718284 0.072761
vt 0.718284 0.065299
vt 0.725746 0.072761
vt 0.727612 0.076493
vt 0.720149 0.076493
vt 0.727612 0.083955
vt 0.718284 0.087687
vt 0.718284 0.080224
vt 0.725746 0.087687
vt 0.727612 0.091418
vt 0.720149 0.091418
vt 0.727612 0.098881
vt 0.718284 0.102612
vt 0.718284 0.095149
vt 0.725746 0.102612
vt 0.727612 0.106343
vt 0.720149 0.106343
vt 0.727612 0.113806
vt 0.718284 0.117537
vt 0.718284 0.110075
vt 0.725746 0.117537
vt 0.727612 0.121269
vt 0.720149 0.121269
vt 0.727612 0.128731
vt 0.718284 0.132463
vt 0.718284 0.125000
vt 0.725746 0.132463
vt 0.727612 0.136194
vt 0.720149 0.136194
vt 0.727612 0.143657
vt 0.718284 0.147388
vt 0.718284 0.139925
vt 0.725746 0.147388
vt 0.727612 0.151119
vt 0.720149 0.151119
vt 0.727612 0.158582
vt 0.718284 0.162313
vt 0.718284 0.154851
vt 0.725746 0.162313
vt 0.727612 0.166045
vt 0.720149 0.166045
vt 0.727612 0.173507
vt 0.718284 0.177239
vt 0.718284 0.169776
vt 0.725746 0.177239
vt 0.727612 0.180970
vt 0.720149 0.180970
vt 0.727612 0.188433
vt 0.718284 0.192164
vt 0.718284 0.184701
vt 0.725746 0.192164
vt 0.727612 0.195896
vt 0.720149 0.195896
vt 0.727612 0.203358
vt 0.718284 0.207090
vt 0.718284 0.199627
vt 0.725746 0.207090
vt 0.727612 0.210821
vt 0.720149 0.210821
vt 0.727612 0.218284
vt 0.718284 0.222015
vt 0.718284 0.214552
vt 0.725746 0.222015
vt 0.727612 0.225746
vt 0.720149 0.225746
vt 0.727612 0.233209
vt 0.718284 0.236940
vt 0.718284 0.229478
vt 0.725746 0.236940
vt 0.727612 0.240672
vt 0.720149 0.240672
vt 0.727612 0.248134
vt 0.718284 0.251866
vt 0.718284 0.244403
vt 0.725746 0.251866
vt 0.727612 0.255597
vt 0.720149 0.255597
vt 0.727612 0.263060
vt 0.718284 0.266791
vt 0.718284 0.259328
vt 0.725746 0.266791
vt 0.727612 0.270522
vt 0.720149 0.270522
vt 0.727612 0.277985
vt 0.718284 0.281716
vt 0.718284 0.274254
vt 0.725746 0.281716
vt 0.727612 0.285448
vt 0.720149 0.285448
vt 0.727612 0.292910
vt 0.718284 0.296642
vt 0.718284 0.289179
vt 0.725746 0.296642
vt 0.727612 0.300373
vt 0.720149 0.300373
vt 0.727612 0.307836
vt 0.718284 0.311567
vt 0.718284 0.304104
vt 0.725746 0.311567
vt 0.727612 0.315298
vt 0.720149 0.315298
vt 0.727612 0.322761
vt 0.718284 0.326493
vt 0.718284 0.319030
vt 0.725746 0.326493
vt 0.727612 0.330224
vt 0.720149 0.330224
vt 0.727612 0.337687
vt 0.718284 0.341418
vt 0.718284 0.333955
vt 0.725746 0.341418
vt 0.727612 0.345149
vt 0.720149 0.345149
vt 0.727612 0.352612
vt 0.718284 0.356343
vt 0.718284 0.348881
vt 0.725746 0.356343
vt 0.727612 0.360075
vt 0.720149 0.360075
vt 0.727612 0.367537
vt 0.718284 0.371269
vt 0.718284 0.363806
vt 0.725746 0.371269
vt 0.727612 0.375000
vt 0.720149 0.375000
vt 0.727612 0.382463
vt 0.718284 0.386194
vt 0.718284 0.378731
vt 0.725746 0.386194
vt 0.727612 0.389925
vt 0.720149 0.389925
vt 0.727612 0.397388
vt 0.718284 0.401119
vt 0.718284 0.393657
vt 0.725746 0.401119
vt 0.727612 0.404851
vt 0.720149 0.404851
vt 0.727612 0.412313
vt 0.718284 0.416045
vt 0.718284 0.408582
vt 0.725746 0.416045
vt 0.727612 0.419776
vt 0.720149 0.419776
vt 0.727612 0.427239
vt 0.718284 0.430970
vt 0.718284 0.423507
vt 0.725746 0.430970
vt 0.727612 0.434701
vt 0.720149 0.434701
vt 0.727612 0.442164
vt 0.718284 0.445896
vt 0.718284 0.438433
vt 0.725746 0.445896
vt 0.727612 0.449627
vt 0.720149 0.449627
vt 0.727612 0.457090
vt 0.718284 0.460821
vt 0.718284 0.453358
vt 0.725746 0.460821
vt 0.727612 0.464552
vt 0.720149 0.464552
vt 0.727612 0.472015
vt 0.718284 0.475746
vt 0.718284 0.468284
vt 0.725746 0.475746
vt 0.727612 0.479478
vt 0.720149 0.479478
vt 0.727612 0.486940
vt 0.718284 0.490672
vt 0.718284 0.483209
vt 0.725746 0.490672
vt 0.727612 0.494403
vt 0.720149 0.494403
vt 0.727612 0.501866
vt 0.718284 0.505597
vt 0.718284 0.498134
vt 0.725746 0.505597
vt 0.727612 0.509328
vt 0.720149 0.509328
vt 0.727612 0.516791
vt 0.718284 0.520522
vt 0.718284 0.513060
vt 0.725746 0.520522
vt 0.727612 0.524254
vt 0.720149 0.524254
vt 0.727612 0.531716
vt 0.718284 0.535448
vt 0.718284 0.527985
vt 0.725746 0.535448
vt 0.727612 0.539179
vt 0.720149 0.539179
vt 0.727612 0.546642
vt 0.718284 0.550373
vt 0.718284 0.542910
vt 0.725746 0.550373
vt 0.727612 0.554104
vt 0.720149 0.554104
vt 0.727612 0.561567
vt 0.718284 0.565298
vt 0.718284 0.557836
vt 0.725746 0.565298
vt 0.727612 0.569030
vt 0.720149 0.569030
vt 0.727612 0.576493
vt 0.718284 0.580224
vt 0.718284 0.572761
vt 0.725746 0.580224
vt 0.727612 0.583955
vt 0.720149 0.583955
vt 0.727612 0.591418
vt 0.718284 0.595149
vt 0.718284 0.587687
vt 0.725746 0.595149
vt 0.727612 0.598881
vt 0.720149 0.598881
vt 0.727612 0.606343
vt 0.718284 0.610075
vt 0.718284 0.602612
vt 0.725746 0.610075
vt 0.727612 0.613806
vt 0.720149 0.613806
vt 0.727612 0.621269
vt 0.718284 0.625000
vt 0.718284 0.617537
vt 0.725746 0.625000
vt 0.727612 0.628731
vt 0.720149 0.628731
vt 0.727612 0.636194
vt 0.718284 0.639925
vt 0.718284 0.632463
vt 0.725746 0.639925
vt 0.727612 0.643657
vt 0.720149 0.643657
vt 0.727612 0.651119
vt 0.718284 0.654851
vt 0.718284 0.647388
vt 0.725746 0.654851
vt 0.727612 0.658582
vt 0.720149 0.658582
vt 0.727612 0.666045
vt 0.718284 0.669776
vt 0.718284 0.662313
vt 0.725746 0.669776
vt 0.727612 0.673507
vt 0.720149 0.673507
vt 0.727612 0.680970
vt 0.718284 0.684702
vt 0.718284 0.677239
vt 0.725746 0.684702
vt 0.727612 0.688433
vt 0.720149 0.688433
vt 0.727612 0.695895
vt 0.718284 0.699627
vt 0.718284 0.692164
vt 0.725746 0.699627
vt 0.727612 0.703358
vt 0.720149 0.703358
vt 0.727612 0.710821
vt 0.718284 0.714552
vt 0.718284 0.707090
vt 0.725746 0.714552
vt 0.727612 0.718284
vt 0.720149 0.718284
vt 0.727612 0.725746
vt 0.718284 0.729478
vt 0.718284 0.722015
vt 0.725746 0.729478
vt 0.727612 0.733209
vt 0.720149 0.733209
vt 0.727612 0.740672
vt 0.718284 0.744403
vt 0.718284 0.736940
vt 0.725746 0.744403
vt 0.727612 0.748134
vt 0.720149 0.748134
vt 0.727612 0.755597
vt 0.718284 0.759328
vt 0.718284 0.751866
vt 0.725746 0.759328
vt 0.727612 0.763060
vt 0.720149 0.763060
vt 0.727612 0.770522
vt 0.718284 0.774254
vt 0.718284 0.766791
vt 0.725746 0.774254
vt 0.727612 0.777985
vt 0.720149 0.777985
vt 0.727612 0.785448
vt 0.718284 0.789179
vt 0.718284 0.781716
vt 0.725746 0.789179
vt 0.727612 0.792910
vt 0.720149 0.792910
vt 0.727612 0.800373
vt 0.718284 0.804104
vt 0.718284 0.796642
vt 0.725746 0.804104
vt 0.727612 0.807836
vt 0.720149 0.807836
vt 0.727612 0.815298
vt 0.718284 0.819030
vt 0.718284 0.811567
vt 0.725746 0.819030
vt 0.727612 0.822761
vt 0.720149 0.822761
vt 0.727612 0.830224
vt 0.718284 0.833955
vt 0.718284 0.826492
vt 0.725746 0.833955
vt 0.727612 0.837687
vt 0.720149 0.837687
vt 0.727612 0.845149
vt 0.718284 0.848881
vt 0.718284 0.841418
vt 0.725746 0.848881
vt 0.727612 0.852612
vt 0.720149 0.852612
vt 0.727612 0.860075
vt 0.718284 0.863806
vt 0.718284 0.856343
vt 0.725746 0.863806
vt 0.727612 0.867537
vt 0.720149 0.867537
vt 0.727612 0.875000
vt 0.718284 0.878731
vt 0.718284 0.871269
vt 0.725746 0.878731
vt 0.727612 0.882463
vt 0.720149 0.882463
vt 0.727612 0.889925
vt 0.718284 0.893657
vt 0.718284 0.886194
vt 0.725746 0.893657
vt 0.727612 0.897388
vt 0.720149 0.897388
vt 0.727612 0.904851
vt 0.718284 0.908582
vt 0.718284 0.901119
vt 0.725746 0.908582
vt 0.727612 0.912313
vt 0.720149 0.912313
vt 0.727612 0.919776
vt 0.718284 0.923507
vt 0.718284 0.916045
vt 0.725746 0.923507
vt 0.727612 0.927239
vt 0.720149 0.927239
vt 0.727612 0.934701
vt 0.718284 0.938433
vt 0.718284 0.930970
vt 0.725746 0.938433
vt 0.727612 0.942164
vt 0.720149 0.942164
vt 0.727612 0.949627
vt 0.718284 0.953358
vt 0.718284 0.945895
vt 0.725746 0.953358
vt 0.727612 0.957090
vt 0.720149 0.957090
vt 0.727612 0.964552
vt 0.718284 0.968284
vt 0.718284 0.960821
vt 0.725746 0.968284
vt 0.727612 0.972015
vt 0.720149 0.972015
vt 0.727612 0.979478
vt 0.718284 0.983209
vt 0.718284 0.975746
vt 0.725746 0.983209
vt 0.727612 0.986940
vt 0.720149 0.986940
vt 0.727612 0.994403
vt 0.718284 0.998134
vt 0.718284 0.990672
vt 0.725746 0.998134
vt 0.742537 0.001866
vt 0.735075 0.001866
vt 0.742537 0.009328
vt 0.733209 0.013060
vt 0.733209 0.005597
vt 0.740672 0.013060
vt 0.742537 0.016791
vt 0.735075 0.016791
vt 0.742537 0.024254
vt 0.733209 0.027985
vt 0.733209 0.020522
vt 0.740672 0.027985
vt 0.742537 0.031716
vt 0.735075 0.031716
vt 0.742537 0.039179
vt 0.733209 0.042910
vt 0.733209 0.035448
vt 0.740672 0.042910
vt 0.742537 0.046642
vt 0.735075 0.046642
vt 0.742537 0.054104
vt 0.733209 0.057836
vt 0.733209 0.050373
vt 0.740672 0.057836
vt 0.742537 0.061567
vt 0.735075 0.061567
vt 0.742537 0.069030
vt 0.733209 0.072761
vt 0.733209 0.065299
vt 0.740672 0.072761
vt 0.742537 0.076493
vt 0.735075 0.076493
vt 0.742537 0.083955
vt 0.733209 0.087687
vt 0.733209 0.080224
vt 0.740672 0.087687
vt 0.742537 0.091418
vt 0.735075 0.091418
vt 0.742537 0.098881
vt 0.733209 0.102612
vt 0.733209 0.095149
vt 0.740672 0.102612
vt 0.742537 0.106343
vt 0.735075 0.106343
vt 0.742537 0.113806
vt 0.733209 0.117537
vt 0.733209 0.110075
vt 0.740672 0.117537
vt 0.742537 0.121269
vt 0.735075 0.121269
vt 0.742537 0.128731
vt 0.733209 0.132463
vt 0.733209 0.125000
vt 0.740672 0.132463
vt 0.742537 0.136194
vt 0.735075 0.136194
vt 0.742537 0.143657
vt 0.733209 0.147388
vt 0.733209 0.139925
vt 0.740672 0.147388
vt 0.742537 0.151119
vt 0.735075 0.151119
vt 0.742537 0.158582
vt 0.733209 0.162313
vt 0.733209 0.154851
vt 0.740672 0.162313
vt 0.742537 0.166045
vt 0.735075 0.166045
vt 0.742537 0.173507
vt 0.733209 0.177239
vt 0.733209 0.169776
vt 0.740672 0.177239
vt 0.742537 0.180970
vt 0.735075 0.180970
vt 0.742537 0.188433
vt 0.733209 0.192164
vt 0.733209 0.184701
vt 0.740672 0.192164
vt 0.742537 0.195896
vt 0.735075 0.195896
vt 0.742537 0.203358
vt 0.733209 0.207090
vt 0.733209 0.199627
vt 0.740672 0.207090
vt 0.742537 0.210821
vt 0.735075 0.210821
vt 0.742537 0.218284
vt 0.733209 0.222015
vt 0.733209 0.214552
vt 0.740672 0.222015
vt 0.742537 0.225746
vt 0.735075 0.225746
vt 0.742537 0.233209
vt 0.733209 0.236940
vt 0.733209 0.229478
vt 0.740672 0.236940
vt 0.742537 0.240672
vt 0.735075 0.240672
vt 0.742537 0.248134
vt 0.733209 0.251866
vt 0.733209 0.244403
vt 0.740672 0.251866
vt 0.742537 0.255597
vt 0.735075 0.255597
vt 0.742537 0.263060
vt 0.733209 0.266791
vt 0.733209 0.259328
vt 0.740672 0.266791
vt 0.742537 0.270522
vt 0.735075 0.270522
vt 0.742537 0.277985
vt 0.733209 0.281716
vt 0.733209 0.274254
vt 0.740672 0.281716
vt 0.742537 0.285448
vt 0.735075 0.285448
vt 0.742537 0.292910
vt 0.733209 0.296642
vt 0.733209 0.289179
vt 0.740672 0.296642
vt 0.742537 0.300373
vt 0.735075 0.300373
vt 0.742537 0.307836
vt 0.733209 0.311567
vt 0.733209 0.304104
vt 0.740672 0.311567
vt 0.742537 0.315298
vt 0.735075 0.315298
vt 0.742537 0.322761
vt 0.733209 0.326493
vt 0.733209 0.319030
vt 0.740672 0.326493
vt 0.742537 0.330224
vt 0.735075 0.330224
vt 0.742537 0.337687
vt 0.733209 0.341418
vt 0.733209 0.333955
vt 0.740672 0.341418
vt 0.742537 0.345149
vt 0.735075 0.345149
vt 0.742537 0.352612
vt 0.733209 0.356343
vt 0.733209 0.348881
vt 0.740672 0.356343
vt 0.742537 0.360075
vt 0.735075 0.360075
vt 0.742537 0.367537
vt 0.733209 0.371269
vt 0.733209 0.363806
vt 0.740672 0.371269
vt 0.742537 0.375000
vt 0.735075 0.375000
vt 0.742537 0.382463
vt 0.733209 0.386194
vt 0.733209 0.378731
vt 0.740672 0.386194
vt 0.742537 0.389925
vt 0.735075 0.389925
vt 0.742537 0.397388
vt 0.733209 0.401119
vt 0.733209 0.393657
vt 0.740672 0.401119
vt 0.742537 0.404851
vt 0.735075 0.404851
vt 0.742537 0.412313
vt 0.733209 0.416045
vt 0.733209 0.408582
vt 0.740672 0.416045
vt 0.742537 0.419776
vt 0.735075 0.419776
vt 0.742537 0.427239
vt 0.733209 0.430970
vt 0.733209 0.423507
vt 0.740672 0.430970
vt 0.742537 0.434701
vt 0.735075 0.434701
vt 0.742537 0.442164
vt 0.733209 0.445896
vt 0.733209 0.438433
vt 0.740672 0.445896
vt 0.742537 0.449627
vt 0.735075 0.449627
vt 0.742537 0.457090
vt 0.733209 0.460821
vt 0.733209 0.453358
vt 0.740672 0.460821
vt 0.742537 0.464552
vt 0.735075 0.464552
vt 0.742537 0.472015
vt 0.733209 0.475746
vt 0.733209 0.468284
vt 0.740672 0.475746
vt 0.742537 0.479478
vt 0.735075 0.479478
vt 0.742537 0.486940
vt 0.733209 0.490672
vt 0.733209 0.483209
vt 0.740672 0.490672
vt 0.742537 0.494403
vt 0.735075 0.494403
vt 0.742537 0.501866
vt 0.733209 0.505597
vt 0.733209 0.498134
vt 0.740672 0.505597
vt 0.742537 0.509328
vt 0.735075 0.509328
vt 0.742537 0.516791
vt 0.733209 0.520522
vt 0.733209 0.513060
vt 0.740672 0.520522
vt 0.742537 0.524254
vt 0.735075 0.524254
vt 0.742537 0.531716
vt 0.733209 0.535448
vt 0.733209 0.527985
vt 0.740672 0.535448
vt 0.742537 0.539179
vt 0.735075 0.539179
vt 0.742537 0.546642
vt 0.733209 0.550373
vt 0.733209 0.542910
vt 0.740672 0.550373
vt 0.742537 0.554104
vt 0.735075 0.554104
vt 0.742537 0.561567
vt 0.733209 0.565298
vt 0.733209 0.557836
vt 0.740672 0.565298
vt 0.742537 0.569030
vt 0.735075 0.569030
vt 0.742537 0.576493
vt 0.733209 0.580224
vt 0.733209 0.572761
vt 0.740672 0.580224
vt 0.742537 0.583955
vt 0.735075 0.583955
vt 0.742537 0.591418
vt 0.733209 0.595149
vt 0.733209 0.587687
vt 0.740672 0.595149
vt 0.742537 0.598881
vt 0.735075 0.598881
vt 0.742537 0.606343
vt 0.733209 0.610075
vt 0.733209 0.602612
vt 0.740672 0.610075
vt 0.742537 0.613806
vt 0.735075 0.613806
vt 0.742537 0.621269
vt 0.733209 0.625000
vt 0.733209 0.617537
vt 0.740672 0.625000
vt 0.742537 0.628731
vt 0.735075 0.628731
vt 0.742537 0.636194
vt 0.733209 0.639925
vt 0.733209 0.632463
vt 0.740672 0.639925
vt 0.742537 0.643657
vt 0.735075 0.643657
vt 0.742537 0.651119
vt 0.733209 0.654851
vt 0.733209 0.647388
vt 0.740672 0.654851
vt 0.742537 0.658582
vt 0.735075 0.658582
vt 0.742537 0.666045
vt 0.733209 0.669776
vt 0.733209 0.662313
vt 0.740672 0.669776
vt 0.742537 0.673507
vt 0.735075 0.673507
vt 0.742537 0.680970
vt 0.733209 0.684702
vt 0.733209 0.677239
vt 0.740672 0.684702
vt 0.742537 0.688433
vt 0.735075 0.688433
vt 0.742537 0.695895
vt 0.733209 0.699627
vt 0.733209 0.692164
vt 0.740672 0.699627
vt 0.742537 0.703358
vt 0.735075 0.703358
vt 0.742537 0.710821
vt 0.733209 0.714552
vt 0.733209 0.707090
vt 0.740672 0.714552
vt 0.742537 0.718284
vt 0.735075 0.718284
vt 0.742537 0.725746
vt 0.733209 0.729478
vt 0.733209 0.722015
vt 0.740672 0.729478
vt 0.742537 0.733209
vt 0.735075 0.733209
vt 0.742537 0.740672
vt 0.733209 0.744403
vt 0.733209 0.736940
vt 0.740672 0.744403
vt 0.742537 0.748134
vt 0.735075 0.748134
vt 0.742537 0.755597
vt 0.733209 0.759328
vt 0.733209 0.751866
vt 0.740672 0.759328
vt 0.742537 0.763060
vt 0.735075 0.763060
vt 0.742537 0.770522
vt 0.733209 0.774254
vt 0.733209 0.766791
vt 0.740672 0.774254
vt 0.742537 0.777985
vt 0.735075 0.777985
vt 0.742537 0.785448
vt 0.733209 0.789179
vt 0.733209 0.781716
vt 0.740672 0.789179
vt 0.742537 0.792910
vt 0.735075 0.792910
vt 0.742537 0.800373
vt 0.733209 0.804104
vt 0.733209 0.796642
vt 0.740672 0.804104
vt 0.742537 0.807836
vt 0.735075 0.807836
vt 0.742537 0.815298
vt 0.733209 0.819030
vt 0.733209 0.811567
vt 0.740672 0.819030
vt 0.742537 0.822761
vt 0.735075 0.822761
vt 0.742537 0.830224
vt 0.733209 0.833955
vt 0.733209 0.826492
vt 0.740672 0.833955
vt 0.742537 0.837687
vt 0.735075 0.837687
vt 0.742537 0.845149
vt 0.733209 0.848881
vt 0.733209 0.841418
vt 0.740672 0.848881
vt 0.742537 0.852612
vt 0.735075 0.852612
vt 0.742537 0.860075
vt 0.733209 0.863806
vt 0.733209 0.856343
vt 0.740672 0.863806
vt 0.742537 0.867537
vt 0.735075 0.867537
vt 0.742537 0.875000
vt 0.733209 0.878731
vt 0.733209 0.871269
vt 0.740672 0.878731
vt 0.742537 0.882463
vt 0.735075 0.882463
vt 0.742537 0.889925
vt 0.733209 0.893657
vt 0.733209 0.886194
vt 0.740672 0.893657
vt 0.742537 0.897388
vt 0.735075 0.897388
vt 0.742537 0.904851
vt 0.733209 0.908582
vt 0.733209 0.901119
vt 0.740672 0.908582
vt 0.742537 0.912313
vt 0.735075 0.912313
vt 0.742537 0.919776
vt 0.733209 0.923507
vt 0.733209 0.916045
vt 0.740672 0.923507
vt 0.742537 0.927239
vt 0.735075 0.927239
vt 0.742537 0.934701
vt 0.733209 0.938433
vt 0.733209 0.930970
vt 0.740672 0.938433
vt 0.742537 0.942164
vt 0.735075 0.942164
vt 0.742537 0.949627
vt 0.733209 0.953358
vt 0.733209 0.945895
vt 0.740672 0.953358
vt 0.742537 0.957090
vt 0.735075 0.957090
vt 0.742537 0.964552
vt 0.733209 0.968284
vt 0.733209 0.960821
vt 0.740672 0.968284
vt 0.742537 0.972015
vt 0.735075 0.972015
vt 0.742537 0.979478
vt 0.733209 0.983209
vt 0.733209 0.975746
vt 0.740672 0.983209
vt 0.742537 0.986940
vt 0.735075 0.986940
vt 0.742537 0.994403
vt 0.733209 0.998134
vt 0.733209 0.990672
vt 0.740672 0.998134
vt 0.757463 0.001866
vt 0.750000 0.001866
vt 0.757463 0.009328
vt 0.748134 0.013060
vt 0.748134 0.005597
vt 0.755597 0.013060
vt 0.757463 0.016791
vt 0.750000 0.016791
vt 0.757463 0.024254
vt 0.748134 0.027985
vt 0.748134 0.020522
vt 0.755597 0.027985
vt 0.757463 0.031716
vt 0.750000 0.031716
vt 0.757463 0.039179
vt 0.748134 0.042910
vt 0.748134 0.035448
vt 0.755597 0.042910
vt 0.757463 0.046642
vt 0.750000 0.046642
vt 0.757463 0.054104
vt 0.748134 0.057836
vt 0.748134 0.050373
vt 0.755597 0.057836
vt 0.757463 0.061567
vt 0.750000 0.061567
vt 0.757463 0.069030
vt 0.748134 0.072761
vt 0.748134 0.065299
vt 0.755597 0.072761
vt 0.757463 0.076493
vt 0.750000 0.076493
vt 0.757463 0.083955
vt 0.748134 0.087687
vt 0.748134 0.080224
vt 0.755597 0.087687
vt 0.757463 0.091418
vt 0.750000 0.091418
vt 0.757463 0.098881
vt 0.748134 0.102612
vt 0.748134 0.095149
vt 0.755597 0.102612
vt 0.757463 0.106343
vt 0.750000 0.106343
vt 0.757463 0.113806
vt 0.748134 0.117537
vt 0.748134 0.110075
vt 0.755597 0.117537
vt 0.757463 0.121269
vt 0.750000 0.121269
vt 0.757463 0.128731
vt 0.748134 0.132463
vt 0.748134 0.125000
vt 0.755597 0.132463
vt 0.757463 0.136194
vt 0.750000 0.136194
vt 0.757463 0.143657
vt 0.748134 0.147388
vt 0.748134 0.139925
vt 0.755597 0.147388
vt 0.757463 0.151119
vt 0.750000 0.151119
vt 0.757463 0.158582
vt 0.748134 0.162313
vt 0.748134 0.154851
vt 0.755597 0.162313
vt 0.757463 0.166045
vt 0.750000 0.166045
vt 0.757463 0.173507
vt 0.748134 0.177239
vt 0.748134 0.169776
vt 0.755597 0.177239
vt 0.757463 0.180970
vt 0.750000 0.180970
vt 0.757463 0.188433
vt 0.748134 0.192164
vt 0.748134 0.184701
vt 0.755597 0.192164
vt 0.757463 0.195896
vt 0.750000 0.195896
vt 0.757463 0.203358
vt 0.748134 0.207090
vt 0.748134 0.199627
vt 0.755597 0.207090
vt 0.757463 0.210821
vt 0.750000 0.210821
vt 0.757463 0.218284
vt 0.748134 0.222015
vt 0.748134 0.214552
vt 0.755597 0.222015
vt 0.757463 0.225746
vt 0.750000 0.225746
vt 0.757463 0.233209
vt 0.748134 0.236940
vt 0.748134 0.229478
vt 0.755597 0.236940
vt 0.757463 0.240672
vt 0.750000 0.240672
vt 0.757463 0.248134
vt 0.748134 0.251866
vt 0.748134 0.244403
vt 0.755597 0.251866
vt 0.757463 0.255597
vt 0.750000 0.255597
vt 0.757463 0.263060
vt 0.748134 0.266791
vt 0.748134 0.259328
vt 0.755597 0.266791
vt 0.757463 0.270522
vt 0.750000 0.270522
vt 0.757463 0.277985
vt 0.748134 0.281716
vt 0.748134 0.274254
vt 0.755597 0.281716
vt 0.757463 0.285448
vt 0.750000 0.285448
vt 0.757463 0.292910
vt 0.748134 0.296642
vt 0.748134 0.289179
vt 0.755597 0.296642
vt 0.757463 0.300373
vt 0.750000 0.300373
vt 0.757463 0.307836
vt 0.748134 0.311567
vt 0.748134 0.304104
vt 0.755597 0.311567
vt 0.757463 0.315298
vt 0.750000 0.315298
vt 0.757463 0.322761
vt 0.748134 0.326493
vt 0.748134 0.319030
vt 0.755597 0.326493
vt 0.757463 0.330224
vt 0.750000 0.330224
vt 0.757463 0.337687
vt 0.748134 0.341418
vt 0.748134 0.333955
vt 0.755597 0.341418
vt 0.757463 0.345149
vt 0.750000 0.345149
vt 0.757463 0.352612
vt 0.748134 0.356343
vt 0.748134 0.348881
vt 0.755597 0.356343
vt 0.757463 0.360075
vt 0.750000 0.360075
vt 0.757463 0.367537
vt 0.748134 0.371269
vt 0.748134 0.363806
vt 0.755597 0.371269
vt 0.757463 0.375000
vt 0.750000 0.375000
vt 0.757463 0.382463
vt 0.748134 0.386194
vt 0.748134 0.378731
vt 0.755597 0.386194
vt 0.757463 0.389925
vt 0.750000 0.389925
vt 0.757463 0.397388
vt 0.748134 0.401119
vt 0.748134 0.393657
vt 0.755597 0.401119
vt 0.757463 0.404851
vt 0.750000 0.404851
vt 0.757463 0.412313
vt 0.748134 0.416045
vt 0.748134 0.408582
vt 0.755597 0.416045
vt 0.757463 0.419776
vt 0.750000 0.419776
vt 0.757463 0.427239
vt 0.748134 0.430970
vt 0.748134 0.423507
vt 0.755597 0.430970
vt 0.757463 0.434701
vt 0.750000 0.434701
vt 0.757463 0.442164
vt 0.748134 0.445896
vt 0.748134 0.438433
vt 0.755597 0.445896
vt 0.757463 0.449627
vt 0.750000 0.449627
vt 0.757463 0.457090
vt 0.748134 0.460821
vt 0.748134 0.453358
vt 0.755597 0.460821
vt 0.757463 0.464552
vt 0.750000 0.464552
vt 0.757463 0.472015
vt 0.748134 0.475746
vt 0.748134 0.468284
vt 0.755597 0.475746
vt 0.757463 0.479478
vt 0.750000 0.479478
vt 0.757463 0.486940
vt 0.748134 0.490672
vt 0.748134 0.483209
vt 0.755597 0.490672
vt 0.757463 0.494403
vt 0.750000 0.494403
vt 0.757463 0.501866
vt 0.748134 0.505597
vt 0.748134 0.498134
vt 0.755597 0.505597
vt 0.757463 0.509328
vt 0.750000 0.509328
vt 0.757463 0.516791
vt 0.748134 0.520522
vt 0.748134 0.513060
vt 0.755597 0.520522
vt 0.757463 0.524254
vt 0.750000 0.524254
vt 0.757463 0.531716
vt 0.748134 0.535448
vt 0.748134 0.527985
vt 0.755597 0.535448
vt 0.757463 0.539179
vt 0.750000 0.539179
vt 0.757463 0.546642
vt 0.748134 0.550373
vt 0.748134 0.542910
vt 0.755597 0.550373
vt 0.757463 0.554104
vt 0.750000 0.554104
vt 0.757463 0.561567
vt 0.748134 0.565298
vt 0.748134 0.557836
vt 0.755597 0.565298
vt 0.757463 0.569030
vt 0.750000 0.569030
vt 0.757463 0.576493
vt 0.748134 0.580224
vt 0.748134 0.572761
vt 0.755597 0.580224
vt 0.757463 0.583955
vt 0.750000 0.583955
vt 0.757463 0.591418
vt 0.748134 0.595149
vt 0.748134 0.587687
vt 0.755597 0.595149
vt 0.757463 0.598881
vt 0.750000 0.598881
vt 0.757463 0.606343
vt 0.748134 0.610075
vt 0.748134 0.602612
vt 0.755597 0.610075
vt 0.757463 0.613806
vt 0.750000 0.613806
vt 0.757463 0.621269
vt 0.748134 0.625000
vt 0.748134 0.617537
vt 0.755597 0.625000
vt 0.757463 0.628731
vt 0.750000 0.628731
vt 0.757463 0.636194
vt 0.748134 0.639925
vt 0.748134 0.632463
vt 0.755597 0.639925
vt 0.757463 0.643657
vt 0.750000 0.643657
vt 0.757463 0.651119
vt 0.748134 0.654851
vt 0.748134 0.647388
vt 0.755597 0.654851
vt 0.757463 0.658582
vt 0.750000 0.658582
vt 0.757463 0.666045
vt 0.748134 0.669776
vt 0.748134 0.662313
vt 0.755597 0.669776
vt 0.757463 0.673507
vt 0.750000 0.673507
vt 0.757463 0.680970
vt 0.748134 0.684702
vt 0.748134 0.677239
vt 0.755597 0.684702
vt 0.757463 0.688433
vt 0.750000 0.688433
vt 0.757463 0.695895
vt 0.748134 0.699627
vt 0.748134 0.692164
vt 0.755597 0.699627
vt 0.757463 0.703358
vt 0.750000 0.703358
vt 0.757463 0.710821
vt 0.748134 0.714552
vt 0.748134 0.707090
vt 0.755597 0.714552
vt 0.757463 0.718284
vt 0.750000 0.718284
vt 0.757463 0.725746
vt 0.748134 0.729478
vt 0.748134 0.722015
vt 0.755597 0.729478
vt 0.757463 0.733209
vt 0.750000 0.733209
vt 0.757463 0.740672
vt 0.748134 0.744403
vt 0.748134 0.736940
vt 0.755597 0.744403
vt 0.757463 0.748134
vt 0.750000 0.748134
vt 0.757463 0.755597
vt 0.748134 0.759328
vt 0.748134 0.751866
vt 0.755597 0.759328
vt 0.757463 0.763060
vt 0.750000 0.763060
vt 0.757463 0.770522
vt 0.748134 0.774254
vt 0.748134 0.766791
vt 0.755597 0.774254
vt 0.757463 0.777985
vt 0.750000 0.777985
vt 0.757463 0.785448
vt 0.748134 0.789179
vt 0.748134 0.781716
vt 0.755597 0.789179
vt 0.757463 0.792910
vt 0.750000 0.792910
vt 0.757463 0.800373
vt 0.748134 0.804104
vt 0.748134 0.796642
vt 0.755597 0.804104
vt 0.757463 0.807836
vt 0.750000 0.807836
vt 0.757463 0.815298
vt 0.748134 0.819030
vt 0.748134 0.811567
vt 0.755597 0.819030
vt 0.757463 0.822761
vt 0.750000 0.822761
vt 0.757463 0.830224
vt 0.748134 0.833955
vt 0.748134 0.826492
vt 0.755597 0.833955
vt 0.757463 0.837687
vt 0.750000 0.837687
vt 0.757463 0.845149
vt 0.748134 0.848881
vt 0.748134 0.841418
vt 0.755597 0.848881
vt 0.757463 0.852612
vt 0.750000 0.852612
vt 0.757463 0.860075
vt 0.748134 0.863806
vt 0.748134 0.856343
vt 0.755597 0.863806
vt 0.757463 0.867537
vt 0.750000 0.867537
vt 0.757463 0.875000
vt 0.748134 0.878731
vt 0.748134 0.871269
vt 0.755597 0.878731
vt 0.757463 0.882463
vt 0.750000 0.882463
vt 0.757463 0.889925
vt 0.748134 0.893657
vt 0.748134 0.886194
vt 0.755597 0.893657
vt 0.757463 0.897388
vt 0.750000 0.897388
vt 0.757463 0.904851
vt 0.748134 0.908582
vt 0.748134 0.901119
vt 0.755597 0.908582
vt 0.757463 0.912313
vt 0.750000 0.912313
vt 0.757463 0.919776
vt 0.748134 0.923507
vt 0.748134 0.916045
vt 0.755597 0.923507
vt 0.757463 0.927239
vt 0.750000 0.927239
vt 0.757463 0.934701
vt 0.748134 0.938433
vt 0.748134 0.930970
vt 0.755597 0.938433
vt 0.757463 0.942164
vt 0.750000 0.942164
vt 0.757463 0.949627
vt 0.748134 0.953358
vt 0.748134 0.945895
vt 0.755597 0.953358
vt 0.757463 0.957090
vt 0.750000 0.957090
vt 0.757463 0.964552
vt 0.748134 0.968284
vt 0.748134 0.960821
vt 0.755597 0.968284
vt 0.757463 0.972015
vt 0.750000 0.972015
vt 0.757463 0.979478
vt 0.748134 0.983209
vt 0.748134 0.975746
vt 0.755597 0.983209
vt 0.757463 0.986940
vt 0.750000 0.986940
vt 0.757463 0.994403
vt 0.748134 0.998134
vt 0.748134 0.990672
vt 0.755597 0.998134
vt 0.772388 0.001866
vt 0.764925 0.001866
vt 0.772388 0.009328
vt 0.763060 0.013060
vt 0.763060 0.005597
vt 0.770522 0.013060
vt 0.772388 0.016791
vt 0.764925 0.016791
vt 0.772388 0.024254
vt 0.763060 0.027985
vt 0.763060 0.020522
vt 0.770522 0.027985
vt 0.772388 0.031716
vt 0.764925 0.031716
vt 0.772388 0.039179
vt 0.763060 0.042910
vt 0.763060 0.035448
vt 0.770522 0.042910
vt 0.772388 0.046642
vt 0.764925 0.046642
vt 0.772388 0.054104
vt 0.763060 0.057836
vt 0.763060 0.050373
vt 0.770522 0.057836
vt 0.772388 0.061567
vt 0.764925 0.061567
vt 0.772388 0.069030
vt 0.763060 0.072761
vt 0.763060 0.065299
vt 0.770522 0.072761
vt 0.772388 0.076493
vt 0.764925 0.076493
vt 0.772388 0.083955
vt 0.763060 0.087687
vt 0.763060 0.080224
vt 0.770522 0.087687
vt 0.772388 0.091418
vt 0.764925 0.091418
vt 0.772388 0.098881
vt 0.763060 0.102612
vt 0.763060 0.095149
vt 0.770522 0.102612
vt 0.772388 0.106343
vt 0.764925 0.106343
vt 0.772388 0.113806
vt 0.763060 0.117537
vt 0.763060 0.110075
vt 0.770522 0.117537
vt 0.772388 0.121269
vt 0.764925 0.121269
vt 0.772388 0.128731
vt 0.763060 0.132463
vt 0.763060 0.125000
vt 0.770522 0.132463
vt 0.772388 0.136194
vt 0.764925 0.136194
vt 0.772388 0.143657
vt 0.763060 0.147388
vt 0.763060 0.139925
vt 0.770522 0.147388
vt 0.772388 0.151119
vt 0.764925 0.151119
vt 0.772388 0.158582
vt 0.763060 0.162313
vt 0.763060 0.154851
vt 0.770522 0.162313
vt 0.772388 0.166045
vt 0.764925 0.166045
vt 0.772388 0.173507
vt 0.763060 0.177239
vt 0.763060 0.169776
vt 0.770522 0.177239
vt 0.772388 0.180970
vt 0.764925 0.180970
vt 0.772388 0.188433
vt 0.763060 0.192164
vt 0.763060 0.184701
vt 0.770522 0.192164
vt 0.772388 0.195896
vt 0.764925 0.195896
vt 0.772388 0.203358
vt 0.763060 0.207090
vt 0.763060 0.199627
vt 0.770522 0.207090
vt 0.772388 0.210821
vt 0.764925 0.210821
vt 0.772388 0.218284
vt 0.763060 0.222015
vt 0.763060 0.214552
vt 0.770522 0.222015
vt 0.772388 0.225746
vt 0.764925 0.225746
vt 0.772388 0.233209
vt 0.763060 0.236940
vt 0.763060 0.229478
vt 0.770522 0.236940
vt 0.772388 0.240672
vt 0.764925 0.240672
vt 0.772388 0.248134
vt 0.763060 0.251866
vt 0.763060 0.244403
vt 0.770522 0.251866
vt 0.772388 0.255597
vt 0.764925 0.255597
vt 0.772388 0.263060
vt 0.763060 0.266791
vt 0.763060 0.259328
vt 0.770522 0.266791
vt 0.772388 0.270522
vt 0.764925 0.270522
vt 0.772388 0.277985
vt 0.763060 0.281716
vt 0.763060 0.274254
vt 0.770522 0.281716
vt 0.772388 0.285448
vt 0.764925 0.285448
vt 0.772388 0.292910
vt 0.763060 0.296642
vt 0.763060 0.289179
vt 0.770522 0.296642
vt 0.772388 0.300373
vt 0.764925 0.300373
vt 0.772388 0.307836
vt 0.763060 0.311567
vt 0.763060 0.304104
vt 0.770522 0.311567
vt 0.772388 0.315298
vt 0.764925 0.315298
vt 0.772388 0.322761
vt 0.763060 0.326493
vt 0.763060 0.319030
vt 0.770522 0.326493
vt 0.772388 0.330224
vt 0.764925 0.330224
vt 0.772388 0.337687
vt 0.763060 0.341418
vt 0.763060 0.333955
vt 0.770522 0.341418
vt 0.772388 0.345149
vt 0.764925 0.345149
vt 0.772388 0.352612
vt 0.763060 0.356343
vt 0.763060 0.348881
vt 0.770522 0.356343
vt 0.772388 0.360075
vt 0.764925 0.360075
vt 0.772388 0.367537
vt 0.763060 0.371269
vt 0.763060 0.363806
vt 0.770522 0.371269
vt 0.772388 0.375000
vt 0.764925 0.375000
vt 0.772388 0.382463
vt 0.763060 0.386194
vt 0.763060 0.378731
vt 0.770522 0.386194
vt 0.772388 0.389925
vt 0.764925 0.389925
vt 0.772388 0.397388
vt 0.763060 0.401119
vt 0.763060 0.393657
vt 0.770522 0.401119
vt 0.772388 0.404851
vt 0.764925 0.404851
vt 0.772388 0.412313
vt 0.763060 0.416045
vt 0.763060 0.408582
vt 0.770522 0.416045
vt 0.772388 0.419776
vt 0.764925 0.419776
vt 0.772388 0.427239
vt 0.763060 0.430970
vt 0.763060 0.423507
vt 0.770522 0.430970
vt 0.772388 0.434701
vt 0.764925 0.434701
vt 0.772388 0.442164
vt 0.763060 0.445896
vt 0.763060 0.438433
vt 0.770522 0.445896
vt 0.772388 0.449627
vt 0.764925 0.449627
vt 0.772388 0.457090
vt 0.763060 0.460821
vt 0.763060 0.453358
vt 0.770522 0.460821
vt 0.772388 0.464552
vt 0.764925 0.464552
vt 0.772388 0.472015
vt 0.763060 0.475746
vt 0.763060 0.468284
vt 0.770522 0.475746
vt 0.772388 0.479478
vt 0.764925 0.479478
vt 0.772388 0.486940
vt 0.763060 0.490672
vt 0.763060 0.483209
vt 0.770522 0.490672
vt 0.772388 0.494403
vt 0.764925 0.494403
vt 0.772388 0.501866
vt 0.763060 0.505597
vt 0.763060 0.498134
vt 0.770522 0.505597
vt 0.772388 0.509328
vt 0.764925 0.509328
vt 0.772388 0.516791
vt 0.763060 0.520522
vt 0.763060 0.513060
vt 0.770522 0.520522
vt 0.772388 0.524254
vt 0.764925 0.524254
vt 0.772388 0.531716
vt 0.763060 0.535448
vt 0.763060 0.527985
vt 0.770522 0.535448
vt 0.772388 0.539179
vt 0.764925 0.539179
vt 0.772388 0.546642
vt 0.763060 0.550373
vt 0.763060 0.542910
vt 0.770522 0.550373
vt 0.772388 0.554104
vt 0.764925 0.554104
vt 0.772388 0.561567
vt 0.763060 0.565298
vt 0.763060 0.557836
vt 0.770522 0.565298
vt 0.772388 0.569030
vt 0.764925 0.569030
vt 0.772388 0.576493
vt 0.763060 0.580224
vt 0.763060 0.572761
vt 0.770522 0.580224
vt 0.772388 0.583955
vt 0.764925 0.583955
vt 0.772388 0.591418
vt 0.763060 0.595149
vt 0.763060 0.587687
vt 0.770522 0.595149
vt 0.772388 0.598881
vt 0.764925 0.598881
vt 0.772388 0.606343
vt 0.763060 0.610075
vt 0.763060 0.602612
vt 0.770522 0.610075
vt 0.772388 0.613806
vt 0.764925 0.613806
vt 0.772388 0.621269
vt 0.763060 0.625000
vt 0.763060 0.617537
vt 0.770522 0.625000
vt 0.772388 0.628731
vt 0.764925 0.628731
vt 0.772388 0.636194
vt 0.763060 0.639925
vt 0.763060 0.632463
vt 0.770522 0.639925
vt 0.772388 0.643657
vt 0.764925 0.643657
vt 0.772388 0.651119
vt 0.763060 0.654851
vt 0.763060 0.647388
vt 0.770522 0.654851
vt 0.772388 0.658582
vt 0.764925 0.658582
vt 0.772388 0.666045
vt 0.763060 0.669776
vt 0.763060 0.662313
vt 0.770522 0.669776
vt 0.772388 0.673507
vt 0.764925 0.673507
vt 0.772388 0.680970
vt 0.763060 0.684702
vt 0.763060 0.677239
vt 0.770522 0.684702
vt 0.772388 0.688433
vt 0.764925 0.688433
vt 0.772388 0.695895
vt 0.763060 0.699627
vt 0.763060 0.692164
vt 0.770522 0.699627
vt 0.772388 0.703358
vt 0.764925 0.703358
vt 0.772388 0.710821
vt 0.763060 0.714552
vt 0.763060 0.707090
vt 0.770522 0.714552
vt 0.772388 0.718284
vt 0.764925 0.718284
vt 0.772388 0.725746
vt 0.763060 0.729478
vt 0.763060 0.722015
vt 0.770522 0.729478
vt 0.772388 0.733209
vt 0.764925 0.733209
vt 0.772388 0.740672
vt 0.763060 0.744403
vt 0.763060 0.736940
vt 0.770522 0.744403
vt 0.772388 0.748134
vt 0.764925 0.748134
vt 0.772388 0.755597
vt 0.763060 0.759328
vt 0.763060 0.751866
vt 0.770522 0.759328
vt 0.772388 0.763060
vt 0.764925 0.763060
vt 0.772388 0.770522
vt 0.763060 0.774254
vt 0.763060 0.766791
vt 0.770522 0.774254
vt 0.772388 0.777985
vt 0.764925 0.777985
vt 0.772388 0.785448
vt 0.763060 0.789179
vt 0.763060 0.781716
vt 0.770522 0.789179
vt 0.772388 0.792910
vt 0.764925 0.792910
vt 0.772388 0.800373
vt 0.763060 0.804104
vt 0.763060 0.796642
vt 0.770522 0.804104
vt 0.772388 0.807836
vt 0.764925 0.807836
vt 0.772388 0.815298
vt 0.763060 0.819030
vt 0.763060 0.811567
vt 0.770522 0.819030
vt 0.772388 0.822761
vt 0.764925 0.822761
vt 0.772388 0.830224
vt 0.763060 0.833955
vt 0.763060 0.826492
vt 0.770522 0.833955
vt 0.772388 0.837687
vt 0.764925 0.837687
vt 0.772388 0.845149
vt 0.763060 0.848881
vt 0.763060 0.841418
vt 0.770522 0.848881
vt 0.772388 0.852612
vt 0.764925 0.852612
vt 0.772388 0.860075
vt 0.763060 0.863806
vt 0.763060 0.856343
vt 0.770522 0.863806
vt 0.772388 0.867537
vt 0.764925 0.867537
vt 0.772388 0.875000
vt 0.763060 0.878731
vt 0.763060 0.871269
vt 0.770522 0.878731
vt 0.772388 0.882463
vt 0.764925 0.882463
vt 0.772388 0.889925
vt 0.763060 0.893657
vt 0.763060 0.886194
vt 0.770522 0.893657
vt 0.772388 0.897388
vt 0.764925 0.897388
vt 0.772388 0.904851
vt 0.763060 0.908582
vt 0.763060 0.901119
vt 0.770522 0.908582
vt 0.772388 0.912313
vt 0.764925 0.912313
vt 0.772388 0.919776
vt 0.763060 0.923507
vt 0.763060 0.916045
vt 0.770522 0.923507
vt 0.772388 0.927239
vt 0.764925 0.927239
vt 0.772388 0.934701
vt 0.763060 0.938433
vt 0.763060 0.930970
vt 0.770522 0.938433
vt 0.772388 0.942164
vt 0.764925 0.942164
vt 0.772388 0.949627
vt 0.763060 0.953358
vt 0.763060 0.945895
vt 0.770522 0.953358
vt 0.772388 0.957090
vt 0.764925 0.957090
vt 0.772388 0.964552
vt 0.763060 0.968284
vt 0.763060 0.960821
vt 0.770522 0.968284
vt 0.772388 0.972015
vt 0.764925 0.972015
vt 0.772388 0.979478
vt 0.763060 0.983209
vt 0.763060 0.975746
vt 0.770522 0.983209
vt 0.772388 0.986940
vt 0.764925 0.986940
vt 0.772388 0.994403
vt 0.763060 0.998134
vt 0.763060 0.990672
vt 0.770522 0.998134
vt 0.787313 0.001866
vt 0.779851 0.001866
vt 0.787313 0.009328
vt 0.777985 0.013060
vt 0.777985 0.005597
vt 0.785448 0.013060
vt 0.787313 0.016791
vt 0.779851 0.016791
vt 0.787313 0.024254
vt 0.777985 0.027985
vt 0.777985 0.020522
vt 0.785448 0.027985
vt 0.787313 0.031716
vt 0.779851 0.031716
vt 0.787313 0.039179
vt 0.777985 0.042910
vt 0.777985 0.035448
vt 0.785448 0.042910
vt 0.787313 0.046642
vt 0.779851 0.046642
vt 0.787313 0.054104
vt 0.777985 0.057836
vt 0.777985 0.050373
vt 0.785448 0.057836
vt 0.787313 0.061567
vt 0.779851 0.061567
vt 0.787313 0.069030
vt 0.777985 0.072761
vt 0.777985 0.065299
vt 0.785448 0.072761
vt 0.787313 0.076493
vt 0.779851 0.076493
vt 0.787313 0.083955
vt 0.777985 0.087687
vt 0.777985 0.080224
vt 0.785448 0.087687
vt 0.787313 0.091418
vt 0.779851 0.091418
vt 0.787313 0.098881
vt 0.777985 0.102612
vt 0.777985 0.095149
vt 0.785448 0.102612
vt 0.787313 0.106343
vt 0.779851 0.106343
vt 0.787313 0.113806
vt 0.777985 0.117537
vt 0.777985 0.110075
vt 0.785448 0.117537
vt 0.787313 0.121269
vt 0.779851 0.121269
vt 0.787313 0.128731
vt 0.777985 0.132463
vt 0.777985 0.125000
vt 0.785448 0.132463
vt 0.787313 0.136194
vt 0.779851 0.136194
vt 0.787313 0.143657
vt 0.777985 0.147388
vt 0.777985 0.139925
vt 0.785448 0.147388
vt 0.787313 0.151119
vt 0.779851 0.151119
vt 0.787313 0.158582
vt 0.777985 0.162313
vt 0.777985 0.154851
vt 0.785448 0.162313
vt 0.787313 0.166045
vt 0.779851 0.166045
vt 0.787313 0.173507
vt 0.777985 0.177239
vt 0.777985 0.169776
vt 0.785448 0.177239
vt 0.787313 0.180970
vt 0.779851 0.180970
vt 0.787313 0.188433
vt 0.777985 0.192164
vt 0.777985 0.184701
vt 0.785448 0.192164
vt 0.787313 0.195896
vt 0.779851 0.195896
vt 0.787313 0.203358
vt 0.777985 0.207090
vt 0.777985 0.199627
vt 0.785448 0.207090
vt 0.787313 0.210821
vt 0.779851 0.210821
vt 0.787313 0.218284
vt 0.777985 0.222015
vt 0.777985 0.214552
vt 0.785448 0.222015
vt 0.787313 0.225746
vt 0.779851 0.225746
vt 0.787313 0.233209
vt 0.777985 0.236940
vt 0.777985 0.229478
vt 0.785448 0.236940
vt 0.787313 0.240672
vt 0.779851 0.240672
vt 0.787313 0.248134
vt 0.777985 0.251866
vt 0.777985 0.244403
vt 0.785448 0.251866
vt 0.787313 0.255597
vt 0.779851 0.255597
vt 0.787313 0.263060
vt 0.777985 0.266791
vt 0.777985 0.259328
vt 0.785448 0.266791
vt 0.787313 0.270522
vt 0.779851 0.270522
vt 0.787313 0.277985
vt 0.777985 0.281716
vt 0.777985 0.274254
vt 0.785448 0.281716
vt 0.787313 0.285448
vt 0.779851 0.285448
vt 0.787313 0.292910
vt 0.777985 0.296642
vt 0.777985 0.289179
vt 0.785448 0.296642
vt 0.787313 0.300373
vt 0.779851 0.300373
vt 0.787313 0.307836
vt 0.777985 0.311567
vt 0.777985 0.304104
vt 0.785448 0.311567
vt 0.787313 0.315298
vt 0.779851 0.315298
vt 0.787313 0.322761
vt 0.777985 0.326493
vt 0.777985 0.319030
vt 0.785448 0.326493
vt 0.787313 0.330224
vt 0.779851 0.330224
vt 0.787313 0.337687
vt 0.777985 0.341418
vt 0.777985 0.333955
vt 0.785448 0.341418
vt 0.787313 0.345149
vt 0.779851 0.345149
vt 0.787313 0.352612
vt 0.777985 0.356343
vt 0.777985 0.348881
vt 0.785448 0.356343
vt 0.787313 0.360075
vt 0.779851 0.360075
vt 0.787313 0.367537
vt 0.777985 0.371269
vt 0.777985 0.363806
vt 0.785448 0.371269
vt 0.787313 0.375000
vt 0.779851 0.375000
vt 0.787313 0.382463
vt 0.777985 0.386194
vt 0.777985 0.378731
vt 0.785448 0.386194
vt 0.787313 0.389925
vt 0.779851 0.389925
vt 0.787313 0.397388
vt 0.777985 0.401119
vt 0.777985 0.393657
vt 0.785448 0.401119
vt 0.787313 0.404851
vt 0.779851 0.404851
vt 0.787313 0.412313
vt 0.777985 0.416045
vt 0.777985 0.408582
vt 0.785448 0.416045
vt 0.787313 0.419776
vt 0.779851 0.419776
vt 0.787313 0.427239
vt 0.777985 0.430970
vt 0.777985 0.423507
vt 0.785448 0.430970
vt 0.787313 0.434701
vt 0.779851 0.434701
vt 0.787313 0.442164
vt 0.777985 0.445896
vt 0.777985 0.438433
vt 0.785448 0.445896
vt 0.787313 0.449627
vt 0.779851 0.449627
vt 0.787313 0.457090
vt 0.777985 0.460821
vt 0.777985 0.453358
vt 0.785448 0.460821
vt 0.787313 0.464552
vt 0.779851 0.464552
vt 0.787313 0.472015
vt 0.777985 0.475746
vt 0.777985 0.468284
vt 0.785448 0.475746
vt 0.787313 0.479478
vt 0.779851 0.479478
vt 0.787313 0.486940
vt 0.777985 0.490672
vt 0.777985 0.483209
vt 0.785448 0.490672
vt 0.787313 0.494403
vt 0.779851 0.494403
vt 0.787313 0.501866
vt 0.777985 0.505597
vt 0.777985 0.498134
vt 0.785448 0.505597
vt 0.787313 0.509328
vt 0.779851 0.509328
vt 0.787313 0.516791
vt 0.777985 0.520522
vt 0.777985 0.513060
vt 0.785448 0.520522
vt 0.787313 0.524254
vt 0.779851 0.524254
vt 0.787313 0.531716
vt 0.777985 0.535448
vt 0.777985 0.527985
vt 0.785448 0.535448
vt 0.787313 0.539179
vt 0.779851 0.539179
vt 0.787313 0.546642
vt 0.777985 0.550373
vt 0.777985 0.542910
vt 0.785448 0.550373
vt 0.787313 0.554104
vt 0.779851 0.554104
vt 0.787313 0.561567
vt 0.777985 0.565298
vt 0.777985 0.557836
vt 0.785448 0.565298
vt 0.787313 0.569030
vt 0.779851 0.569030
vt 0.787313 0.576493
vt 0.777985 0.580224
vt 0.777985 0.572761
vt 0.785448 0.580224
vt 0.787313 0.583955
vt 0.779851 0.583955
vt 0.787313 0.591418
vt 0.777985 0.595149
vt 0.777985 0.587687
vt 0.785448 0.595149
vt 0.787313 0.598881
vt 0.779851 0.598881
vt 0.787313 0.606343
vt 0.777985 0.610075
vt 0.777985 0.602612
vt 0.785448 0.610075
vt 0.787313 0.613806
vt 0.779851 0.613806
vt 0.787313 0.621269
vt 0.777985 0.625000
vt 0.777985 0.617537
vt 0.785448 0.625000
vt 0.787313 0.628731
vt 0.779851 0.628731
vt 0.787313 0.636194
vt 0.777985 0.639925
vt 0.777985 0.632463
vt 0.785448 0.639925
vt 0.787313 0.643657
vt 0.779851 0.643657
vt 0.787313 0.651119
vt 0.777985 0.654851
vt 0.777985 0.647388
vt 0.785448 0.654851
vt 0.787313 0.658582
vt 0.779851 0.658582
vt 0.787313 0.666045
vt 0.777985 0.669776
vt 0.777985 0.662313
vt 0.785448 0.669776
vt 0.787313 0.673507
vt 0.779851 0.673507
vt 0.787313 0.680970
vt 0.777985 0.684702
vt 0.777985 0.677239
vt 0.785448 0.684702
vt 0.787313 0.688433
vt 0.779851 0.688433
vt 0.787313 0.695895
vt 0.777985 0.699627
vt 0.777985 0.692164
vt 0.785448 0.699627
vt 0.787313 0.703358
vt 0.779851 0.703358
vt 0.787313 0.710821
vt 0.777985 0.714552
vt 0.777985 0.707090
vt 0.785448 0.714552
vt 0.787313 0.718284
vt 0.779851 0.718284
vt 0.787313 0.725746
vt 0.777985 0.729478
vt 0.777985 0.722015
vt 0.785448 0.729478
vt 0.787313 0.733209
vt 0.779851 0.733209
vt 0.787313 0.740672
vt 0.777985 0.744403
vt 0.777985 0.736940
vt 0.785448 0.744403
vt 0.787313 0.748134
vt 0.779851 0.748134
vt 0.787313 0.755597
vt 0.777985 0.759328
vt 0.777985 0.751866
vt 0.785448 0.759328
vt 0.787313 0.763060
vt 0.779851 0.763060
vt 0.787313 0.770522
vt 0.777985 0.774254
vt 0.777985 0.766791
vt 0.785448 0.774254
vt 0.787313 0.777985
vt 0.779851 0.777985
vt 0.787313 0.785448
vt 0.777985 0.789179
vt 0.777985 0.781716
vt 0.785448 0.789179
vt 0.787313 0.792910
vt 0.779851 0.792910
vt 0.787313 0.800373
vt 0.777985 0.804104
vt 0.777985 0.796642
vt 0.785448 0.804104
vt 0.787313 0.807836
vt 0.779851 0.807836
vt 0.787313 0.815298
vt 0.777985 0.819030
vt 0.777985 0.811567
vt 0.785448 0.819030
vt 0.787313 0.822761
vt 0.779851 0.822761
vt 0.787313 0.830224
vt 0.777985 0.833955
vt 0.777985 0.826492
vt 0.785448 0.833955
vt 0.787313 0.837687
vt 0.779851 0.837687
vt 0.787313 0.845149
vt 0.777985 0.848881
vt 0.777985 0.841418
vt 0.785448 0.848881
vt 0.787313 0.852612
vt 0.779851 0.852612
vt 0.787313 0.860075
vt 0.777985 0.863806
vt 0.777985 0.856343
vt 0.785448 0.863806
vt 0.787313 0.867537
vt 0.779851 0.867537
vt 0.787313 0.875000
vt 0.777985 0.878731
vt 0.777985 0.871269
vt 0.785448 0.878731
vt 0.787313 0.882463
vt 0.779851 0.882463
vt 0.787313 0.889925
vt 0.777985 0.893657
vt 0.777985 0.886194
vt 0.785448 0.893657
vt 0.787313 0.897388
vt 0.779851 0.897388
vt 0.787313 0.904851
vt 0.777985 0.908582
vt 0.777985 0.901119
vt 0.785448 0.908582
vt 0.787313 0.912313
vt 0.779851 0.912313
vt 0.787313 0.919776
vt 0.777985 0.923507
vt 0.777985 0.916045
vt 0.785448 0.923507
vt 0.787313 0.927239
vt 0.779851 0.927239
vt 0.787313 0.934701
vt 0.777985 0.938433
vt 0.777985 0.930970
vt 0.785448 0.938433
vt 0.787313 0.942164
vt 0.779851 0.942164
vt 0.787313 0.949627
vt 0.777985 0.953358
vt 0.777985 0.945895
vt 0.785448 0.953358
vt 0.787313 0.957090
vt 0.779851 0.957090
vt 0.787313 0.964552
vt 0.777985 0.968284
vt 0.777985 0.960821
vt 0.785448 0.968284
vt 0.787313 0.972015
vt 0.779851 0.972015
vt 0.787313 0.979478
vt 0.777985 0.983209
vt 0.777985 0.975746
vt 0.785448 0.983209
vt 0.787313 0.986940
vt 0.779851 0.986940
vt 0.787313 0.994403
vt 0.777985 0.998134
vt 0.777985 0.990672
vt 0.785448 0.998134
vt 0.802239 0.001866
vt 0.794776 0.001866
vt 0.802239 0.009328
vt 0.792910 0.013060
vt 0.792910 0.005597
vt 0.800373 0.013060
vt 0.802239 0.016791
vt 0.794776 0.016791
vt 0.802239 0.024254
vt 0.792910 0.027985
vt 0.792910 0.020522
vt 0.800373 0.027985
vt 0.802239 0.031716
vt 0.794776 0.031716
vt 0.802239 0.039179
vt 0.792910 0.042910
vt 0.792910 0.035448
vt 0.800373 0.042910
vt 0.802239 0.046642
vt 0.794776 0.046642
vt 0.802239 0.054104
vt 0.792910 0.057836
vt 0.792910 0.050373
vt 0.800373 0.057836
vt 0.802239 0.061567
vt 0.794776 0.061567
vt 0.802239 0.069030
vt 0.792910 0.072761
vt 0.792910 0.065299
vt 0.800373 0.072761
vt 0.802239 0.076493
vt 0.794776 0.076493
vt 0.802239 0.083955
vt 0.792910 0.087687
vt 0.792910 0.080224
vt 0.800373 0.087687
vt 0.802239 0.091418
vt 0.794776 0.091418
vt 0.802239 0.098881
vt 0.792910 0.102612
vt 0.792910 0.095149
vt 0.800373 0.102612
vt 0.802239 0.106343
vt 0.794776 0.106343
vt 0.802239 0.113806
vt 0.792910 0.117537
vt 0.792910 0.110075
vt 0.800373 0.117537
vt 0.802239 0.121269
vt 0.794776 0.121269
vt 0.802239 0.128731
vt 0.792910 0.132463
vt 0.792910 0.125000
vt 0.800373 0.132463
vt 0.802239 0.136194
vt 0.794776 0.136194
vt 0.802239 0.143657
vt 0.792910 0.147388
vt 0.792910 0.139925
vt 0.800373 0.147388
vt 0.802239 0.151119
vt 0.794776 0.151119
vt 0.802239 0.158582
vt 0.792910 0.162313
vt 0.792910 0.154851
vt 0.800373 0.162313
vt 0.802239 0.166045
vt 0.794776 0.166045
vt 0.802239 0.173507
vt 0.792910 0.177239
vt 0.792910 0.169776
vt 0.800373 0.177239
vt 0.802239 0.180970
vt 0.794776 0.180970
vt 0.802239 0.188433
vt 0.792910 0.192164
vt 0.792910 0.184701
vt 0.800373 0.192164
vt 0.802239 0.195896
vt 0.794776 0.195896
vt 0.802239 0.203358
vt 0.792910 0.207090
vt 0.792910 0.199627
vt 0.800373 0.207090
vt 0.802239 0.210821
vt 0.794776 0.210821
vt 0.802239 0.218284
vt 0.792910 0.222015
vt 0.792910 0.214552
vt 0.800373 0.222015
vt 0.802239 0.225746
vt 0.794776 0.225746
vt 0.802239 0.233209
vt 0.792910 0.236940
vt 0.792910 0.229478
vt 0.800373 0.236940
vt 0.802239 0.240672
vt 0.794776 0.240672
vt 0.802239 0.248134
vt 0.792910 0.251866
vt 0.792910 0.244403
vt 0.800373 0.251866
vt 0.802239 0.255597
vt 0.794776 0.255597
vt 0.802239 0.263060
vt 0.792910 0.266791
vt 0.792910 0.259328
vt 0.800373 0.266791
vt 0.802239 0.270522
vt 0.794776 0.270522
vt 0.802239 0.277985
vt 0.792910 0.281716
vt 0.792910 0.274254
vt 0.800373 0.281716
vt 0.802239 0.285448
vt 0.794776 0.285448
vt 0.802239 0.292910
vt 0.792910 0.296642
vt 0.792910 0.289179
vt 0.800373 0.296642
vt 0.802239 0.300373
vt 0.794776 0.300373
vt 0.802239 0.307836
vt 0.792910 0.311567
vt 0.792910 0.304104
vt 0.800373 0.311567
vt 0.802239 0.315298
vt 0.794776 0.315298
vt 0.802239 0.322761
vt 0.792910 0.326493
vt 0.792910 0.319030
vt 0.800373 0.326493
vt 0.802239 0.330224
vt 0.794776 0.330224
vt 0.802239 0.337687
vt 0.792910 0.341418
vt 0.792910 0.333955
vt 0.800373 0.341418
vt 0.802239 0.345149
vt 0.794776 0.345149
vt 0.802239 0.352612
vt 0.792910 0.356343
vt 0.792910 0.348881
vt 0.800373 0.356343
vt 0.802239 0.360075
vt 0.794776 0.360075
vt 0.802239 0.367537
vt 0.792910 0.371269
vt 0.792910 0.363806
vt 0.800373 0.371269
vt 0.802239 0.375000
vt 0.794776 0.375000
vt 0.802239 0.382463
vt 0.792910 0.386194
vt 0.792910 0.378731
vt 0.800373 0.386194
vt 0.802239 0.389925
vt 0.794776 0.389925
vt 0.802239 0.397388
vt 0.792910 0.401119
vt 0.792910 0.393657
vt 0.800373 0.401119
vt 0.802239 0.404851
vt 0.794776 0.404851
vt 0.802239 0.412313
vt 0.792910 0.416045
vt 0.792910 0.408582
vt 0.800373 0.416045
vt 0.802239 0.419776
vt 0.794776 0.419776
vt 0.802239 0.427239
vt 0.792910 0.430970
vt 0.792910 0.423507
vt 0.800373 0.430970
vt 0.802239 0.434701
vt 0.794776 0.434701
vt 0.802239 0.442164
vt 0.792910 0.445896
vt 0.792910 0.438433
vt 0.800373 0.445896
vt 0.802239 0.449627
vt 0.794776 0.449627
vt 0.802239 0.457090
vt 0.792910 0.460821
vt 0.792910 0.453358
vt 0.800373 0.460821
vt 0.802239 0.464552
vt 0.794776 0.464552
vt 0.802239 0.472015
vt 0.792910 0.475746
vt 0.792910 0.468284
vt 0.800373 0.475746
vt 0.802239 0.479478
vt 0.794776 0.479478
vt 0.802239 0.486940
vt 0.792910 0.490672
vt 0.792910 0.483209
vt 0.800373 0.490672
vt 0.802239 0.494403
vt 0.794776 0.494403
vt 0.802239 0.501866
vt 0.792910 0.505597
vt 0.792910 0.498134
vt 0.800373 0.505597
vt 0.802239 0.509328
vt 0.794776 0.509328
vt 0.802239 0.516791
vt 0.792910 0.520522
vt 0.792910 0.513060
vt 0.800373 0.520522
vt 0.802239 0.524254
vt 0.794776 0.524254
vt 0.802239 0.531716
vt 0.792910 0.535448
vt 0.792910 0.527985
vt 0.800373 0.535448
vt 0.802239 0.539179
vt 0.794776 0.539179
vt 0.802239 0.546642
vt 0.792910 0.550373
vt 0.792910 0.542910
vt 0.800373 0.550373
vt 0.802239 0.554104
vt 0.794776 0.554104
vt 0.802239 0.561567
vt 0.792910 0.565298
vt 0.792910 0.557836
vt 0.800373 0.565298
vt 0.802239 0.569030
vt 0.794776 0.569030
vt 0.802239 0.576493
vt 0.792910 0.580224
vt 0.792910 0.572761
vt 0.800373 0.580224
vt 0.802239 0.583955
vt 0.794776 0.583955
vt 0.802239 0.591418
vt 0.792910 0.595149
vt 0.792910 0.587687
vt 0.800373 0.595149
vt 0.802239 0.598881
vt 0.794776 0.598881
vt 0.802239 0.606343
vt 0.792910 0.610075
vt 0.792910 0.602612
vt 0.800373 0.610075
vt 0.802239 0.613806
vt 0.794776 0.613806
vt 0.802239 0.621269
vt 0.792910 0.625000
vt 0.792910 0.617537
vt 0.800373 0.625000
vt 0.802239 0.628731
vt 0.794776 0.628731
vt 0.802239 0.636194
vt 0.792910 0.639925
vt 0.792910 0.632463
vt 0.800373 0.639925
vt 0.802239 0.643657
vt 0.794776 0.643657
vt 0.802239 0.651119
vt 0.792910 0.654851
vt 0.792910 0.647388
vt 0.800373 0.654851
vt 0.802239 0.658582
vt 0.794776 0.658582
vt 0.802239 0.666045
vt 0.792910 0.669776
vt 0.792910 0.662313
vt 0.800373 0.669776
vt 0.802239 0.673507
vt 0.794776 0.673507
vt 0.802239 0.680970
vt 0.792910 0.684702
vt 0.792910 0.677239
vt 0.800373 0.684702
vt 0.802239 0.688433
vt 0.794776 0.688433
vt 0.802239 0.695895
vt 0.792910 0.699627
vt 0.792910 0.692164
vt 0.800373 0.699627
vt 0.802239 0.703358
vt 0.794776 0.703358
vt 0.802239 0.710821
vt 0.792910 0.714552
vt 0.792910 0.707090
vt 0.800373 0.714552
vt 0.802239 0.718284
vt 0.794776 0.718284
vt 0.802239 0.725746
vt 0.792910 0.729478
vt 0.792910 0.722015
vt 0.800373 0.729478
vt 0.802239 0.733209
vt 0.794776 0.733209
vt 0.802239 0.740672
vt 0.792910 0.744403
vt 0.792910 0.736940
vt 0.800373 0.744403
vt 0.802239 0.748134
vt 0.794776 0.748134
vt 0.802239 0.755597
vt 0.792910 0.759328
vt 0.792910 0.751866
vt 0.800373 0.759328
vt 0.802239 0.763060
vt 0.794776 0.763060
vt 0.802239 0.770522
vt 0.792910 0.774254
vt 0.792910 0.766791
vt 0.800373 0.774254
vt 0.802239 0.777985
vt 0.794776 0.777985
vt 0.802239 0.785448
vt 0.792910 0.789179
vt 0.792910 0.781716
vt 0.800373 0.789179
vt 0.802239 0.792910
vt 0.794776 0.792910
vt 0.802239 0.800373
vt 0.792910 0.804104
vt 0.792910 0.796642
vt 0.800373 0.804104
vt 0.802239 0.807836
vt 0.794776 0.807836
vt 0.802239 0.815298
vt 0.792910 0.819030
vt 0.792910 0.811567
vt 0.800373 0.819030
vt 0.802239 0.822761
vt 0.794776 0.822761
vt 0.802239 0.830224
vt 0.792910 0.833955
vt 0.792910 0.826492
vt 0.800373 0.833955
vt 0.802239 0.837687
vt 0.794776 0.837687
vt 0.802239 0.845149
vt 0.792910 0.848881
vt 0.792910 0.841418
vt 0.800373 0.848881
vt 0.802239 0.852612
vt 0.794776 0.852612
vt 0.802239 0.860075
vt 0.792910 0.863806
vt 0.792910 0.856343
vt 0.800373 0.863806
vt 0.802239 0.867537
vt 0.794776 0.867537
vt 0.802239 0.875000
vt 0.792910 0.878731
vt 0.792910 0.871269
vt 0.800373 0.878731
vt 0.802239 0.882463
vt 0.794776 0.882463
vt 0.802239 0.889925
vt 0.792910 0.893657
vt 0.792910 0.886194
vt 0.800373 0.893657
vt 0.802239 0.897388
vt 0.794776 0.897388
vt 0.802239 0.904851
vt 0.792910 0.908582
vt 0.792910 0.901119
vt 0.800373 0.908582
vt 0.802239 0.912313
vt 0.794776 0.912313
vt 0.802239 0.919776
vt 0.792910 0.923507
vt 0.792910 0.916045
vt 0.800373 0.923507
vt 0.802239 0.927239
vt 0.794776 0.927239
vt 0.802239 0.934701
vt 0.792910 0.938433
vt 0.792910 0.930970
vt 0.800373 0.938433
vt 0.802239 0.942164
vt 0.794776 0.942164
vt 0.802239 0.949627
vt 0.792910 0.953358
vt 0.792910 0.945895
vt 0.800373 0.953358
vt 0.802239 0.957090
vt 0.794776 0.957090
vt 0.802239 0.964552
vt 0.792910 0.968284
vt 0.792910 0.960821
vt 0.800373 0.968284
vt 0.802239 0.972015
vt 0.794776 0.972015
vt 0.802239 0.979478
vt 0.792910 0.983209
vt 0.792910 0.975746
vt 0.800373 0.983209
vt 0.802239 0.986940
vt 0.794776 0.986940
vt 0.802239 0.994403
vt 0.792910 0.998134
vt 0.792910 0.990672
vt 0.800373 0.998134
vt 0.817164 0.001866
vt 0.809702 0.001866
vt 0.817164 0.009328
vt 0.807836 0.013060
vt 0.807836 0.005597
vt 0.815298 0.013060
vt 0.817164 0.016791
vt 0.809702 0.016791
vt 0.817164 0.024254
vt 0.807836 0.027985
vt 0.807836 0.020522
vt 0.815298 0.027985
vt 0.817164 0.031716
vt 0.809702 0.031716
vt 0.817164 0.039179
vt 0.807836 0.042910
vt 0.807836 0.035448
vt 0.815298 0.042910
vt 0.817164 0.046642
vt 0.809702 0.046642
vt 0.817164 0.054104
vt 0.807836 0.057836
vt 0.807836 0.050373
vt 0.815298 0.057836
vt 0.817164 0.061567
vt 0.809702 0.061567
vt 0.817164 0.069030
vt 0.807836 0.072761
vt 0.807836 0.065299
vt 0.815298 0.072761
vt 0.817164 0.076493
vt 0.809702 0.076493
vt 0.817164 0.083955
vt 0.807836 0.087687
vt 0.807836 0.080224
vt 0.815298 0.087687
vt 0.817164 0.091418
vt 0.809702 0.091418
vt 0.817164 0.098881
vt 0.807836 0.102612
vt 0.807836 0.095149
vt 0.815298 0.102612
vt 0.817164 0.106343
vt 0.809702 0.106343
vt 0.817164 0.113806
vt 0.807836 0.117537
vt 0.807836 0.110075
vt 0.815298 0.117537
vt 0.817164 0.121269
vt 0.809702 0.121269
vt 0.817164 0.128731
vt 0.807836 0.132463
vt 0.807836 0.125000
vt 0.815298 0.132463
vt 0.817164 0.136194
vt 0.809702 0.136194
vt 0.817164 0.143657
vt 0.807836 0.147388
vt 0.807836 0.139925
vt 0.815298 0.147388
vt 0.817164 0.151119
vt 0.809702 0.151119
vt 0.817164 0.158582
vt 0.807836 0.162313
vt 0.807836 0.154851
vt 0.815298 0.162313
vt 0.817164 0.166045
vt 0.809702 0.166045
vt 0.817164 0.173507
vt 0.807836 0.177239
vt 0.807836 0.169776
vt 0.815298 0.177239
vt 0.817164 0.180970
vt 0.809702 0.180970
vt 0.817164 0.188433
vt 0.807836 0.192164
vt 0.807836 0.184701
vt 0.815298 0.192164
vt 0.817164 0.195896
vt 0.809702 0.195896
vt 0.817164 0.203358
vt 0.807836 0.207090
vt 0.807836 0.199627
vt 0.815298 0.207090
vt 0.817164 0.210821
vt 0.809702 0.210821
vt 0.817164 0.218284
vt 0.807836 0.222015
vt 0.807836 0.214552
vt 0.815298 0.222015
vt 0.817164 0.225746
vt 0.809702 0.225746
vt 0.817164 0.233209
vt 0.807836 0.236940
vt 0.807836 0.229478
vt 0.815298 0.236940
vt 0.817164 0.240672
vt 0.809702 0.240672
vt 0.817164 0.248134
vt 0.807836 0.251866
vt 0.807836 0.244403
vt 0.815298 0.251866
vt 0.817164 0.255597
vt 0.809702 0.255597
vt 0.817164 0.263060
vt 0.807836 0.266791
vt 0.807836 0.259328
vt 0.815298 0.266791
vt 0.817164 0.270522
vt 0.809702 0.270522
vt 0.817164 0.277985
vt 0.807836 0.281716
vt 0.807836 0.274254
vt 0.815298 0.281716
vt 0.817164 0.285448
vt 0.809702 0.285448
vt 0.817164 0.292910
vt 0.807836 0.296642
vt 0.807836 0.289179
vt 0.815298 0.296642
vt 0.817164 0.300373
vt 0.809702 0.300373
vt 0.817164 0.307836
vt 0.807836 0.311567
vt 0.807836 0.304104
vt 0.815298 0.311567
vt 0.817164 0.315298
vt 0.809702 0.315298
vt 0.817164 0.322761
vt 0.807836 0.326493
vt 0.807836 0.319030
vt 0.815298 0.326493
vt 0.817164 0.330224
vt 0.809702 0.330224
vt 0.817164 0.337687
vt 0.807836 0.341418
vt 0.807836 0.333955
vt 0.815298 0.341418
vt 0.817164 0.345149
vt 0.809702 0.345149
vt 0.817164 0.352612
vt 0.807836 0.356343
vt 0.807836 0.348881
vt 0.815298 0.356343
vt 0.817164 0.360075
vt 0.809702 0.360075
vt 0.817164 0.367537
vt 0.807836 0.371269
vt 0.807836 0.363806
vt 0.815298 0.371269
vt 0.817164 0.375000
vt 0.809702 0.375000
vt 0.817164 0.382463
vt 0.807836 0.386194
vt 0.807836 0.378731
vt 0.815298 0.386194
vt 0.817164 0.389925
vt 0.809702 0.389925
vt 0.817164 0.397388
vt 0.807836 0.401119
vt 0.807836 0.393657
vt 0.815298 0.401119
vt 0.817164 0.404851
vt 0.809702 0.404851
vt 0.817164 0.412313
vt 0.807836 0.416045
vt 0.807836 0.408582
vt 0.815298 0.416045
vt 0.817164 0.419776
vt 0.809702 0.419776
vt 0.817164 0.427239
vt 0.807836 0.430970
vt 0.807836 0.423507
vt 0.815298 0.430970
vt 0.817164 0.434701
vt 0.809702 0.434701
vt 0.817164 0.442164
vt 0.807836 0.445896
vt 0.807836 0.438433
vt 0.815298 0.445896
vt 0.817164 0.449627
vt 0.809702 0.449627
vt 0.817164 0.457090
vt 0.807836 0.460821
vt 0.807836 0.453358
vt 0.815298 0.460821
vt 0.817164 0.464552
vt 0.809702 0.464552
vt 0.817164 0.472015
vt 0.807836 0.475746
vt 0.807836 0.468284
vt 0.815298 0.475746
vt 0.817164 0.479478
vt 0.809702 0.479478
vt 0.817164 0.486940
vt 0.807836 0.490672
vt 0.807836 0.483209
vt 0.815298 0.490672
vt 0.817164 0.494403
vt 0.809702 0.494403
vt 0.817164 0.501866
vt 0.807836 0.505597
vt 0.807836 0.498134
vt 0.815298 0.505597
vt 0.817164 0.509328
vt 0.809702 0.509328
vt 0.817164 0.516791
vt 0.807836 0.520522
vt 0.807836 0.513060
vt 0.815298 0.520522
vt 0.817164 0.524254
vt 0.809702 0.524254
vt 0.817164 0.531716
vt 0.807836 0.535448
vt 0.807836 0.527985
vt 0.815298 0.535448
vt 0.817164 0.539179
vt 0.809702 0.539179
vt 0.817164 0.546642
vt 0.807836 0.550373
vt 0.807836 0.542910
vt 0.815298 0.550373
vt 0.817164 0.554104
vt 0.809702 0.554104
vt 0.817164 0.561567
vt 0.807836 0.565298
vt 0.807836 0.557836
vt 0.815298 0.565298
vt 0.817164 0.569030
vt 0.809702 0.569030
vt 0.817164 0.576493
vt 0.807836 0.580224
vt 0.807836 0.572761
vt 0.815298 0.580224
vt 0.817164 0.583955
vt 0.809702 0.583955
vt 0.817164 0.591418
vt 0.807836 0.595149
vt 0.807836 0.587687
vt 0.815298 0.595149
vt 0.817164 0.598881
vt 0.809702 0.598881
vt 0.817164 0.606343
vt 0.807836 0.610075
vt 0.807836 0.602612
vt 0.815298 0.610075
vt 0.817164 0.613806
vt 0.809702 0.613806
vt 0.817164 0.621269
vt 0.807836 0.625000
vt 0.807836 0.617537
vt 0.815298 0.625000
vt 0.817164 0.628731
vt 0.809702 0.628731
vt 0.817164 0.636194
vt 0.807836 0.639925
vt 0.807836 0.632463
vt 0.815298 0.639925
vt 0.817164 0.643657
vt 0.809702 0.643657
vt 0.817164 0.651119
vt 0.807836 0.654851
vt 0.807836 0.647388
vt 0.815298 0.654851
vt 0.817164 0.658582
vt 0.809702 0.658582
vt 0.817164 0.666045
vt 0.807836 0.669776
vt 0.807836 0.662313
vt 0.815298 0.669776
vt 0.817164 0.673507
vt 0.809702 0.673507
vt 0.817164 0.680970
vt 0.807836 0.684702
vt 0.807836 0.677239
vt 0.815298 0.684702
vt 0.817164 0.688433
vt 0.809702 0.688433
vt 0.817164 0.695895
vt 0.807836 0.699627
vt 0.807836 0.692164
vt 0.815298 0.699627
vt 0.817164 0.703358
vt 0.809702 0.703358
vt 0.817164 0.710821
vt 0.807836 0.714552
vt 0.807836 0.707090
vt 0.815298 0.714552
vt 0.817164 0.718284
vt 0.809702 0.718284
vt 0.817164 0.725746
vt 0.807836 0.729478
vt 0.807836 0.722015
vt 0.815298 0.729478
vt 0.817164 0.733209
vt 0.809702 0.733209
vt 0.817164 0.740672
vt 0.807836 0.744403
vt 0.807836 0.736940
vt 0.815298 0.744403
vt 0.817164 0.748134
vt 0.809702 0.748134
vt 0.817164 0.755597
vt 0.807836 0.759328
vt 0.807836 0.751866
vt 0.815298 0.759328
vt 0.817164 0.763060
vt 0.809702 0.763060
vt 0.817164 0.770522
vt 0.807836 0.774254
vt 0.807836 0.766791
vt 0.815298 0.774254
vt 0.817164 0.777985
vt 0.809702 0.777985
vt 0.817164 0.785448
vt 0.807836 0.789179
vt 0.807836 0.781716
vt 0.815298 0.789179
vt 0.817164 0.792910
vt 0.809702 0.792910
vt 0.817164 0.800373
vt 0.807836 0.804104
vt 0.807836 0.796642
vt 0.815298 0.804104
vt 0.817164 0.807836
vt 0.809702 0.807836
vt 0.817164 0.815298
vt 0.807836 0.819030
vt 0.807836 0.811567
vt 0.815298 0.819030
vt 0.817164 0.822761
vt 0.809702 0.822761
vt 0.817164 0.830224
vt 0.807836 0.833955
vt 0.807836 0.826492
vt 0.815298 0.833955
vt 0.817164 0.837687
vt 0.809702 0.837687
vt 0.817164 0.845149
vt 0.807836 0.848881
vt 0.807836 0.841418
vt 0.815298 0.848881
vt 0.817164 0.852612
vt 0.809702 0.852612
vt 0.817164 0.860075
vt 0.807836 0.863806
vt 0.807836 0.856343
vt 0.815298 0.863806
vt 0.817164 0.867537
vt 0.809702 0.867537
vt 0.817164 0.875000
vt 0.807836 0.878731
vt 0.807836 0.871269
vt 0.815298 0.878731
vt 0.817164 0.882463
vt 0.809702 0.882463
vt 0.817164 0.889925
vt 0.807836 0.893657
vt 0.807836 0.886194
vt 0.815298 0.893657
vt 0.817164 0.897388
vt 0.809702 0.897388
vt 0.817164 0.904851
vt 0.807836 0.908582
vt 0.807836 0.901119
vt 0.815298 0.908582
vt 0.817164 0.912313
vt 0.809702 0.912313
vt 0.817164 0.919776
vt 0.807836 0.923507
vt 0.807836 0.916045
vt 0.815298 0.923507
vt 0.817164 0.927239
vt 0.809702 0.927239
vt 0.817164 0.934701
vt 0.807836 0.938433
vt 0.807836 0.930970
vt 0.815298 0.938433
vt 0.817164 0.942164
vt 0.809702 0.942164
vt 0.817164 0.949627
vt 0.807836 0.953358
vt 0.807836 0.945895
vt 0.815298 0.953358
vt 0.817164 0.957090
vt 0.809702 0.957090
vt 0.817164 0.964552
vt 0.807836 0.968284
vt 0.807836 0.960821
vt 0.815298 0.968284
vt 0.817164 0.972015
vt 0.809702 0.972015
vt 0.817164 0.979478
vt 0.807836 0.983209
vt 0.807836 0.975746
vt 0.815298 0.983209
vt 0.817164 0.986940
vt 0.809702 0.986940
vt 0.817164 0.994403
vt 0.807836 0.998134
vt 0.807836 0.990672
vt 0.815298 0.998134
vt 0.832090 0.001866
vt 0.824627 0.001866
vt 0.832090 0.009328
vt 0.822761 0.013060
vt 0.822761 0.005597
vt 0.830224 0.013060
vt 0.832090 0.016791
vt 0.824627 0.016791
vt 0.832090 0.024254
vt 0.822761 0.027985
vt 0.822761 0.020522
vt 0.830224 0.027985
vt 0.832090 0.031716
vt 0.824627 0.031716
vt 0.832090 0.039179
vt 0.822761 0.042910
vt 0.822761 0.035448
vt 0.830224 0.042910
vt 0.832090 0.046642
vt 0.824627 0.046642
vt 0.832090 0.054104
vt 0.822761 0.057836
vt 0.822761 0.050373
vt 0.830224 0.057836
vt 0.832090 0.061567
vt 0.824627 0.061567
vt 0.832090 0.069030
vt 0.822761 0.072761
vt 0.822761 0.065299
vt 0.830224 0.072761
vt 0.832090 0.076493
vt 0.824627 0.076493
vt 0.832090 0.083955
vt 0.822761 0.087687
vt 0.822761 0.080224
vt 0.830224 0.087687
vt 0.832090 0.091418
vt 0.824627 0.091418
vt 0.832090 0.098881
vt 0.822761 0.102612
vt 0.822761 0.095149
vt 0.830224 0.102612
vt 0.832090 0.106343
vt 0.824627 0.106343
vt 0.832090 0.113806
vt 0.822761 0.117537
vt 0.822761 0.110075
vt 0.830224 0.117537
vt 0.832090 0.121269
vt 0.824627 0.121269
vt 0.832090 0.128731
vt 0.822761 0.132463
vt 0.822761 0.125000
vt 0.830224 0.132463
vt 0.832090 0.136194
vt 0.824627 0.136194
vt 0.832090 0.143657
vt 0.822761 0.147388
vt 0.822761 0.139925
vt 0.830224 0.147388
vt 0.832090 0.151119
vt 0.824627 0.151119
vt 0.832090 0.158582
vt 0.822761 0.162313
vt 0.822761 0.154851
vt 0.830224 0.162313
vt 0.832090 0.166045
vt 0.824627 0.166045
vt 0.832090 0.173507
vt 0.822761 0.177239
vt 0.822761 0.169776
vt 0.830224 0.177239
vt 0.832090 0.180970
vt 0.824627 0.180970
vt 0.832090 0.188433
vt 0.822761 0.192164
vt 0.822761 0.184701
vt 0.830224 0.192164
vt 0.832090 0.195896
vt 0.824627 0.195896
vt 0.832090 0.203358
vt 0.822761 0.207090
vt 0.822761 0.199627
vt 0.830224 0.207090
vt 0.832090 0.210821
vt 0.824627 0.210821
vt 0.832090 0.218284
vt 0.822761 0.222015
vt 0.822761 0.214552
vt 0.830224 0.222015
vt 0.832090 0.225746
vt 0.824627 0.225746
vt 0.832090 0.233209
vt 0.822761 0.236940
vt 0.822761 0.229478
vt 0.830224 0.236940
vt 0.832090 0.240672
vt 0.824627 0.240672
vt 0.832090 0.248134
vt 0.822761 0.251866
vt 0.822761 0.244403
vt 0.830224 0.251866
vt 0.832090 0.255597
vt 0.824627 0.255597
vt 0.832090 0.263060
vt 0.822761 0.266791
vt 0.822761 0.259328
vt 0.830224 0.266791
vt 0.832090 0.270522
vt 0.824627 0.270522
vt 0.832090 0.277985
vt 0.822761 0.281716
vt 0.822761 0.274254
vt 0.830224 0.281716
vt 0.832090 0.285448
vt 0.824627 0.285448
vt 0.832090 0.292910
vt 0.822761 0.296642
vt 0.822761 0.289179
vt 0.830224 0.296642
vt 0.832090 0.300373
vt 0.824627 0.300373
vt 0.832090 0.307836
vt 0.822761 0.311567
vt 0.822761 0.304104
vt 0.830224 0.311567
vt 0.832090 0.315298
vt 0.824627 0.315298
vt 0.832090 0.322761
vt 0.822761 0.326493
vt 0.822761 0.319030
vt 0.830224 0.326493
vt 0.832090 0.330224
vt 0.824627 0.330224
vt 0.832090 0.337687
vt 0.822761 0.341418
vt 0.822761 0.333955
vt 0.830224 0.341418
vt 0.832090 0.345149
vt 0.824627 0.345149
vt 0.832090 0.352612
vt 0.822761 0.356343
vt 0.822761 0.348881
vt 0.830224 0.356343
vt 0.832090 0.360075
vt 0.824627 0.360075
vt 0.832090 0.367537
vt 0.822761 0.371269
vt 0.822761 0.363806
vt 0.830224 0.371269
vt 0.832090 0.375000
vt 0.824627 0.375000
vt 0.832090 0.382463
vt 0.822761 0.386194
vt 0.822761 0.378731
vt 0.830224 0.386194
vt 0.832090 0.389925
vt 0.824627 0.389925
vt 0.832090 0.397388
vt 0.822761 0.401119
vt 0.822761 0.393657
vt 0.830224 0.401119
vt 0.832090 0.404851
vt 0.824627 0.404851
vt 0.832090 0.412313
vt 0.822761 0.416045
vt 0.822761 0.408582
vt 0.830224 0.416045
vt 0.832090 0.419776
vt 0.824627 0.419776
vt 0.832090 0.427239
vt 0.822761 0.430970
vt 0.822761 0.423507
vt 0.830224 0.430970
vt 0.832090 0.434701
vt 0.824627 0.434701
vt 0.832090 0.442164
vt 0.822761 0.445896
vt 0.822761 0.438433
vt 0.830224 0.445896
vt 0.832090 0.449627
vt 0.824627 0.449627
vt 0.832090 0.457090
vt 0.822761 0.460821
vt 0.822761 0.453358
vt 0.830224 0.460821
vt 0.832090 0.464552
vt 0.824627 0.464552
vt 0.832090 0.472015
vt 0.822761 0.475746
vt 0.822761 0.468284
vt 0.830224 0.475746
vt 0.832090 0.479478
vt 0.824627 0.479478
vt 0.832090 0.486940
vt 0.822761 0.490672
vt 0.822761 0.483209
vt 0.830224 0.490672
vt 0.832090 0.494403
vt 0.824627 0.494403
vt 0.832090 0.501866
vt 0.822761 0.505597
vt 0.822761 0.498134
vt 0.830224 0.505597
vt 0.832090 0.509328
vt 0.824627 0.509328
vt 0.832090 0.516791
vt 0.822761 0.520522
vt 0.822761 0.513060
vt 0.830224 0.520522
vt 0.832090 0.524254
vt 0.824627 0.524254
vt 0.832090 0.531716
vt 0.822761 0.535448
vt 0.822761 0.527985
vt 0.830224 0.535448
vt 0.832090 0.539179
vt 0.824627 0.539179
vt 0.832090 0.546642
vt 0.822761 0.550373
vt 0.822761 0.542910
vt 0.830224 0.550373
vt 0.832090 0.554104
vt 0.824627 0.554104
vt 0.832090 0.561567
vt 0.822761 0.565298
vt 0.822761 0.557836
vt 0.830224 0.565298
vt 0.832090 0.569030
vt 0.824627 0.569030
vt 0.832090 0.576493
vt 0.822761 0.580224
vt 0.822761 0.572761
vt 0.830224 0.580224
vt 0.832090 0.583955
vt 0.824627 0.583955
vt 0.832090 0.591418
vt 0.822761 0.595149
vt 0.822761 0.587687
vt 0.830224 0.595149
vt 0.832090 0.598881
vt 0.824627 0.598881
vt 0.832090 0.606343
vt 0.822761 0.610075
vt 0.822761 0.602612
vt 0.830224 0.610075
vt 0.832090 0.613806
vt 0.824627 0.613806
vt 0.832090 0.621269
vt 0.822761 0.625000
vt 0.822761 0.617537
vt 0.830224 0.625000
vt 0.832090 0.628731
vt 0.824627 0.628731
vt 0.832090 0.636194
vt 0.822761 0.639925
vt 0.822761 0.632463
vt 0.830224 0.639925
vt 0.832090 0.643657
vt 0.824627 0.643657
vt 0.832090 0.651119
vt 0.822761 0.654851
vt 0.822761 0.647388
vt 0.830224 0.654851
vt 0.832090 0.658582
vt 0.824627 0.658582
vt 0.832090 0.666045
vt 0.822761 0.669776
vt 0.822761 0.662313
vt 0.830224 0.669776
vt 0.832090 0.673507
vt 0.824627 0.673507
vt 0.832090 0.680970
vt 0.822761 0.684702
vt 0.822761 0.677239
vt 0.830224 0.684702
vt 0.832090 0.688433
vt 0.824627 0.688433
vt 0.832090 0.695895
vt 0.822761 0.699627
vt 0.822761 0.692164
vt 0.830224 0.699627
vt 0.832090 0.703358
vt 0.824627 0.703358
vt 0.832090 0.710821
vt 0.822761 0.714552
vt 0.822761 0.707090
vt 0.830224 0.714552
vt 0.832090 0.718284
vt 0.824627 0.718284
vt 0.832090 0.725746
vt 0.822761 0.729478
vt 0.822761 0.722015
vt 0.830224 0.729478
vt 0.832090 0.733209
vt 0.824627 0.733209
vt 0.832090 0.740672
vt 0.822761 0.744403
vt 0.822761 0.736940
vt 0.830224 0.744403
vt 0.832090 0.748134
vt 0.824627 0.748134
vt 0.832090 0.755597
vt 0.822761 0.759328
vt 0.822761 0.751866
vt 0.830224 0.759328
vt 0.832090 0.763060
vt 0.824627 0.763060
vt 0.832090 0.770522
vt 0.822761 0.774254
vt 0.822761 0.766791
vt 0.830224 0.774254
vt 0.832090 0.777985
vt 0.824627 0.777985
vt 0.832090 0.785448
vt 0.822761 0.789179
vt 0.822761 0.781716
vt 0.830224 0.789179
vt 0.832090 0.792910
vt 0.824627 0.792910
vt 0.832090 0.800373
vt 0.822761 0.804104
vt 0.822761 0.796642
vt 0.830224 0.804104
vt 0.832090 0.807836
vt 0.824627 0.807836
vt 0.832090 0.815298
vt 0.822761 0.819030
vt 0.822761 0.811567
vt 0.830224 0.819030
vt 0.832090 0.822761
vt 0.824627 0.822761
vt 0.832090 0.830224
vt 0.822761 0.833955
vt 0.822761 0.826492
vt 0.830224 0.833955
vt 0.832090 0.837687
vt 0.824627 0.837687
vt 0.832090 0.845149
vt 0.822761 0.848881
vt 0.822761 0.841418
vt 0.830224 0.848881
vt 0.832090 0.852612
vt 0.824627 0.852612
vt 0.832090 0.860075
vt 0.822761 0.863806
vt 0.822761 0.856343
vt 0.830224 0.863806
vt 0.832090 0.867537
vt 0.824627 0.867537
vt 0.832090 0.875000
vt 0.822761 0.878731
vt 0.822761 0.871269
vt 0.830224 0.878731
vt 0.832090 0.882463
vt 0.824627 0.882463
vt 0.832090 0.889925
vt 0.822761 0.893657
vt 0.822761 0.886194
vt 0.830224 0.893657
vt 0.832090 0.897388
vt 0.824627 0.897388
vt 0.832090 0.904851
vt 0.822761 0.908582
vt 0.822761 0.901119
vt 0.830224 0.908582
vt 0.832090 0.912313
vt 0.824627 0.912313
vt 0.832090 0.919776
vt 0.822761 0.923507
vt 0.822761 0.916045
vt 0.830224 0.923507
vt 0.832090 0.927239
vt 0.824627 0.927239
vt 0.832090 0.934701
vt 0.822761 0.938433
vt 0.822761 0.930970
vt 0.830224 0.938433
vt 0.832090 0.942164
vt 0.824627 0.942164
vt 0.832090 0.949627
vt 0.822761 0.953358
vt 0.822761 0.945895
vt 0.830224 0.953358
vt 0.832090 0.957090
vt 0.824627 0.957090
vt 0.832090 0.964552
vt 0.822761 0.968284
vt 0.822761 0.960821
vt 0.830224 0.968284
vt 0.832090 0.972015
vt 0.824627 0.972015
vt 0.832090 0.979478
vt 0.822761 0.983209
vt 0.822761 0.975746
vt 0.830224 0.983209
vt 0.832090 0.986940
vt 0.824627 0.986940
vt 0.832090 0.994403
vt 0.822761 0.998134
vt 0.822761 0.990672
vt 0.830224 0.998134
vt 0.847015 0.001866
vt 0.839552 0.001866
vt 0.847015 0.009328
vt 0.837687 0.013060
vt 0.837687 0.005597
vt 0.845149 0.013060
vt 0.847015 0.016791
vt 0.839552 0.016791
vt 0.847015 0.024254
vt 0.837687 0.027985
vt 0.837687 0.020522
vt 0.845149 0.027985
vt 0.847015 0.031716
vt 0.839552 0.031716
vt 0.847015 0.039179
vt 0.837687 0.042910
vt 0.837687 0.035448
vt 0.845149 0.042910
vt 0.847015 0.046642
vt 0.839552 0.046642
vt 0.847015 0.054104
vt 0.837687 0.057836
vt 0.837687 0.050373
vt 0.845149 0.057836
vt 0.847015 0.061567
vt 0.839552 0.061567
vt 0.847015 0.069030
vt 0.837687 0.072761
vt 0.837687 0.065299
vt 0.845149 0.072761
vt 0.847015 0.076493
vt 0.839552 0.076493
vt 0.847015 0.083955
vt 0.837687 0.087687
vt 0.837687 0.080224
vt 0.845149 0.087687
vt 0.847015 0.091418
vt 0.839552 0.091418
vt 0.847015 0.098881
vt 0.837687 0.102612
vt 0.837687 0.095149
vt 0.845149 0.102612
vt 0.847015 0.106343
vt 0.839552 0.106343
vt 0.847015 0.113806
vt 0.837687 0.117537
vt 0.837687 0.110075
vt 0.845149 0.117537
vt 0.847015 0.121269
vt 0.839552 0.121269
vt 0.847015 0.128731
vt 0.837687 0.132463
vt 0.837687 0.125000
vt 0.845149 0.132463
vt 0.847015 0.136194
vt 0.839552 0.136194
vt 0.847015 0.143657
vt 0.837687 0.147388
vt 0.837687 0.139925
vt 0.845149 0.147388
vt 0.847015 0.151119
vt 0.839552 0.151119
vt 0.847015 0.158582
vt 0.837687 0.162313
vt 0.837687 0.154851
vt 0.845149 0.162313
vt 0.847015 0.166045
vt 0.839552 0.166045
vt 0.847015 0.173507
vt 0.837687 0.177239
vt 0.837687 0.169776
vt 0.845149 0.177239
vt 0.847015 0.180970
vt 0.839552 0.180970
vt 0.847015 0.188433
vt 0.837687 0.192164
vt 0.837687 0.184701
vt 0.845149 0.192164
vt 0.847015 0.195896
vt 0.839552 0.195896
vt 0.847015 0.203358
vt 0.837687 0.207090
vt 0.837687 0.199627
vt 0.845149 0.207090
vt 0.847015 0.210821
vt 0.839552 0.210821
vt 0.847015 0.218284
vt 0.837687 0.222015
vt 0.837687 0.214552
vt 0.845149 0.222015
vt 0.847015 0.225746
vt 0.839552 0.225746
vt 0.847015 0.233209
vt 0.837687 0.236940
vt 0.837687 0.229478
vt 0.845149 0.236940
vt 0.847015 0.240672
vt 0.839552 0.240672
vt 0.847015 0.248134
vt 0.837687 0.251866
vt 0.837687 0.244403
vt 0.845149 0.251866
vt 0.847015 0.255597
vt 0.839552 0.255597
vt 0.847015 0.263060
vt 0.837687 0.266791
vt 0.837687 0.259328
vt 0.845149 0.266791
vt 0.847015 0.270522
vt 0.839552 0.270522
vt 0.847015 0.277985
vt 0.837687 0.281716
vt 0.837687 0.274254
vt 0.845149 0.281716
vt 0.847015 0.285448
vt 0.839552 0.285448
vt 0.847015 0.292910
vt 0.837687 0.296642
vt 0.837687 0.289179
vt 0.845149 0.296642
vt 0.847015 0.300373
vt 0.839552 0.300373
vt 0.847015 0.307836
vt 0.837687 0.311567
vt 0.837687 0.304104
vt 0.845149 0.311567
vt 0.847015 0.315298
vt 0.839552 0.315298
vt 0.847015 0.322761
vt 0.837687 0.326493
vt 0.837687 0.319030
vt 0.845149 0.326493
vt 0.847015 0.330224
vt 0.839552 0.330224
vt 0.847015 0.337687
vt 0.837687 0.341418
vt 0.837687 0.333955
vt 0.845149 0.341418
vt 0.847015 0.345149
vt 0.839552 0.345149
vt 0.847015 0.352612
vt 0.837687 0.356343
vt 0.837687 0.348881
vt 0.845149 0.356343
vt 0.847015 0.360075
vt 0.839552 0.360075
vt 0.847015 0.367537
vt 0.837687 0.371269
vt 0.837687 0.363806
vt 0.845149 0.371269
vt 0.847015 0.375000
vt 0.839552 0.375000
vt 0.847015 0.382463
vt 0.837687 0.386194
vt 0.837687 0.378731
vt 0.845149 0.386194
vt 0.847015 0.389925
vt 0.839552 0.389925
vt 0.847015 0.397388
vt 0.837687 0.401119
vt 0.837687 0.393657
vt 0.845149 0.401119
vt 0.847015 0.404851
vt 0.839552 0.404851
vt 0.847015 0.412313
vt 0.837687 0.416045
vt 0.837687 0.408582
vt 0.845149 0.416045
vt 0.847015 0.419776
vt 0.839552 0.419776
vt 0.847015 0.427239
vt 0.837687 0.430970
vt 0.837687 0.423507
vt 0.845149 0.430970
vt 0.847015 0.434701
vt 0.839552 0.434701
vt 0.847015 0.442164
vt 0.837687 0.445896
vt 0.837687 0.438433
vt 0.845149 0.445896
vt 0.847015 0.449627
vt 0.839552 0.449627
vt 0.847015 0.457090
vt 0.837687 0.460821
vt 0.837687 0.453358
vt 0.845149 0.460821
vt 0.847015 0.464552
vt 0.839552 0.464552
vt 0.847015 0.472015
vt 0.837687 0.475746
vt 0.837687 0.468284
vt 0.845149 0.475746
vt 0.847015 0.479478
vt 0.839552 0.479478
vt 0.847015 0.486940
vt 0.837687 0.490672
vt 0.837687 0.483209
vt 0.845149 0.490672
vt 0.847015 0.494403
vt 0.839552 0.494403
vt 0.847015 0.501866
vt 0.837687 0.505597
vt 0.837687 0.498134
vt 0.845149 0.505597
vt 0.847015 0.509328
vt 0.839552 0.509328
vt 0.847015 0.516791
vt 0.837687 0.520522
vt 0.837687 0.513060
vt 0.845149 0.520522
vt 0.847015 0.524254
vt 0.839552 0.524254
vt 0.847015 0.531716
vt 0.837687 0.535448
vt 0.837687 0.527985
vt 0.845149 0.535448
vt 0.847015 0.539179
vt 0.839552 0.539179
vt 0.847015 0.546642
vt 0.837687 0.550373
vt 0.837687 0.542910
vt 0.845149 0.550373
vt 0.847015 0.554104
vt 0.839552 0.554104
vt 0.847015 0.561567
vt 0.837687 0.565298
vt 0.837687 0.557836
vt 0.845149 0.565298
vt 0.847015 0.569030
vt 0.839552 0.569030
vt 0.847015 0.576493
vt 0.837687 0.580224
vt 0.837687 0.572761
vt 0.845149 0.580224
vt 0.847015 0.583955
vt 0.839552 0.583955
vt 0.847015 0.591418
vt 0.837687 0.595149
vt 0.837687 0.587687
vt 0.845149 0.595149
vt 0.847015 0.598881
vt 0.839552 0.598881
vt 0.847015 0.606343
vt 0.837687 0.610075
vt 0.837687 0.602612
vt 0.845149 0.610075
vt 0.847015 0.613806
vt 0.839552 0.613806
vt 0.847015 0.621269
vt 0.837687 0.625000
vt 0.837687 0.617537
vt 0.845149 0.625000
vt 0.847015 0.628731
vt 0.839552 0.628731
vt 0.847015 0.636194
vt 0.837687 0.639925
vt 0.837687 0.632463
vt 0.845149 0.639925
vt 0.847015 0.643657
vt 0.839552 0.643657
vt 0.847015 0.651119
vt 0.837687 0.654851
vt 0.837687 0.647388
vt 0.845149 0.654851
vt 0.847015 0.658582
vt 0.839552 0.658582
vt 0.847015 0.666045
vt 0.837687 0.669776
vt 0.837687 0.662313
vt 0.845149 0.669776
vt 0.847015 0.673507
vt 0.839552 0.673507
vt 0.847015 0.680970
vt 0.837687 0.684702
vt 0.837687 0.677239
vt 0.845149 0.684702
vt 0.847015 0.688433
vt 0.839552 0.688433
vt 0.847015 0.695895
vt 0.837687 0.699627
vt 0.837687 0.692164
vt 0.845149 0.699627
vt 0.847015 0.703358
vt 0.839552 0.703358
vt 0.847015 0.710821
vt 0.837687 0.714552
vt 0.837687 0.707090
vt 0.845149 0.714552
vt 0.847015 0.718284
vt 0.839552 0.718284
vt 0.847015 0.725746
vt 0.837687 0.729478
vt 0.837687 0.722015
vt 0.845149 0.729478
vt 0.847015 0.733209
vt 0.839552 0.733209
vt 0.847015 0.740672
vt 0.837687 0.744403
vt 0.837687 0.736940
vt 0.845149 0.744403
vt 0.847015 0.748134
vt 0.839552 0.748134
vt 0.847015 0.755597
vt 0.837687 0.759328
vt 0.837687 0.751866
vt 0.845149 0.759328
vt 0.847015 0.763060
vt 0.839552 0.763060
vt 0.847015 0.770522
vt 0.837687 0.774254
vt 0.837687 0.766791
vt 0.845149 0.774254
vt 0.847015 0.777985
vt 0.839552 0.777985
vt 0.847015 0.785448
vt 0.837687 0.789179
vt 0.837687 0.781716
vt 0.845149 0.789179
vt 0.847015 0.792910
vt 0.839552 0.792910
vt 0.847015 0.800373
vt 0.837687 0.804104
vt 0.837687 0.796642
vt 0.845149 0.804104
vt 0.847015 0.807836
vt 0.839552 0.807836
vt 0.847015 0.815298
vt 0.837687 0.819030
vt 0.837687 0.811567
vt 0.845149 0.819030
vt 0.847015 0.822761
vt 0.839552 0.822761
vt 0.847015 0.830224
vt 0.837687 0.833955
vt 0.837687 0.826492
vt 0.845149 0.833955
vt 0.847015 0.837687
vt 0.839552 0.837687
vt 0.847015 0.845149
vt 0.837687 0.848881
vt 0.837687 0.841418
vt 0.845149 0.848881
vt 0.847015 0.852612
vt 0.839552 0.852612
vt 0.847015 0.860075
vt 0.837687 0.863806
vt 0.837687 0.856343
vt 0.845149 0.863806
vt 0.847015 0.867537
vt 0.839552 0.867537
vt 0.847015 0.875000
vt 0.837687 0.878731
vt 0.837687 0.871269
vt 0.845149 0.878731
vt 0.847015 0.882463
vt 0.839552 0.882463
vt 0.847015 0.889925
vt 0.837687 0.893657
vt 0.837687 0.886194
vt 0.845149 0.893657
vt 0.847015 0.897388
vt 0.839552 0.897388
vt 0.847015 0.904851
vt 0.837687 0.908582
vt 0.837687 0.901119
vt 0.845149 0.908582
vt 0.847015 0.912313
vt 0.839552 0.912313
vt 0.847015 0.919776
vt 0.837687 0.923507
vt 0.837687 0.916045
vt 0.845149 0.923507
vt 0.847015 0.927239
vt 0.839552 0.927239
vt 0.847015 0.934701
vt 0.837687 0.938433
vt 0.837687 0.930970
vt 0.845149 0.938433
vt 0.847015 0.942164
vt 0.839552 0.942164
vt 0.847015 0.949627
vt 0.837687 0.953358
vt 0.837687 0.945895
vt 0.845149 0.953358
vt 0.847015 0.957090
vt 0.839552 0.957090
vt 0.847015 0.964552
vt 0.837687 0.968284
vt 0.837687 0.960821
vt 0.845149 0.968284
vt 0.847015 0.972015
vt 0.839552 0.972015
vt 0.847015 0.979478
vt 0.837687 0.983209
vt 0.837687 0.975746
vt 0.845149 0.983209
vt 0.847015 0.986940
vt 0.839552 0.986940
vt 0.847015 0.994403
vt 0.837687 0.998134
vt 0.837687 0.990672
vt 0.845149 0.998134
vt 0.861940 0.001866
vt 0.854478 0.001866
vt 0.861940 0.009328
vt 0.852612 0.013060
vt 0.852612 0.005597
vt 0.860075 0.013060
vt 0.861940 0.016791
vt 0.854478 0.016791
vt 0.861940 0.024254
vt 0.852612 0.027985
vt 0.852612 0.020522
vt 0.860075 0.027985
vt 0.861940 0.031716
vt 0.854478 0.031716
vt 0.861940 0.039179
vt 0.852612 0.042910
vt 0.852612 0.035448
vt 0.860075 0.042910
vt 0.861940 0.046642
vt 0.854478 0.046642
vt 0.861940 0.054104
vt 0.852612 0.057836
vt 0.852612 0.050373
vt 0.860075 0.057836
vt 0.861940 0.061567
vt 0.854478 0.061567
vt 0.861940 0.069030
vt 0.852612 0.072761
vt 0.852612 0.065299
vt 0.860075 0.072761
vt 0.861940 0.076493
vt 0.854478 0.076493
vt 0.861940 0.083955
vt 0.852612 0.087687
vt 0.852612 0.080224
vt 0.860075 0.087687
vt 0.861940 0.091418
vt 0.854478 0.091418
vt 0.861940 0.098881
vt 0.852612 0.102612
vt 0.852612 0.095149
vt 0.860075 0.102612
vt 0.861940 0.106343
vt 0.854478 0.106343
vt 0.861940 0.113806
vt 0.852612 0.117537
vt 0.852612 0.110075
vt 0.860075 0.117537
vt 0.861940 0.121269
vt 0.854478 0.121269
vt 0.861940 0.128731
vt 0.852612 0.132463
vt 0.852612 0.125000
vt 0.860075 0.132463
vt 0.861940 0.136194
vt 0.854478 0.136194
vt 0.861940 0.143657
vt 0.852612 0.147388
vt 0.852612 0.139925
vt 0.860075 0.147388
vt 0.861940 0.151119
vt 0.854478 0.151119
vt 0.861940 0.158582
vt 0.852612 0.162313
vt 0.852612 0.154851
vt 0.860075 0.162313
vt 0.861940 0.166045
vt 0.854478 0.166045
vt 0.861940 0.173507
vt 0.852612 0.177239
vt 0.852612 0.169776
vt 0.860075 0.177239
vt 0.861940 0.180970
vt 0.854478 0.180970
vt 0.861940 0.188433
vt 0.852612 0.192164
vt 0.852612 0.184701
vt 0.860075 0.192164
vt 0.861940 0.195896
vt 0.854478 0.195896
vt 0.861940 0.203358
vt 0.852612 0.207090
vt 0.852612 0.199627
vt 0.860075 0.207090
vt 0.861940 0.210821
vt 0.854478 0.210821
vt 0.861940 0.218284
vt 0.852612 0.222015
vt 0.852612 0.214552
vt 0.860075 0.222015
vt 0.861940 0.225746
vt 0.854478 0.225746
vt 0.861940 0.233209
vt 0.852612 0.236940
vt 0.852612 0.229478
vt 0.860075 0.236940
vt 0.861940 0.240672
vt 0.854478 0.240672
vt 0.861940 0.248134
vt 0.852612 0.251866
vt 0.852612 0.244403
vt 0.860075 0.251866
vt 0.861940 0.255597
vt 0.854478 0.255597
vt 0.861940 0.263060
vt 0.852612 0.266791
vt 0.852612 0.259328
vt 0.860075 0.266791
vt 0.861940 0.270522
vt 0.854478 0.270522
vt 0.861940 0.277985
vt 0.852612 0.281716
vt 0.852612 0.274254
vt 0.860075 0.281716
vt 0.861940 0.285448
vt 0.854478 0.285448
vt 0.861940 0.292910
vt 0.852612 0.296642
vt 0.852612 0.289179
vt 0.860075 0.296642
vt 0.861940 0.300373
vt 0.854478 0.300373
vt 0.861940 0.307836
vt 0.852612 0.311567
vt 0.852612 0.304104
vt 0.860075 0.311567
vt 0.861940 0.315298
vt 0.854478 0.315298
vt 0.861940 0.322761
vt 0.852612 0.326493
vt 0.852612 0.319030
vt 0.860075 0.326493
vt 0.861940 0.330224
vt 0.854478 0.330224
vt 0.861940 0.337687
vt 0.852612 0.341418
vt 0.852612 0.333955
vt 0.860075 0.341418
vt 0.861940 0.345149
vt 0.854478 0.345149
vt 0.861940 0.352612
vt 0.852612 0.356343
vt 0.852612 0.348881
vt 0.860075 0.356343
vt 0.861940 0.360075
vt 0.854478 0.360075
vt 0.861940 0.367537
vt 0.852612 0.371269
vt 0.852612 0.363806
vt 0.860075 0.371269
vt 0.861940 0.375000
vt 0.854478 0.375000
vt 0.861940 0.382463
vt 0.852612 0.386194
vt 0.852612 0.378731
vt 0.860075 0.386194
vt 0.861940 0.389925
vt 0.854478 0.389925
vt 0.861940 0.397388
vt 0.852612 0.401119
vt 0.852612 0.393657
vt 0.860075 0.401119
vt 0.861940 0.404851
vt 0.854478 0.404851
vt 0.861940 0.412313
vt 0.852612 0.416045
vt 0.852612 0.408582
vt 0.860075 0.416045
vt 0.861940 0.419776
vt 0.854478 0.419776
vt 0.861940 0.427239
vt 0.852612 0.430970
vt 0.852612 0.423507
vt 0.860075 0.430970
vt 0.861940 0.434701
vt 0.854478 0.434701
vt 0.861940 0.442164
vt 0.852612 0.445896
vt 0.852612 0.438433
vt 0.860075 0.445896
vt 0.861940 0.449627
vt 0.854478 0.449627
vt 0.861940 0.457090
vt 0.852612 0.460821
vt 0.852612 0.453358
vt 0.860075 0.460821
vt 0.861940 0.464552
vt 0.854478 0.464552
vt 0.861940 0.472015
vt 0.852612 0.475746
vt 0.852612 0.468284
vt 0.860075 0.475746
vt 0.861940 0.479478
vt 0.854478 0.479478
vt 0.861940 0.486940
vt 0.852612 0.490672
vt 0.852612 0.483209
vt 0.860075 0.490672
vt 0.861940 0.494403
vt 0.854478 0.494403
vt 0.861940 0.501866
vt 0.852612 0.505597
vt 0.852612 0.498134
vt 0.860075 0.505597
vt 0.861940 0.509328
vt 0.854478 0.509328
vt 0.861940 0.516791
vt 0.852612 0.520522
vt 0.852612 0.513060
vt 0.860075 0.520522
vt 0.861940 0.524254
vt 0.854478 0.524254
vt 0.861940 0.531716
vt 0.852612 0.535448
vt 0.852612 0.527985
vt 0.860075 0.535448
vt 0.861940 0.539179
vt 0.854478 0.539179
vt 0.861940 0.546642
vt 0.852612 0.550373
vt 0.852612 0.542910
vt 0.860075 0.550373
vt 0.861940 0.554104
vt 0.854478 0.554104
vt 0.861940 0.561567
vt 0.852612 0.565298
vt 0.852612 0.557836
vt 0.860075 0.565298
vt 0.861940 0.569030
vt 0.854478 0.569030
vt 0.861940 0.576493
vt 0.852612 0.580224
vt 0.852612 0.572761
vt 0.860075 0.580224
vt 0.861940 0.583955
vt 0.854478 0.583955
vt 0.861940 0.591418
vt 0.852612 0.595149
vt 0.852612 0.587687
vt 0.860075 0.595149
vt 0.861940 0.598881
vt 0.854478 0.598881
vt 0.861940 0.606343
vt 0.852612 0.610075
vt 0.852612 0.602612
vt 0.860075 0.610075
vt 0.861940 0.613806
vt 0.854478 0.613806
vt 0.861940 0.621269
vt 0.852612 0.625000
vt 0.852612 0.617537
vt 0.860075 0.625000
vt 0.861940 0.628731
vt 0.854478 0.628731
vt 0.861940 0.636194
vt 0.852612 0.639925
vt 0.852612 0.632463
vt 0.860075 0.639925
vt 0.861940 0.643657
vt 0.854478 0.643657
vt 0.861940 0.651119
vt 0.852612 0.654851
vt 0.852612 0.647388
vt 0.860075 0.654851
vt 0.861940 0.658582
vt 0.854478 0.658582
vt 0.861940 0.666045
vt 0.852612 0.669776
vt 0.852612 0.662313
vt 0.860075 0.669776
vt 0.861940 0.673507
vt 0.854478 0.673507
vt 0.861940 0.680970
vt 0.852612 0.684702
vt 0.852612 0.677239
vt 0.860075 0.684702
vt 0.861940 0.688433
vt 0.854478 0.688433
vt 0.861940 0.695895
vt 0.852612 0.699627
vt 0.852612 0.692164
vt 0.860075 0.699627
vt 0.861940 0.703358
vt 0.854478 0.703358
vt 0.861940 0.710821
vt 0.852612 0.714552
vt 0.852612 0.707090
vt 0.860075 0.714552
vt 0.861940 0.718284
vt 0.854478 0.718284
vt 0.861940 0.725746
vt 0.852612 0.729478
vt 0.852612 0.722015
vt 0.860075 0.729478
vt 0.861940 0.733209
vt 0.854478 0.733209
vt 0.861940 0.740672
vt 0.852612 0.744403
vt 0.852612 0.736940
vt 0.860075 0.744403
vt 0.861940 0.748134
vt 0.854478 0.748134
vt 0.861940 0.755597
vt 0.852612 0.759328
vt 0.852612 0.751866
vt 0.860075 0.759328
vt 0.861940 0.763060
vt 0.854478 0.763060
vt 0.861940 0.770522
vt 0.852612 0.774254
vt 0.852612 0.766791
vt 0.860075 0.774254
vt 0.861940 0.777985
vt 0.854478 0.777985
vt 0.861940 0.785448
vt 0.852612 0.789179
vt 0.852612 0.781716
vt 0.860075 0.789179
vt 0.861940 0.792910
vt 0.854478 0.792910
vt 0.861940 0.800373
vt 0.852612 0.804104
vt 0.852612 0.796642
vt 0.860075 0.804104
vt 0.861940 0.807836
vt 0.854478 0.807836
vt 0.861940 0.815298
vt 0.852612 0.819030
vt 0.852612 0.811567
vt 0.860075 0.819030
vt 0.861940 0.822761
vt 0.854478 0.822761
vt 0.861940 0.830224
vt 0.852612 0.833955
vt 0.852612 0.826492
vt 0.860075 0.833955
vt 0.861940 0.837687
vt 0.854478 0.837687
vt 0.861940 0.845149
vt 0.852612 0.848881
vt 0.852612 0.841418
vt 0.860075 0.848881
vt 0.861940 0.852612
vt 0.854478 0.852612
vt 0.861940 0.860075
vt 0.852612 0.863806
vt 0.852612 0.856343
vt 0.860075 0.863806
vt 0.861940 0.867537
vt 0.854478 0.867537
vt 0.861940 0.875000
vt 0.852612 0.878731
vt 0.852612 0.871269
vt 0.860075 0.878731
vt 0.861940 0.882463
vt 0.854478 0.882463
vt 0.861940 0.889925
vt 0.852612 0.893657
vt 0.852612 0.886194
vt 0.860075 0.893657
vt 0.861940 0.897388
vt 0.854478 0.897388
vt 0.861940 0.904851
vt 0.852612 0.908582
vt 0.852612 0.901119
vt 0.860075 0.908582
vt 0.861940 0.912313
vt 0.854478 0.912313
vt 0.861940 0.919776
vt 0.852612 0.923507
vt 0.852612 0.916045
vt 0.860075 0.923507
vt 0.861940 0.927239
vt 0.854478 0.927239
vt 0.861940 0.934701
vt 0.852612 0.938433
vt 0.852612 0.930970
vt 0.860075 0.938433
vt 0.861940 0.942164
vt 0.854478 0.942164
vt 0.861940 0.949627
vt 0.852612 0.953358
vt 0.852612 0.945895
vt 0.860075 0.953358
vt 0.861940 0.957090
vt 0.854478 0.957090
vt 0.861940 0.964552
vt 0.852612 0.968284
vt 0.852612 0.960821
vt 0.860075 0.968284
vt 0.861940 0.972015
vt 0.854478 0.972015
vt 0.861940 0.979478
vt 0.852612 0.983209
vt 0.852612 0.975746
vt 0.860075 0.983209
vt 0.861940 0.986940
vt 0.854478 0.986940
vt 0.861940 0.994403
vt 0.852612 0.998134
vt 0.852612 0.990672
vt 0.860075 0.998134
vt 0.876866 0.001866
vt 0.869403 0.001866
vt 0.876866 0.009328
vt 0.867537 0.013060
vt 0.867537 0.005597
vt 0.875000 0.013060
vt 0.876866 0.016791
vt 0.869403 0.016791
vt 0.876866 0.024254
vt 0.867537 0.027985
vt 0.867537 0.020522
vt 0.875000 0.027985
vt 0.876866 0.031716
vt 0.869403 0.031716
vt 0.876866 0.039179
vt 0.867537 0.042910
vt 0.867537 0.035448
vt 0.875000 0.042910
vt 0.876866 0.046642
vt 0.869403 0.046642
vt 0.876866 0.054104
vt 0.867537 0.057836
vt 0.867537 0.050373
vt 0.875000 0.057836
vt 0.876866 0.061567
vt 0.869403 0.061567
vt 0.876866 0.069030
vt 0.867537 0.072761
vt 0.867537 0.065299
vt 0.875000 0.072761
vt 0.876866 0.076493
vt 0.869403 0.076493
vt 0.876866 0.083955
vt 0.867537 0.087687
vt 0.867537 0.080224
vt 0.875000 0.087687
vt 0.876866 0.091418
vt 0.869403 0.091418
vt 0.876866 0.098881
vt 0.867537 0.102612
vt 0.867537 0.095149
vt 0.875000 0.102612
vt 0.876866 0.106343
vt 0.869403 0.106343
vt 0.876866 0.113806
vt 0.867537 0.117537
vt 0.867537 0.110075
vt 0.875000 0.117537
vt 0.876866 0.121269
vt 0.869403 0.121269
vt 0.876866 0.128731
vt 0.867537 0.132463
vt 0.867537 0.125000
vt 0.875000 0.132463
vt 0.876866 0.136194
vt 0.869403 0.136194
vt 0.876866 0.143657
vt 0.867537 0.147388
vt 0.867537 0.139925
vt 0.875000 0.147388
vt 0.876866 0.151119
vt 0.869403 0.151119
vt 0.876866 0.158582
vt 0.867537 0.162313
vt 0.867537 0.154851
vt 0.875000 0.162313
vt 0.876866 0.166045
vt 0.869403 0.166045
vt 0.876866 0.173507
vt 0.867537 0.177239
vt 0.867537 0.169776
vt 0.875000 0.177239
vt 0.876866 0.180970
vt 0.869403 0.180970
vt 0.876866 0.188433
vt 0.867537 0.192164
vt 0.867537 0.184701
vt 0.875000 0.192164
vt 0.876866 0.195896
vt 0.869403 0.195896
vt 0.876866 0.203358
vt 0.867537 0.207090
vt 0.867537 0.199627
vt 0.875000 0.207090
vt 0.876866 0.210821
vt 0.869403 0.210821
vt 0.876866 0.218284
vt 0.867537 0.222015
vt 0.867537 0.214552
vt 0.875000 0.222015
vt 0.876866 0.225746
vt 0.869403 0.225746
vt 0.876866 0.233209
vt 0.867537 0.236940
vt 0.867537 0.229478
vt 0.875000 0.236940
vt 0.876866 0.240672
vt 0.869403 0.240672
vt 0.876866 0.248134
vt 0.867537 0.251866
vt 0.867537 0.244403
vt 0.875000 0.251866
vt 0.876866 0.255597
vt 0.869403 0.255597
vt 0.876866 0.263060
vt 0.867537 0.266791
vt 0.867537 0.259328
vt 0.875000 0.266791
vt 0.876866 0.270522
vt 0.869403 0.270522
vt 0.876866 0.277985
vt 0.867537 0.281716
vt 0.867537 0.274254
vt 0.875000 0.281716
vt 0.876866 0.285448
vt 0.869403 0.285448
vt 0.876866 0.292910
vt 0.867537 0.296642
vt 0.867537 0.289179
vt 0.875000 0.296642
vt 0.876866 0.300373
vt 0.869403 0.300373
vt 0.876866 0.307836
vt 0.867537 0.311567
vt 0.867537 0.304104
vt 0.875000 0.311567
vt 0.876866 0.315298
vt 0.869403 0.315298
vt 0.876866 0.322761
vt 0.867537 0.326493
vt 0.867537 0.319030
vt 0.875000 0.326493
vt 0.876866 0.330224
vt 0.869403 0.330224
vt 0.876866 0.337687
vt 0.867537 0.341418
vt 0.867537 0.333955
vt 0.875000 0.341418
vt 0.876866 0.345149
vt 0.869403 0.345149
vt 0.876866 0.352612
vt 0.867537 0.356343
vt 0.867537 0.348881
vt 0.875000 0.356343
vt 0.876866 0.360075
vt 0.869403 0.360075
vt 0.876866 0.367537
vt 0.867537 0.371269
vt 0.867537 0.363806
vt 0.875000 0.371269
vt 0.876866 0.375000
vt 0.869403 0.375000
vt 0.876866 0.382463
vt 0.867537 0.386194
vt 0.867537 0.378731
vt 0.875000 0.386194
vt 0.876866 0.389925
vt 0.869403 0.389925
vt 0.876866 0.397388
vt 0.867537 0.401119
vt 0.867537 0.393657
vt 0.875000 0.401119
vt 0.876866 0.404851
vt 0.869403 0.404851
vt 0.876866 0.412313
vt 0.867537 0.416045
vt 0.867537 0.408582
vt 0.875000 0.416045
vt 0.876866 0.419776
vt 0.869403 0.419776
vt 0.876866 0.427239
vt 0.867537 0.430970
vt 0.867537 0.423507
vt 0.875000 0.430970
vt 0.876866 0.434701
vt 0.869403 0.434701
vt 0.876866 0.442164
vt 0.867537 0.445896
vt 0.867537 0.438433
vt 0.875000 0.445896
vt 0.876866 0.449627
vt 0.869403 0.449627
vt 0.876866 0.457090
vt 0.867537 0.460821
vt 0.867537 0.453358
vt 0.875000 0.460821
vt 0.876866 0.464552
vt 0.869403 0.464552
vt 0.876866 0.472015
vt 0.867537 0.475746
vt 0.867537 0.468284
vt 0.875000 0.475746
vt 0.876866 0.479478
vt 0.869403 0.479478
vt 0.876866 0.486940
vt 0.867537 0.490672
vt 0.867537 0.483209
vt 0.875000 0.490672
vt 0.876866 0.494403
vt 0.869403 0.494403
vt 0.876866 0.501866
vt 0.867537 0.505597
vt 0.867537 0.498134
vt 0.875000 0.505597
vt 0.876866 0.509328
vt 0.869403 0.509328
vt 0.876866 0.516791
vt 0.867537 0.520522
vt 0.867537 0.513060
vt 0.875000 0.520522
vt 0.876866 0.524254
vt 0.869403 0.524254
vt 0.876866 0.531716
vt 0.867537 0.535448
vt 0.867537 0.527985
vt 0.875000 0.535448
vt 0.876866 0.539179
vt 0.869403 0.539179
vt 0.876866 0.546642
vt 0.867537 0.550373
vt 0.867537 0.542910
vt 0.875000 0.550373
vt 0.876866 0.554104
vt 0.869403 0.554104
vt 0.876866 0.561567
vt 0.867537 0.565298
vt 0.867537 0.557836
vt 0.875000 0.565298
vt 0.876866 0.569030
vt 0.869403 0.569030
vt 0.876866 0.576493
vt 0.867537 0.580224
vt 0.867537 0.572761
vt 0.875000 0.580224
vt 0.876866 0.583955
vt 0.869403 0.583955
vt 0.876866 0.591418
vt 0.867537 0.595149
vt 0.867537 0.587687
vt 0.875000 0.595149
vt 0.876866 0.598881
vt 0.869403 0.598881
vt 0.876866 0.606343
vt 0.867537 0.610075
vt 0.867537 0.602612
vt 0.875000 0.610075
vt 0.876866 0.613806
vt 0.869403 0.613806
vt 0.876866 0.621269
vt 0.867537 0.625000
vt 0.867537 0.617537
vt 0.875000 0.625000
vt 0.876866 0.628731
vt 0.869403 0.628731
vt 0.876866 0.636194
vt 0.867537 0.639925
vt 0.867537 0.632463
vt 0.875000 0.639925
vt 0.876866 0.643657
vt 0.869403 0.643657
vt 0.876866 0.651119
vt 0.867537 0.654851
vt 0.867537 0.647388
vt 0.875000 0.654851
vt 0.876866 0.658582
vt 0.869403 0.658582
vt 0.876866 0.666045
vt 0.867537 0.669776
vt 0.867537 0.662313
vt 0.875000 0.669776
vt 0.876866 0.673507
vt 0.869403 0.673507
vt 0.876866 0.680970
vt 0.867537 0.684702
vt 0.867537 0.677239
vt 0.875000 0.684702
vt 0.876866 0.688433
vt 0.869403 0.688433
vt 0.876866 0.695895
vt 0.867537 0.699627
vt 0.867537 0.692164
vt 0.875000 0.699627
vt 0.876866 0.703358
vt 0.869403 0.703358
vt 0.876866 0.710821
vt 0.867537 0.714552
vt 0.867537 0.707090
vt 0.875000 0.714552
vt 0.876866 0.718284
vt 0.869403 0.718284
vt 0.876866 0.725746
vt 0.867537 0.729478
vt 0.867537 0.722015
vt 0.875000 0.729478
vt 0.876866 0.733209
vt 0.869403 0.733209
vt 0.876866 0.740672
vt 0.867537 0.744403
vt 0.867537 0.736940
vt 0.875000 0.744403
vt 0.876866 0.748134
vt 0.869403 0.748134
vt 0.876866 0.755597
vt 0.867537 0.759328
vt 0.867537 0.751866
vt 0.875000 0.759328
vt 0.876866 0.763060
vt 0.869403 0.763060
vt 0.876866 0.770522
vt 0.867537 0.774254
vt 0.867537 0.766791
vt 0.875000 0.774254
vt 0.876866 0.777985
vt 0.869403 0.777985
vt 0.876866 0.785448
vt 0.867537 0.789179
vt 0.867537 0.781716
vt 0.875000 0.789179
vt 0.876866 0.792910
vt 0.869403 0.792910
vt 0.876866 0.800373
vt 0.867537 0.804104
vt 0.867537 0.796642
vt 0.875000 0.804104
vt 0.876866 0.807836
vt 0.869403 0.807836
vt 0.876866 0.815298
vt 0.867537 0.819030
vt 0.867537 0.811567
vt 0.875000 0.819030
vt 0.876866 0.822761
vt 0.869403 0.822761
vt 0.876866 0.830224
vt 0.867537 0.833955
vt 0.867537 0.826492
vt 0.875000 0.833955
vt 0.876866 0.837687
vt 0.869403 0.837687
vt 0.876866 0.845149
vt 0.867537 0.848881
vt 0.867537 0.841418
vt 0.875000 0.848881
vt 0.876866 0.852612
vt 0.869403 0.852612
vt 0.876866 0.860075
vt 0.867537 0.863806
vt 0.867537 0.856343
vt 0.875000 0.863806
vt 0.876866 0.867537
vt 0.869403 0.867537
vt 0.876866 0.875000
vt 0.867537 0.878731
vt 0.867537 0.871269
vt 0.875000 0.878731
vt 0.876866 0.882463
vt 0.869403 0.882463
vt 0.876866 0.889925
vt 0.867537 0.893657
vt 0.867537 0.886194
vt 0.875000 0.893657
vt 0.876866 0.897388
vt 0.869403 0.897388
vt 0.876866 0.904851
vt 0.867537 0.908582
vt 0.867537 0.901119
vt 0.875000 0.908582
vt 0.876866 0.912313
vt 0.869403 0.912313
vt 0.876866 0.919776
vt 0.867537 0.923507
vt 0.867537 0.916045
vt 0.875000 0.923507
vt 0.876866 0.927239
vt 0.869403 0.927239
vt 0.876866 0.934701
vt 0.867537 0.938433
vt 0.867537 0.930970
vt 0.875000 0.938433
vt 0.876866 0.942164
vt 0.869403 0.942164
vt 0.876866 0.949627
vt 0.867537 0.953358
vt 0.867537 0.945895
vt 0.875000 0.953358
vt 0.876866 0.957090
vt 0.869403 0.957090
vt 0.876866 0.964552
vt 0.867537 0.968284
vt 0.867537 0.960821
vt 0.875000 0.968284
vt 0.876866 0.972015
vt 0.869403 0.972015
vt 0.876866 0.979478
vt 0.867537 0.983209
vt 0.867537 0.975746
vt 0.875000 0.983209
vt 0.876866 0.986940
vt 0.869403 0.986940
vt 0.876866 0.994403
vt 0.867537 0.998134
vt 0.867537 0.990672
vt 0.875000 0.998134
vt 0.891791 0.001866
vt 0.884328 0.001866
vt 0.891791 0.009328
vt 0.882463 0.013060
vt 0.882463 0.005597
vt 0.889925 0.013060
vt 0.891791 0.016791
vt 0.884328 0.016791
vt 0.891791 0.024254
vt 0.882463 0.027985
vt 0.882463 0.020522
vt 0.889925 0.027985
vt 0.891791 0.031716
vt 0.884328 0.031716
vt 0.891791 0.039179
vt 0.882463 0.042910
vt 0.882463 0.035448
vt 0.889925 0.042910
vt 0.891791 0.046642
vt 0.884328 0.046642
vt 0.891791 0.054104
vt 0.882463 0.057836
vt 0.882463 0.050373
vt 0.889925 0.057836
vt 0.891791 0.061567
vt 0.884328 0.061567
vt 0.891791 0.069030
vt 0.882463 0.072761
vt 0.882463 0.065299
vt 0.889925 0.072761
vt 0.891791 0.076493
vt 0.884328 0.076493
vt 0.891791 0.083955
vt 0.882463 0.087687
vt 0.882463 0.080224
vt 0.889925 0.087687
vt 0.891791 0.091418
vt 0.884328 0.091418
vt 0.891791 0.098881
vt 0.882463 0.102612
vt 0.882463 0.095149
vt 0.889925 0.102612
vt 0.891791 0.106343
vt 0.884328 0.106343
vt 0.891791 0.113806
vt 0.882463 0.117537
vt 0.882463 0.110075
vt 0.889925 0.117537
vt 0.891791 0.121269
vt 0.884328 0.121269
vt 0.891791 0.128731
vt 0.882463 0.132463
vt 0.882463 0.125000
vt 0.889925 0.132463
vt 0.891791 0.136194
vt 0.884328 0.136194
vt 0.891791 0.143657
vt 0.882463 0.147388
vt 0.882463 0.139925
vt 0.889925 0.147388
vt 0.891791 0.151119
vt 0.884328 0.151119
vt 0.891791 0.158582
vt 0.882463 0.162313
vt 0.882463 0.154851
vt 0.889925 0.162313
vt 0.891791 0.166045
vt 0.884328 0.166045
vt 0.891791 0.173507
vt 0.882463 0.177239
vt 0.882463 0.169776
vt 0.889925 0.177239
vt 0.891791 0.180970
vt 0.884328 0.180970
vt 0.891791 0.188433
vt 0.882463 0.192164
vt 0.882463 0.184701
vt 0.889925 0.192164
vt 0.891791 0.195896
vt 0.884328 0.195896
vt 0.891791 0.203358
vt 0.882463 0.207090
vt 0.882463 0.199627
vt 0.889925 0.207090
vt 0.891791 0.210821
vt 0.884328 0.210821
vt 0.891791 0.218284
vt 0.882463 0.222015
vt 0.882463 0.214552
vt 0.889925 0.222015
vt 0.891791 0.225746
vt 0.884328 0.225746
vt 0.891791 0.233209
vt 0.882463 0.236940
vt 0.882463 0.229478
vt 0.889925 0.236940
vt 0.891791 0.240672
vt 0.884328 0.240672
vt 0.891791 0.248134
vt 0.882463 0.251866
vt 0.882463 0.244403
vt 0.889925 0.251866
vt 0.891791 0.255597
vt 0.884328 0.255597
vt 0.891791 0.263060
vt 0.882463 0.266791
vt 0.882463 0.259328
vt 0.889925 0.266791
vt 0.891791 0.270522
vt 0.884328 0.270522
vt 0.891791 0.277985
vt 0.882463 0.281716
vt 0.882463 0.274254
vt 0.889925 0.281716
vt 0.891791 0.285448
vt 0.884328 0.285448
vt 0.891791 0.292910
vt 0.882463 0.296642
vt 0.882463 0.289179
vt 0.889925 0.296642
vt 0.891791 0.300373
vt 0.884328 0.300373
vt 0.891791 0.307836
vt 0.882463 0.311567
vt 0.882463 0.304104
vt 0.889925 0.311567
vt 0.891791 0.315298
vt 0.884328 0.315298
vt 0.891791 0.322761
vt 0.882463 0.326493
vt 0.882463 0.319030
vt 0.889925 0.326493
vt 0.891791 0.330224
vt 0.884328 0.330224
vt 0.891791 0.337687
vt 0.882463 0.341418
vt 0.882463 0.333955
vt 0.889925 0.341418
vt 0.891791 0.345149
vt 0.884328 0.345149
vt 0.891791 0.352612
vt 0.882463 0.356343
vt 0.882463 0.348881
vt 0.889925 0.356343
vt 0.891791 0.360075
vt 0.884328 0.360075
vt 0.891791 0.367537
vt 0.882463 0.371269
vt 0.882463 0.363806
vt 0.889925 0.371269
vt 0.891791 0.375000
vt 0.884328 0.375000
vt 0.891791 0.382463
vt 0.882463 0.386194
vt 0.882463 0.378731
vt 0.889925 0.386194
vt 0.891791 0.389925
vt 0.884328 0.389925
vt 0.891791 0.397388
vt 0.882463 0.401119
vt 0.882463 0.393657
vt 0.889925 0.401119
vt 0.891791 0.404851
vt 0.884328 0.404851
vt 0.891791 0.412313
vt 0.882463 0.416045
vt 0.882463 0.408582
vt 0.889925 0.416045
vt 0.891791 0.419776
vt 0.884328 0.419776
vt 0.891791 0.427239
vt 0.882463 0.430970
vt 0.882463 0.423507
vt 0.889925 0.430970
vt 0.891791 0.434701
vt 0.884328 0.434701
vt 0.891791 0.442164
vt 0.882463 0.445896
vt 0.882463 0.438433
vt 0.889925 0.445896
vt 0.891791 0.449627
vt 0.884328 0.449627
vt 0.891791 0.457090
vt 0.882463 0.460821
vt 0.882463 0.453358
vt 0.889925 0.460821
vt 0.891791 0.464552
vt 0.884328 0.464552
vt 0.891791 0.472015
vt 0.882463 0.475746
vt 0.882463 0.468284
vt 0.889925 0.475746
vt 0.891791 0.479478
vt 0.884328 0.479478
vt 0.891791 0.486940
vt 0.882463 0.490672
vt 0.882463 0.483209
vt 0.889925 0.490672
vt 0.891791 0.494403
vt 0.884328 0.494403
vt 0.891791 0.501866
vt 0.882463 0.505597
vt 0.882463 0.498134
vt 0.889925 0.505597
vt 0.891791 0.509328
vt 0.884328 0.509328
vt 0.891791 0.516791
vt 0.882463 0.520522
vt 0.882463 0.513060
vt 0.889925 0.520522
vt 0.891791 0.524254
vt 0.884328 0.524254
vt 0.891791 0.531716
vt 0.882463 0.535448
vt 0.882463 0.527985
vt 0.889925 0.535448
vt 0.891791 0.539179
vt 0.884328 0.539179
vt 0.891791 0.546642
vt 0.882463 0.550373
vt 0.882463 0.542910
vt 0.889925 0.550373
vt 0.891791 0.554104
vt 0.884328 0.554104
vt 0.891791 0.561567
vt 0.882463 0.565298
vt 0.882463 0.557836
vt 0.889925 0.565298
vt 0.891791 0.569030
vt 0.884328 0.569030
vt 0.891791 0.576493
vt 0.882463 0.580224
vt 0.882463 0.572761
vt 0.889925 0.580224
vt 0.891791 0.583955
vt 0.884328 0.583955
vt 0.891791 0.591418
vt 0.882463 0.595149
vt 0.882463 0.587687
vt 0.889925 0.595149
vt 0.891791 0.598881
vt 0.884328 0.598881
vt 0.891791 0.606343
vt 0.882463 0.610075
vt 0.882463 0.602612
vt 0.889925 0.610075
vt 0.891791 0.613806
vt 0.884328 0.613806
vt 0.891791 0.621269
vt 0.882463 0.625000
vt 0.882463 0.617537
vt 0.889925 0.625000
vt 0.891791 0.628731
vt 0.884328 0.628731
vt 0.891791 0.636194
vt 0.882463 0.639925
vt 0.882463 0.632463
vt 0.889925 0.639925
vt 0.891791 0.643657
vt 0.884328 0.643657
vt 0.891791 0.651119
vt 0.882463 0.654851
vt 0.882463 0.647388
vt 0.889925 0.654851
vt 0.891791 0.658582
vt 0.884328 0.658582
vt 0.891791 0.666045
vt 0.882463 0.669776
vt 0.882463 0.662313
vt 0.889925 0.669776
vt 0.891791 0.673507
vt 0.884328 0.673507
vt 0.891791 0.680970
vt 0.882463 0.684702
vt 0.882463 0.677239
vt 0.889925 0.684702
vt 0.891791 0.688433
vt 0.884328 0.688433
vt 0.891791 0.695895
vt 0.882463 0.699627
vt 0.882463 0.692164
vt 0.889925 0.699627
vt 0.891791 0.703358
vt 0.884328 0.703358
vt 0.891791 0.710821
vt 0.882463 0.714552
vt 0.882463 0.707090
vt 0.889925 0.714552
vt 0.891791 0.718284
vt 0.884328 0.718284
vt 0.891791 0.725746
vt 0.882463 0.729478
vt 0.882463 0.722015
vt 0.889925 0.729478
vt 0.891791 0.733209
vt 0.884328 0.733209
vt 0.891791 0.740672
vt 0.882463 0.744403
vt 0.882463 0.736940
vt 0.889925 0.744403
vt 0.891791 0.748134
vt 0.884328 0.748134
vt 0.891791 0.755597
vt 0.882463 0.759328
vt 0.882463 0.751866
vt 0.889925 0.759328
vt 0.891791 0.763060
vt 0.884328 0.763060
vt 0.891791 0.770522
vt 0.882463 0.774254
vt 0.882463 0.766791
vt 0.889925 0.774254
vt 0.891791 0.777985
vt 0.884328 0.777985
vt 0.891791 0.785448
vt 0.882463 0.789179
vt 0.882463 0.781716
vt 0.889925 0.789179
vt 0.891791 0.792910
vt 0.884328 0.792910
vt 0.891791 0.800373
vt 0.882463 0.804104
vt 0.882463 0.796642
vt 0.889925 0.804104
vt 0.891791 0.807836
vt 0.884328 0.807836
vt 0.891791 0.815298
vt 0.882463 0.819030
vt 0.882463 0.811567
vt 0.889925 0.819030
vt 0.891791 0.822761
vt 0.884328 0.822761
vt 0.891791 0.830224
vt 0.882463 0.833955
vt 0.882463 0.826492
vt 0.889925 0.833955
vt 0.891791 0.837687
vt 0.884328 0.837687
vt 0.891791 0.845149
vt 0.882463 0.848881
vt 0.882463 0.841418
vt 0.889925 0.848881
vt 0.891791 0.852612
vt 0.884328 0.852612
vt 0.891791 0.860075
vt 0.882463 0.863806
vt 0.882463 0.856343
vt 0.889925 0.863806
vt 0.891791 0.867537
vt 0.884328 0.867537
vt 0.891791 0.875000
vt 0.882463 0.878731
vt 0.882463 0.871269
vt 0.889925 0.878731
vt 0.891791 0.882463
vt 0.884328 0.882463
vt 0.891791 0.889925
vt 0.882463 0.893657
vt 0.882463 0.886194
vt 0.889925 0.893657
vt 0.891791 0.897388
vt 0.884328 0.897388
vt 0.891791 0.904851
vt 0.882463 0.908582
vt 0.882463 0.901119
vt 0.889925 0.908582
vt 0.891791 0.912313
vt 0.884328 0.912313
vt 0.891791 0.919776
vt 0.882463 0.923507
vt 0.882463 0.916045
vt 0.889925 0.923507
vt 0.891791 0.927239
vt 0.884328 0.927239
vt 0.891791 0.934701
vt 0.882463 0.938433
vt 0.882463 0.930970
vt 0.889925 0.938433
vt 0.891791 0.942164
vt 0.884328 0.942164
vt 0.891791 0.949627
vt 0.882463 0.953358
vt 0.882463 0.945895
vt 0.889925 0.953358
vt 0.891791 0.957090
vt 0.884328 0.957090
vt 0.891791 0.964552
vt 0.882463 0.968284
vt 0.882463 0.960821
vt 0.889925 0.968284
vt 0.891791 0.972015
vt 0.884328 0.972015
vt 0.891791 0.979478
vt 0.882463 0.983209
vt 0.882463 0.975746
vt 0.889925 0.983209
vt 0.891791 0.986940
vt 0.884328 0.986940
vt 0.891791 0.994403
vt 0.882463 0.998134
vt 0.882463 0.990672
vt 0.889925 0.998134
vt 0.906716 0.001866
vt 0.899254 0.001866
vt 0.906716 0.009328
vt 0.897388 0.013060
vt 0.897388 0.005597
vt 0.904851 0.013060
vt 0.906716 0.016791
vt 0.899254 0.016791
vt 0.906716 0.024254
vt 0.897388 0.027985
vt 0.897388 0.020522
vt 0.904851 0.027985
vt 0.906716 0.031716
vt 0.899254 0.031716
vt 0.906716 0.039179
vt 0.897388 0.042910
vt 0.897388 0.035448
vt 0.904851 0.042910
vt 0.906716 0.046642
vt 0.899254 0.046642
vt 0.906716 0.054104
vt 0.897388 0.057836
vt 0.897388 0.050373
vt 0.904851 0.057836
vt 0.906716 0.061567
vt 0.899254 0.061567
vt 0.906716 0.069030
vt 0.897388 0.072761
vt 0.897388 0.065299
vt 0.904851 0.072761
vt 0.906716 0.076493
vt 0.899254 0.076493
vt 0.906716 0.083955
vt 0.897388 0.087687
vt 0.897388 0.080224
vt 0.904851 0.087687
vt 0.906716 0.091418
vt 0.899254 0.091418
vt 0.906716 0.098881
vt 0.897388 0.102612
vt 0.897388 0.095149
vt 0.904851 0.102612
vt 0.906716 0.106343
vt 0.899254 0.106343
vt 0.906716 0.113806
vt 0.897388 0.117537
vt 0.897388 0.110075
vt 0.904851 0.117537
vt 0.906716 0.121269
vt 0.899254 0.121269
vt 0.906716 0.128731
vt 0.897388 0.132463
vt 0.897388 0.125000
vt 0.904851 0.132463
vt 0.906716 0.136194
vt 0.899254 0.136194
vt 0.906716 0.143657
vt 0.897388 0.147388
vt 0.897388 0.139925
vt 0.904851 0.147388
vt 0.906716 0.151119
vt 0.899254 0.151119
vt 0.906716 0.158582
vt 0.897388 0.162313
vt 0.897388 0.154851
vt 0.904851 0.162313
vt 0.906716 0.166045
vt 0.899254 0.166045
vt 0.906716 0.173507
vt 0.897388 0.177239
vt 0.897388 0.169776
vt 0.904851 0.177239
vt 0.906716 0.180970
vt 0.899254 0.180970
vt 0.906716 0.188433
vt 0.897388 0.192164
vt 0.897388 0.184701
vt 0.904851 0.192164
vt 0.906716 0.195896
vt 0.899254 0.195896
vt 0.906716 0.203358
vt 0.897388 0.207090
vt 0.897388 0.199627
vt 0.904851 0.207090
vt 0.906716 0.210821
vt 0.899254 0.210821
vt 0.906716 0.218284
vt 0.897388 0.222015
vt 0.897388 0.214552
vt 0.904851 0.222015
vt 0.906716 0.225746
vt 0.899254 0.225746
vt 0.906716 0.233209
vt 0.897388 0.236940
vt 0.897388 0.229478
vt 0.904851 0.236940
vt 0.906716 0.240672
vt 0.899254 0.240672
vt 0.906716 0.248134
vt 0.897388 0.251866
vt 0.897388 0.244403
vt 0.904851 0.251866
vt 0.906716 0.255597
vt 0.899254 0.255597
vt 0.906716 0.263060
vt 0.897388 0.266791
vt 0.897388 0.259328
vt 0.904851 0.266791
vt 0.906716 0.270522
vt 0.899254 0.270522
vt 0.906716 0.277985
vt 0.897388 0.281716
vt 0.897388 0.274254
vt 0.904851 0.281716
vt 0.906716 0.285448
vt 0.899254 0.285448
vt 0.906716 0.292910
vt 0.897388 0.296642
vt 0.897388 0.289179
vt 0.904851 0.296642
vt 0.906716 0.300373
vt 0.899254 0.300373
vt 0.906716 0.307836
vt 0.897388 0.311567
vt 0.897388 0.304104
vt 0.904851 0.311567
vt 0.906716 0.315298
vt 0.899254 0.315298
vt 0.906716 0.322761
vt 0.897388 0.326493
vt 0.897388 0.319030
vt 0.904851 0.326493
vt 0.906716 0.330224
vt 0.899254 0.330224
vt 0.906716 0.337687
vt 0.897388 0.341418
vt 0.897388 0.333955
vt 0.904851 0.341418
vt 0.906716 0.345149
vt 0.899254 0.345149
vt 0.906716 0.352612
vt 0.897388 0.356343
vt 0.897388 0.348881
vt 0.904851 0.356343
vt 0.906716 0.360075
vt 0.899254 0.360075
vt 0.906716 0.367537
vt 0.897388 0.371269
vt 0.897388 0.363806
vt 0.904851 0.371269
vt 0.906716 0.375000
vt 0.899254 0.375000
vt 0.906716 0.382463
vt 0.897388 0.386194
vt 0.897388 0.378731
vt 0.904851 0.386194
vt 0.906716 0.389925
vt 0.899254 0.389925
vt 0.906716 0.397388
vt 0.897388 0.401119
vt 0.897388 0.393657
vt 0.904851 0.401119
vt 0.906716 0.404851
vt 0.899254 0.404851
vt 0.906716 0.412313
vt 0.897388 0.416045
vt 0.897388 0.408582
vt 0.904851 0.416045
vt 0.906716 0.419776
vt 0.899254 0.419776
vt 0.906716 0.427239
vt 0.897388 0.430970
vt 0.897388 0.423507
vt 0.904851 0.430970
vt 0.906716 0.434701
vt 0.899254 0.434701
vt 0.906716 0.442164
vt 0.897388 0.445896
vt 0.897388 0.438433
vt 0.904851 0.445896
vt 0.906716 0.449627
vt 0.899254 0.449627
vt 0.906716 0.457090
vt 0.897388 0.460821
vt 0.897388 0.453358
vt 0.904851 0.460821
vt 0.906716 0.464552
vt 0.899254 0.464552
vt 0.906716 0.472015
vt 0.897388 0.475746
vt 0.897388 0.468284
vt 0.904851 0.475746
vt 0.906716 0.479478
vt 0.899254 0.479478
vt 0.906716 0.486940
vt 0.897388 0.490672
vt 0.897388 0.483209
vt 0.904851 0.490672
vt 0.906716 0.494403
vt 0.899254 0.494403
vt 0.906716 0.501866
vt 0.897388 0.505597
vt 0.897388 0.498134
vt 0.904851 0.505597
vt 0.906716 0.509328
vt 0.899254 0.509328
vt 0.906716 0.516791
vt 0.897388 0.520522
vt 0.897388 0.513060
vt 0.904851 0.520522
vt 0.906716 0.524254
vt 0.899254 0.524254
vt 0.906716 0.531716
vt 0.897388 0.535448
vt 0.897388 0.527985
vt 0.904851 0.535448
vt 0.906716 0.539179
vt 0.899254 0.539179
vt 0.906716 0.546642
vt 0.897388 0.550373
vt 0.897388 0.542910
vt 0.904851 0.550373
vt 0.906716 0.554104
vt 0.899254 0.554104
vt 0.906716 0.561567
vt 0.897388 0.565298
vt 0.897388 0.557836
vt 0.904851 0.565298
vt 0.906716 0.569030
vt 0.899254 0.569030
vt 0.906716 0.576493
vt 0.897388 0.580224
vt 0.897388 0.572761
vt 0.904851 0.580224
vt 0.906716 0.583955
vt 0.899254 0.583955
vt 0.906716 0.591418
vt 0.897388 0.595149
vt 0.897388 0.587687
vt 0.904851 0.595149
vt 0.906716 0.598881
vt 0.899254 0.598881
vt 0.906716 0.606343
vt 0.897388 0.610075
vt 0.897388 0.602612
vt 0.904851 0.610075
vt 0.906716 0.613806
vt 0.899254 0.613806
vt 0.906716 0.621269
vt 0.897388 0.625000
vt 0.897388 0.617537
vt 0.904851 0.625000
vt 0.906716 0.628731
vt 0.899254 0.628731
vt 0.906716 0.636194
vt 0.897388 0.639925
vt 0.897388 0.632463
vt 0.904851 0.639925
vt 0.906716 0.643657
vt 0.899254 0.643657
vt 0.906716 0.651119
vt 0.897388 0.654851
vt 0.897388 0.647388
vt 0.904851 0.654851
vt 0.906716 0.658582
vt 0.899254 0.658582
vt 0.906716 0.666045
vt 0.897388 0.669776
vt 0.897388 0.662313
vt 0.904851 0.669776
vt 0.906716 0.673507
vt 0.899254 0.673507
vt 0.906716 0.680970
vt 0.897388 0.684702
vt 0.897388 0.677239
vt 0.904851 0.684702
vt 0.906716 0.688433
vt 0.899254 0.688433
vt 0.906716 0.695895
vt 0.897388 0.699627
vt 0.897388 0.692164
vt 0.904851 0.699627
vt 0.906716 0.703358
vt 0.899254 0.703358
vt 0.906716 0.710821
vt 0.897388 0.714552
vt 0.897388 0.707090
vt 0.904851 0.714552
vt 0.906716 0.718284
vt 0.899254 0.718284
vt 0.906716 0.725746
vt 0.897388 0.729478
vt 0.897388 0.722015
vt 0.904851 0.729478
vt 0.906716 0.733209
vt 0.899254 0.733209
vt 0.906716 0.740672
vt 0.897388 0.744403
vt 0.897388 0.736940
vt 0.904851 0.744403
vt 0.906716 0.748134
vt 0.899254 0.748134
vt 0.906716 0.755597
vt 0.897388 0.759328
vt 0.897388 0.751866
vt 0.904851 0.759328
vt 0.906716 0.763060
vt 0.899254 0.763060
vt 0.906716 0.770522
vt 0.897388 0.774254
vt 0.897388 0.766791
vt 0.904851 0.774254
vt 0.906716 0.777985
vt 0.899254 0.777985
vt 0.906716 0.785448
vt 0.897388 0.789179
vt 0.897388 0.781716
vt 0.904851 0.789179
vt 0.906716 0.792910
vt 0.899254 0.792910
vt 0.906716 0.800373
vt 0.897388 0.804104
vt 0.897388 0.796642
vt 0.904851 0.804104
vt 0.906716 0.807836
vt 0.899254 0.807836
vt 0.906716 0.815298
vt 0.897388 0.819030
vt 0.897388 0.811567
vt 0.904851 0.819030
vt 0.906716 0.822761
vt 0.899254 0.822761
vt 0.906716 0.830224
vt 0.897388 0.833955
vt 0.897388 0.826492
vt 0.904851 0.833955
vt 0.906716 0.837687
vt 0.899254 0.837687
vt 0.906716 0.845149
vt 0.897388 0.848881
vt 0.897388 0.841418
vt 0.904851 0.848881
vt 0.906716 0.852612
vt 0.899254 0.852612
vt 0.906716 0.860075
vt 0.897388 0.863806
vt 0.897388 0.856343
vt 0.904851 0.863806
vt 0.906716 0.867537
vt 0.899254 0.867537
vt 0.906716 0.875000
vt 0.897388 0.878731
vt 0.897388 0.871269
vt 0.904851 0.878731
vt 0.906716 0.882463
vt 0.899254 0.882463
vt 0.906716 0.889925
vt 0.897388 0.893657
vt 0.897388 0.886194
vt 0.904851 0.893657
vt 0.906716 0.897388
vt 0.899254 0.897388
vt 0.906716 0.904851
vt 0.897388 0.908582
vt 0.897388 0.901119
vt 0.904851 0.908582
vt 0.906716 0.912313
vt 0.899254 0.912313
vt 0.906716 0.919776
vt 0.897388 0.923507
vt 0.897388 0.916045
vt 0.904851 0.923507
vt 0.906716 0.927239
vt 0.899254 0.927239
vt 0.906716 0.934701
vt 0.897388 0.938433
vt 0.897388 0.930970
vt 0.904851 0.938433
vt 0.906716 0.942164
vt 0.899254 0.942164
vt 0.906716 0.949627
vt 0.897388 0.953358
vt 0.897388 0.945895
vt 0.904851 0.953358
vt 0.906716 0.957090
vt 0.899254 0.957090
vt 0.906716 0.964552
vt 0.897388 0.968284
vt 0.897388 0.960821
vt 0.904851 0.968284
vt 0.906716 0.972015
vt 0.899254 0.972015
vt 0.906716 0.979478
vt 0.897388 0.983209
vt 0.897388 0.975746
vt 0.904851 0.983209
vt 0.906716 0.986940
vt 0.899254 0.986940
vt 0.906716 0.994403
vt 0.897388 0.998134
vt 0.897388 0.990672
vt 0.904851 0.998134
vt 0.921642 0.001866
vt 0.914179 0.001866
vt 0.921642 0.009328
vt 0.912313 0.013060
vt 0.912313 0.005597
vt 0.919776 0.013060
vt 0.921642 0.016791
vt 0.914179 0.016791
vt 0.921642 0.024254
vt 0.912313 0.027985
vt 0.912313 0.020522
vt 0.919776 0.027985
vt 0.921642 0.031716
vt 0.914179 0.031716
vt 0.921642 0.039179
vt 0.912313 0.042910
vt 0.912313 0.035448
vt 0.919776 0.042910
vt 0.921642 0.046642
vt 0.914179 0.046642
vt 0.921642 0.054104
vt 0.912313 0.057836
vt 0.912313 0.050373
vt 0.919776 0.057836
vt 0.921642 0.061567
vt 0.914179 0.061567
vt 0.921642 0.069030
vt 0.912313 0.072761
vt 0.912313 0.065299
vt 0.919776 0.072761
vt 0.921642 0.076493
vt 0.914179 0.076493
vt 0.921642 0.083955
vt 0.912313 0.087687
vt 0.912313 0.080224
vt 0.919776 0.087687
vt 0.921642 0.091418
vt 0.914179 0.091418
vt 0.921642 0.098881
vt 0.912313 0.102612
vt 0.912313 0.095149
vt 0.919776 0.102612
vt 0.921642 0.106343
vt 0.914179 0.106343
vt 0.921642 0.113806
vt 0.912313 0.117537
vt 0.912313 0.110075
vt 0.919776 0.117537
vt 0.921642 0.121269
vt 0.914179 0.121269
vt 0.921642 0.128731
vt 0.912313 0.132463
vt 0.912313 0.125000
vt 0.919776 0.132463
vt 0.921642 0.136194
vt 0.914179 0.136194
vt 0.921642 0.143657
vt 0.912313 0.147388
vt 0.912313 0.139925
vt 0.919776 0.147388
vt 0.921642 0.151119
vt 0.914179 0.151119
vt 0.921642 0.158582
vt 0.912313 0.162313
vt 0.912313 0.154851
vt 0.919776 0.162313
vt 0.921642 0.166045
vt 0.914179 0.166045
vt 0.921642 0.173507
vt 0.912313 0.177239
vt 0.912313 0.169776
vt 0.919776 0.177239
vt 0.921642 0.180970
vt 0.914179 0.180970
vt 0.921642 0.188433
vt 0.912313 0.192164
vt 0.912313 0.184701
vt 0.919776 0.192164
vt 0.921642 0.195896
vt 0.914179 0.195896
vt 0.921642 0.203358
vt 0.912313 0.207090
vt 0.912313 0.199627
vt 0.919776 0.207090
vt 0.921642 0.210821
vt 0.914179 0.210821
vt 0.921642 0.218284
vt 0.912313 0.222015
vt 0.912313 0.214552
vt 0.919776 0.222015
vt 0.921642 0.225746
vt 0.914179 0.225746
vt 0.921642 0.233209
vt 0.912313 0.236940
vt 0.912313 0.229478
vt 0.919776 0.236940
vt 0.921642 0.240672
vt 0.914179 0.240672
vt 0.921642 0.248134
vt 0.912313 0.251866
vt 0.912313 0.244403
vt 0.919776 0.251866
vt 0.921642 0.255597
vt 0.914179 0.255597
vt 0.921642 0.263060
vt 0.912313 0.266791
vt 0.912313 0.259328
vt 0.919776 0.266791
vt 0.921642 0.270522
vt 0.914179 0.270522
vt 0.921642 0.277985
vt 0.912313 0.281716
vt 0.912313 0.274254
vt 0.919776 0.281716
vt 0.921642 0.285448
vt 0.914179 0.285448
vt 0.921642 0.292910
vt 0.912313 0.296642
vt 0.912313 0.289179
vt 0.919776 0.296642
vt 0.921642 0.300373
vt 0.914179 0.300373
vt 0.921642 0.307836
vt 0.912313 0.311567
vt 0.912313 0.304104
vt 0.919776 0.311567
vt 0.921642 0.315298
vt 0.914179 0.315298
vt 0.921642 0.322761
vt 0.912313 0.326493
vt 0.912313 0.319030
vt 0.919776 0.326493
vt 0.921642 0.330224
vt 0.914179 0.330224
vt 0.921642 0.337687
vt 0.912313 0.341418
vt 0.912313 0.333955
vt 0.919776 0.341418
vt 0.921642 0.345149
vt 0.914179 0.345149
vt 0.921642 0.352612
vt 0.912313 0.356343
vt 0.912313 0.348881
vt 0.919776 0.356343
vt 0.921642 0.360075
vt 0.914179 0.360075
vt 0.921642 0.367537
vt 0.912313 0.371269
vt 0.912313 0.363806
vt 0.919776 0.371269
vt 0.921642 0.375000
vt 0.914179 0.375000
vt 0.921642 0.382463
vt 0.912313 0.386194
vt 0.912313 0.378731
vt 0.919776 0.386194
vt 0.921642 0.389925
vt 0.914179 0.389925
vt 0.921642 0.397388
vt 0.912313 0.401119
vt 0.912313 0.393657
vt 0.919776 0.401119
vt 0.921642 0.404851
vt 0.914179 0.404851
vt 0.921642 0.412313
vt 0.912313 0.416045
vt 0.912313 0.408582
vt 0.919776 0.416045
vt 0.921642 0.419776
vt 0.914179 0.419776
vt 0.921642 0.427239
vt 0.912313 0.430970
vt 0.912313 0.423507
vt 0.919776 0.430970
vt 0.921642 0.434701
vt 0.914179 0.434701
vt 0.921642 0.442164
vt 0.912313 0.445896
vt 0.912313 0.438433
vt 0.919776 0.445896
vt 0.921642 0.449627
vt 0.914179 0.449627
vt 0.921642 0.457090
vt 0.912313 0.460821
vt 0.912313 0.453358
vt 0.919776 0.460821
vt 0.921642 0.464552
vt 0.914179 0.464552
vt 0.921642 0.472015
vt 0.912313 0.475746
vt 0.912313 0.468284
vt 0.919776 0.475746
vt 0.921642 0.479478
vt 0.914179 0.479478
vt 0.921642 0.486940
vt 0.912313 0.490672
vt 0.912313 0.483209
vt 0.919776 0.490672
vt 0.921642 0.494403
vt 0.914179 0.494403
vt 0.921642 0.501866
vt 0.912313 0.505597
vt 0.912313 0.498134
vt 0.919776 0.505597
vt 0.921642 0.509328
vt 0.914179 0.509328
vt 0.921642 0.516791
vt 0.912313 0.520522
vt 0.912313 0.513060
vt 0.919776 0.520522
vt 0.921642 0.524254
vt 0.914179 0.524254
vt 0.921642 0.531716
vt 0.912313 0.535448
vt 0.912313 0.527985
vt 0.919776 0.535448
vt 0.921642 0.539179
vt 0.914179 0.539179
vt 0.921642 0.546642
vt 0.912313 0.550373
vt 0.912313 0.542910
vt 0.919776 0.550373
vt 0.921642 0.554104
vt 0.914179 0.554104
vt 0.921642 0.561567
vt 0.912313 0.565298
vt 0.912313 0.557836
vt 0.919776 0.565298
vt 0.921642 0.569030
vt 0.914179 0.569030
vt 0.921642 0.576493
vt 0.912313 0.580224
vt 0.912313 0.572761
vt 0.919776 0.580224
vt 0.921642 0.583955
vt 0.914179 0.583955
vt 0.921642 0.591418
vt 0.912313 0.595149
vt 0.912313 0.587687
vt 0.919776 0.595149
vt 0.921642 0.598881
vt 0.914179 0.598881
vt 0.921642 0.606343
vt 0.912313 0.610075
vt 0.912313 0.602612
vt 0.919776 0.610075
vt 0.921642 0.613806
vt 0.914179 0.613806
vt 0.921642 0.621269
vt 0.912313 0.625000
vt 0.912313 0.617537
vt 0.919776 0.625000
vt 0.921642 0.628731
vt 0.914179 0.628731
vt 0.921642 0.636194
vt 0.912313 0.639925
vt 0.912313 0.632463
vt 0.919776 0.639925
vt 0.921642 0.643657
vt 0.914179 0.643657
vt 0.921642 0.651119
vt 0.912313 0.654851
vt 0.912313 0.647388
vt 0.919776 0.654851
vt 0.921642 0.658582
vt 0.914179 0.658582
vt 0.921642 0.666045
vt 0.912313 0.669776
vt 0.912313 0.662313
vt 0.919776 0.669776
vt 0.921642 0.673507
vt 0.914179 0.673507
vt 0.921642 0.680970
vt 0.912313 0.684702
vt 0.912313 0.677239
vt 0.919776 0.684702
vt 0.921642 0.688433
vt 0.914179 0.688433
vt 0.921642 0.695895
vt 0.912313 0.699627
vt 0.912313 0.692164
vt 0.919776 0.699627
vt 0.921642 0.703358
vt 0.914179 0.703358
vt 0.921642 0.710821
vt 0.912313 0.714552
vt 0.912313 0.707090
vt 0.919776 0.714552
vt 0.921642 0.718284
vt 0.914179 0.718284
vt 0.921642 0.725746
vt 0.912313 0.729478
vt 0.912313 0.722015
vt 0.919776 0.729478
vt 0.921642 0.733209
vt 0.914179 0.733209
vt 0.921642 0.740672
vt 0.912313 0.744403
vt 0.912313 0.736940
vt 0.919776 0.744403
vt 0.921642 0.748134
vt 0.914179 0.748134
vt 0.921642 0.755597
vt 0.912313 0.759328
vt 0.912313 0.751866
vt 0.919776 0.759328
vt 0.921642 0.763060
vt 0.914179 0.763060
vt 0.921642 0.770522
vt 0.912313 0.774254
vt 0.912313 0.766791
vt 0.919776 0.774254
vt 0.921642 0.777985
vt 0.914179 0.777985
vt 0.921642 0.785448
vt 0.912313 0.789179
vt 0.912313 0.781716
vt 0.919776 0.789179
vt 0.921642 0.792910
vt 0.914179 0.792910
vt 0.921642 0.800373
vt 0.912313 0.804104
vt 0.912313 0.796642
vt 0.919776 0.804104
vt 0.921642 0.807836
vt 0.914179 0.807836
vt 0.921642 0.815298
vt 0.912313 0.819030
vt 0.912313 0.811567
vt 0.919776 0.819030
vt 0.921642 0.822761
vt 0.914179 0.822761
vt 0.921642 0.830224
vt 0.912313 0.833955
vt 0.912313 0.826492
vt 0.919776 0.833955
vt 0.921642 0.837687
vt 0.914179 0.837687
vt 0.921642 0.845149
vt 0.912313 0.848881
vt 0.912313 0.841418
vt 0.919776 0.848881
vt 0.921642 0.852612
vt 0.914179 0.852612
vt 0.921642 0.860075
vt 0.912313 0.863806
vt 0.912313 0.856343
vt 0.919776 0.863806
vt 0.921642 0.867537
vt 0.914179 0.867537
vt 0.921642 0.875000
vt 0.912313 0.878731
vt 0.912313 0.871269
vt 0.919776 0.878731
vt 0.921642 0.882463
vt 0.914179 0.882463
vt 0.921642 0.889925
vt 0.912313 0.893657
vt 0.912313 0.886194
vt 0.919776 0.893657
vt 0.921642 0.897388
vt 0.914179 0.897388
vt 0.921642 0.904851
vt 0.912313 0.908582
vt 0.912313 0.901119
vt 0.919776 0.908582
vt 0.921642 0.912313
vt 0.914179 0.912313
vt 0.921642 0.919776
vt 0.912313 0.923507
vt 0.912313 0.916045
vt 0.919776 0.923507
vt 0.921642 0.927239
vt 0.914179 0.927239
vt 0.921642 0.934701
vt 0.912313 0.938433
vt 0.912313 0.930970
vt 0.919776 0.938433
vt 0.921642 0.942164
vt 0.914179 0.942164
vt 0.921642 0.949627
vt 0.912313 0.953358
vt 0.912313 0.945895
vt 0.919776 0.953358
vt 0.921642 0.957090
vt 0.914179 0.957090
vt 0.921642 0.964552
vt 0.912313 0.968284
vt 0.912313 0.960821
vt 0.919776 0.968284
vt 0.921642 0.972015
vt 0.914179 0.972015
vt 0.921642 0.979478
vt 0.912313 0.983209
vt 0.912313 0.975746
vt 0.919776 0.983209
vt 0.921642 0.986940
vt 0.914179 0.986940
vt 0.921642 0.994403
vt 0.912313 0.998134
vt 0.912313 0.990672
vt 0.919776 0.998134
vt 0.936567 0.001866
vt 0.929104 0.001866
vt 0.936567 0.009328
vt 0.927239 0.013060
vt 0.927239 0.005597
vt 0.934701 0.013060
vt 0.936567 0.016791
vt 0.929104 0.016791
vt 0.936567 0.024254
vt 0.927239 0.027985
vt 0.927239 0.020522
vt 0.934701 0.027985
vt 0.936567 0.031716
vt 0.929104 0.031716
vt 0.936567 0.039179
vt 0.927239 0.042910
vt 0.927239 0.035448
vt 0.934701 0.042910
vt 0.936567 0.046642
vt 0.929104 0.046642
vt 0.936567 0.054104
vt 0.927239 0.057836
vt 0.927239 0.050373
vt 0.934701 0.057836
vt 0.936567 0.061567
vt 0.929104 0.061567
vt 0.936567 0.069030
vt 0.927239 0.072761
vt 0.927239 0.065299
vt 0.934701 0.072761
vt 0.936567 0.076493
vt 0.929104 0.076493
vt 0.936567 0.083955
vt 0.927239 0.087687
vt 0.927239 0.080224
vt 0.934701 0.087687
vt 0.936567 0.091418
vt 0.929104 0.091418
vt 0.936567 0.098881
vt 0.927239 0.102612
vt 0.927239 0.095149
vt 0.934701 0.102612
vt 0.936567 0.106343
vt 0.929104 0.106343
vt 0.936567 0.113806
vt 0.927239 0.117537
vt 0.927239 0.110075
vt 0.934701 0.117537
vt 0.936567 0.121269
vt 0.929104 0.121269
vt 0.936567 0.128731
vt 0.927239 0.132463
vt 0.927239 0.125000
vt 0.934701 0.132463
vt 0.936567 0.136194
vt 0.929104 0.136194
vt 0.936567 0.143657
vt 0.927239 0.147388
vt 0.927239 0.139925
vt 0.934701 0.147388
vt 0.936567 0.151119
vt 0.929104 0.151119
vt 0.936567 0.158582
vt 0.927239 0.162313
vt 0.927239 0.154851
vt 0.934701 0.162313
vt 0.936567 0.166045
vt 0.929104 0.166045
vt 0.936567 0.173507
vt 0.927239 0.177239
vt 0.927239 0.169776
vt 0.934701 0.177239
vt 0.936567 0.180970
vt 0.929104 0.180970
vt 0.936567 0.188433
vt 0.927239 0.192164
vt 0.927239 0.184701
vt 0.934701 0.192164
vt 0.936567 0.195896
vt 0.929104 0.195896
vt 0.936567 0.203358
vt 0.927239 0.207090
vt 0.927239 0.199627
vt 0.934701 0.207090
vt 0.936567 0.210821
vt 0.929104 0.210821
vt 0.936567 0.218284
vt 0.927239 0.222015
vt 0.927239 0.214552
vt 0.934701 0.222015
vt 0.936567 0.225746
vt 0.929104 0.225746
vt 0.936567 0.233209
vt 0.927239 0.236940
vt 0.927239 0.229478
vt 0.934701 0.236940
vt 0.936567 0.240672
vt 0.929104 0.240672
vt 0.936567 0.248134
vt 0.927239 0.251866
vt 0.927239 0.244403
vt 0.934701 0.251866
vt 0.936567 0.255597
vt 0.929104 0.255597
vt 0.936567 0.263060
vt 0.927239 0.266791
vt 0.927239 0.259328
vt 0.934701 0.266791
vt 0.936567 0.270522
vt 0.929104 0.270522
vt 0.936567 0.277985
vt 0.927239 0.281716
vt 0.927239 0.274254
vt 0.934701 0.281716
vt 0.936567 0.285448
vt 0.929104 0.285448
vt 0.936567 0.292910
vt 0.927239 0.296642
vt 0.927239 0.289179
vt 0.934701 0.296642
vt 0.936567 0.300373
vt 0.929104 0.300373
vt 0.936567 0.307836
vt 0.927239 0.311567
vt 0.927239 0.304104
vt 0.934701 0.311567
vt 0.936567 0.315298
vt 0.929104 0.315298
vt 0.936567 0.322761
vt 0.927239 0.326493
vt 0.927239 0.319030
vt 0.934701 0.326493
vt 0.936567 0.330224
vt 0.929104 0.330224
vt 0.936567 0.337687
vt 0.927239 0.341418
vt 0.927239 0.333955
vt 0.934701 0.341418
vt 0.936567 0.345149
vt 0.929104 0.345149
vt 0.936567 0.352612
vt 0.927239 0.356343
vt 0.927239 0.348881
vt 0.934701 0.356343
vt 0.936567 0.360075
vt 0.929104 0.360075
vt 0.936567 0.367537
vt 0.927239 0.371269
vt 0.927239 0.363806
vt 0.934701 0.371269
vt 0.936567 0.375000
vt 0.929104 0.375000
vt 0.936567 0.382463
vt 0.927239 0.386194
vt 0.927239 0.378731
vt 0.934701 0.386194
vt 0.936567 0.389925
vt 0.929104 0.389925
vt 0.936567 0.397388
vt 0.927239 0.401119
vt 0.927239 0.393657
vt 0.934701 0.401119
vt 0.936567 0.404851
vt 0.929104 0.404851
vt 0.936567 0.412313
vt 0.927239 0.416045
vt 0.927239 0.408582
vt 0.934701 0.416045
vt 0.936567 0.419776
vt 0.929104 0.419776
vt 0.936567 0.427239
vt 0.927239 0.430970
vt 0.927239 0.423507
vt 0.934701 0.430970
vt 0.936567 0.434701
vt 0.929104 0.434701
vt 0.936567 0.442164
vt 0.927239 0.445896
vt 0.927239 0.438433
vt 0.934701 0.445896
vt 0.936567 0.449627
vt 0.929104 0.449627
vt 0.936567 0.457090
vt 0.927239 0.460821
vt 0.927239 0.453358
vt 0.934701 0.460821
vt 0.936567 0.464552
vt 0.929104 0.464552
vt 0.936567 0.472015
vt 0.927239 0.475746
vt 0.927239 0.468284
vt 0.934701 0.475746
vt 0.936567 0.479478
vt 0.929104 0.479478
vt 0.936567 0.486940
vt 0.927239 0.490672
vt 0.927239 0.483209
vt 0.934701 0.490672
vt 0.936567 0.494403
vt 0.929104 0.494403
vt 0.936567 0.501866
vt 0.927239 0.505597
vt 0.927239 0.498134
vt 0.934701 0.505597
vt 0.936567 0.509328
vt 0.929104 0.509328
vt 0.936567 0.516791
vt 0.927239 0.520522
vt 0.927239 0.513060
vt 0.934701 0.520522
vt 0.936567 0.524254
vt 0.929104 0.524254
vt 0.936567 0.531716
vt 0.927239 0.535448
vt 0.927239 0.527985
vt 0.934701 0.535448
vt 0.936567 0.539179
vt 0.929104 0.539179
vt 0.936567 0.546642
vt 0.927239 0.550373
vt 0.927239 0.542910
vt 0.934701 0.550373
vt 0.936567 0.554104
vt 0.929104 0.554104
vt 0.936567 0.561567
vt 0.927239 0.565298
vt 0.927239 0.557836
vt 0.934701 0.565298
vt 0.936567 0.569030
vt 0.929104 0.569030
vt 0.936567 0.576493
vt 0.927239 0.580224
vt 0.927239 0.572761
vt 0.934701 0.580224
vt 0.936567 0.583955
vt 0.929104 0.583955
vt 0.936567 0.591418
vt 0.927239 0.595149
vt 0.927239 0.587687
vt 0.934701 0.595149
vt 0.936567 0.598881
vt 0.929104 0.598881
vt 0.936567 0.606343
vt 0.927239 0.610075
vt 0.927239 0.602612
vt 0.934701 0.610075
vt 0.936567 0.613806
vt 0.929104 0.613806
vt 0.936567 0.621269
vt 0.927239 0.625000
vt 0.927239 0.617537
vt 0.934701 0.625000
vt 0.936567 0.628731
vt 0.929104 0.628731
vt 0.936567 0.636194
vt 0.927239 0.639925
vt 0.927239 0.632463
vt 0.934701 0.639925
vt 0.936567 0.643657
vt 0.929104 0.643657
vt 0.936567 0.651119
vt 0.927239 0.654851
vt 0.927239 0.647388
vt 0.934701 0.654851
vt 0.936567 0.658582
vt 0.929104 0.658582
vt 0.936567 0.666045
vt 0.927239 0.669776
vt 0.927239 0.662313
vt 0.934701 0.669776
vt 0.936567 0.673507
vt 0.929104 0.673507
vt 0.936567 0.680970
vt 0.927239 0.684702
vt 0.927239 0.677239
vt 0.934701 0.684702
vt 0.936567 0.688433
vt 0.929104 0.688433
vt 0.936567 0.695895
vt 0.927239 0.699627
vt 0.927239 0.692164
vt 0.934701 0.699627
vt 0.936567 0.703358
vt 0.929104 0.703358
vt 0.936567 0.710821
vt 0.927239 0.714552
vt 0.927239 0.707090
vt 0.934701 0.714552
vt 0.936567 0.718284
vt 0.929104 0.718284
vt 0.936567 0.725746
vt 0.927239 0.729478
vt 0.927239 0.722015
vt 0.934701 0.729478
vt 0.936567 0.733209
vt 0.929104 0.733209
vt 0.936567 0.740672
vt 0.927239 0.744403
vt 0.927239 0.736940
vt 0.934701 0.744403
vt 0.936567 0.748134
vt 0.929104 0.748134
vt 0.936567 0.755597
vt 0.927239 0.759328
vt 0.927239 0.751866
vt 0.934701 0.759328
vt 0.936567 0.763060
vt 0.929104 0.763060
vt 0.936567 0.770522
vt 0.927239 0.774254
vt 0.927239 0.766791
vt 0.934701 0.774254
vt 0.936567 0.777985
vt 0.929104 0.777985
vt 0.936567 0.785448
vt 0.927239 0.789179
vt 0.927239 0.781716
vt 0.934701 0.789179
vt 0.936567 0.792910
vt 0.929104 0.792910
vt 0.936567 0.800373
vt 0.927239 0.804104
vt 0.927239 0.796642
vt 0.934701 0.804104
vt 0.936567 0.807836
vt 0.929104 0.807836
vt 0.936567 0.815298
vt 0.927239 0.819030
vt 0.927239 0.811567
vt 0.934701 0.819030
vt 0.936567 0.822761
vt 0.929104 0.822761
vt 0.936567 0.830224
vt 0.927239 0.833955
vt 0.927239 0.826492
vt 0.934701 0.833955
vt 0.936567 0.837687
vt 0.929104 0.837687
vt 0.936567 0.845149
vt 0.927239 0.848881
vt 0.927239 0.841418
vt 0.934701 0.848881
vt 0.936567 0.852612
vt 0.929104 0.852612
vt 0.936567 0.860075
vt 0.927239 0.863806
vt 0.927239 0.856343
vt 0.934701 0.863806
vt 0.936567 0.867537
vt 0.929104 0.867537
vt 0.936567 0.875000
vt 0.927239 0.878731
vt 0.927239 0.871269
vt 0.934701 0.878731
vt 0.936567 0.882463
vt 0.929104 0.882463
vt 0.936567 0.889925
vt 0.927239 0.893657
vt 0.927239 0.886194
vt 0.934701 0.893657
vt 0.936567 0.897388
vt 0.929104 0.897388
vt 0.936567 0.904851
vt 0.927239 0.908582
vt 0.927239 0.901119
vt 0.934701 0.908582
vt 0.936567 0.912313
vt 0.929104 0.912313
vt 0.936567 0.919776
vt 0.927239 0.923507
vt 0.927239 0.916045
vt 0.934701 0.923507
vt 0.936567 0.927239
vt 0.929104 0.927239
vt 0.936567 0.934701
vt 0.927239 0.938433
vt 0.927239 0.930970
vt 0.934701 0.938433
vt 0.936567 0.942164
vt 0.929104 0.942164
vt 0.936567 0.949627
vt 0.927239 0.953358
vt 0.927239 0.945895
vt 0.934701 0.953358
vt 0.936567 0.957090
vt 0.929104 0.957090
vt 0.936567 0.964552
vt 0.927239 0.968284
vt 0.927239 0.960821
vt 0.934701 0.968284
vt 0.936567 0.972015
vt 0.929104 0.972015
vt 0.936567 0.979478
vt 0.927239 0.983209
vt 0.927239 0.975746
vt 0.934701 0.983209
vt 0.936567 0.986940
vt 0.929104 0.986940
vt 0.936567 0.994403
vt 0.927239 0.998134
vt 0.927239 0.990672
vt 0.934701 0.998134
vt 0.951492 0.001866
vt 0.944030 0.001866
vt 0.951492 0.009328
vt 0.942164 0.013060
vt 0.942164 0.005597
vt 0.949627 0.013060
vt 0.951492 0.016791
vt 0.944030 0.016791
vt 0.951492 0.024254
vt 0.942164 0.027985
vt 0.942164 0.020522
vt 0.949627 0.027985
vt 0.951492 0.031716
vt 0.944030 0.031716
vt 0.951492 0.039179
vt 0.942164 0.042910
vt 0.942164 0.035448
vt 0.949627 0.042910
vt 0.951492 0.046642
vt 0.944030 0.046642
vt 0.951492 0.054104
vt 0.942164 0.057836
vt 0.942164 0.050373
vt 0.949627 0.057836
vt 0.951492 0.061567
vt 0.944030 0.061567
vt 0.951492 0.069030
vt 0.942164 0.072761
vt 0.942164 0.065299
vt 0.949627 0.072761
vt 0.951492 0.076493
vt 0.944030 0.076493
vt 0.951492 0.083955
vt 0.942164 0.087687
vt 0.942164 0.080224
vt 0.949627 0.087687
vt 0.951492 0.091418
vt 0.944030 0.091418
vt 0.951492 0.098881
vt 0.942164 0.102612
vt 0.942164 0.095149
vt 0.949627 0.102612
vt 0.951492 0.106343
vt 0.944030 0.106343
vt 0.951492 0.113806
vt 0.942164 0.117537
vt 0.942164 0.110075
vt 0.949627 0.117537
vt 0.951492 0.121269
vt 0.944030 0.121269
vt 0.951492 0.128731
vt 0.942164 0.132463
vt 0.942164 0.125000
vt 0.949627 0.132463
vt 0.951492 0.136194
vt 0.944030 0.136194
vt 0.951492 0.143657
vt 0.942164 0.147388
vt 0.942164 0.139925
vt 0.949627 0.147388
vt 0.951492 0.151119
vt 0.944030 0.151119
vt 0.951492 0.158582
vt 0.942164 0.162313
vt 0.942164 0.154851
vt 0.949627 0.162313
vt 0.951492 0.166045
vt 0.944030 0.166045
vt 0.951492 0.173507
vt 0.942164 0.177239
vt 0.942164 0.169776
vt 0.949627 0.177239
vt 0.951492 0.180970
vt 0.944030 0.180970
vt 0.951492 0.188433
vt 0.942164 0.192164
vt 0.942164 0.184701
vt 0.949627 0.192164
vt 0.951492 0.195896
vt 0.944030 0.195896
vt 0.951492 0.203358
vt 0.942164 0.207090
vt 0.942164 0.199627
vt 0.949627 0.207090
vt 0.951492 0.210821
vt 0.944030 0.210821
vt 0.951492 0.218284
vt 0.942164 0.222015
vt 0.942164 0.214552
vt 0.949627 0.222015
vt 0.951492 0.225746
vt 0.944030 0.225746
vt 0.951492 0.233209
vt 0.942164 0.236940
vt 0.942164 0.229478
vt 0.949627 0.236940
vt 0.951492 0.240672
vt 0.944030 0.240672
vt 0.951492 0.248134
vt 0.942164 0.251866
vt 0.942164 0.244403
vt 0.949627 0.251866
vt 0.951492 0.255597
vt 0.944030 0.255597
vt 0.951492 0.263060
vt 0.942164 0.266791
vt 0.942164 0.259328
vt 0.949627 0.266791
vt 0.951492 0.270522
vt 0.944030 0.270522
vt 0.951492 0.277985
vt 0.942164 0.281716
vt 0.942164 0.274254
vt 0.949627 0.281716
vt 0.951492 0.285448
vt 0.944030 0.285448
vt 0.951492 0.292910
vt 0.942164 0.296642
vt 0.942164 0.289179
vt 0.949627 0.296642
vt 0.951492 0.300373
vt 0.944030 0.300373
vt 0.951492 0.307836
vt 0.942164 0.311567
vt 0.942164 0.304104
vt 0.949627 0.311567
vt 0.951492 0.315298
vt 0.944030 0.315298
vt 0.951492 0.322761
vt 0.942164 0.326493
vt 0.942164 0.319030
vt 0.949627 0.326493
vt 0.951492 0.330224
vt 0.944030 0.330224
vt 0.951492 0.337687
vt 0.942164 0.341418
vt 0.942164 0.333955
vt 0.949627 0.341418
vt 0.951492 0.345149
vt 0.944030 0.345149
vt 0.951492 0.352612
vt 0.942164 0.356343
vt 0.942164 0.348881
vt 0.949627 0.356343
vt 0.951492 0.360075
vt 0.944030 0.360075
vt 0.951492 0.367537
vt 0.942164 0.371269
vt 0.942164 0.363806
vt 0.949627 0.371269
vt 0.951492 0.375000
vt 0.944030 0.375000
vt 0.951492 0.382463
vt 0.942164 0.386194
vt 0.942164 0.378731
vt 0.949627 0.386194
vt 0.951492 0.389925
vt 0.944030 0.389925
vt 0.951492 0.397388
vt 0.942164 0.401119
vt 0.942164 0.393657
vt 0.949627 0.401119
vt 0.951492 0.404851
vt 0.944030 0.404851
vt 0.951492 0.412313
vt 0.942164 0.416045
vt 0.942164 0.408582
vt 0.949627 0.416045
vt 0.951492 0.419776
vt 0.944030 0.419776
vt 0.951492 0.427239
vt 0.942164 0.430970
vt 0.942164 0.423507
vt 0.949627 0.430970
vt 0.951492 0.434701
vt 0.944030 0.434701
vt 0.951492 0.442164
vt 0.942164 0.445896
vt 0.942164 0.438433
vt 0.949627 0.445896
vt 0.951492 0.449627
vt 0.944030 0.449627
vt 0.951492 0.457090
vt 0.942164 0.460821
vt 0.942164 0.453358
vt 0.949627 0.460821
vt 0.951492 0.464552
vt 0.944030 0.464552
vt 0.951492 0.472015
vt 0.942164 0.475746
vt 0.942164 0.468284
vt 0.949627 0.475746
vt 0.951492 0.479478
vt 0.944030 0.479478
vt 0.951492 0.486940
vt 0.942164 0.490672
vt 0.942164 0.483209
vt 0.949627 0.490672
vt 0.951492 0.494403
vt 0.944030 0.494403
vt 0.951492 0.501866
vt 0.942164 0.505597
vt 0.942164 0.498134
vt 0.949627 0.505597
vt 0.951492 0.509328
vt 0.944030 0.509328
vt 0.951492 0.516791
vt 0.942164 0.520522
vt 0.942164 0.513060
vt 0.949627 0.520522
vt 0.951492 0.524254
vt 0.944030 0.524254
vt 0.951492 0.531716
vt 0.942164 0.535448
vt 0.942164 0.527985
vt 0.949627 0.535448
vt 0.951492 0.539179
vt 0.944030 0.539179
vt 0.951492 0.546642
vt 0.942164 0.550373
vt 0.942164 0.542910
vt 0.949627 0.550373
vt 0.951492 0.554104
vt 0.944030 0.554104
vt 0.951492 0.561567
vt 0.942164 0.565298
vt 0.942164 0.557836
vt 0.949627 0.565298
vt 0.951492 0.569030
vt 0.944030 0.569030
vt 0.951492 0.576493
vt 0.942164 0.580224
vt 0.942164 0.572761
vt 0.949627 0.580224
vt 0.951492 0.583955
vt 0.944030 0.583955
vt 0.951492 0.591418
vt 0.942164 0.595149
vt 0.942164 0.587687
vt 0.949627 0.595149
vt 0.951492 0.598881
vt 0.944030 0.598881
vt 0.951492 0.606343
vt 0.942164 0.610075
vt 0.942164 0.602612
vt 0.949627 0.610075
vt 0.951492 0.613806
vt 0.944030 0.613806
vt 0.951492 0.621269
vt 0.942164 0.625000
vt 0.942164 0.617537
vt 0.949627 0.625000
vt 0.951492 0.628731
vt 0.944030 0.628731
vt 0.951492 0.636194
vt 0.942164 0.639925
vt 0.942164 0.632463
vt 0.949627 0.639925
vt 0.951492 0.643657
vt 0.944030 0.643657
vt 0.951492 0.651119
vt 0.942164 0.654851
vt 0.942164 0.647388
vt 0.949627 0.654851
vt 0.951492 0.658582
vt 0.944030 0.658582
vt 0.951492 0.666045
vt 0.942164 0.669776
vt 0.942164 0.662313
vt 0.949627 0.669776
vt 0.951492 0.673507
vt 0.944030 0.673507
vt 0.951492 0.680970
vt 0.942164 0.684702
vt 0.942164 0.677239
vt 0.949627 0.684702
vt 0.951492 0.688433
vt 0.944030 0.688433
vt 0.951492 0.695895
vt 0.942164 0.699627
vt 0.942164 0.692164
vt 0.949627 0.699627
vt 0.951492 0.703358
vt 0.944030 0.703358
vt 0.951492 0.710821
vt 0.942164 0.714552
vt 0.942164 0.707090
vt 0.949627 0.714552
vt 0.951492 0.718284
vt 0.944030 0.718284
vt 0.951492 0.725746
vt 0.942164 0.729478
vt 0.942164 0.722015
vt 0.949627 0.729478
vt 0.951492 0.733209
vt 0.944030 0.733209
vt 0.951492 0.740672
vt 0.942164 0.744403
vt 0.942164 0.736940
vt 0.949627 0.744403
vt 0.951492 0.748134
vt 0.944030 0.748134
vt 0.951492 0.755597
vt 0.942164 0.759328
vt 0.942164 0.751866
vt 0.949627 0.759328
vt 0.951492 0.763060
vt 0.944030 0.763060
vt 0.951492 0.770522
vt 0.942164 0.774254
vt 0.942164 0.766791
vt 0.949627 0.774254
vt 0.951492 0.777985
vt 0.944030 0.777985
vt 0.951492 0.785448
vt 0.942164 0.789179
vt 0.942164 0.781716
vt 0.949627 0.789179
vt 0.951492 0.792910
vt 0.944030 0.792910
vt 0.951492 0.800373
vt 0.942164 0.804104
vt 0.942164 0.796642
vt 0.949627 0.804104
vt 0.951492 0.807836
vt 0.944030 0.807836
vt 0.951492 0.815298
vt 0.942164 0.819030
vt 0.942164 0.811567
vt 0.949627 0.819030
vt 0.951492 0.822761
vt 0.944030 0.822761
vt 0.951492 0.830224
vt 0.942164 0.833955
vt 0.942164 0.826492
vt 0.949627 0.833955
vt 0.951492 0.837687
vt 0.944030 0.837687
vt 0.951492 0.845149
vt 0.942164 0.848881
vt 0.942164 0.841418
vt 0.949627 0.848881
vt 0.951492 0.852612
vt 0.944030 0.852612
vt 0.951492 0.860075
vt 0.942164 0.863806
vt 0.942164 0.856343
vt 0.949627 0.863806
vt 0.951492 0.867537
vt 0.944030 0.867537
vt 0.951492 0.875000
vt 0.942164 0.878731
vt 0.942164 0.871269
vt 0.949627 0.878731
vt 0.951492 0.882463
vt 0.944030 0.882463
vt 0.951492 0.889925
vt 0.942164 0.893657
vt 0.942164 0.886194
vt 0.949627 0.893657
vt 0.951492 0.897388
vt 0.944030 0.897388
vt 0.951492 0.904851
vt 0.942164 0.908582
vt 0.942164 0.901119
vt 0.949627 0.908582
vt 0.951492 0.912313
vt 0.944030 0.912313
vt 0.951492 0.919776
vt 0.942164 0.923507
vt 0.942164 0.916045
vt 0.949627 0.923507
vt 0.951492 0.927239
vt 0.944030 0.927239
vt 0.951492 0.934701
vt 0.942164 0.938433
vt 0.942164 0.930970
vt 0.949627 0.938433
vt 0.951492 0.942164
vt 0.944030 0.942164
vt 0.951492 0.949627
vt 0.942164 0.953358
vt 0.942164 0.945895
vt 0.949627 0.953358
vt 0.951492 0.957090
vt 0.944030 0.957090
vt 0.951492 0.964552
vt 0.942164 0.968284
vt 0.942164 0.960821
vt 0.949627 0.968284
vt 0.951492 0.972015
vt 0.944030 0.972015
vt 0.951492 0.979478
vt 0.942164 0.983209
vt 0.942164 0.975746
vt 0.949627 0.983209
vt 0.951492 0.986940
vt 0.944030 0.986940
vt 0.951492 0.994403
vt 0.942164 0.998134
vt 0.942164 0.990672
vt 0.949627 0.998134
vt 0.966418 0.001866
vt 0.958955 0.001866
vt 0.966418 0.009328
vt 0.957090 0.013060
vt 0.957090 0.005597
vt 0.964552 0.013060
vt 0.966418 0.016791
vt 0.958955 0.016791
vt 0.966418 0.024254
vt 0.957090 0.027985
vt 0.957090 0.020522
vt 0.964552 0.027985
vt 0.966418 0.031716
vt 0.958955 0.031716
vt 0.966418 0.039179
vt 0.957090 0.042910
vt 0.957090 0.035448
vt 0.964552 0.042910
vt 0.966418 0.046642
vt 0.958955 0.046642
vt 0.966418 0.054104
vt 0.957090 0.057836
vt 0.957090 0.050373
vt 0.964552 0.057836
vt 0.966418 0.061567
vt 0.958955 0.061567
vt 0.966418 0.069030
vt 0.957090 0.072761
vt 0.957090 0.065299
vt 0.964552 0.072761
vt 0.966418 0.076493
vt 0.958955 0.076493
vt 0.966418 0.083955
vt 0.957090 0.087687
vt 0.957090 0.080224
vt 0.964552 0.087687
vt 0.966418 0.091418
vt 0.958955 0.091418
vt 0.966418 0.098881
vt 0.957090 0.102612
vt 0.957090 0.095149
vt 0.964552 0.102612
vt 0.966418 0.106343
vt 0.958955 0.106343
vt 0.966418 0.113806
vt 0.957090 0.117537
vt 0.957090 0.110075
vt 0.964552 0.117537
vt 0.966418 0.121269
vt 0.958955 0.121269
vt 0.966418 0.128731
vt 0.957090 0.132463
vt 0.957090 0.125000
vt 0.964552 0.132463
vt 0.966418 0.136194
vt 0.958955 0.136194
vt 0.966418 0.143657
vt 0.957090 0.147388
vt 0.957090 0.139925
vt 0.964552 0.147388
vt 0.966418 0.151119
vt 0.958955 0.151119
vt 0.966418 0.158582
vt 0.957090 0.162313
vt 0.957090 0.154851
vt 0.964552 0.162313
vt 0.966418 0.166045
vt 0.958955 0.166045
vt 0.966418 0.173507
vt 0.957090 0.177239
vt 0.957090 0.169776
vt 0.964552 0.177239
vt 0.966418 0.180970
vt 0.958955 0.180970
vt 0.966418 0.188433
vt 0.957090 0.192164
vt 0.957090 0.184701
vt 0.964552 0.192164
vt 0.966418 0.195896
vt 0.958955 0.195896
vt 0.966418 0.203358
vt 0.957090 0.207090
vt 0.957090 0.199627
vt 0.964552 0.207090
vt 0.966418 0.210821
vt 0.958955 0.210821
vt 0.966418 0.218284
vt 0.957090 0.222015
vt 0.957090 0.214552
vt 0.964552 0.222015
vt 0.966418 0.225746
vt 0.958955 0.225746
vt 0.966418 0.233209
vt 0.957090 0.236940
vt 0.957090 0.229478
vt 0.964552 0.236940
vt 0.966418 0.240672
vt 0.958955 0.240672
vt 0.966418 0.248134
vt 0.957090 0.251866
vt 0.957090 0.244403
vt 0.964552 0.251866
vt 0.966418 0.255597
vt 0.958955 0.255597
vt 0.966418 0.263060
vt 0.957090 0.266791
vt 0.957090 0.259328
vt 0.964552 0.266791
vt 0.966418 0.270522
vt 0.958955 0.270522
vt 0.966418 0.277985
vt 0.957090 0.281716
vt 0.957090 0.274254
vt 0.964552 0.281716
vt 0.966418 0.285448
vt 0.958955 0.285448
vt 0.966418 0.292910
vt 0.957090 0.296642
vt 0.957090 0.289179
vt 0.964552 0.296642
vt 0.966418 0.300373
vt 0.958955 0.300373
vt 0.966418 0.307836
vt 0.957090 0.311567
vt 0.957090 0.304104
vt 0.964552 0.311567
vt 0.966418 0.315298
vt 0.958955 0.315298
vt 0.966418 0.322761
vt 0.957090 0.326493
vt 0.957090 0.319030
vt 0.964552 0.326493
vt 0.966418 0.330224
vt 0.958955 0.330224
vt 0.966418 0.337687
vt 0.957090 0.341418
vt 0.957090 0.333955
vt 0.964552 0.341418
vt 0.966418 0.345149
vt 0.958955 0.345149
vt 0.966418 0.352612
vt 0.957090 0.356343
vt 0.957090 0.348881
vt 0.964552 0.356343
vt 0.966418 0.360075
vt 0.958955 0.360075
vt 0.966418 0.367537
vt 0.957090 0.371269
vt 0.957090 0.363806
vt 0.964552 0.371269
vt 0.966418 0.375000
vt 0.958955 0.375000
vt 0.966418 0.382463
vt 0.957090 0.386194
vt 0.957090 0.378731
vt 0.964552 0.386194
vt 0.966418 0.389925
vt 0.958955 0.389925
vt 0.966418 0.397388
vt 0.957090 0.401119
vt 0.957090 0.393657
vt 0.964552 0.401119
vt 0.966418 0.404851
vt 0.958955 0.404851
vt 0.966418 0.412313
vt 0.957090 0.416045
vt 0.957090 0.408582
vt 0.964552 0.416045
vt 0.966418 0.419776
vt 0.958955 0.419776
vt 0.966418 0.427239
vt 0.957090 0.430970
vt 0.957090 0.423507
vt 0.964552 0.430970
vt 0.966418 0.434701
vt 0.958955 0.434701
vt 0.966418 0.442164
vt 0.957090 0.445896
vt 0.957090 0.438433
vt 0.964552 0.445896
vt 0.966418 0.449627
vt 0.958955 0.449627
vt 0.966418 0.457090
vt 0.957090 0.460821
vt 0.957090 0.453358
vt 0.964552 0.460821
vt 0.966418 0.464552
vt 0.958955 0.464552
vt 0.966418 0.472015
vt 0.957090 0.475746
vt 0.957090 0.468284
vt 0.964552 0.475746
vt 0.966418 0.479478
vt 0.958955 0.479478
vt 0.966418 0.486940
vt 0.957090 0.490672
vt 0.957090 0.483209
vt 0.964552 0.490672
vt 0.966418 0.494403
vt 0.958955 0.494403
vt 0.966418 0.501866
vt 0.957090 0.505597
vt 0.957090 0.498134
vt 0.964552 0.505597
vt 0.966418 0.509328
vt 0.958955 0.509328
vt 0.966418 0.516791
vt 0.957090 0.520522
vt 0.957090 0.513060
vt 0.964552 0.520522
vt 0.966418 0.524254
vt 0.958955 0.524254
vt 0.966418 0.531716
vt 0.957090 0.535448
vt 0.957090 0.527985
vt 0.964552 0.535448
vt 0.966418 0.539179
vt 0.958955 0.539179
vt 0.966418 0.546642
vt 0.957090 0.550373
vt 0.957090 0.542910
vt 0.964552 0.550373
vt 0.966418 0.554104
vt 0.958955 0.554104
vt 0.966418 0.561567
vt 0.957090 0.565298
vt 0.957090 0.557836
vt 0.964552 0.565298
vt 0.966418 0.569030
vt 0.958955 0.569030
vt 0.966418 0.576493
vt 0.957090 0.580224
vt 0.957090 0.572761
vt 0.964552 0.580224
vt 0.966418 0.583955
vt 0.958955 0.583955
vt 0.966418 0.591418
vt 0.957090 0.595149
vt 0.957090 0.587687
vt 0.964552 0.595149
vt 0.966418 0.598881
vt 0.958955 0.598881
vt 0.966418 0.606343
vt 0.957090 0.610075
vt 0.957090 0.602612
vt 0.964552 0.610075
vt 0.966418 0.613806
vt 0.958955 0.613806
vt 0.966418 0.621269
vt 0.957090 0.625000
vt 0.957090 0.617537
vt 0.964552 0.625000
vt 0.966418 0.628731
vt 0.958955 0.628731
vt 0.966418 0.636194
vt 0.957090 0.639925
vt 0.957090 0.632463
vt 0.964552 0.639925
vt 0.966418 0.643657
vt 0.958955 0.643657
vt 0.966418 0.651119
vt 0.957090 0.654851
vt 0.957090 0.647388
vt 0.964552 0.654851
vt 0.966418 0.658582
vt 0.958955 0.658582
vt 0.966418 0.666045
vt 0.957090 0.669776
vt 0.957090 0.662313
vt 0.964552 0.669776
vt 0.966418 0.673507
vt 0.958955 0.673507
vt 0.966418 0.680970
vt 0.957090 0.684702
vt 0.957090 0.677239
vt 0.964552 0.684702
vt 0.966418 0.688433
vt 0.958955 0.688433
vt 0.966418 0.695895
vt 0.957090 0.699627
vt 0.957090 0.692164
vt 0.964552 0.699627
vt 0.966418 0.703358
vt 0.958955 0.703358
vt 0.966418 0.710821
vt 0.957090 0.714552
vt 0.957090 0.707090
vt 0.964552 0.714552
vt 0.966418 0.718284
vt 0.958955 0.718284
vt 0.966418 0.725746
vt 0.957090 0.729478
vt 0.957090 0.722015
vt 0.964552 0.729478
vt 0.966418 0.733209
vt 0.958955 0.733209
vt 0.966418 0.740672
vt 0.957090 0.744403
vt 0.957090 0.736940
vt 0.964552 0.744403
vt 0.966418 0.748134
vt 0.958955 0.748134
vt 0.966418 0.755597
vt 0.957090 0.759328
vt 0.957090 0.751866
vt 0.964552 0.759328
vt 0.966418 0.763060
vt 0.958955 0.763060
vt 0.966418 0.770522
vt 0.957090 0.774254
vt 0.957090 0.766791
vt 0.964552 0.774254
vt 0.966418 0.777985
vt 0.958955 0.777985
vt 0.966418 0.785448
vt 0.957090 0.789179
vt 0.957090 0.781716
vt 0.964552 0.789179
vt 0.966418 0.792910
vt 0.958955 0.792910
vt 0.966418 0.800373
vt 0.957090 0.804104
vt 0.957090 0.796642
vt 0.964552 0.804104
vt 0.966418 0.807836
vt 0.958955 0.807836
vt 0.966418 0.815298
vt 0.957090 0.819030
vt 0.957090 0.811567
vt 0.964552 0.819030
vt 0.966418 0.822761
vt 0.958955 0.822761
vt 0.966418 0.830224
vt 0.957090 0.833955
vt 0.957090 0.826492
vt 0.964552 0.833955
vt 0.966418 0.837687
vt 0.958955 0.837687
vt 0.966418 0.845149
vt 0.957090 0.848881
vt 0.957090 0.841418
vt 0.964552 0.848881
vt 0.966418 0.852612
vt 0.958955 0.852612
vt 0.966418 0.860075
vt 0.957090 0.863806
vt 0.957090 0.856343
vt 0.964552 0.863806
vt 0.966418 0.867537
vt 0.958955 0.867537
vt 0.966418 0.875000
vt 0.957090 0.878731
vt 0.957090 0.871269
vt 0.964552 0.878731
vt 0.966418 0.882463
vt 0.958955 0.882463
vt 0.966418 0.889925
vt 0.957090 0.893657
vt 0.957090 0.886194
vt 0.964552 0.893657
vt 0.966418 0.897388
vt 0.958955 0.897388
vt 0.966418 0.904851
vt 0.957090 0.908582
vt 0.957090 0.901119
vt 0.964552 0.908582
vt 0.966418 0.912313
vt 0.958955 0.912313
vt 0.966418 0.919776
vt 0.957090 0.923507
vt 0.957090 0.916045
vt 0.964552 0.923507
vt 0.966418 0.927239
vt 0.958955 0.927239
vt 0.966418 0.934701
vt 0.957090 0.938433
vt 0.957090 0.930970
vt 0.964552 0.938433
vt 0.966418 0.942164
vt 0.958955 0.942164
vt 0.966418 0.949627
vt 0.957090 0.953358
vt 0.957090 0.945895
vt 0.964552 0.953358
vt 0.966418 0.957090
vt 0.958955 0.957090
vt 0.966418 0.964552
vt 0.957090 0.968284
vt 0.957090 0.960821
vt 0.964552 0.968284
vt 0.966418 0.972015
vt 0.958955 0.972015
vt 0.966418 0.979478
vt 0.957090 0.983209
vt 0.957090 0.975746
vt 0.964552 0.983209
vt 0.966418 0.986940
vt 0.958955 0.986940
vt 0.966418 0.994403
vt 0.957090 0.998134
vt 0.957090 0.990672
vt 0.964552 0.998134
vt 0.981343 0.001866
vt 0.973881 0.001866
vt 0.981343 0.009328
vt 0.972015 0.013060
vt 0.972015 0.005597
vt 0.979478 0.013060
vt 0.981343 0.016791
vt 0.973881 0.016791
vt 0.981343 0.024254
vt 0.972015 0.027985
vt 0.972015 0.020522
vt 0.979478 0.027985
vt 0.981343 0.031716
vt 0.973881 0.031716
vt 0.981343 0.039179
vt 0.972015 0.042910
vt 0.972015 0.035448
vt 0.979478 0.042910
vt 0.981343 0.046642
vt 0.973881 0.046642
vt 0.981343 0.054104
vt 0.972015 0.057836
vt 0.972015 0.050373
vt 0.979478 0.057836
vt 0.981343 0.061567
vt 0.973881 0.061567
vt 0.981343 0.069030
vt 0.972015 0.072761
vt 0.972015 0.065299
vt 0.979478 0.072761
vt 0.981343 0.076493
vt 0.973881 0.076493
vt 0.981343 0.083955
vt 0.972015 0.087687
vt 0.972015 0.080224
vt 0.979478 0.087687
vt 0.981343 0.091418
vt 0.973881 0.091418
vt 0.981343 0.098881
vt 0.972015 0.102612
vt 0.972015 0.095149
vt 0.979478 0.102612
vt 0.981343 0.106343
vt 0.973881 0.106343
vt 0.981343 0.113806
vt 0.972015 0.117537
vt 0.972015 0.110075
vt 0.979478 0.117537
vt 0.981343 0.121269
vt 0.973881 0.121269
vt 0.981343 0.128731
vt 0.972015 0.132463
vt 0.972015 0.125000
vt 0.979478 0.132463
vt 0.981343 0.136194
vt 0.973881 0.136194
vt 0.981343 0.143657
vt 0.972015 0.147388
vt 0.972015 0.139925
vt 0.979478 0.147388
vt 0.981343 0.151119
vt 0.973881 0.151119
vt 0.981343 0.158582
vt 0.972015 0.162313
vt 0.972015 0.154851
vt 0.979478 0.162313
vt 0.981343 0.166045
vt 0.973881 0.166045
vt 0.981343 0.173507
vt 0.972015 0.177239
vt 0.972015 0.169776
vt 0.979478 0.177239
vt 0.981343 0.180970
vt 0.973881 0.180970
vt 0.981343 0.188433
vt 0.972015 0.192164
vt 0.972015 0.184701
vt 0.979478 0.192164
vt 0.981343 0.195896
vt 0.973881 0.195896
vt 0.981343 0.203358
vt 0.972015 0.207090
vt 0.972015 0.199627
vt 0.979478 0.207090
vt 0.981343 0.210821
vt 0.973881 0.210821
vt 0.981343 0.218284
vt 0.972015 0.222015
vt 0.972015 0.214552
vt 0.979478 0.222015
vt 0.981343 0.225746
vt 0.973881 0.225746
vt 0.981343 0.233209
vt 0.972015 0.236940
vt 0.972015 0.229478
vt 0.979478 0.236940
vt 0.981343 0.240672
vt 0.973881 0.240672
vt 0.981343 0.248134
vt 0.972015 0.251866
vt 0.972015 0.244403
vt 0.979478 0.251866
vt 0.981343 0.255597
vt 0.973881 0.255597
vt 0.981343 0.263060
vt 0.972015 0.266791
vt 0.972015 0.259328
vt 0.979478 0.266791
vt 0.981343 0.270522
vt 0.973881 0.270522
vt 0.981343 0.277985
vt 0.972015 0.281716
vt 0.972015 0.274254
vt 0.979478 0.281716
vt 0.981343 0.285448
vt 0.973881 0.285448
vt 0.981343 0.292910
vt 0.972015 0.296642
vt 0.972015 0.289179
vt 0.979478 0.296642
vt 0.981343 0.300373
vt 0.973881 0.300373
vt 0.981343 0.307836
vt 0.972015 0.311567
vt 0.972015 0.304104
vt 0.979478 0.311567
vt 0.981343 0.315298
vt 0.973881 0.315298
vt 0.981343 0.322761
vt 0.972015 0.326493
vt 0.972015 0.319030
vt 0.979478 0.326493
vt 0.981343 0.330224
vt 0.973881 0.330224
vt 0.981343 0.337687
vt 0.972015 0.341418
vt 0.972015 0.333955
vt 0.979478 0.341418
vt 0.981343 0.345149
vt 0.973881 0.345149
vt 0.981343 0.352612
vt 0.972015 0.356343
vt 0.972015 0.348881
vt 0.979478 0.356343
vt 0.981343 0.360075
vt 0.973881 0.360075
vt 0.981343 0.367537
vt 0.972015 0.371269
vt 0.972015 0.363806
vt 0.979478 0.371269
vt 0.981343 0.375000
vt 0.973881 0.375000
vt 0.981343 0.382463
vt 0.972015 0.386194
vt 0.972015 0.378731
vt 0.979478 0.386194
vt 0.981343 0.389925
vt 0.973881 0.389925
vt 0.981343 0.397388
vt 0.972015 0.401119
vt 0.972015 0.393657
vt 0.979478 0.401119
vt 0.981343 0.404851
vt 0.973881 0.404851
vt 0.981343 0.412313
vt 0.972015 0.416045
vt 0.972015 0.408582
vt 0.979478 0.416045
vt 0.981343 0.419776
vt 0.973881 0.419776
vt 0.981343 0.427239
vt 0.972015 0.430970
vt 0.972015 0.423507
vt 0.979478 0.430970
vt 0.981343 0.434701
vt 0.973881 0.434701
vt 0.981343 0.442164
vt 0.972015 0.445896
vt 0.972015 0.438433
vt 0.979478 0.445896
vt 0.981343 0.449627
vt 0.973881 0.449627
vt 0.981343 0.457090
vt 0.972015 0.460821
vt 0.972015 0.453358
vt 0.979478 0.460821
vt 0.981343 0.464552
vt 0.973881 0.464552
vt 0.981343 0.472015
vt 0.972015 0.475746
vt 0.972015 0.468284
vt 0.979478 0.475746
vt 0.981343 0.479478
vt 0.973881 0.479478
vt 0.981343 0.486940
vt 0.972015 0.490672
vt 0.972015 0.483209
vt 0.979478 0.490672
vt 0.981343 0.494403
vt 0.973881 0.494403
vt 0.981343 0.501866
vt 0.972015 0.505597
vt 0.972015 0.498134
vt 0.979478 0.505597
vt 0.981343 0.509328
vt 0.973881 0.509328
vt 0.981343 0.516791
vt 0.972015 0.520522
vt 0.972015 0.513060
vt 0.979478 0.520522
vt 0.981343 0.524254
vt 0.973881 0.524254
vt 0.981343 0.531716
vt 0.972015 0.535448
vt 0.972015 0.527985
vt 0.979478 0.535448
vt 0.981343 0.539179
vt 0.973881 0.539179
vt 0.981343 0.546642
vt 0.972015 0.550373
vt 0.972015 0.542910
vt 0.979478 0.550373
vt 0.981343 0.554104
vt 0.973881 0.554104
vt 0.981343 0.561567
vt 0.972015 0.565298
vt 0.972015 0.557836
vt 0.979478 0.565298
vt 0.981343 0.569030
vt 0.973881 0.569030
vt 0.981343 0.576493
vt 0.972015 0.580224
vt 0.972015 0.572761
vt 0.979478 0.580224
vt 0.981343 0.583955
vt 0.973881 0.583955
vt 0.981343 0.591418
vt 0.972015 0.595149
vt 0.972015 0.587687
vt 0.979478 0.595149
vt 0.981343 0.598881
vt 0.973881 0.598881
vt 0.981343 0.606343
vt 0.972015 0.610075
vt 0.972015 0.602612
vt 0.979478 0.610075
vt 0.981343 0.613806
vt 0.973881 0.613806
vt 0.981343 0.621269
vt 0.972015 0.625000
vt 0.972015 0.617537
vt 0.979478 0.625000
vt 0.981343 0.628731
vt 0.973881 0.628731
vt 0.981343 0.636194
vt 0.972015 0.639925
vt 0.972015 0.632463
vt 0.979478 0.639925
vt 0.981343 0.643657
vt 0.973881 0.643657
vt 0.981343 0.651119
vt 0.972015 0.654851
vt 0.972015 0.647388
vt 0.979478 0.654851
vt 0.981343 0.658582
vt 0.973881 0.658582
vt 0.981343 0.666045
vt 0.972015 0.669776
vt 0.972015 0.662313
vt 0.979478 0.669776
vt 0.981343 0.673507
vt 0.973881 0.673507
vt 0.981343 0.680970
vt 0.972015 0.684702
vt 0.972015 0.677239
vt 0.979478 0.684702
vt 0.981343 0.688433
vt 0.973881 0.688433
vt 0.981343 0.695895
vt 0.972015 0.699627
vt 0.972015 0.692164
vt 0.979478 0.699627
vt 0.981343 0.703358
vt 0.973881 0.703358
vt 0.981343 0.710821
vt 0.972015 0.714552
vt 0.972015 0.707090
vt 0.979478 0.714552
vt 0.981343 0.718284
vt 0.973881 0.718284
vt 0.981343 0.725746
vt 0.972015 0.729478
vt 0.972015 0.722015
vt 0.979478 0.729478
vt 0.981343 0.733209
vt 0.973881 0.733209
vt 0.981343 0.740672
vt 0.972015 0.744403
vt 0.972015 0.736940
vt 0.979478 0.744403
vt 0.981343 0.748134
vt 0.973881 0.748134
vt 0.981343 0.755597
vt 0.972015 0.759328
vt 0.972015 0.751866
vt 0.979478 0.759328
vt 0.981343 0.763060
vt 0.973881 0.763060
vt 0.981343 0.770522
vt 0.972015 0.774254
vt 0.972015 0.766791
vt 0.979478 0.774254
vt 0.981343 0.777985
vt 0.973881 0.777985
vt 0.981343 0.785448
vt 0.972015 0.789179
vt 0.972015 0.781716
vt 0.979478 0.789179
vt 0.981343 0.792910
vt 0.973881 0.792910
vt 0.981343 0.800373
vt 0.972015 0.804104
vt 0.972015 0.796642
vt 0.979478 0.804104
vt 0.981343 0.807836
vt 0.973881 0.807836
vt 0.981343 0.815298
vt 0.972015 0.819030
vt 0.972015 0.811567
vt 0.979478 0.819030
vt 0.981343 0.822761
vt 0.973881 0.822761
vt 0.981343 0.830224
vt 0.972015 0.833955
vt 0.972015 0.826492
vt 0.979478 0.833955
vt 0.981343 0.837687
vt 0.973881 0.837687
vt 0.981343 0.845149
vt 0.972015 0.848881
vt 0.972015 0.841418
vt 0.979478 0.848881
vt 0.981343 0.852612
vt 0.973881 0.852612
vt 0.981343 0.860075
vt 0.972015 0.863806
vt 0.972015 0.856343
vt 0.979478 0.863806
vt 0.981343 0.867537
vt 0.973881 0.867537
vt 0.981343 0.875000
vt 0.972015 0.878731
vt 0.972015 0.871269
vt 0.979478 0.878731
vt 0.981343 0.882463
vt 0.973881 0.882463
vt 0.981343 0.889925
vt 0.972015 0.893657
vt 0.972015 0.886194
vt 0.979478 0.893657
vt 0.981343 0.897388
vt 0.973881 0.897388
vt 0.981343 0.904851
vt 0.972015 0.908582
vt 0.972015 0.901119
vt 0.979478 0.908582
vt 0.981343 0.912313
vt 0.973881 0.912313
vt 0.981343 0.919776
vt 0.972015 0.923507
vt 0.972015 0.916045
vt 0.979478 0.923507
vt 0.981343 0.927239
vt 0.973881 0.927239
vt 0.981343 0.934701
vt 0.972015 0.938433
vt 0.972015 0.930970
vt 0.979478 0.938433
vt 0.981343 0.942164
vt 0.973881 0.942164
vt 0.981343 0.949627
vt 0.972015 0.953358
vt 0.972015 0.945895
vt 0.979478 0.953358
vt 0.981343 0.957090
vt 0.973881 0.957090
vt 0.981343 0.964552
vt 0.972015 0.968284
vt 0.972015 0.960821
vt 0.979478 0.968284
vt 0.981343 0.972015
vt 0.973881 0.972015
vt 0.981343 0.979478
vt 0.972015 0.983209
vt 0.972015 0.975746
vt 0.979478 0.983209
vt 0.981343 0.986940
vt 0.973881 0.986940
vt 0.981343 0.994403
vt 0.972015 0.998134
vt 0.972015 0.990672
vt 0.979478 0.998134
vt 0.996269 0.001866
vt 0.988806 0.001866
vt 0.996269 0.009328
vt 0.986940 0.013060
vt 0.986940 0.005597
vt 0.994403 0.013060
vt 0.996269 0.016791
vt 0.988806 0.016791
vt 0.996269 0.024254
vt 0.986940 0.027985
vt 0.986940 0.020522
vt 0.994403 0.027985
vt 0.996269 0.031716
vt 0.988806 0.031716
vt 0.996269 0.039179
vt 0.986940 0.042910
vt 0.986940 0.035448
vt 0.994403 0.042910
vt 0.996269 0.046642
vt 0.988806 0.046642
vt 0.996269 0.054104
vt 0.986940 0.057836
vt 0.986940 0.050373
vt 0.994403 0.057836
vt 0.996269 0.061567
vt 0.988806 0.061567
vt 0.996269 0.069030
vt 0.986940 0.072761
vt 0.986940 0.065299
vt 0.994403 0.072761
vt 0.996269 0.076493
vt 0.988806 0.076493
vt 0.996269 0.083955
vt 0.986940 0.087687
vt 0.986940 0.080224
vt 0.994403 0.087687
vt 0.996269 0.091418
vt 0.988806 0.091418
vt 0.996269 0.098881
vt 0.986940 0.102612
vt 0.986940 0.095149
vt 0.994403 0.102612
vt 0.996269 0.106343
vt 0.988806 0.106343
vt 0.996269 0.113806
vt 0.986940 0.117537
vt 0.986940 0.110075
vt 0.994403 0.117537
vt 0.996269 0.121269
vt 0.988806 0.121269
vt 0.996269 0.128731
vt 0.986940 0.132463
vt 0.986940 0.125000
vt 0.994403 0.132463
vt 0.996269 0.136194
vt 0.988806 0.136194
vt 0.996269 0.143657
vt 0.986940 0.147388
vt 0.986940 0.139925
vt 0.994403 0.147388
vt 0.996269 0.151119
vt 0.988806 0.151119
vt 0.996269 0.158582
vt 0.986940 0.162313
vt 0.986940 0.154851
vt 0.994403 0.162313
vt 0.996269 0.166045
vt 0.988806 0.166045
vt 0.996269 0.173507
vt 0.986940 0.177239
vt 0.986940 0.169776
vt 0.994403 0.177239
vt 0.996269 0.180970
vt 0.988806 0.180970
vt 0.996269 0.188433
vt 0.986940 0.192164
vt 0.986940 0.184701
vt 0.994403 0.192164
vt 0.996269 0.195896
vt 0.988806 0.195896
vt 0.996269 0.203358
vt 0.986940 0.207090
vt 0.986940 0.199627
vt 0.994403 0.207090
vt 0.996269 0.210821
vt 0.988806 0.210821
vt 0.996269 0.218284
vt 0.986940 0.222015
vt 0.986940 0.214552
vt 0.994403 0.222015
vt 0.996269 0.225746
vt 0.988806 0.225746
vt 0.996269 0.233209
vt 0.986940 0.236940
vt 0.986940 0.229478
vt 0.994403 0.236940
vt 0.996269 0.240672
vt 0.988806 0.240672
vt 0.996269 0.248134
vt 0.986940 0.251866
vt 0.986940 0.244403
vt 0.994403 0.251866
vt 0.996269 0.255597
vt 0.988806 0.255597
vt 0.996269 0.263060
vt 0.986940 0.266791
vt 0.986940 0.259328
vt 0.994403 0.266791
vt 0.996269 0.270522
vt 0.988806 0.270522
vt 0.996269 0.277985
vt 0.986940 0.281716
vt 0.986940 0.274254
vt 0.994403 0.281716
vt 0.996269 0.285448
vt 0.988806 0.285448
vt 0.996269 0.292910
vt 0.986940 0.296642
vt 0.986940 0.289179
vt 0.994403 0.296642
vt 0.996269 0.300373
vt 0.988806 0.300373
vt 0.996269 0.307836
vt 0.986940 0.311567
vt 0.986940 0.304104
vt 0.994403 0.311567
vt 0.996269 0.315298
vt 0.988806 0.315298
vt 0.996269 0.322761
vt 0.986940 0.326493
vt 0.986940 0.319030
vt 0.994403 0.326493
vt 0.996269 0.330224
vt 0.988806 0.330224
vt 0.996269 0.337687
vt 0.986940 0.341418
vt 0.986940 0.333955
vt 0.994403 0.341418
vt 0.996269 0.345149
vt 0.988806 0.345149
vt 0.996269 0.352612
vt 0.986940 0.356343
vt 0.986940 0.348881
vt 0.994403 0.356343
vt 0.996269 0.360075
vt 0.988806 0.360075
vt 0.996269 0.367537
vt 0.986940 0.371269
vt 0.986940 0.363806
vt 0.994403 0.371269
vt 0.996269 0.375000
vt 0.988806 0.375000
vt 0.996269 0.382463
vt 0.986940 0.386194
vt 0.986940 0.378731
vt 0.994403 0.386194
vt 0.996269 0.389925
vt 0.988806 0.389925
vt 0.996269 0.397388
vt 0.986940 0.401119
vt 0.986940 0.393657
vt 0.994403 0.401119
vt 0.996269 0.404851
vt 0.988806 0.404851
vt 0.996269 0.412313
vt 0.986940 0.416045
vt 0.986940 0.408582
vt 0.994403 0.416045
vt 0.996269 0.419776
vt 0.988806 0.419776
vt 0.996269 0.427239
vt 0.986940 0.430970
vt 0.986940 0.423507
vt 0.994403 0.430970
vt 0.996269 0.434701
vt 0.988806 0.434701
vt 0.996269 0.442164
vt 0.986940 0.445896
vt 0.986940 0.438433
vt 0.994403 0.445896
vt 0.996269 0.449627
vt 0.988806 0.449627
vt 0.996269 0.457090
vt 0.986940 0.460821
vt 0.986940 0.453358
vt 0.994403 0.460821
vt 0.996269 0.464552
vt 0.988806 0.464552
vt 0.996269 0.472015
vt 0.986940 0.475746
vt 0.986940 0.468284
vt 0.994403 0.475746
vt 0.996269 0.479478
vt 0.988806 0.479478
vt 0.996269 0.486940
vt 0.986940 0.490672
vt 0.986940 0.483209
vt 0.994403 0.490672
vt 0.996269 0.494403
vt 0.988806 0.494403
vt 0.996269 0.501866
vt 0.986940 0.505597
vt 0.986940 0.498134
vt 0.994403 0.505597
vt 0.996269 0.509328
vt 0.988806 0.509328
vt 0.996269 0.516791
vt 0.986940 0.520522
vt 0.986940 0.513060
vt 0.994403 0.520522
vt 0.996269 0.524254
vt 0.988806 0.524254
vt 0.996269 0.531716
vt 0.986940 0.535448
vt 0.986940 0.527985
vt 0.994403 0.535448
vt 0.996269 0.539179
vt 0.988806 0.539179
vt 0.996269 0.546642
vt 0.986940 0.550373
vt 0.986940 0.542910
vt 0.994403 0.550373
vt 0.996269 0.554104
vt 0.988806 0.554104
vt 0.996269 0.561567
vt 0.986940 0.565298
vt 0.986940 0.557836
vt 0.994403 0.565298
vt 0.996269 0.569030
vt 0.988806 0.569030
vt 0.996269 0.576493
vt 0.986940 0.580224
vt 0.986940 0.572761
vt 0.994403 0.580224
vt 0.996269 0.583955
vt 0.988806 0.583955
vt 0.996269 0.591418
vt 0.986940 0.595149
vt 0.986940 0.587687
vt 0.994403 0.595149
vt 0.996269 0.598881
vt 0.988806 0.598881
vt 0.996269 0.606343
vt 0.986940 0.610075
vt 0.986940 0.602612
vt 0.994403 0.610075
vt 0.996269 0.613806
vt 0.988806 0.613806
vt 0.996269 0.621269
vt 0.986940 0.625000
vt 0.986940 0.617537
vt 0.994403 0.625000
vt 0.996269 0.628731
vt 0.988806 0.628731
vt 0.996269 0.636194
vt 0.986940 0.639925
vt 0.986940 0.632463
vt 0.994403 0.639925
vt 0.996269 0.643657
vt 0.988806 0.643657
vt 0.996269 0.651119
vt 0.986940 0.654851
vt 0.986940 0.647388
vt 0.994403 0.654851
vt 0.996269 0.658582
vt 0.988806 0.658582
vt 0.996269 0.666045
vt 0.986940 0.669776
vt 0.986940 0.662313
vt 0.994403 0.669776
vt 0.996269 0.673507
vt 0.988806 0.673507
vt 0.996269 0.680970
vt 0.986940 0.684702
vt 0.986940 0.677239
vt 0.994403 0.684702
vt 0.996269 0.688433
vt 0.988806 0.688433
vt 0.996269 0.695895
vt 0.986940 0.699627
vt 0.986940 0.692164
vt 0.994403 0.699627
vt 0.996269 0.703358
vt 0.988806 0.703358
vt 0.996269 0.710821
vt 0.986940 0.714552
vt 0.986940 0.707090
vt 0.994403 0.714552
vt 0.996269 0.718284
vt 0.988806 0.718284
vt 0.996269 0.725746
vt 0.986940 0.729478
vt 0.986940 0.722015
vt 0.994403 0.729478
vt 0.996269 0.733209
vt 0.988806 0.733209
vt 0.996269 0.740672
vt 0.986940 0.744403
vt 0.986940 0.736940
vt 0.994403 0.744403
vt 0.996269 0.748134
vt 0.988806 0.748134
vt 0.996269 0.755597
vt 0.986940 0.759328
vt 0.986940 0.751866
vt 0.994403 0.759328
vt 0.996269 0.763060
vt 0.988806 0.763060
vt 0.996269 0.770522
vt 0.986940 0.774254
vt 0.986940 0.766791
vt 0.994403 0.774254
vt 0.996269 0.777985
vt 0.988806 0.777985
vt 0.996269 0.785448
vt 0.986940 0.789179
vt 0.986940 0.781716
vt 0.994403 0.789179
vt 0.996269 0.792910
vt 0.988806 0.792910
vt 0.996269 0.800373
vt 0.986940 0.804104
vt 0.986940 0.796642
vt 0.994403 0.804104
vt 0.996269 0.807836
vt 0.988806 0.807836
vt 0.996269 0.815298
vt 0.986940 0.819030
vt 0.986940 0.811567
vt 0.994403 0.819030
vt 0.996269 0.822761
vt 0.988806 0.822761
vt 0.996269 0.830224
vt 0.986940 0.833955
vt 0.986940 0.826492
vt 0.994403 0.833955
vt 0.996269 0.837687
vt 0.988806 0.837687
vt 0.996269 0.845149
vt 0.986940 0.848881
vt 0.986940 0.841418
vt 0.994403 0.848881
vt 0.996269 0.852612
vt 0.988806 0.852612
vt 0.996269 0.860075
vt 0.986940 0.863806
vt 0.986940 0.856343
vt 0.994403 0.863806
vt 0.996269 0.867537
vt 0.988806 0.867537
vt 0.996269 0.875000
vt 0.986940 0.878731
vt 0.986940 0.871269
vt 0.994403 0.878731
vt 0.996269 0.882463
vt 0.988806 0.882463
vt 0.996269 0.889925
vt 0.986940 0.893657
vt 0.986940 0.886194
vt 0.994403 0.893657
vt 0.996269 0.897388
vt 0.988806 0.897388
vt 0.996269 0.904851
vt 0.986940 0.908582
vt 0.986940 0.901119
vt 0.994403 0.908582
vt 0.996269 0.912313
vt 0.988806 0.912313
vt 0.996269 0.919776
vt 0.986940 0.923507
vt 0.986940 0.916045
vt 0.994403 0.923507
vt 0.996269 0.927239
vt 0.988806 0.927239
vt 0.996269 0.934701
vt 0.986940 0.938433
vt 0.986940 0.930970
vt 0.994403 0.938433
vt 0.996269 0.942164
vt 0.988806 0.942164
vt 0.996269 0.949627
vt 0.986940 0.953358
vt 0.986940 0.945895
vt 0.994403 0.953358
vt 0.996269 0.957090
vt 0.988806 0.957090
vt 0.996269 0.964552
vt 0.986940 0.968284
vt 0.986940 0.960821
vt 0.994403 0.968284
vt 0.996269 0.972015
vt 0.988806 0.972015
vt 0.996269 0.979478
vt 0.986940 0.983209
vt 0.986940 0.975746
vt 0.994403 0.983209
vt 0.996269 0.986940
vt 0.988806 0.986940
vt 0.996269 0.994403
vt 0.986940 0.998134
vt 0.986940 0.990672
vt 0.994403 0.998134
f 2/1 6/2 1/3
f 7/4 3/5 1/6
f 6/7 10/8 1/9
f 11/10 1/11 10/12
f 3/13 1/14 11/15
f 3/16 11/17 12/18
f 12/19 11/20 10/21
f 12/22 10/23 13/24
f 13/25 10/26 6/27
f 14/28 13/29 6/30
f 14/31 6/32 2/33
f 7/34 8/35 16/36
f 16/37 15/38 7/39
f 16/40 8/41 17/42
f 8/43 5/44 18/45
f 18/46 17/47 8/48
f 18/49 9/50 19/51
f 5/52 9/53 18/54
f 21/55 5/56 3/57
f 21/58 20/59 5/60
f 3/61 7/62 21/63
f 22/64 9/65 3/66
f 22/67 12/68 23/69
f 3/70 12/71 22/72
f 23/73 13/74 24/75
f 12/76 13/77 23/78
f 24/79 13/80 25/81
f 13/82 14/83 26/84
f 26/85 25/86 13/87
f 4/88 14/89 2/90
f 4/91 26/92 14/93
f 27/94 22/95 23/96
f 27/97 9/98 22/99
f 27/100 23/101 28/102
f 29/103 28/104 24/105
f 28/106 23/107 24/108
f 30/109 29/110 25/111
f 29/112 24/113 25/114
f 31/115 25/116 4/117
f 25/118 26/119 4/120
f 31/121 30/122 25/123
f 32/124 5/125 37/126
f 5/127 9/128 37/129
f 33/130 37/131 27/132
f 37/133 9/134 27/135
f 33/136 32/137 37/138
f 34/139 33/140 29/141
f 33/142 28/143 29/144
f 33/145 27/146 28/147
f 35/148 29/149 30/150
f 35/151 34/152 29/153
f 35/154 30/155 36/156
f 30/157 31/158 36/159
f 38/160 5/161 32/162
f 38/163 32/164 39/165
f 32/166 33/167 39/168
f 39/169 34/170 40/171
f 33/172 34/173 39/174
f 40/175 34/176 41/177
f 34/178 35/179 42/180
f 42/181 41/182 34/183
f 43/184 35/185 36/186
f 43/187 42/188 35/189
f 43/190 36/191 31/192
f 5/193 38/194 44/195
f 44/196 8/197 5/198
f 45/199 38/200 50/201
f 38/202 39/203 50/204
f 45/205 44/206 38/207
f 45/208 50/209 46/210
f 46/211 50/212 40/213
f 50/214 39/215 40/216
f 47/217 46/218 42/219
f 46/220 40/221 42/222
f 40/223 41/224 42/225
f 47/226 42/227 48/228
f 48/229 42/230 43/231
f 48/232 43/233 49/234
f 7/235 8/236 51/237
f 51/238 8/239 44/240
f 53/241 51/242 45/243
f 51/244 44/245 45/246
f 53/247 52/248 51/249
f 54/250 46/251 56/252
f 54/253 53/254 46/255
f 53/256 45/257 46/258
f 55/259 46/260 47/261
f 55/262 56/263 46/264
f 55/265 54/266 56/267
f 55/268 48/269 49/270
f 47/271 48/272 55/273
f 57/274 7/275 51/276
f 57/277 52/278 58/279
f 51/280 52/281 57/282
f 52/283 53/284 58/285
f 53/286 54/287 59/288
f 59/289 58/290 53/291
f 59/292 54/293 60/294
f 54/295 55/296 60/297
f 61/298 55/299 49/300
f 61/301 60/302 55/303
f 7/304 57/305 62/306
f 62/307 19/308 7/309
f 57/310 58/311 63/312
f 63/313 62/314 57/315
f 65/316 63/317 59/318
f 63/319 58/320 59/321
f 65/322 64/323 63/324
f 66/325 65/326 67/327
f 65/328 59/329 67/330
f 59/331 60/332 67/333
f 66/334 67/335 61/336
f 67/337 60/338 61/339
f 17/340 19/341 7/342
f 69/343 68/344 15/345
f 68/346 21/347 15/348
f 15/349 19/350 17/351
f 49/352 43/353 4/354
f 70/355 19/356 62/357
f 71/358 70/359 63/360
f 70/361 62/362 63/363
f 71/364 64/365 72/366
f 71/367 63/368 64/369
f 72/370 64/371 65/372
f 73/373 65/374 66/375
f 73/376 72/377 65/378
f 73/379 66/380 74/381
f 66/382 61/383 74/384
f 75/385 19/386 70/387
f 75/388 18/389 19/390
f 75/391 70/392 76/393
f 70/394 71/395 77/396
f 77/397 76/398 70/399
f 71/400 72/401 78/402
f 78/403 77/404 71/405
f 78/406 72/407 79/408
f 72/409 73/410 80/411
f 80/412 79/413 72/414
f 81/415 73/416 74/417
f 81/418 80/419 73/420
f 17/421 18/422 82/423
f 18/424 75/425 83/426
f 83/427 82/428 18/429
f 84/430 75/431 77/432
f 75/433 76/434 77/435
f 84/436 83/437 75/438
f 84/439 77/440 85/441
f 86/442 85/443 78/444
f 85/445 77/446 78/447
f 86/448 78/449 87/450
f 78/451 79/452 87/453
f 87/454 79/455 80/456
f 87/457 80/458 81/459
f 81/460 88/461 87/462
f 89/463 17/464 83/465
f 17/466 82/467 83/468
f 89/469 83/470 90/471
f 91/472 83/473 84/474
f 91/475 90/476 83/477
f 92/478 91/479 93/480
f 91/481 85/482 93/483
f 91/484 84/485 85/486
f 93/487 85/488 86/489
f 94/490 86/491 87/492
f 94/493 93/494 86/495
f 94/496 88/497 95/498
f 87/499 88/500 94/501
f 88/502 81/503 95/504
f 96/505 17/506 89/507
f 96/508 16/509 17/510
f 96/511 90/512 97/513
f 89/514 90/515 96/516
f 90/517 91/518 97/519
f 97/520 92/521 98/522
f 91/523 92/524 97/525
f 98/526 93/527 99/528
f 92/529 93/530 98/531
f 93/532 94/533 99/534
f 99/535 94/536 95/537
f 100/538 15/539 16/540
f 16/541 96/542 100/543
f 101/544 96/545 97/546
f 101/547 100/548 96/549
f 101/550 97/551 102/552
f 103/553 102/554 98/555
f 102/556 97/557 98/558
f 104/559 103/560 99/561
f 103/562 98/563 99/564
f 104/565 99/566 105/567
f 99/568 95/569 105/570
f 106/571 15/572 111/573
f 15/574 100/575 111/576
f 107/577 111/578 101/579
f 111/580 100/581 101/582
f 107/583 106/584 111/585
f 108/586 107/587 103/588
f 107/589 102/590 103/591
f 107/592 101/593 102/594
f 109/595 103/596 104/597
f 109/598 108/599 103/600
f 109/601 105/602 110/603
f 104/604 105/605 109/606
f 112/607 15/608 106/609
f 112/610 21/611 15/612
f 112/613 106/614 113/615
f 106/616 107/617 113/618
f 113/619 108/620 114/621
f 107/622 108/623 113/624
f 114/625 108/626 115/627
f 108/628 109/629 116/630
f 116/631 115/632 108/633
f 110/634 116/635 109/636
f 105/637 81/638 74/639
f 68/640 69/641 119/642
f 95/643 105/644 74/645
f 61/646 43/647 74/648
f 122/649 121/650 21/651
f 121/652 20/653 21/654
f 118/655 122/656 68/657
f 122/658 21/659 68/660
f 61/661 95/662 43/663
f 95/664 74/665 43/666
f 21/667 112/668 124/669
f 124/670 123/671 21/672
f 125/673 112/674 129/675
f 112/676 113/677 129/678
f 125/679 124/680 112/681
f 126/682 125/683 114/684
f 125/685 113/686 114/687
f 125/688 129/689 113/690
f 127/691 126/692 116/693
f 126/694 114/695 116/696
f 114/697 115/698 116/699
f 127/700 116/701 128/702
f 128/703 116/704 110/705
f 69/706 21/707 130/708
f 21/709 123/710 130/711
f 130/712 123/713 124/714
f 132/715 130/716 125/717
f 130/718 124/719 125/720
f 132/721 131/722 130/723
f 132/724 125/725 133/726
f 133/727 125/728 126/729
f 135/730 126/731 127/732
f 135/733 133/734 126/735
f 135/736 134/737 133/738
f 135/739 128/740 136/741
f 135/742 127/743 128/744
f 20/745 69/746 137/747
f 138/748 69/749 130/750
f 138/751 137/752 69/753
f 138/754 131/755 139/756
f 130/757 131/758 138/759
f 131/760 132/761 139/762
f 132/763 133/764 140/765
f 140/766 139/767 132/768
f 140/769 134/770 141/771
f 133/772 134/773 140/774
f 134/775 135/776 141/777
f 135/778 136/779 141/780
f 20/781 137/782 142/783
f 137/784 138/785 142/786
f 143/787 138/788 139/789
f 143/790 142/791 138/792
f 143/793 139/794 144/795
f 145/796 144/797 140/798
f 144/799 139/800 140/801
f 146/802 140/803 141/804
f 146/805 145/806 140/807
f 147/808 146/809 136/810
f 146/811 141/812 136/813
f 117/814 20/815 69/816
f 136/817 128/818 105/819
f 136/820 105/821 110/822
f 148/823 20/824 142/825
f 148/826 68/827 20/828
f 148/829 142/830 149/831
f 150/832 149/833 143/834
f 149/835 142/836 143/837
f 150/838 143/839 151/840
f 143/841 144/842 151/843
f 151/844 144/845 145/846
f 152/847 151/848 146/849
f 151/850 145/851 146/852
f 146/853 147/854 152/855
f 154/856 68/857 148/858
f 154/859 153/860 68/861
f 154/862 149/863 155/864
f 154/865 148/866 149/867
f 155/868 149/869 150/870
f 156/871 150/872 151/873
f 156/874 155/875 150/876
f 156/877 151/878 157/879
f 151/880 152/881 158/882
f 158/883 157/884 151/885
f 158/886 152/887 147/888
f 68/889 153/890 117/891
f 117/892 153/893 159/894
f 153/895 154/896 159/897
f 159/898 155/899 160/900
f 154/901 155/902 159/903
f 160/904 155/905 161/906
f 155/907 156/908 162/909
f 162/910 161/911 155/912
f 163/913 156/914 157/915
f 163/916 162/917 156/918
f 163/919 157/920 158/921
f 120/922 117/923 164/924
f 165/925 117/926 169/927
f 117/928 159/929 169/930
f 165/931 164/932 117/933
f 166/934 165/935 160/936
f 165/937 169/938 160/939
f 169/940 159/941 160/942
f 167/943 166/944 162/945
f 166/946 160/947 162/948
f 160/949 161/950 162/951
f 167/952 162/953 168/954
f 168/955 162/956 163/957
f 118/958 119/959 121/960
f 119/961 120/962 121/963
f 120/964 117/965 122/966
f 122/967 121/968 120/969
f 170/970 122/971 119/972
f 122/973 117/974 119/975
f 147/976 128/977 95/978
f 128/979 110/980 95/981
f 171/982 164/983 165/984
f 171/985 120/986 164/987
f 171/988 165/989 172/990
f 172/991 165/992 166/993
f 174/994 166/995 167/996
f 174/997 172/998 166/999
f 174/1000 173/1001 172/1002
f 167/1003 168/1004 174/1005
f 175/1006 119/1007 120/1008
f 175/1009 120/1010 176/1011
f 120/1012 171/1013 176/1014
f 171/1015 172/1016 177/1017
f 177/1018 176/1019 171/1020
f 177/1021 173/1022 178/1023
f 172/1024 173/1025 177/1026
f 173/1027 174/1028 178/1029
f 119/1030 175/1031 179/1032
f 180/1033 175/1034 176/1035
f 180/1036 179/1037 175/1038
f 180/1039 176/1040 181/1041
f 182/1042 181/1043 177/1044
f 181/1045 176/1046 177/1047
f 182/1048 177/1049 178/1050
f 118/1051 119/1052 179/1053
f 118/1054 179/1055 183/1056
f 184/1057 179/1058 180/1059
f 184/1060 183/1061 179/1062
f 184/1063 181/1064 185/1065
f 184/1066 180/1067 181/1068
f 185/1069 181/1070 182/1071
f 178/1072 163/1073 174/1074
f 168/1075 163/1076 178/1077
f 121/1078 170/1079 118/1080
f 186/1081 170/1082 118/1083
f 186/1084 183/1085 187/1086
f 118/1087 183/1088 186/1089
f 183/1090 184/1091 187/1092
f 184/1093 185/1094 187/1095
f 188/1096 186/1097 187/1098
f 188/1099 170/1100 186/1101
f 189/1102 170/1103 191/1104
f 189/1105 121/1106 170/1107
f 189/1108 191/1109 190/1110
f 190/1111 191/1112 188/1113
f 191/1114 170/1115 188/1116
f 158/1117 174/1118 163/1119
f 95/1120 61/1121 158/1122
f 158/1123 49/1124 147/1125
f 61/1126 49/1127 158/1128
f 49/1129 4/1130 110/1131
f 110/1132 147/1133 49/1134
f 190/1135 188/1136 182/1137
f 182/1138 174/1139 187/1140
f 185/1141 182/1142 158/1143
f 168/1144 185/1145 158/1146
f 121/1147 187/1148 188/1149
f 188/1150 189/1151 168/1152
f 189/1153 188/1154 168/1155
f 189/1156 121/1157 158/1158
f 121/1159 188/1160 158/1161
f 189/1162 158/1163 187/1164
f 168/1165 187/1166 158/1167
f 121/1168 187/1169 168/1170
f 194/1171 192/1172 193/1173
f 196/1174 193/1175 195/1176
f 194/1177 197/1178 192/1179
f 200/1180 194/1181 197/1182
f 200/1183 197/1184 201/1185
f 202/1186 197/1187 192/1188
f 202/1189 201/1190 197/1191
f 193/1192 199/1193 198/1194
f 203/1195 198/1196 194/1197
f 194/1198 200/1199 203/1200
f 205/1201 200/1202 201/1203
f 205/1204 204/1205 200/1206
f 204/1207 203/1208 200/1209
f 205/1210 201/1211 206/1212
f 206/1213 201/1214 202/1215
f 207/1216 198/1217 203/1218
f 207/1219 199/1220 198/1221
f 207/1222 203/1223 208/1224
f 208/1225 203/1226 204/1227
f 209/1228 204/1229 205/1230
f 209/1231 208/1232 204/1233
f 209/1234 205/1235 206/1236
f 193/1237 199/1238 210/1239
f 212/1240 211/1241 207/1242
f 211/1243 199/1244 207/1245
f 212/1246 208/1247 213/1248
f 212/1249 207/1250 208/1251
f 214/1252 208/1253 209/1254
f 214/1255 213/1256 208/1257
f 211/1258 210/1259 199/1260
f 215/1261 211/1262 212/1263
f 216/1264 212/1265 213/1266
f 216/1267 215/1268 212/1269
f 216/1270 213/1271 217/1272
f 213/1273 214/1274 217/1275
f 217/1276 214/1277 209/1278
f 218/1279 193/1280 210/1281
f 218/1282 196/1283 193/1284
f 219/1285 218/1286 210/1287
f 219/1288 210/1289 211/1290
f 220/1291 211/1292 215/1293
f 220/1294 219/1295 211/1296
f 220/1297 215/1298 221/1299
f 215/1300 216/1301 221/1302
f 217/1303 221/1304 216/1305
f 223/1306 195/1307 224/1308
f 224/1309 195/1310 225/1311
f 223/1312 227/1313 195/1314
f 196/1315 218/1316 228/1317
f 218/1318 219/1319 229/1320
f 229/1321 228/1322 218/1323
f 229/1324 219/1325 230/1326
f 219/1327 220/1328 230/1329
f 231/1330 220/1331 221/1332
f 231/1333 230/1334 220/1335
f 231/1336 221/1337 232/1338
f 233/1339 232/1340 217/1341
f 232/1342 221/1343 217/1344
f 234/1345 196/1346 228/1347
f 234/1348 195/1349 196/1350
f 234/1351 228/1352 235/1353
f 235/1354 228/1355 229/1356
f 236/1357 235/1358 230/1359
f 235/1360 229/1361 230/1362
f 237/1363 230/1364 231/1365
f 237/1366 236/1367 230/1368
f 237/1369 232/1370 233/1371
f 237/1372 231/1373 232/1374
f 238/1375 222/1376 195/1377
f 240/1378 239/1379 234/1380
f 239/1381 238/1382 234/1383
f 238/1384 195/1385 234/1386
f 240/1387 234/1388 241/1389
f 234/1390 235/1391 241/1392
f 242/1393 241/1394 236/1395
f 241/1396 235/1397 236/1398
f 242/1399 236/1400 243/1401
f 243/1402 236/1403 237/1404
f 244/1405 237/1406 233/1407
f 244/1408 243/1409 237/1410
f 222/1411 239/1412 245/1413
f 222/1414 238/1415 239/1416
f 245/1417 239/1418 240/1419
f 246/1420 240/1421 241/1422
f 246/1423 245/1424 240/1425
f 246/1426 242/1427 247/1428
f 246/1429 241/1430 242/1431
f 248/1432 242/1433 243/1434
f 248/1435 247/1436 242/1437
f 248/1438 243/1439 249/1440
f 244/1441 249/1442 243/1443
f 225/1444 222/1445 195/1446
f 225/1447 222/1448 250/1449
f 251/1450 222/1451 245/1452
f 251/1453 250/1454 222/1455
f 251/1456 245/1457 252/1458
f 245/1459 246/1460 252/1461
f 246/1462 247/1463 253/1464
f 253/1465 252/1466 246/1467
f 253/1468 247/1469 254/1470
f 247/1471 248/1472 254/1473
f 255/1474 248/1475 249/1476
f 255/1477 254/1478 248/1479
f 255/1480 249/1481 244/1482
f 225/1483 250/1484 256/1485
f 250/1486 251/1487 256/1488
f 257/1489 251/1490 252/1491
f 257/1492 256/1493 251/1494
f 257/1495 252/1496 258/1497
f 258/1498 252/1499 253/1500
f 258/1501 253/1502 259/1503
f 253/1504 254/1505 259/1506
f 259/1507 254/1508 255/1509
f 224/1510 225/1511 260/1512
f 261/1513 225/1514 256/1515
f 261/1516 260/1517 225/1518
f 262/1519 261/1520 257/1521
f 261/1522 256/1523 257/1524
f 263/1525 262/1526 258/1527
f 262/1528 257/1529 258/1530
f 263/1531 258/1532 264/1533
f 264/1534 258/1535 259/1536
f 264/1537 259/1538 265/1539
f 259/1540 255/1541 265/1542
f 224/1543 260/1544 266/1545
f 267/1546 266/1547 261/1548
f 266/1549 260/1550 261/1551
f 267/1552 261/1553 268/1554
f 268/1555 261/1556 262/1557
f 269/1558 268/1559 263/1560
f 268/1561 262/1562 263/1563
f 269/1564 264/1565 270/1566
f 263/1567 264/1568 269/1569
f 265/1570 270/1571 264/1572
f 244/1573 209/1574 206/1575
f 233/1576 202/1577 217/1578
f 206/1579 202/1580 233/1581
f 202/1582 192/1583 217/1584
f 273/1585 223/1586 224/1587
f 273/1588 224/1589 266/1590
f 273/1591 267/1592 274/1593
f 273/1594 266/1595 267/1596
f 275/1597 267/1598 268/1599
f 275/1600 274/1601 267/1602
f 275/1603 268/1604 276/1605
f 268/1606 269/1607 277/1608
f 277/1609 276/1610 268/1611
f 277/1612 269/1613 270/1614
f 277/1615 270/1616 278/1617
f 278/1618 270/1619 265/1620
f 279/1621 278/1622 265/1623
f 223/1624 273/1625 280/1626
f 273/1627 274/1628 281/1629
f 281/1630 280/1631 273/1632
f 281/1633 274/1634 282/1635
f 274/1636 275/1637 282/1638
f 283/1639 275/1640 276/1641
f 283/1642 282/1643 275/1644
f 283/1645 276/1646 284/1647
f 284/1648 276/1649 277/1650
f 284/1651 277/1652 279/1653
f 277/1654 278/1655 279/1656
f 227/1657 223/1658 285/1659
f 285/1660 223/1661 280/1662
f 285/1663 280/1664 286/1665
f 286/1666 280/1667 281/1668
f 287/1669 281/1670 282/1671
f 287/1672 286/1673 281/1674
f 288/1675 287/1676 283/1677
f 287/1678 282/1679 283/1680
f 288/1681 284/1682 289/1683
f 288/1684 283/1685 284/1686
f 289/1687 284/1688 279/1689
f 289/1690 279/1691 290/1692
f 291/1693 227/1694 285/1695
f 292/1696 291/1697 286/1698
f 291/1699 285/1700 286/1701
f 292/1702 286/1703 293/1704
f 293/1705 286/1706 287/1707
f 294/1708 293/1709 296/1710
f 293/1711 287/1712 296/1713
f 296/1714 287/1715 288/1716
f 295/1717 294/1718 288/1719
f 294/1720 296/1721 288/1722
f 295/1723 289/1724 290/1725
f 288/1726 289/1727 295/1728
f 297/1729 226/1730 227/1731
f 297/1732 227/1733 291/1734
f 298/1735 291/1736 292/1737
f 298/1738 297/1739 291/1740
f 298/1741 293/1742 299/1743
f 298/1744 292/1745 293/1746
f 294/1747 299/1748 293/1749
f 294/1750 295/1751 300/1752
f 301/1753 295/1754 290/1755
f 301/1756 300/1757 295/1758
f 301/1759 290/1760 302/1761
f 303/1762 226/1763 297/1764
f 303/1765 297/1766 304/1767
f 297/1768 298/1769 304/1770
f 298/1771 299/1772 305/1773
f 305/1774 304/1775 298/1776
f 305/1777 299/1778 306/1779
f 299/1780 294/1781 306/1782
f 307/1783 294/1784 300/1785
f 307/1786 306/1787 294/1788
f 302/1789 307/1790 301/1791
f 307/1792 300/1793 301/1794
f 308/1795 272/1796 226/1797
f 226/1798 303/1799 308/1800
f 309/1801 303/1802 304/1803
f 309/1804 308/1805 303/1806
f 309/1807 304/1808 310/1809
f 310/1810 304/1811 305/1812
f 305/1813 306/1814 311/1815
f 311/1816 310/1817 305/1818
f 313/1819 312/1820 307/1821
f 312/1822 311/1823 307/1824
f 311/1825 306/1826 307/1827
f 313/1828 307/1829 302/1830
f 314/1831 313/1832 302/1833
f 315/1834 272/1835 308/1836
f 316/1837 315/1838 309/1839
f 315/1840 308/1841 309/1842
f 317/1843 316/1844 310/1845
f 316/1846 309/1847 310/1848
f 317/1849 310/1850 318/1851
f 318/1852 310/1853 311/1854
f 318/1855 312/1856 319/1857
f 318/1858 311/1859 312/1860
f 319/1861 312/1862 313/1863
f 314/1864 319/1865 313/1866
f 321/1867 271/1868 272/1869
f 322/1870 321/1871 226/1872
f 321/1873 272/1874 226/1875
f 322/1876 227/1877 272/1878
f 323/1879 227/1880 321/1881
f 323/1882 226/1883 227/1884
f 271/1885 321/1886 227/1887
f 244/1888 217/1889 192/1890
f 244/1891 265/1892 233/1893
f 244/1894 192/1895 206/1896
f 324/1897 272/1898 315/1899
f 325/1900 324/1901 316/1902
f 324/1903 315/1904 316/1905
f 326/1906 316/1907 317/1908
f 326/1909 325/1910 316/1911
f 326/1912 318/1913 327/1914
f 326/1915 317/1916 318/1917
f 328/1918 318/1919 319/1920
f 328/1921 327/1922 318/1923
f 319/1924 314/1925 328/1926
f 271/1927 272/1928 324/1929
f 271/1930 324/1931 329/1932
f 325/1933 329/1934 324/1935
f 325/1936 326/1937 330/1938
f 326/1939 327/1940 331/1941
f 331/1942 330/1943 326/1944
f 331/1945 327/1946 332/1947
f 327/1948 328/1949 332/1950
f 333/1951 332/1952 328/1953
f 333/1954 328/1955 314/1956
f 334/1957 271/1958 329/1959
f 334/1960 329/1961 335/1962
f 329/1963 325/1964 335/1965
f 336/1966 325/1967 330/1968
f 336/1969 335/1970 325/1971
f 337/1972 330/1973 331/1974
f 337/1975 336/1976 330/1977
f 338/1978 331/1979 332/1980
f 338/1981 337/1982 331/1983
f 338/1984 332/1985 333/1986
f 322/1987 271/1988 339/1989
f 271/1990 334/1991 339/1992
f 334/1993 335/1994 340/1995
f 340/1996 339/1997 334/1998
f 341/1999 340/2000 336/2001
f 340/2002 335/2003 336/2004
f 342/2005 341/2006 343/2007
f 341/2008 336/2009 343/2010
f 343/2011 336/2012 337/2013
f 344/2014 343/2015 338/2016
f 343/2017 337/2018 338/2019
f 344/2020 338/2021 345/2022
f 345/2023 338/2024 333/2025
f 346/2026 322/2027 339/2028
f 346/2029 339/2030 347/2031
f 347/2032 339/2033 340/2034
f 348/2035 347/2036 341/2037
f 347/2038 340/2039 341/2040
f 349/2041 341/2042 342/2043
f 349/2044 348/2045 341/2046
f 349/2047 343/2048 350/2049
f 349/2050 342/2051 343/2052
f 350/2053 343/2054 344/2055
f 350/2056 344/2057 345/2058
f 321/2059 322/2060 346/2061
f 351/2062 321/2063 346/2064
f 351/2065 347/2066 352/2067
f 351/2068 346/2069 347/2070
f 353/2071 347/2072 348/2073
f 353/2074 352/2075 347/2076
f 353/2077 348/2078 354/2079
f 348/2080 349/2081 354/2082
f 349/2083 350/2084 355/2085
f 355/2086 354/2087 349/2088
f 355/2089 350/2090 356/2091
f 350/2092 345/2093 356/2094
f 357/2095 321/2096 351/2097
f 358/2098 351/2099 352/2100
f 358/2101 357/2102 351/2103
f 358/2104 352/2105 359/2106
f 352/2107 353/2108 359/2109
f 360/2110 353/2111 354/2112
f 360/2113 359/2114 353/2115
f 361/2116 360/2117 355/2118
f 360/2119 354/2120 355/2121
f 361/2122 355/2123 356/2124
f 321/2125 357/2126 362/2127
f 362/2128 320/2129 321/2130
f 362/2131 357/2132 363/2133
f 357/2134 358/2135 363/2136
f 364/2137 358/2138 359/2139
f 364/2140 363/2141 358/2142
f 364/2143 359/2144 360/2145
f 364/2146 360/2147 365/2148
f 365/2149 360/2150 361/2151
f 366/2152 365/2153 361/2154
f 320/2155 321/2156 368/2157
f 367/2158 323/2159 322/2160
f 333/2161 290/2162 279/2163
f 279/2164 265/2165 314/2166
f 369/2167 320/2168 362/2169
f 370/2170 362/2171 363/2172
f 370/2173 369/2174 362/2175
f 370/2176 363/2177 371/2178
f 372/2179 371/2180 364/2181
f 371/2182 363/2183 364/2184
f 372/2185 364/2186 373/2187
f 374/2188 364/2189 365/2190
f 374/2191 373/2192 364/2193
f 374/2194 366/2195 375/2196
f 365/2197 366/2198 374/2199
f 376/2200 367/2201 369/2202
f 367/2203 320/2204 369/2205
f 377/2206 369/2207 370/2208
f 377/2209 376/2210 369/2211
f 378/2212 371/2213 372/2214
f 378/2215 377/2216 371/2217
f 377/2218 370/2219 371/2220
f 378/2221 372/2222 373/2223
f 378/2224 373/2225 379/2226
f 373/2227 374/2228 379/2229
f 380/2230 374/2231 375/2232
f 380/2233 379/2234 374/2235
f 380/2236 375/2237 366/2238
f 380/2239 366/2240 381/2241
f 381/2242 356/2243 366/2244
f 382/2245 367/2246 376/2247
f 382/2248 376/2249 383/2250
f 383/2251 376/2252 377/2253
f 384/2254 377/2255 378/2256
f 384/2257 383/2258 377/2259
f 384/2260 378/2261 385/2262
f 386/2263 385/2264 379/2265
f 385/2266 378/2267 379/2268
f 386/2269 379/2270 387/2271
f 381/2272 387/2273 380/2274
f 387/2275 379/2276 380/2277
f 323/2278 367/2279 388/2280
f 367/2281 382/2282 388/2283
f 388/2284 383/2285 389/2286
f 382/2287 383/2288 388/2289
f 389/2290 383/2291 384/2292
f 390/2293 384/2294 385/2295
f 390/2296 385/2297 391/2298
f 391/2299 385/2300 386/2301
f 392/2302 391/2303 387/2304
f 391/2305 386/2306 387/2307
f 381/2308 392/2309 387/2310
f 393/2311 388/2312 389/2313
f 394/2314 389/2315 390/2316
f 389/2317 384/2318 390/2319
f 394/2320 393/2321 389/2322
f 394/2323 390/2324 395/2325
f 396/2326 390/2327 391/2328
f 396/2329 395/2330 390/2331
f 397/2332 391/2333 392/2334
f 397/2335 396/2336 391/2337
f 392/2338 381/2339 397/2340
f 398/2341 368/2342 323/2343
f 398/2344 323/2345 388/2346
f 399/2347 398/2348 393/2349
f 398/2350 388/2351 393/2352
f 400/2353 393/2354 394/2355
f 400/2356 399/2357 393/2358
f 401/2359 400/2360 395/2361
f 400/2362 394/2363 395/2364
f 401/2365 395/2366 396/2367
f 401/2368 396/2369 402/2370
f 396/2371 397/2372 402/2373
f 368/2374 398/2375 403/2376
f 404/2377 403/2378 399/2379
f 403/2380 398/2381 399/2382
f 404/2383 399/2384 400/2385
f 405/2386 400/2387 401/2388
f 405/2389 404/2390 400/2391
f 405/2392 401/2393 406/2394
f 402/2395 406/2396 401/2397
f 407/2398 402/2399 397/2400
f 408/2401 368/2402 403/2403
f 408/2404 403/2405 409/2406
f 409/2407 403/2408 404/2409
f 409/2410 404/2411 410/2412
f 404/2413 405/2414 411/2415
f 411/2416 410/2417 404/2418
f 411/2419 405/2420 406/2421
f 411/2422 406/2423 412/2424
f 412/2425 406/2426 402/2427
f 412/2428 402/2429 407/2430
f 345/2431 333/2432 381/2433
f 323/2434 320/2435 368/2436
f 244/2437 217/2438 314/2439
f 314/2440 217/2441 290/2442
f 408/2443 409/2444 410/2445
f 413/2446 410/2447 411/2448
f 413/2449 412/2450 414/2451
f 413/2452 411/2453 412/2454
f 415/2455 412/2456 407/2457
f 415/2458 414/2459 412/2460
f 410/2461 413/2462 416/2463
f 416/2464 413/2465 414/2466
f 416/2467 414/2468 415/2469
f 408/2470 410/2471 417/2472
f 417/2473 410/2474 416/2475
f 418/2476 417/2477 415/2478
f 417/2479 416/2480 415/2481
f 408/2482 417/2483 418/2484
f 415/2485 418/2486 407/2487
f 420/2488 419/2489 421/2490
f 424/2491 425/2492 419/2493
f 425/2494 420/2495 421/2496
f 419/2497 420/2498 425/2499
f 424/2500 425/2501 431/2502
f 425/2503 421/2504 431/2505
f 432/2506 431/2507 421/2508
f 433/2509 432/2510 421/2511
f 426/2512 434/2513 421/2514
f 434/2515 433/2516 421/2517
f 438/2518 431/2519 432/2520
f 424/2521 431/2522 438/2523
f 438/2524 439/2525 424/2526
f 442/2527 432/2528 441/2529
f 438/2530 432/2531 442/2532
f 440/2533 439/2534 442/2535
f 423/2536 439/2537 440/2538
f 439/2539 438/2540 442/2541
f 441/2542 433/2543 434/2544
f 432/2545 433/2546 441/2547
f 422/2548 423/2549 443/2550
f 435/2551 440/2552 445/2553
f 446/2554 442/2555 441/2556
f 442/2557 445/2558 440/2559
f 441/2560 434/2561 447/2562
f 447/2563 446/2564 441/2565
f 434/2566 426/2567 447/2568
f 443/2569 445/2570 450/2571
f 435/2572 445/2573 443/2574
f 450/2575 442/2576 451/2577
f 451/2578 446/2579 452/2580
f 442/2581 446/2582 451/2583
f 445/2584 442/2585 450/2586
f 452/2587 447/2588 453/2589
f 446/2590 447/2591 452/2592
f 448/2593 447/2594 426/2595
f 448/2596 453/2597 447/2598
f 454/2599 448/2600 426/2601
f 455/2602 454/2603 426/2604
f 426/2605 444/2606 455/2607
f 426/2608 444/2609 428/2610
f 460/2611 448/2612 454/2613
f 449/2614 443/2615 422/2616
f 443/2617 450/2618 462/2619
f 462/2620 461/2621 443/2622
f 462/2623 451/2624 463/2625
f 450/2626 451/2627 462/2628
f 463/2629 452/2630 464/2631
f 451/2632 452/2633 463/2634
f 452/2635 453/2636 460/2637
f 460/2638 464/2639 452/2640
f 453/2641 448/2642 460/2643
f 466/2644 465/2645 454/2646
f 465/2647 460/2648 454/2649
f 422/2650 449/2651 467/2652
f 449/2653 461/2654 467/2655
f 467/2656 461/2657 468/2658
f 461/2659 462/2660 468/2661
f 469/2662 468/2663 463/2664
f 468/2665 462/2666 463/2667
f 469/2668 464/2669 470/2670
f 463/2671 464/2672 469/2673
f 465/2674 470/2675 460/2676
f 470/2677 464/2678 460/2679
f 466/2680 455/2681 444/2682
f 454/2683 455/2684 466/2685
f 471/2686 466/2687 472/2688
f 465/2689 466/2690 471/2691
f 427/2692 467/2693 473/2694
f 422/2695 467/2696 427/2697
f 475/2698 473/2699 467/2700
f 467/2701 468/2702 474/2703
f 474/2704 475/2705 467/2706
f 474/2707 469/2708 476/2709
f 468/2710 469/2711 474/2712
f 469/2713 470/2714 477/2715
f 477/2716 476/2717 469/2718
f 470/2719 465/2720 471/2721
f 471/2722 477/2723 470/2724
f 466/2725 444/2726 478/2727
f 478/2728 472/2729 466/2730
f 428/2731 478/2732 444/2733
f 480/2734 471/2735 479/2736
f 471/2737 472/2738 481/2739
f 481/2740 479/2741 471/2742
f 482/2743 437/2744 427/2745
f 482/2746 473/2747 483/2748
f 427/2749 473/2750 482/2751
f 485/2752 474/2753 484/2754
f 473/2755 475/2756 485/2757
f 485/2758 483/2759 473/2760
f 475/2761 474/2762 485/2763
f 474/2764 476/2765 486/2766
f 486/2767 484/2768 474/2769
f 486/2770 477/2771 480/2772
f 476/2773 477/2774 486/2775
f 477/2776 471/2777 480/2778
f 488/2779 428/2780 487/2781
f 481/2782 478/2783 488/2784
f 472/2785 478/2786 481/2787
f 478/2788 428/2789 488/2790
f 489/2791 487/2792 428/2793
f 430/2794 490/2795 428/2796
f 490/2797 489/2798 428/2799
f 492/2800 491/2801 479/2802
f 491/2803 480/2804 479/2805
f 492/2806 481/2807 493/2808
f 479/2809 481/2810 492/2811
f 437/2812 482/2813 494/2814
f 482/2815 483/2816 495/2817
f 495/2818 494/2819 482/2820
f 497/2821 485/2822 496/2823
f 496/2824 485/2825 484/2826
f 497/2827 495/2828 485/2829
f 495/2830 483/2831 485/2832
f 496/2833 486/2834 498/2835
f 484/2836 486/2837 496/2838
f 491/2839 498/2840 480/2841
f 498/2842 486/2843 480/2844
f 488/2845 487/2846 499/2847
f 481/2848 488/2849 499/2850
f 499/2851 493/2852 481/2853
f 491/2854 492/2855 500/2856
f 492/2857 493/2858 501/2859
f 429/2860 494/2861 502/2862
f 437/2863 494/2864 429/2865
f 502/2866 494/2867 503/2868
f 503/2869 495/2870 497/2871
f 494/2872 495/2873 503/2874
f 497/2875 496/2876 504/2877
f 504/2878 496/2879 505/2880
f 496/2881 498/2882 506/2883
f 506/2884 505/2885 496/2886
f 498/2887 491/2888 500/2889
f 500/2890 506/2891 498/2892
f 508/2893 499/2894 487/2895
f 508/2896 507/2897 499/2898
f 507/2899 493/2900 499/2901
f 507/2902 501/2903 493/2904
f 508/2905 489/2906 490/2907
f 487/2908 489/2909 508/2910
f 512/2911 500/2912 511/2913
f 511/2914 492/2915 513/2916
f 500/2917 492/2918 511/2919
f 492/2920 501/2921 514/2922
f 514/2923 513/2924 492/2925
f 515/2926 429/2927 502/2928
f 515/2929 436/2930 429/2931
f 502/2932 503/2933 516/2934
f 516/2935 515/2936 502/2937
f 503/2938 497/2939 517/2940
f 517/2941 516/2942 503/2943
f 517/2944 504/2945 518/2946
f 497/2947 504/2948 517/2949
f 504/2950 505/2951 519/2952
f 519/2953 518/2954 504/2955
f 505/2956 506/2957 512/2958
f 512/2959 519/2960 505/2961
f 506/2962 500/2963 512/2964
f 520/2965 508/2966 521/2967
f 507/2968 508/2969 520/2970
f 501/2971 507/2972 520/2973
f 520/2974 514/2975 501/2976
f 521/2977 490/2978 430/2979
f 508/2980 490/2981 521/2982
f 523/2983 512/2984 511/2985
f 523/2986 522/2987 512/2988
f 523/2989 513/2990 524/2991
f 511/2992 513/2993 523/2994
f 513/2995 514/2996 524/2997
f 457/2998 436/2999 525/3000
f 525/3001 515/3002 526/3003
f 436/3004 515/3005 525/3006
f 526/3007 516/3008 528/3009
f 515/3010 516/3011 526/3012
f 528/3013 516/3014 527/3015
f 516/3016 517/3017 527/3018
f 529/3019 517/3020 518/3021
f 529/3022 527/3023 517/3024
f 529/3025 519/3026 522/3027
f 518/3028 519/3029 529/3030
f 519/3031 512/3032 522/3033
f 531/3034 430/3035 530/3036
f 524/3037 520/3038 532/3039
f 532/3040 521/3041 533/3042
f 520/3043 521/3044 532/3045
f 514/3046 520/3047 524/3048
f 521/3049 430/3050 531/3051
f 531/3052 533/3053 521/3054
f 534/3055 530/3056 430/3057
f 535/3058 534/3059 430/3060
f 545/3061 523/3062 546/3063
f 522/3064 523/3065 545/3066
f 523/3067 524/3068 548/3069
f 548/3070 546/3071 523/3072
f 547/3073 548/3074 524/3075
f 457/3076 525/3077 549/3078
f 549/3079 526/3080 550/3081
f 525/3082 526/3083 549/3084
f 528/3085 527/3086 551/3087
f 526/3088 528/3089 552/3090
f 552/3091 550/3092 526/3093
f 551/3094 552/3095 528/3096
f 551/3097 529/3098 553/3099
f 527/3100 529/3101 551/3102
f 529/3103 522/3104 554/3105
f 554/3106 553/3107 529/3108
f 545/3109 554/3110 522/3111
f 556/3112 547/3113 532/3114
f 547/3115 524/3116 532/3117
f 556/3118 533/3119 555/3120
f 532/3121 533/3122 556/3123
f 555/3124 533/3125 530/3126
f 533/3127 531/3128 530/3129
f 458/3130 510/3131 535/3132
f 558/3133 545/3134 557/3135
f 545/3136 546/3137 559/3138
f 559/3139 557/3140 545/3141
f 561/3142 547/3143 560/3144
f 546/3145 548/3146 561/3147
f 561/3148 559/3149 546/3150
f 548/3151 547/3152 561/3153
f 563/3154 509/3155 549/3156
f 563/3157 562/3158 509/3159
f 549/3160 550/3161 564/3162
f 564/3163 563/3164 549/3165
f 457/3166 549/3167 509/3168
f 566/3169 551/3170 565/3171
f 550/3172 552/3173 566/3174
f 566/3175 564/3176 550/3177
f 552/3178 551/3179 566/3180
f 565/3181 553/3182 567/3183
f 551/3184 553/3185 565/3186
f 553/3187 554/3188 558/3189
f 558/3190 567/3191 553/3192
f 554/3193 545/3194 558/3195
f 569/3196 530/3197 568/3198
f 555/3199 530/3200 569/3201
f 568/3202 534/3203 535/3204
f 530/3205 534/3206 568/3207
f 560/3208 556/3209 570/3210
f 547/3211 556/3212 560/3213
f 556/3214 555/3215 571/3216
f 571/3217 570/3218 556/3219
f 569/3220 571/3221 555/3222
f 573/3223 558/3224 557/3225
f 573/3226 572/3227 558/3228
f 573/3229 559/3230 574/3231
f 557/3232 559/3233 573/3234
f 576/3235 575/3236 560/3237
f 575/3238 561/3239 560/3240
f 574/3241 561/3242 575/3243
f 574/3244 559/3245 561/3246
f 579/3247 562/3248 578/3249
f 578/3250 563/3251 580/3252
f 562/3253 563/3254 578/3255
f 580/3256 564/3257 581/3258
f 563/3259 564/3260 580/3261
f 509/3262 562/3263 579/3264
f 579/3265 536/3266 509/3267
f 583/3268 566/3269 565/3270
f 583/3271 582/3272 566/3273
f 582/3274 581/3275 566/3276
f 581/3277 564/3278 566/3279
f 565/3280 567/3281 584/3282
f 584/3283 583/3284 565/3285
f 584/3286 558/3287 572/3288
f 584/3289 567/3290 558/3291
f 569/3292 568/3293 585/3294
f 568/3295 535/3296 586/3297
f 560/3298 570/3299 576/3300
f 570/3301 571/3302 585/3303
f 585/3304 576/3305 570/3306
f 571/3307 569/3308 585/3309
f 458/3310 586/3311 535/3312
f 588/3313 572/3314 587/3315
f 587/3316 573/3317 589/3318
f 572/3319 573/3320 587/3321
f 573/3322 574/3323 590/3324
f 590/3325 589/3326 573/3327
f 592/3328 575/3329 591/3330
f 575/3331 576/3332 593/3333
f 593/3334 591/3335 575/3336
f 574/3337 575/3338 592/3339
f 592/3340 590/3341 574/3342
f 577/3343 536/3344 456/3345
f 579/3346 578/3347 594/3348
f 578/3349 580/3350 594/3351
f 580/3352 581/3353 595/3354
f 577/3355 536/3356 579/3357
f 596/3358 583/3359 597/3360
f 582/3361 583/3362 596/3363
f 582/3364 595/3365 581/3366
f 583/3367 584/3368 597/3369
f 584/3370 572/3371 588/3372
f 588/3373 597/3374 584/3375
f 600/3376 585/3377 568/3378
f 600/3379 599/3380 585/3381
f 568/3382 586/3383 601/3384
f 601/3385 600/3386 568/3387
f 593/3388 576/3389 602/3390
f 599/3391 576/3392 585/3393
f 599/3394 602/3395 576/3396
f 604/3397 603/3398 458/3399
f 603/3400 586/3401 458/3402
f 603/3403 601/3404 586/3405
f 604/3406 458/3407 598/3408
f 537/3409 456/3410 605/3411
f 539/3412 537/3413 540/3414
f 538/3415 537/3416 539/3417
f 540/3418 537/3419 605/3420
f 538/3421 605/3422 456/3423
f 588/3424 587/3425 606/3426
f 606/3427 589/3428 607/3429
f 587/3430 589/3431 606/3432
f 589/3433 590/3434 592/3435
f 592/3436 607/3437 589/3438
f 592/3439 591/3440 608/3441
f 608/3442 593/3443 609/3444
f 591/3445 593/3446 608/3447
f 456/3448 577/3449 610/3450
f 612/3451 611/3452 594/3453
f 611/3454 579/3455 594/3456
f 594/3457 580/3458 613/3459
f 613/3460 612/3461 594/3462
f 613/3463 595/3464 614/3465
f 580/3466 595/3467 613/3468
f 610/3469 577/3470 611/3471
f 577/3472 579/3473 611/3474
f 614/3475 596/3476 615/3477
f 582/3478 596/3479 614/3480
f 596/3481 597/3482 616/3483
f 616/3484 615/3485 596/3486
f 595/3487 582/3488 614/3489
f 588/3490 616/3491 597/3492
f 618/3493 600/3494 619/3495
f 599/3496 600/3497 618/3498
f 600/3499 601/3500 619/3501
f 593/3502 602/3503 609/3504
f 602/3505 599/3506 618/3507
f 618/3508 609/3509 602/3510
f 620/3511 603/3512 604/3513
f 601/3514 603/3515 620/3516
f 620/3517 619/3518 601/3519
f 622/3520 621/3521 606/3522
f 621/3523 588/3524 606/3525
f 606/3526 607/3527 624/3528
f 624/3529 622/3530 606/3531
f 624/3532 607/3533 623/3534
f 607/3535 592/3536 623/3537
f 625/3538 623/3539 608/3540
f 608/3541 609/3542 626/3543
f 626/3544 625/3545 608/3546
f 592/3547 608/3548 623/3549
f 537/3550 610/3551 627/3552
f 456/3553 610/3554 537/3555
f 627/3556 611/3557 628/3558
f 611/3559 612/3560 629/3561
f 629/3562 628/3563 611/3564
f 629/3565 613/3566 630/3567
f 612/3568 613/3569 629/3570
f 630/3571 613/3572 614/3573
f 610/3574 611/3575 627/3576
f 631/3577 614/3578 615/3579
f 631/3580 630/3581 614/3582
f 631/3583 616/3584 621/3585
f 615/3586 616/3587 631/3588
f 616/3589 588/3590 621/3591
f 633/3592 618/3593 632/3594
f 618/3595 619/3596 634/3597
f 634/3598 632/3599 618/3600
f 620/3601 634/3602 619/3603
f 626/3604 609/3605 633/3606
f 609/3607 618/3608 633/3609
f 620/3610 604/3611 635/3612
f 635/3613 598/3614 617/3615
f 604/3616 598/3617 635/3618
f 617/3619 598/3620 459/3621
f 638/3622 621/3623 637/3624
f 637/3625 622/3626 639/3627
f 621/3628 622/3629 637/3630
f 641/3631 623/3632 640/3633
f 639/3634 624/3635 641/3636
f 622/3637 624/3638 639/3639
f 624/3640 623/3641 641/3642
f 640/3643 625/3644 642/3645
f 623/3646 625/3647 640/3648
f 642/3649 626/3650 643/3651
f 625/3652 626/3653 642/3654
f 538/3655 537/3656 644/3657
f 644/3658 627/3659 645/3660
f 537/3661 627/3662 644/3663
f 627/3664 628/3665 646/3666
f 646/3667 629/3668 647/3669
f 628/3670 629/3671 646/3672
f 649/3673 630/3674 648/3675
f 629/3676 630/3677 649/3678
f 649/3679 647/3680 629/3681
f 646/3682 645/3683 627/3684
f 648/3685 631/3686 650/3687
f 630/3688 631/3689 648/3690
f 631/3691 621/3692 638/3693
f 638/3694 650/3695 631/3696
f 643/3697 633/3698 651/3699
f 652/3700 633/3701 632/3702
f 652/3703 651/3704 633/3705
f 652/3706 634/3707 653/3708
f 632/3709 634/3710 652/3711
f 653/3712 634/3713 620/3714
f 643/3715 626/3716 633/3717
f 654/3718 620/3719 635/3720
f 654/3721 653/3722 620/3723
f 654/3724 617/3725 655/3726
f 635/3727 617/3728 654/3729
f 459/3730 655/3731 617/3732
f 657/3733 637/3734 656/3735
f 638/3736 637/3737 657/3738
f 656/3739 639/3740 658/3741
f 637/3742 639/3743 656/3744
f 660/3745 640/3746 659/3747
f 641/3748 640/3749 660/3750
f 639/3751 641/3752 661/3753
f 661/3754 658/3755 639/3756
f 660/3757 661/3758 641/3759
f 659/3760 642/3761 662/3762
f 640/3763 642/3764 659/3765
f 642/3766 643/3767 663/3768
f 663/3769 662/3770 642/3771
f 538/3772 644/3773 665/3774
f 664/3775 665/3776 645/3777
f 665/3778 644/3779 645/3780
f 666/3781 645/3782 646/3783
f 666/3784 664/3785 645/3786
f 646/3787 647/3788 667/3789
f 667/3790 666/3791 646/3792
f 669/3793 648/3794 668/3795
f 649/3796 648/3797 669/3798
f 647/3799 649/3800 669/3801
f 669/3802 667/3803 647/3804
f 668/3805 650/3806 670/3807
f 648/3808 650/3809 668/3810
f 650/3811 638/3812 657/3813
f 657/3814 670/3815 650/3816
f 672/3817 459/3818 671/3819
f 663/3820 651/3821 673/3822
f 643/3823 651/3824 663/3825
f 673/3826 652/3827 674/3828
f 651/3829 652/3830 673/3831
f 676/3832 653/3833 675/3834
f 652/3835 653/3836 676/3837
f 676/3838 674/3839 652/3840
f 675/3841 654/3842 677/3843
f 653/3844 654/3845 675/3846
f 654/3847 655/3848 672/3849
f 672/3850 677/3851 654/3852
f 655/3853 459/3854 672/3855
f 703/3856 684/3857 702/3858
f 684/3859 685/3860 704/3861
f 704/3862 702/3863 684/3864
f 705/3865 704/3866 685/3867
f 707/3868 687/3869 708/3870
f 686/3871 687/3872 707/3873
f 685/3874 686/3875 707/3876
f 707/3877 705/3878 685/3879
f 708/3880 687/3881 709/3882
f 706/3883 687/3884 688/3885
f 706/3886 709/3887 687/3888
f 605/3889 690/3890 540/3891
f 690/3892 691/3893 711/3894
f 689/3895 711/3896 691/3897
f 689/3898 692/3899 712/3900
f 712/3901 710/3902 689/3903
f 692/3904 693/3905 712/3906
f 714/3907 694/3908 713/3909
f 713/3910 695/3911 715/3912
f 694/3913 695/3914 713/3915
f 693/3916 694/3917 714/3918
f 714/3919 712/3920 693/3921
f 695/3922 696/3923 716/3924
f 716/3925 715/3926 695/3927
f 696/3928 684/3929 703/3930
f 703/3931 716/3932 696/3933
f 679/3934 722/3935 671/3936
f 679/3937 717/3938 722/3939
f 718/3940 688/3941 697/3942
f 718/3943 706/3944 688/3945
f 718/3946 698/3947 719/3948
f 697/3949 698/3950 718/3951
f 721/3952 700/3953 699/3954
f 721/3955 720/3956 700/3957
f 720/3958 698/3959 700/3960
f 720/3961 719/3962 698/3963
f 699/3964 701/3965 721/3966
f 717/3967 701/3968 722/3969
f 701/3970 671/3971 722/3972
f 717/3973 721/3974 701/3975
f 748/3976 747/3977 723/3978
f 747/3979 703/3980 723/3981
f 723/3982 724/3983 749/3984
f 749/3985 748/3986 723/3987
f 749/3988 724/3989 725/3990
f 750/3991 727/3992 726/3993
f 751/3994 725/3995 728/3996
f 728/3997 729/3998 752/3999
f 752/4000 751/4001 728/4002
f 727/4003 752/4004 729/4005
f 753/4006 731/4007 754/4008
f 730/4009 731/4010 753/4011
f 680/4012 732/4013 755/4014
f 755/4015 733/4016 753/4017
f 732/4018 733/4019 755/4020
f 733/4021 730/4022 753/4023
f 757/4024 714/4025 756/4026
f 754/4027 734/4028 757/4029
f 731/4030 734/4031 754/4032
f 757/4033 734/4034 714/4035
f 758/4036 714/4037 735/4038
f 758/4039 756/4040 714/4041
f 735/4042 736/4043 759/4044
f 759/4045 758/4046 735/4047
f 736/4048 703/4049 747/4050
f 747/4051 759/4052 736/4053
f 761/4054 737/4055 760/4056
f 738/4057 737/4058 761/4059
f 737/4060 739/4061 760/4062
f 739/4063 636/4064 746/4065
f 726/4066 740/4067 762/4068
f 762/4069 750/4070 726/4071
f 743/4072 762/4073 741/4074
f 762/4075 740/4076 741/4077
f 763/4078 743/4079 742/4080
f 763/4081 744/4082 761/4083
f 742/4084 744/4085 763/4086
f 744/4087 738/4088 761/4089
f 745/4090 539/4091 680/4092
f 792/4093 745/4094 794/4095
f 792/4096 539/4097 745/4098
f 796/4099 771/4100 795/4101
f 772/4102 771/4103 796/4104
f 795/4105 773/4106 797/4107
f 771/4108 773/4109 795/4110
f 799/4111 774/4112 798/4113
f 775/4114 774/4115 799/4116
f 773/4117 775/4118 799/4119
f 799/4120 797/4121 773/4122
f 777/4123 776/4124 800/4125
f 776/4126 778/4127 801/4128
f 798/4129 779/4130 802/4131
f 774/4132 779/4133 798/4134
f 779/4135 777/4136 800/4137
f 800/4138 802/4139 779/4140
f 804/4141 781/4142 780/4143
f 804/4144 803/4145 781/4146
f 780/4147 782/4148 805/4149
f 805/4150 804/4151 780/4152
f 745/4153 783/4154 806/4155
f 806/4156 794/4157 745/4158
f 803/4159 806/4160 781/4161
f 806/4162 783/4163 781/4164
f 808/4165 784/4166 756/4167
f 808/4168 807/4169 784/4170
f 807/4171 805/4172 784/4173
f 805/4174 782/4175 784/4176
f 808/4177 785/4178 809/4179
f 756/4180 785/4181 808/4182
f 785/4183 772/4184 810/4185
f 810/4186 809/4187 785/4188
f 796/4189 810/4190 772/4191
f 791/4192 765/4193 811/4194
f 765/4195 786/4196 812/4197
f 812/4198 811/4199 765/4200
f 787/4201 812/4202 786/4203
f 787/4204 769/4205 793/4206
f 814/4207 788/4208 813/4209
f 778/4210 789/4211 814/4212
f 814/4213 801/4214 778/4215
f 789/4216 788/4217 814/4218
f 813/4219 790/4220 815/4221
f 788/4222 790/4223 813/4224
f 790/4225 766/4226 791/4227
f 791/4228 815/4229 790/4230
f 539/4231 792/4232 818/4233
f 818/4234 794/4235 820/4236
f 792/4237 794/4238 818/4239
f 824/4240 810/4241 795/4242
f 810/4243 796/4244 795/4245
f 824/4246 823/4247 810/4248
f 795/4249 797/4250 824/4251
f 826/4252 825/4253 798/4254
f 825/4255 799/4256 798/4257
f 824/4258 797/4259 825/4260
f 797/4261 799/4262 825/4263
f 828/4264 800/4265 776/4266
f 828/4267 827/4268 800/4269
f 828/4270 801/4271 819/4272
f 776/4273 801/4274 828/4275
f 798/4276 802/4277 829/4278
f 829/4279 826/4280 798/4281
f 829/4282 802/4283 827/4284
f 802/4285 800/4286 827/4287
f 830/4288 804/4289 831/4290
f 803/4291 804/4292 830/4293
f 804/4294 805/4295 832/4296
f 832/4297 831/4298 804/4299
f 820/4300 806/4301 833/4302
f 794/4303 806/4304 820/4305
f 806/4306 803/4307 830/4308
f 830/4309 833/4310 806/4311
f 834/4312 808/4313 835/4314
f 807/4315 808/4316 834/4317
f 805/4318 807/4319 834/4320
f 834/4321 832/4322 805/4323
f 808/4324 809/4325 835/4326
f 823/4327 835/4328 810/4329
f 835/4330 809/4331 810/4332
f 837/4333 822/4334 811/4335
f 822/4336 791/4337 811/4338
f 811/4339 812/4340 838/4341
f 838/4342 837/4343 811/4344
f 836/4345 839/4346 793/4347
f 838/4348 787/4349 839/4350
f 838/4351 812/4352 787/4353
f 787/4354 793/4355 839/4356
f 989/4357 868/4358 990/4359
f 991/4360 544/4361 868/4362
f 991/4363 868/4364 544/4365
f 929/4366 961/4367 998/4368
f 1001/4369 963/4370 1000/4371
f 998/4372 964/4373 1002/4374
f 961/4375 964/4376 998/4377
f 1002/4378 966/4379 1004/4380
f 964/4381 966/4382 1002/4383
f 966/4384 968/4385 1001/4386
f 1001/4387 1004/4388 966/4389
f 968/4390 963/4391 1001/4392
f 970/4393 996/4394 971/4395
f 970/4396 975/4397 1008/4398
f 1011/4399 976/4400 948/4401
f 1011/4402 1010/4403 976/4404
f 1010/4405 1008/4406 976/4407
f 1008/4408 975/4409 976/4410
f 948/4411 977/4412 1012/4413
f 1012/4414 1011/4415 948/4416
f 1009/4417 1012/4418 978/4419
f 1012/4420 977/4421 978/4422
f 1013/4423 978/4424 979/4425
f 1013/4426 1009/4427 978/4428
f 1013/4429 980/4430 1014/4431
f 979/4432 980/4433 1013/4434
f 1016/4435 981/4436 967/4437
f 1016/4438 1015/4439 981/4440
f 1015/4441 1014/4442 981/4443
f 1014/4444 980/4445 981/4446
f 1000/4447 982/4448 1017/4449
f 963/4450 982/4451 1000/4452
f 982/4453 983/4454 995/4455
f 995/4456 1017/4457 982/4458
f 869/4459 929/4460 1030/4461
f 929/4462 998/4463 1030/4464
f 1034/4465 1000/4466 1033/4467
f 1001/4468 1000/4469 1034/4470
f 1035/4471 998/4472 1002/4473
f 1035/4474 1030/4475 998/4476
f 1002/4477 1004/4478 1035/4479
f 1004/4480 1001/4481 1034/4482
f 996/4483 970/4484 1038/4485
f 1038/4486 1027/4487 996/4488
f 970/4489 1008/4490 1039/4491
f 1039/4492 1038/4493 970/4494
f 1010/4495 1011/4496 1043/4497
f 1043/4498 1042/4499 1010/4500
f 1008/4501 1010/4502 1042/4503
f 1042/4504 1039/4505 1008/4506
f 1043/4507 1012/4508 1045/4509
f 1011/4510 1012/4511 1043/4512
f 1012/4513 1009/4514 1040/4515
f 1040/4516 1045/4517 1012/4518
f 1009/4519 1013/4520 1040/4521
f 1013/4522 1014/4523 1047/4524
f 1015/4525 1016/4526 1046/4527
f 1046/4528 1049/4529 1015/4530
f 1015/4531 1047/4532 1014/4533
f 1000/4534 1017/4535 1051/4536
f 1051/4537 1033/4538 1000/4539
f 1017/4540 995/4541 1025/4542
f 1025/4543 1051/4544 1017/4545
f 870/4546 868/4547 1055/4548
f 1028/4549 683/4550 869/4551
f 871/4552 870/4553 874/4554
f 544/4555 870/4556 871/4557
f 1028/4558 869/4559 1072/4560
f 869/4561 1030/4562 1070/4563
f 1070/4564 1072/4565 869/4566
f 1059/4567 1073/4568 1033/4569
f 1073/4570 1034/4571 1033/4572
f 1070/4573 1035/4574 1077/4575
f 1030/4576 1035/4577 1070/4578
f 1035/4579 1004/4580 1078/4581
f 1078/4582 1077/4583 1035/4584
f 1078/4585 1004/4586 1073/4587
f 1004/4588 1034/4589 1073/4590
f 1062/4591 1027/4592 1079/4593
f 1079/4594 1038/4595 1080/4596
f 1027/4597 1038/4598 1079/4599
f 1038/4600 1039/4601 1080/4602
f 1082/4603 1040/4604 1081/4605
f 1080/4606 1042/4607 1083/4608
f 1083/4609 1043/4610 1084/4611
f 1042/4612 1043/4613 1083/4614
f 1039/4615 1042/4616 1080/4617
f 1043/4618 1045/4619 1082/4620
f 1082/4621 1084/4622 1043/4623
f 1045/4624 1040/4625 1082/4626
f 1040/4627 1013/4628 1085/4629
f 1085/4630 1081/4631 1040/4632
f 1085/4633 1047/4634 1057/4635
f 1013/4636 1047/4637 1085/4638
f 1055/4639 871/4640 874/4641
f 1055/4642 988/4643 871/4644
f 1067/4645 1028/4646 1097/4647
f 1100/4648 1070/4649 1099/4650
f 1097/4651 1072/4652 1100/4653
f 1028/4654 1072/4655 1097/4656
f 1072/4657 1070/4658 1100/4659
f 1073/4660 1059/4661 1090/4662
f 1090/4663 1104/4664 1073/4665
f 1070/4666 1077/4667 1106/4668
f 1106/4669 1099/4670 1070/4671
f 1106/4672 1078/4673 1104/4674
f 1077/4675 1078/4676 1106/4677
f 1078/4678 1073/4679 1104/4680
f 1107/4681 1093/4682 1079/4683
f 1093/4684 1062/4685 1079/4686
f 1079/4687 1080/4688 1110/4689
f 1110/4690 1107/4691 1079/4692
f 1110/4693 1080/4694 1108/4695
f 1114/4696 1082/4697 1081/4698
f 1114/4699 1112/4700 1082/4701
f 1115/4702 1108/4703 1083/4704
f 1108/4705 1080/4706 1083/4707
f 1115/4708 1084/4709 1116/4710
f 1083/4711 1084/4712 1115/4713
f 1116/4714 1084/4715 1112/4716
f 1084/4717 1082/4718 1112/4719
f 1081/4720 1085/4721 1114/4722
f 1086/4723 1085/4724 1056/4725
f 1085/4726 1057/4727 1056/4728
f 874/4729 1055/4730 990/4731
f 1117/4732 989/4733 991/4734
f 1055/4735 989/4736 1117/4737
f 683/4738 1028/4739 1067/4740
f 1119/4741 987/4742 1120/4743
f 1121/4744 871/4745 987/4746
f 992/4747 989/4748 874/4749
f 874/4750 989/4751 992/4752
f 1122/4753 683/4754 872/4755
f 873/4756 683/4757 1122/4758
f 1118/4759 872/4760 683/4761
f 1119/4762 1124/4763 987/4764
f 1124/4765 871/4766 987/4767
f 992/4768 868/4769 1055/4770
f 992/4771 990/4772 1117/4773
f 1121/4774 987/4775 1162/4776
f 1226/4777 1121/4778 1163/4779
f 1121/4780 1162/4781 1163/4782
f 1227/4783 1226/4784 1235/4785
f 1226/4786 1165/4787 1235/4788
f 1226/4789 1163/4790 1165/4791
f 1235/4792 1165/4793 991/4794
f 992/4795 1235/4796 991/4797
f 992/4798 1227/4799 1235/4800
f 1228/4801 1171/4802 1229/4803
f 873/4804 1171/4805 1228/4806
f 1171/4807 1172/4808 1230/4809
f 1230/4810 1229/4811 1171/4812
f 1230/4813 1174/4814 1231/4815
f 1172/4816 1174/4817 1230/4818
f 1174/4819 1175/4820 1231/4821
f 1233/4822 1177/4823 1232/4824
f 1177/4825 1179/4826 1232/4827
f 1179/4828 1173/4829 1214/4830
f 1231/4831 1180/4832 1233/4833
f 1175/4834 1180/4835 1231/4836
f 1180/4837 1177/4838 1233/4839
f 1234/4840 1183/4841 1182/4842
f 1182/4843 1184/4844 1185/4845
f 1185/4846 1234/4847 1182/4848
f 1120/4849 1121/4850 1241/4851
f 1241/4852 1121/4853 1226/4854
f 1244/4855 1226/4856 1227/4857
f 1244/4858 1241/4859 1226/4860
f 1244/4861 1242/4862 1241/4863
f 1118/4864 1228/4865 1264/4866
f 873/4867 1228/4868 1118/4869
f 1228/4870 1229/4871 1268/4872
f 1268/4873 1264/4874 1228/4875
f 1268/4876 1229/4877 1267/4878
f 1229/4879 1230/4880 1267/4881
f 1269/4882 1267/4883 1231/4884
f 1267/4885 1230/4886 1231/4887
f 1269/4888 1231/4889 1270/4890
f 1272/4891 1232/4892 1271/4893
f 1233/4894 1232/4895 1272/4896
f 1232/4897 1179/4898 1273/4899
f 1273/4900 1271/4901 1232/4902
f 1179/4903 1214/4904 1252/4905
f 1252/4906 1273/4907 1179/4908
f 1231/4909 1233/4910 1272/4911
f 1272/4912 1270/4913 1231/4914
f 1266/4915 1183/4916 1274/4917
f 1183/4918 1234/4919 1275/4920
f 1275/4921 1274/4922 1183/4923
f 1234/4924 1185/4925 1200/4926
f 1200/4927 1275/4928 1234/4929
f 1254/4930 1201/4931 1236/4932
f 1119/4933 1120/4934 1281/4935
f 1283/4936 1120/4937 1241/4938
f 1283/4939 1281/4940 1120/4941
f 1241/4942 1242/4943 1283/4944
f 1242/4945 1244/4946 1283/4947
f 1118/4948 1264/4949 1290/4950
f 1290/4951 872/4952 1118/4953
f 1290/4954 1268/4955 1303/4956
f 1264/4957 1268/4958 1290/4959
f 1268/4960 1267/4961 1301/4962
f 1301/4963 1303/4964 1268/4965
f 1301/4966 1269/4967 1304/4968
f 1267/4969 1269/4970 1301/4971
f 1269/4972 1270/4973 1305/4974
f 1305/4975 1304/4976 1269/4977
f 1307/4978 1272/4979 1271/4980
f 1307/4981 1306/4982 1272/4983
f 1271/4984 1273/4985 1308/4986
f 1308/4987 1307/4988 1271/4989
f 1308/4990 1273/4991 1291/4992
f 1273/4993 1252/4994 1291/4995
f 1306/4996 1270/4997 1272/4998
f 1306/4999 1305/5000 1270/5001
f 1274/5002 1302/5003 1266/5004
f 1274/5005 1275/5006 1310/5007
f 1309/5008 1310/5009 1311/5010
f 1310/5011 1275/5012 1311/5013
f 1275/5014 1200/5015 1311/5016
f 1199/5017 1309/5018 1200/5019
f 1309/5020 1311/5021 1200/5022
f 1315/5023 1124/5024 1119/5025
f 1315/5026 1281/5027 1316/5028
f 1119/5029 1281/5030 1315/5031
f 1281/5032 1283/5033 1316/5034
f 1334/5035 1122/5036 872/5037
f 1334/5038 1290/5039 1336/5040
f 872/5041 1290/5042 1334/5043
f 1340/5044 1301/5045 1339/5046
f 1290/5047 1303/5048 1336/5049
f 1303/5050 1301/5051 1340/5052
f 1340/5053 1336/5054 1303/5055
f 1301/5056 1304/5057 1343/5058
f 1343/5059 1339/5060 1301/5061
f 1343/5062 1305/5063 1345/5064
f 1304/5065 1305/5066 1343/5067
f 1345/5068 1307/5069 1347/5070
f 1306/5071 1307/5072 1345/5073
f 1308/5074 1347/5075 1307/5076
f 1308/5077 1291/5078 1328/5079
f 1305/5080 1306/5081 1345/5082
f 1346/5083 1274/5084 1348/5085
f 1302/5086 1274/5087 1346/5088
f 1350/5089 1309/5090 1349/5091
f 1274/5092 1310/5093 1350/5094
f 1350/5095 1348/5096 1274/5097
f 1310/5098 1309/5099 1350/5100
f 1309/5101 1199/5102 1349/5103
f 875/5104 1349/5105 1199/5106
f 1358/5107 1315/5108 1316/5109
f 1358/5110 1124/5111 1315/5112
f 1122/5113 1334/5114 1370/5115
f 1334/5116 1336/5117 1372/5118
f 1372/5119 1370/5120 1334/5121
f 1376/5122 1340/5123 1339/5124
f 1372/5125 1336/5126 1340/5127
f 1376/5128 1343/5129 1378/5130
f 1339/5131 1343/5132 1376/5133
f 1343/5134 1345/5135 1379/5136
f 1379/5137 1378/5138 1343/5139
f 1379/5140 1345/5141 1380/5142
f 1345/5143 1347/5144 1381/5145
f 1381/5146 1380/5147 1345/5148
f 1382/5149 1328/5150 1364/5151
f 1381/5152 1308/5153 1382/5154
f 1347/5155 1308/5156 1381/5157
f 1308/5158 1328/5159 1382/5160
f 1377/5161 1346/5162 1383/5163
f 1348/5164 1383/5165 1346/5166
f 1385/5167 1349/5168 1384/5169
f 1350/5170 1349/5171 1385/5172
f 1348/5173 1350/5174 1385/5175
f 1384/5176 1349/5177 1386/5178
f 1386/5179 875/5180 1353/5181
f 1349/5182 875/5183 1386/5184
f 1366/5185 1312/5186 1387/5187
f 1312/5188 1313/5189 1356/5190
f 1356/5191 1387/5192 1312/5193
f 1122/5194 1370/5195 1392/5196
f 1392/5197 1391/5198 1122/5199
f 1392/5200 1372/5201 1393/5202
f 1370/5203 1372/5204 1392/5205
f 1393/5206 1340/5207 1395/5208
f 1395/5209 1376/5210 1396/5211
f 1340/5212 1376/5213 1395/5214
f 1372/5215 1340/5216 1393/5217
f 1376/5218 1378/5219 1397/5220
f 1397/5221 1396/5222 1376/5223
f 1379/5224 1397/5225 1378/5226
f 1398/5227 1379/5228 1380/5229
f 1398/5230 1394/5231 1379/5232
f 1380/5233 1381/5234 1399/5235
f 1399/5236 1398/5237 1380/5238
f 1400/5239 1382/5240 1364/5241
f 1399/5242 1381/5243 1382/5244
f 1402/5245 1377/5246 1383/5247
f 1402/5248 1401/5249 1377/5250
f 1383/5251 1348/5252 1403/5253
f 1403/5254 1402/5255 1383/5256
f 1404/5257 1385/5258 1384/5259
f 1403/5260 1348/5261 1404/5262
f 1348/5263 1385/5264 1404/5265
f 1384/5266 1386/5267 1405/5268
f 1355/5269 1405/5270 1353/5271
f 1405/5272 1386/5273 1353/5274
f 1407/5275 1387/5276 1406/5277
f 1366/5278 1387/5279 1407/5280
f 1406/5281 1356/5282 1390/5283
f 1387/5284 1356/5285 1406/5286
f 1358/5287 1283/5288 1244/5289
f 1122/5290 1391/5291 1434/5292
f 1391/5293 1392/5294 1437/5295
f 1437/5296 1434/5297 1391/5298
f 1392/5299 1393/5300 1439/5301
f 1439/5302 1437/5303 1392/5304
f 1444/5305 1394/5306 1443/5307
f 1379/5308 1394/5309 1444/5310
f 1439/5311 1395/5312 1446/5313
f 1393/5314 1395/5315 1439/5316
f 1395/5317 1396/5318 1446/5319
f 1446/5320 1397/5321 1444/5322
f 1396/5323 1397/5324 1446/5325
f 1397/5326 1379/5327 1444/5328
f 1443/5329 1398/5330 1449/5331
f 1394/5332 1398/5333 1443/5334
f 1398/5335 1399/5336 1451/5337
f 1451/5338 1449/5339 1398/5340
f 1451/5341 1400/5342 1453/5343
f 1382/5344 1400/5345 1451/5346
f 1453/5347 1400/5348 1436/5349
f 1399/5350 1382/5351 1451/5352
f 1452/5353 1402/5354 1454/5355
f 1401/5356 1402/5357 1452/5358
f 1454/5359 1403/5360 1455/5361
f 1402/5362 1403/5363 1454/5364
f 1456/5365 1355/5366 1352/5367
f 1458/5368 1404/5369 1457/5370
f 1404/5371 1384/5372 1459/5373
f 1459/5374 1457/5375 1404/5376
f 1403/5377 1404/5378 1458/5379
f 1458/5380 1455/5381 1403/5382
f 1459/5383 1405/5384 1456/5385
f 1384/5386 1405/5387 1459/5388
f 1405/5389 1355/5390 1456/5391
f 1461/5392 1407/5393 1406/5394
f 1461/5395 1460/5396 1407/5397
f 1406/5398 1390/5399 1462/5400
f 1462/5401 1461/5402 1406/5403
f 1463/5404 1389/5405 1388/5406
f 1389/5407 1462/5408 1390/5409
f 1463/5410 1408/5411 1464/5412
f 1388/5413 1408/5414 1463/5415
f 1464/5416 1408/5417 1414/5418
f 1408/5419 1409/5420 1414/5421
f 1434/5422 1437/5423 1468/5424
f 1466/5425 1468/5426 1439/5427
f 1468/5428 1437/5429 1439/5430
f 1473/5431 1443/5432 1471/5433
f 1444/5434 1443/5435 1473/5436
f 1475/5437 1439/5438 1446/5439
f 1475/5440 1466/5441 1439/5442
f 1475/5443 1446/5444 1477/5445
f 1477/5446 1444/5447 1473/5448
f 1446/5449 1444/5450 1477/5451
f 1471/5452 1449/5453 1479/5454
f 1443/5455 1449/5456 1471/5457
f 1449/5458 1451/5459 1481/5460
f 1481/5461 1479/5462 1449/5463
f 1481/5464 1453/5465 1482/5466
f 1451/5467 1453/5468 1481/5469
f 1453/5470 1436/5471 1482/5472
f 1484/5473 1454/5474 1485/5475
f 1452/5476 1454/5477 1484/5478
f 1454/5479 1455/5480 1458/5481
f 1458/5482 1485/5483 1454/5484
f 1487/5485 1352/5486 1486/5487
f 1456/5488 1352/5489 1487/5490
f 1458/5491 1457/5492 1488/5493
f 1457/5494 1459/5495 1488/5496
f 1459/5497 1456/5498 1489/5499
f 1487/5500 1489/5501 1456/5502
f 1483/5503 1460/5504 1490/5505
f 1407/5506 1460/5507 1483/5508
f 1460/5509 1461/5510 1490/5511
f 1461/5512 1462/5513 1491/5514
f 1491/5515 1490/5516 1461/5517
f 1491/5518 1463/5519 1492/5520
f 1389/5521 1463/5522 1491/5523
f 1492/5524 1463/5525 1493/5526
f 1462/5527 1389/5528 1491/5529
f 1463/5530 1464/5531 1470/5532
f 1470/5533 1493/5534 1463/5535
f 1464/5536 1414/5537 1470/5538
f 1244/5539 1358/5540 1316/5541
f 1434/5542 1468/5543 1508/5544
f 1508/5545 1505/5546 1434/5547
f 1468/5548 1466/5549 1506/5550
f 1506/5551 1508/5552 1468/5553
f 1513/5554 1473/5555 1471/5556
f 1513/5557 1511/5558 1473/5559
f 1506/5560 1475/5561 1515/5562
f 1466/5563 1475/5564 1506/5565
f 1475/5566 1477/5567 1515/5568
f 1511/5569 1477/5570 1473/5571
f 1511/5572 1515/5573 1477/5574
f 1471/5575 1479/5576 1513/5577
f 1513/5578 1479/5579 1517/5580
f 1479/5581 1481/5582 1517/5583
f 1520/5584 1517/5585 1482/5586
f 1517/5587 1481/5588 1482/5589
f 1520/5590 1482/5591 1519/5592
f 1524/5593 1523/5594 1484/5595
f 1484/5596 1485/5597 1528/5598
f 1528/5599 1524/5600 1484/5601
f 1528/5602 1485/5603 1526/5604
f 1485/5605 1458/5606 1526/5607
f 1489/5608 1487/5609 1486/5610
f 1486/5611 1530/5612 1489/5613
f 1532/5614 1526/5615 1488/5616
f 1526/5617 1458/5618 1488/5619
f 1488/5620 1459/5621 1532/5622
f 1530/5623 1532/5624 1489/5625
f 1532/5626 1459/5627 1489/5628
f 1533/5629 1483/5630 1490/5631
f 1533/5632 1518/5633 1483/5634
f 1534/5635 1533/5636 1490/5637
f 1490/5638 1491/5639 1535/5640
f 1535/5641 1534/5642 1490/5643
f 1536/5644 1470/5645 1509/5646
f 1535/5647 1492/5648 1537/5649
f 1491/5650 1492/5651 1535/5652
f 1537/5653 1493/5654 1538/5655
f 1492/5656 1493/5657 1537/5658
f 1493/5659 1470/5660 1536/5661
f 1536/5662 1538/5663 1493/5664
f 1244/5665 992/5666 1227/5667
f 1587/5668 1549/5669 1547/5670
f 1553/5671 1552/5672 1589/5673
f 1589/5674 1555/5675 1590/5676
f 1552/5677 1555/5678 1589/5679
f 1547/5680 1556/5681 1593/5682
f 1593/5683 1587/5684 1547/5685
f 1593/5686 1558/5687 1553/5688
f 1556/5689 1558/5690 1593/5691
f 1597/5692 1561/5693 1595/5694
f 1555/5695 1563/5696 1590/5697
f 1563/5698 1561/5699 1597/5700
f 1597/5701 1590/5702 1563/5703
f 1595/5704 1566/5705 1599/5706
f 1561/5707 1566/5708 1595/5709
f 1566/5710 1559/5711 1598/5712
f 1598/5713 1599/5714 1566/5715
f 1601/5716 1572/5717 1600/5718
f 1523/5719 1572/5720 1601/5721
f 1602/5722 1600/5723 1572/5724
f 1574/5725 1573/5726 1607/5727
f 1572/5728 1574/5729 1607/5730
f 1607/5731 1602/5732 1572/5733
f 1576/5734 1575/5735 1611/5736
f 1575/5737 1570/5738 1611/5739
f 1607/5740 1577/5741 1612/5742
f 1573/5743 1577/5744 1607/5745
f 1577/5746 1578/5747 1612/5748
f 1576/5749 1612/5750 1578/5751
f 1596/5752 1557/5753 1613/5754
f 1557/5755 1579/5756 1614/5757
f 1614/5758 1613/5759 1557/5760
f 1614/5761 1579/5762 1617/5763
f 1579/5764 1580/5765 1615/5766
f 1615/5767 1617/5768 1579/5769
f 1619/5770 1581/5771 1618/5772
f 1581/5773 1550/5774 1618/5775
f 1580/5776 1582/5777 1620/5778
f 1620/5779 1615/5780 1580/5781
f 1620/5782 1583/5783 1619/5784
f 1582/5785 1583/5786 1620/5787
f 1583/5788 1581/5789 1619/5790
f 1637/5791 1635/5792 1589/5793
f 1635/5794 1553/5795 1589/5796
f 1589/5797 1590/5798 1638/5799
f 1638/5800 1637/5801 1589/5802
f 1632/5803 1593/5804 1639/5805
f 1587/5806 1593/5807 1632/5808
f 1593/5809 1553/5810 1635/5811
f 1635/5812 1639/5813 1593/5814
f 1640/5815 1597/5816 1595/5817
f 1638/5818 1590/5819 1597/5820
f 1595/5821 1599/5822 1641/5823
f 1641/5824 1640/5825 1595/5826
f 1596/5827 1641/5828 1598/5829
f 1641/5830 1599/5831 1598/5832
f 1600/5833 1636/5834 1601/5835
f 1600/5836 1602/5837 1644/5838
f 1646/5839 1654/5840 1607/5841
f 1646/5842 1645/5843 1654/5844
f 1645/5845 1644/5846 1654/5847
f 1644/5848 1607/5849 1654/5850
f 1644/5851 1602/5852 1607/5853
f 1643/5854 1647/5855 1611/5856
f 1647/5857 1576/5858 1611/5859
f 1611/5860 1570/5861 1643/5862
f 1607/5863 1612/5864 1648/5865
f 1648/5866 1646/5867 1607/5868
f 1647/5869 1648/5870 1612/5871
f 1612/5872 1576/5873 1647/5874
f 1649/5875 1596/5876 1613/5877
f 1649/5878 1614/5879 1650/5880
f 1613/5881 1614/5882 1649/5883
f 1650/5884 1615/5885 1651/5886
f 1614/5887 1617/5888 1650/5889
f 1617/5890 1615/5891 1650/5892
f 1653/5893 1618/5894 1652/5895
f 1619/5896 1618/5897 1653/5898
f 1618/5899 1550/5900 1627/5901
f 1627/5902 1652/5903 1618/5904
f 1615/5905 1620/5906 1651/5907
f 1620/5908 1619/5909 1653/5910
f 1587/5911 1632/5912 1660/5913
f 1549/5914 1587/5915 1660/5916
f 1665/5917 1635/5918 1663/5919
f 1635/5920 1637/5921 1667/5922
f 1667/5923 1663/5924 1635/5925
f 1667/5926 1638/5927 1668/5928
f 1637/5929 1638/5930 1667/5931
f 1632/5932 1639/5933 1665/5934
f 1665/5935 1660/5936 1632/5937
f 1639/5938 1635/5939 1665/5940
f 1668/5941 1597/5942 1670/5943
f 1597/5944 1640/5945 1672/5946
f 1672/5947 1670/5948 1597/5949
f 1638/5950 1597/5951 1668/5952
f 1672/5953 1641/5954 1657/5955
f 1640/5956 1641/5957 1672/5958
f 1641/5959 1596/5960 1657/5961
f 1676/5962 1636/5963 1674/5964
f 1674/5965 1600/5966 1678/5967
f 1636/5968 1600/5969 1674/5970
f 1678/5971 1644/5972 1680/5973
f 1600/5974 1644/5975 1678/5976
f 1645/5977 1646/5978 1683/5979
f 1644/5980 1645/5981 1680/5982
f 1685/5983 1647/5984 1684/5985
f 1647/5986 1643/5987 1686/5988
f 1686/5989 1684/5990 1647/5991
f 1687/5992 1686/5993 1643/5994
f 1683/5995 1648/5996 1685/5997
f 1646/5998 1648/5999 1683/6000
f 1648/6001 1647/6002 1685/6003
f 1657/6004 1649/6005 1688/6006
f 1596/6007 1649/6008 1657/6009
f 1649/6010 1650/6011 1689/6012
f 1689/6013 1688/6014 1649/6015
f 1655/6016 1690/6017 1651/6018
f 1690/6019 1650/6020 1651/6021
f 1690/6022 1689/6023 1650/6024
f 1691/6025 1658/6026 1652/6027
f 1658/6028 1653/6029 1652/6030
f 1652/6031 1627/6032 1691/6033
f 1696/6034 1657/6035 1695/6036
f 1665/6037 1663/6038 1703/6039
f 1703/6040 1667/6041 1706/6042
f 1663/6043 1667/6044 1703/6045
f 1667/6046 1668/6047 1708/6048
f 1708/6049 1706/6050 1667/6051
f 1700/6052 1665/6053 1703/6054
f 1660/6055 1665/6056 1700/6057
f 1668/6058 1670/6059 1708/6060
f 1670/6061 1672/6062 1713/6063
f 1672/6064 1657/6065 1696/6066
f 1696/6067 1713/6068 1672/6069
f 1676/6070 1674/6071 1715/6072
f 1678/6073 1715/6074 1674/6075
f 1678/6076 1680/6077 1718/6078
f 1718/6079 1645/6080 1720/6081
f 1680/6082 1645/6083 1718/6084
f 1720/6085 1683/6086 1721/6087
f 1645/6088 1683/6089 1720/6090
f 1725/6091 1684/6092 1723/6093
f 1685/6094 1684/6095 1725/6096
f 1723/6097 1686/6098 1722/6099
f 1684/6100 1686/6101 1723/6102
f 1686/6103 1687/6104 1722/6105
f 1683/6106 1685/6107 1725/6108
f 1725/6109 1721/6110 1683/6111
f 1657/6112 1688/6113 1727/6114
f 1727/6115 1695/6116 1657/6117
f 1727/6118 1689/6119 1728/6120
f 1688/6121 1689/6122 1727/6123
f 1690/6124 1655/6125 1694/6126
f 1694/6127 1728/6128 1690/6129
f 1689/6130 1690/6131 1728/6132
f 1697/6133 1691/6134 1729/6135
f 1658/6136 1691/6137 1697/6138
f 1691/6139 1627/6140 1707/6141
f 1707/6142 1729/6143 1691/6144
f 1660/6145 1505/6146 1549/6147
f 1732/6148 1696/6149 1695/6150
f 1741/6151 1700/6152 1746/6153
f 1660/6154 1700/6155 1741/6156
f 1750/6157 1748/6158 1703/6159
f 1703/6160 1706/6161 1752/6162
f 1752/6163 1750/6164 1703/6165
f 1751/6166 1752/6167 1708/6168
f 1752/6169 1706/6170 1708/6171
f 1748/6172 1700/6173 1703/6174
f 1748/6175 1746/6176 1700/6177
f 1753/6178 1708/6179 1670/6180
f 1753/6181 1751/6182 1708/6183
f 1753/6184 1713/6185 1754/6186
f 1670/6187 1713/6188 1753/6189
f 1732/6190 1754/6191 1696/6192
f 1754/6193 1713/6194 1696/6195
f 1756/6196 1676/6197 1715/6198
f 1756/6199 1749/6200 1676/6201
f 1715/6202 1678/6203 1758/6204
f 1758/6205 1756/6206 1715/6207
f 1758/6208 1718/6209 1757/6210
f 1758/6211 1678/6212 1718/6213
f 1757/6214 1718/6215 1720/6216
f 1720/6217 1721/6218 1759/6219
f 1763/6220 1725/6221 1723/6222
f 1763/6223 1761/6224 1725/6225
f 1723/6226 1722/6227 1764/6228
f 1764/6229 1763/6230 1723/6231
f 1760/6232 1764/6233 1722/6234
f 1725/6235 1759/6236 1721/6237
f 1732/6238 1727/6239 1765/6240
f 1695/6241 1727/6242 1732/6243
f 1727/6244 1728/6245 1766/6246
f 1766/6247 1765/6248 1727/6249
f 1766/6250 1728/6251 1767/6252
f 1767/6253 1694/6254 1768/6255
f 1728/6256 1694/6257 1767/6258
f 1770/6259 1697/6260 1769/6261
f 1697/6262 1729/6263 1771/6264
f 1771/6265 1769/6266 1697/6267
f 1707/6268 1771/6269 1729/6270
f 1768/6271 1656/6272 1770/6273
f 1694/6274 1656/6275 1768/6276
f 1656/6277 1697/6278 1770/6279
f 1772/6280 1732/6281 1773/6282
f 1741/6283 1748/6284 1774/6285
f 1748/6286 1750/6287 1775/6288
f 1775/6289 1774/6290 1748/6291
f 1775/6292 1752/6293 1777/6294
f 1750/6295 1752/6296 1775/6297
f 1752/6298 1751/6299 1776/6300
f 1776/6301 1777/6302 1752/6303
f 1746/6304 1748/6305 1741/6306
f 1751/6307 1753/6308 1776/6309
f 1753/6310 1754/6311 1778/6312
f 1754/6313 1732/6314 1772/6315
f 1772/6316 1778/6317 1754/6318
f 1779/6319 1756/6320 1781/6321
f 1749/6322 1756/6323 1779/6324
f 1784/6325 1757/6326 1782/6327
f 1756/6328 1758/6329 1785/6330
f 1785/6331 1781/6332 1756/6333
f 1758/6334 1757/6335 1784/6336
f 1784/6337 1785/6338 1758/6339
f 1757/6340 1720/6341 1782/6342
f 1782/6343 1759/6344 1787/6345
f 1720/6346 1759/6347 1782/6348
f 1725/6349 1761/6350 1787/6351
f 1761/6352 1763/6353 1790/6354
f 1790/6355 1764/6356 1791/6357
f 1763/6358 1764/6359 1790/6360
f 1764/6361 1760/6362 1791/6363
f 1759/6364 1725/6365 1787/6366
f 1732/6367 1765/6368 1794/6369
f 1794/6370 1773/6371 1732/6372
f 1766/6373 1794/6374 1765/6375
f 1795/6376 1766/6377 1767/6378
f 1795/6379 1793/6380 1766/6381
f 1767/6382 1768/6383 1797/6384
f 1797/6385 1795/6386 1767/6387
f 1803/6388 1770/6389 1769/6390
f 1803/6391 1771/6392 1805/6393
f 1769/6394 1771/6395 1803/6396
f 1805/6397 1771/6398 1739/6399
f 1771/6400 1707/6401 1739/6402
f 1797/6403 1768/6404 1770/6405
f 1808/6406 1772/6407 1807/6408
f 1772/6409 1773/6410 1807/6411
f 1815/6412 1741/6413 1774/6414
f 1774/6415 1775/6416 1815/6417
f 1775/6418 1777/6419 1820/6420
f 1776/6421 1820/6422 1777/6423
f 1776/6424 1753/6425 1822/6426
f 1822/6427 1818/6428 1776/6429
f 1822/6430 1778/6431 1808/6432
f 1753/6433 1778/6434 1822/6435
f 1778/6436 1772/6437 1808/6438
f 1779/6439 1781/6440 1832/6441
f 1832/6442 1829/6443 1779/6444
f 1784/6445 1782/6446 1834/6447
f 1832/6448 1785/6449 1784/6450
f 1781/6451 1785/6452 1832/6453
f 1834/6454 1782/6455 1835/6456
f 1782/6457 1787/6458 1836/6459
f 1836/6460 1835/6461 1782/6462
f 1787/6463 1761/6464 1837/6465
f 1837/6466 1790/6467 1838/6468
f 1761/6469 1790/6470 1837/6471
f 1833/6472 1839/6473 1791/6474
f 1839/6475 1838/6476 1791/6477
f 1838/6478 1790/6479 1791/6480
f 1837/6481 1836/6482 1787/6483
f 1841/6484 1793/6485 1840/6486
f 1766/6487 1793/6488 1841/6489
f 1807/6490 1794/6491 1841/6492
f 1773/6493 1794/6494 1807/6495
f 1794/6496 1766/6497 1841/6498
f 1840/6499 1795/6500 1842/6501
f 1793/6502 1795/6503 1840/6504
f 1795/6505 1797/6506 1811/6507
f 1811/6508 1842/6509 1795/6510
f 1811/6511 1770/6512 1843/6513
f 1770/6514 1803/6515 1809/6516
f 1809/6517 1843/6518 1770/6519
f 1886/6520 1885/6521 1845/6522
f 1885/6523 1846/6524 1845/6525
f 1845/6526 1848/6527 1886/6528
f 1812/6529 1815/6530 1890/6531
f 1815/6532 1852/6533 1890/6534
f 1861/6535 1890/6536 1852/6537
f 1896/6538 1865/6539 1895/6540
f 1865/6541 1867/6542 1897/6543
f 1897/6544 1895/6545 1865/6546
f 1861/6547 1865/6548 1896/6549
f 1897/6550 1867/6551 1898/6552
f 1885/6553 1867/6554 1846/6555
f 1885/6556 1898/6557 1867/6558
f 1863/6559 1870/6560 1899/6561
f 1870/6562 1871/6563 1900/6564
f 1900/6565 1899/6566 1870/6567
f 1902/6568 1873/6569 1901/6570
f 1900/6571 1874/6572 1903/6573
f 1903/6574 1875/6575 1905/6576
f 1874/6577 1875/6578 1903/6579
f 1871/6580 1874/6581 1900/6582
f 1906/6583 1905/6584 1875/6585
f 1875/6586 1873/6587 1902/6588
f 1902/6589 1906/6590 1875/6591
f 1873/6592 1876/6593 1901/6594
f 1876/6595 1877/6596 1908/6597
f 1908/6598 1901/6599 1876/6600
f 1908/6601 1839/6602 1910/6603
f 1839/6604 1872/6605 1883/6606
f 1883/6607 1910/6608 1839/6609
f 1877/6610 1839/6611 1908/6612
f 1938/6613 1885/6614 1922/6615
f 1922/6616 1886/6617 1939/6618
f 1885/6619 1886/6620 1922/6621
f 1927/6622 1939/6623 1886/6624
f 1944/6625 1861/6626 1896/6627
f 1890/6628 1861/6629 1944/6630
f 1896/6631 1895/6632 1947/6633
f 1947/6634 1897/6635 1948/6636
f 1895/6637 1897/6638 1947/6639
f 1948/6640 1898/6641 1938/6642
f 1897/6643 1898/6644 1948/6645
f 1898/6646 1885/6647 1938/6648
f 1946/6649 1863/6650 1952/6651
f 1863/6652 1899/6653 1953/6654
f 1953/6655 1952/6656 1863/6657
f 1900/6658 1953/6659 1899/6660
f 1902/6661 1901/6662 1954/6663
f 1900/6664 1903/6665 1955/6666
f 1955/6667 1905/6668 1956/6669
f 1903/6670 1905/6671 1955/6672
f 1956/6673 1906/6674 1902/6675
f 1905/6676 1906/6677 1956/6678
f 1958/6679 1954/6680 1901/6681
f 1957/6682 1958/6683 1908/6684
f 1958/6685 1901/6686 1908/6687
f 1959/6688 1908/6689 1910/6690
f 1959/6691 1957/6692 1908/6693
f 1959/6694 1883/6695 1924/6696
f 1910/6697 1883/6698 1959/6699
f 1962/6700 1938/6701 1922/6702
f 1922/6703 1939/6704 1963/6705
f 1963/6706 1962/6707 1922/6708
f 1963/6709 1927/6710 1925/6711
f 1939/6712 1927/6713 1963/6714
f 1944/6715 1896/6716 1971/6717
f 1974/6718 1971/6719 1947/6720
f 1974/6721 1968/6722 1971/6723
f 1947/6724 1948/6725 1975/6726
f 1975/6727 1974/6728 1947/6729
f 1896/6730 1947/6731 1971/6732
f 1975/6733 1948/6734 1938/6735
f 1952/6736 1977/6737 1946/6738
f 1952/6739 1953/6740 1980/6741
f 1953/6742 1900/6743 1980/6744
f 1982/6745 1902/6746 1954/6747
f 1982/6748 1981/6749 1902/6750
f 1983/6751 1980/6752 1955/6753
f 1983/6754 1979/6755 1980/6756
f 1955/6757 1956/6758 1984/6759
f 1984/6760 1983/6761 1955/6762
f 1900/6763 1955/6764 1980/6765
f 1981/6766 1956/6767 1902/6768
f 1981/6769 1984/6770 1956/6771
f 1954/6772 1958/6773 1982/6774
f 1957/6775 1982/6776 1958/6777
f 1985/6778 1959/6779 1986/6780
f 1957/6781 1959/6782 1985/6783
f 1986/6784 1924/6785 1987/6786
f 1959/6787 1924/6788 1986/6789
f 1961/6790 1929/6791 1964/6792
f 1998/6793 1938/6794 1996/6795
f 1938/6796 1962/6797 1999/6798
f 1999/6799 1996/6800 1938/6801
f 1999/6802 1963/6803 1995/6804
f 1962/6805 1963/6806 1999/6807
f 1963/6808 1925/6809 1995/6810
f 1890/6811 1944/6812 2005/6813
f 1971/6814 1968/6815 2005/6816
f 1944/6817 1971/6818 2005/6819
f 1968/6820 1974/6821 2018/6822
f 2018/6823 1975/6824 1998/6825
f 1974/6826 1975/6827 2018/6828
f 1975/6829 1938/6830 1998/6831
f 2021/6832 1952/6833 2022/6834
f 1977/6835 1952/6836 2021/6837
f 1980/6838 1979/6839 2024/6840
f 2022/6841 1980/6842 2024/6843
f 1952/6844 1980/6845 2022/6846
f 2027/6847 1981/6848 2026/6849
f 1981/6850 1982/6851 2028/6852
f 2028/6853 2026/6854 1981/6855
f 1979/6856 1983/6857 2029/6858
f 2029/6859 1984/6860 2027/6861
f 1983/6862 1984/6863 2029/6864
f 1984/6865 1981/6866 2027/6867
f 2031/6868 1985/6869 2030/6870
f 1957/6871 1985/6872 2031/6873
f 2028/6874 1982/6875 2031/6876
f 1982/6877 1957/6878 2031/6879
f 2030/6880 1986/6881 2032/6882
f 1985/6883 1986/6884 2030/6885
f 1986/6886 1987/6887 2019/6888
f 2019/6889 2032/6890 1986/6891
f 2003/6892 2001/6893 1964/6894
f 2001/6895 1961/6896 1964/6897
f 1996/6898 1999/6899 2034/6900
f 2037/6901 1995/6902 2036/6903
f 1999/6904 1995/6905 2037/6906
f 2037/6907 2034/6908 1999/6909
f 2005/6910 1968/6911 2040/6912
f 2040/6913 2018/6914 2043/6915
f 1968/6916 2018/6917 2040/6918
f 2018/6919 1998/6920 2044/6921
f 2044/6922 2043/6923 2018/6924
f 1996/6925 2044/6926 1998/6927
f 2046/6928 2021/6929 2045/6930
f 1977/6931 2021/6932 2046/6933
f 2045/6934 2022/6935 2047/6936
f 2021/6937 2022/6938 2045/6939
f 2024/6940 1979/6941 2048/6942
f 2022/6943 2024/6944 2048/6945
f 2048/6946 2047/6947 2022/6948
f 2027/6949 2026/6950 2050/6951
f 2050/6952 2028/6953 2051/6954
f 2026/6955 2028/6956 2050/6957
f 2048/6958 2029/6959 2052/6960
f 1979/6961 2029/6962 2048/6963
f 2027/6964 2052/6965 2029/6966
f 2053/6967 2051/6968 2030/6969
f 2051/6970 2028/6971 2030/6972
f 2028/6973 2031/6974 2030/6975
f 2053/6976 2032/6977 2055/6978
f 2030/6979 2032/6980 2053/6981
f 2049/6982 2032/6983 2019/6984
f 2049/6985 2055/6986 2032/6987
f 2001/6988 2003/6989 2038/6990
f 2038/6991 2033/6992 2001/6993
f 2036/6994 1997/6995 2058/6996
f 1995/6997 1997/6998 2036/6999
f 2058/7000 2000/7001 2033/7002
f 1997/7003 2000/7004 2058/7005
f 2072/7006 1996/7007 2070/7008
f 1996/7009 2034/7010 2073/7011
f 2073/7012 2070/7013 1996/7014
f 2037/7015 2036/7016 2075/7017
f 2034/7018 2037/7019 2075/7020
f 2075/7021 2073/7022 2034/7023
f 2040/7024 2043/7025 2078/7026
f 2043/7027 2044/7028 2072/7029
f 2072/7030 2078/7031 2043/7032
f 2044/7033 1996/7034 2072/7035
f 2080/7036 2046/7037 2045/7038
f 2080/7039 2079/7040 2046/7041
f 2080/7042 2047/7043 2081/7044
f 2045/7045 2047/7046 2080/7047
f 2083/7048 2081/7049 2048/7050
f 2083/7051 2082/7052 2081/7053
f 2082/7054 2047/7055 2048/7056
f 2087/7057 2085/7058 2050/7059
f 2085/7060 2027/7061 2050/7062
f 2050/7063 2051/7064 2088/7065
f 2088/7066 2087/7067 2050/7068
f 2083/7069 2052/7070 2090/7071
f 2048/7072 2052/7073 2083/7074
f 2085/7075 2090/7076 2027/7077
f 2090/7078 2052/7079 2027/7080
f 2051/7081 2053/7082 2092/7083
f 2092/7084 2088/7085 2051/7086
f 2053/7087 2055/7088 2094/7089
f 2049/7090 2094/7091 2055/7092
f 2071/7093 2033/7094 2096/7095
f 2096/7096 2038/7097 2077/7098
f 2033/7099 2038/7100 2096/7101
f 2075/7102 2058/7103 2098/7104
f 2036/7105 2058/7106 2075/7107
f 2098/7108 2033/7109 2071/7110
f 2058/7111 2033/7112 2098/7113
f 2109/7114 2072/7115 2070/7116
f 2109/7117 2107/7118 2072/7119
f 2070/7120 2073/7121 2111/7122
f 2111/7123 2109/7124 2070/7125
f 2111/7126 2075/7127 2112/7128
f 2108/7129 2112/7130 2075/7131
f 2111/7132 2073/7133 2075/7134
f 2114/7135 2005/7136 2040/7137
f 2114/7138 2078/7139 2117/7140
f 2040/7141 2078/7142 2114/7143
f 2107/7144 2078/7145 2072/7146
f 2107/7147 2117/7148 2078/7149
f 2079/7150 2080/7151 2119/7152
f 2080/7153 2081/7154 2123/7155
f 2082/7156 2083/7157 2124/7158
f 2082/7159 2123/7160 2081/7161
f 2130/7162 2084/7163 2128/7164
f 2049/7165 2084/7166 2130/7167
f 2132/7168 2085/7169 2131/7170
f 2085/7171 2087/7172 2134/7173
f 2134/7174 2131/7175 2085/7176
f 2088/7177 2134/7178 2087/7179
f 2083/7180 2090/7181 2132/7182
f 2132/7183 2124/7184 2083/7185
f 2090/7186 2085/7187 2132/7188
f 2139/7189 2092/7190 2138/7191
f 2092/7192 2053/7193 2140/7194
f 2140/7195 2138/7196 2092/7197
f 2088/7198 2092/7199 2139/7200
f 2053/7201 2094/7202 2130/7203
f 2130/7204 2140/7205 2053/7206
f 2094/7207 2049/7208 2130/7209
f 2146/7210 2071/7211 2096/7212
f 2146/7213 2143/7214 2071/7215
f 2096/7216 2077/7217 2115/7218
f 2115/7219 2146/7220 2096/7221
f 2107/7222 2109/7223 2150/7224
f 2150/7225 2147/7226 2107/7227
f 2109/7228 2111/7229 2151/7230
f 2151/7231 2150/7232 2109/7233
f 2151/7234 2112/7235 2148/7236
f 2111/7237 2112/7238 2151/7239
f 2112/7240 2108/7241 2148/7242
f 2114/7243 2117/7244 2156/7245
f 2107/7246 2156/7247 2117/7248
f 2119/7249 2080/7250 2162/7251
f 2162/7252 2159/7253 2119/7254
f 2080/7255 2123/7256 2164/7257
f 2164/7258 2162/7259 2080/7260
f 2164/7261 2124/7262 2165/7263
f 2082/7264 2124/7265 2164/7266
f 2165/7267 2124/7268 2167/7269
f 2123/7270 2082/7271 2164/7272
f 2128/7273 2169/7274 2130/7275
f 2132/7276 2131/7277 2172/7278
f 2172/7279 2134/7280 2174/7281
f 2131/7282 2134/7283 2172/7284
f 2174/7285 2134/7286 2139/7287
f 2134/7288 2088/7289 2139/7290
f 2124/7291 2132/7292 2172/7293
f 2172/7294 2167/7295 2124/7296
f 2176/7297 2139/7298 2138/7299
f 2138/7300 2140/7301 2176/7302
f 2169/7303 2140/7304 2130/7305
f 2116/7306 2118/7307 2154/7308
f 2071/7309 2143/7310 2149/7311
f 2143/7312 2146/7313 2177/7314
f 2177/7315 2115/7316 2152/7317
f 2146/7318 2115/7319 2177/7320
f 2179/7321 2107/7322 2147/7323
f 2179/7324 2178/7325 2107/7326
f 2147/7327 2150/7328 2179/7329
f 2150/7330 2151/7331 2182/7332
f 2182/7333 2179/7334 2150/7335
f 2182/7336 2148/7337 2183/7338
f 2151/7339 2148/7340 2182/7341
f 2183/7342 2148/7343 2180/7344
f 2156/7345 2107/7346 2178/7347
f 2204/7348 2197/7349 2159/7350
f 2159/7351 2162/7352 2204/7353
f 2205/7354 2162/7355 2164/7356
f 2206/7357 2164/7358 2165/7359
f 2206/7360 2205/7361 2164/7362
f 2206/7363 2167/7364 2207/7365
f 2165/7366 2167/7367 2206/7368
f 2208/7369 2128/7370 2199/7371
f 2169/7372 2128/7373 2208/7374
f 2207/7375 2172/7376 2209/7377
f 2210/7378 2209/7379 2172/7380
f 2174/7381 2139/7382 2211/7383
f 2172/7384 2174/7385 2212/7386
f 2212/7387 2210/7388 2172/7389
f 2211/7390 2212/7391 2174/7392
f 2207/7393 2167/7394 2172/7395
f 2211/7396 2176/7397 2213/7398
f 2139/7399 2176/7400 2211/7401
f 2176/7402 2140/7403 2213/7404
f 2169/7405 2213/7406 2140/7407
f 2188/7408 2154/7409 2189/7410
f 2149/7411 2143/7412 2181/7413
f 2181/7414 2177/7415 2214/7416
f 2143/7417 2177/7418 2181/7419
f 2177/7420 2152/7421 2185/7422
f 2185/7423 2214/7424 2177/7425
f 2178/7426 2179/7427 2228/7428
f 2228/7429 2215/7430 2178/7431
f 2232/7432 2228/7433 2179/7434
f 2230/7435 2179/7436 2182/7437
f 2230/7438 2232/7439 2179/7440
f 2233/7441 2182/7442 2183/7443
f 2233/7444 2230/7445 2182/7446
f 2233/7447 2180/7448 2217/7449
f 2183/7450 2180/7451 2233/7452
f 2156/7453 2178/7454 2215/7455
f 2215/7456 2235/7457 2156/7458
f 2231/7459 2204/7460 2239/7461
f 2197/7462 2204/7463 2231/7464
f 2204/7465 2162/7466 2239/7467
f 2162/7468 2205/7469 2241/7470
f 2241/7471 2239/7472 2162/7473
f 2241/7474 2206/7475 2242/7476
f 2205/7477 2206/7478 2241/7479
f 2242/7480 2207/7481 2243/7482
f 2206/7483 2207/7484 2242/7485
f 2245/7486 2208/7487 2244/7488
f 2169/7489 2208/7490 2245/7491
f 2244/7492 2199/7493 2236/7494
f 2208/7495 2199/7496 2244/7497
f 2243/7498 2209/7499 2246/7500
f 2207/7501 2209/7502 2243/7503
f 2209/7504 2210/7505 2246/7506
f 2248/7507 2211/7508 2247/7509
f 2246/7510 2212/7511 2248/7512
f 2210/7513 2212/7514 2246/7515
f 2212/7516 2211/7517 2248/7518
f 2211/7519 2213/7520 2249/7521
f 2249/7522 2247/7523 2211/7524
f 2249/7525 2213/7526 2245/7527
f 2213/7528 2169/7529 2245/7530
f 2221/7531 2188/7532 2189/7533
f 2250/7534 2217/7535 2181/7536
f 2250/7537 2216/7538 2217/7539
f 2181/7540 2214/7541 2251/7542
f 2251/7543 2250/7544 2181/7545
f 2251/7546 2214/7547 2185/7548
f 2235/7549 2228/7550 2256/7551
f 2215/7552 2228/7553 2235/7554
f 2228/7555 2232/7556 2256/7557
f 2230/7558 2256/7559 2232/7560
f 2259/7561 2233/7562 2261/7563
f 2230/7564 2233/7565 2259/7566
f 2233/7567 2217/7568 2255/7569
f 2255/7570 2261/7571 2233/7572
f 2268/7573 2231/7574 2267/7575
f 2231/7576 2239/7577 2270/7578
f 2270/7579 2267/7580 2231/7581
f 2272/7582 2241/7583 2271/7584
f 2272/7585 2270/7586 2239/7587
f 2239/7588 2241/7589 2272/7590
f 2242/7591 2271/7592 2241/7593
f 2242/7594 2243/7595 2273/7596
f 2275/7597 2245/7598 2244/7599
f 2275/7600 2274/7601 2245/7602
f 2244/7603 2236/7604 2276/7605
f 2276/7606 2275/7607 2244/7608
f 2273/7609 2246/7610 2277/7611
f 2243/7612 2246/7613 2273/7614
f 2277/7615 2246/7616 2279/7617
f 2281/7618 2248/7619 2247/7620
f 2280/7621 2279/7622 2248/7623
f 2279/7624 2246/7625 2248/7626
f 2281/7627 2249/7628 2274/7629
f 2247/7630 2249/7631 2281/7632
f 2274/7633 2249/7634 2245/7635
f 2188/7636 2221/7637 2262/7638
f 2262/7639 2258/7640 2188/7641
f 2255/7642 2216/7643 2254/7644
f 2216/7645 2250/7646 2254/7647
f 2235/7648 2256/7649 2295/7650
f 2295/7651 2292/7652 2235/7653
f 2298/7654 2259/7655 2296/7656
f 2230/7657 2259/7658 2298/7659
f 2295/7660 2256/7661 2298/7662
f 2256/7663 2230/7664 2298/7665
f 2259/7666 2261/7667 2311/7668
f 2311/7669 2296/7670 2259/7671
f 2261/7672 2255/7673 2288/7674
f 2288/7675 2311/7676 2261/7677
f 2313/7678 2305/7679 2267/7680
f 2305/7681 2268/7682 2267/7683
f 2267/7684 2270/7685 2314/7686
f 2314/7687 2313/7688 2267/7689
f 2316/7690 2314/7691 2271/7692
f 2314/7693 2270/7694 2271/7695
f 2270/7696 2272/7697 2271/7698
f 2316/7699 2242/7700 2317/7701
f 2271/7702 2242/7703 2316/7704
f 2315/7705 2242/7706 2273/7707
f 2315/7708 2317/7709 2242/7710
f 2318/7711 2275/7712 2309/7713
f 2274/7714 2275/7715 2318/7716
f 2275/7717 2276/7718 2309/7719
f 2315/7720 2273/7721 2277/7722
f 2277/7723 2279/7724 2319/7725
f 2280/7726 2248/7727 2320/7728
f 2320/7729 2281/7730 2321/7731
f 2248/7732 2281/7733 2320/7734
f 2280/7735 2319/7736 2279/7737
f 2281/7738 2274/7739 2322/7740
f 2322/7741 2321/7742 2281/7743
f 2318/7744 2322/7745 2274/7746
f 2290/7747 2258/7748 2323/7749
f 2323/7750 2262/7751 2294/7752
f 2258/7753 2262/7754 2323/7755
f 2288/7756 2254/7757 2324/7758
f 2255/7759 2254/7760 2288/7761
f 2324/7762 2254/7763 2287/7764
f 2114/7765 2156/7766 2235/7767
f 2235/7768 2292/7769 2327/7770
f 2292/7771 2295/7772 2329/7773
f 2329/7774 2327/7775 2292/7776
f 2333/7777 2298/7778 2296/7779
f 2333/7780 2329/7781 2298/7782
f 2329/7783 2295/7784 2298/7785
f 2311/7786 2333/7787 2296/7788
f 2331/7789 2311/7790 2288/7791
f 2305/7792 2313/7793 2335/7794
f 2335/7795 2334/7796 2305/7797
f 2313/7798 2314/7799 2336/7800
f 2336/7801 2335/7802 2313/7803
f 2338/7804 2315/7805 2337/7806
f 2339/7807 2316/7808 2340/7809
f 2314/7810 2316/7811 2339/7812
f 2339/7813 2336/7814 2314/7815
f 2316/7816 2317/7817 2340/7818
f 2317/7819 2315/7820 2338/7821
f 2338/7822 2340/7823 2317/7824
f 2322/7825 2318/7826 2341/7827
f 2318/7828 2309/7829 2344/7830
f 2344/7831 2341/7832 2318/7833
f 2344/7834 2309/7835 2342/7836
f 2315/7837 2277/7838 2337/7839
f 2337/7840 2319/7841 2345/7842
f 2277/7843 2319/7844 2337/7845
f 2280/7846 2320/7847 2345/7848
f 2320/7849 2321/7850 2346/7851
f 2319/7852 2280/7853 2345/7854
f 2322/7855 2346/7856 2321/7857
f 2327/7858 2329/7859 2366/7860
f 2367/7861 2331/7862 2361/7863
f 2368/7864 2333/7865 2370/7866
f 2329/7867 2333/7868 2368/7869
f 2368/7870 2366/7871 2329/7872
f 2333/7873 2311/7874 2370/7875
f 2311/7876 2331/7877 2367/7878
f 2367/7879 2370/7880 2311/7881
f 2305/7882 2334/7883 2374/7884
f 2334/7885 2335/7886 2375/7887
f 2335/7888 2336/7889 2377/7890
f 2377/7891 2375/7892 2335/7893
f 2338/7894 2337/7895 2378/7896
f 2377/7897 2339/7898 2379/7899
f 2339/7900 2340/7901 2380/7902
f 2380/7903 2379/7904 2339/7905
f 2336/7906 2339/7907 2377/7908
f 2338/7909 2380/7910 2340/7911
f 2386/7912 2383/7913 2341/7914
f 2383/7915 2322/7916 2341/7917
f 2341/7918 2344/7919 2386/7920
f 2344/7921 2342/7922 2387/7923
f 2378/7924 2337/7925 2389/7926
f 2388/7927 2389/7928 2345/7929
f 2389/7930 2337/7931 2345/7932
f 2388/7933 2345/7934 2320/7935
f 2388/7936 2346/7937 2384/7938
f 2320/7939 2346/7940 2388/7941
f 2384/7942 2322/7943 2383/7944
f 2384/7945 2346/7946 2322/7947
f 2367/7948 2361/7949 2395/7950
f 2393/7951 2368/7952 2397/7953
f 2368/7954 2370/7955 2399/7956
f 2399/7957 2397/7958 2368/7959
f 2366/7960 2368/7961 2393/7962
f 2367/7963 2399/7964 2370/7965
f 2402/7966 2374/7967 2334/7968
f 2406/7969 2377/7970 2404/7971
f 2402/7972 2375/7973 2406/7974
f 2334/7975 2375/7976 2402/7977
f 2406/7978 2375/7979 2377/7980
f 2410/7981 2408/7982 2378/7983
f 2408/7984 2338/7985 2378/7986
f 2412/7987 2377/7988 2379/7989
f 2412/7990 2404/7991 2377/7992
f 2412/7993 2380/7994 2408/7995
f 2379/7996 2380/7997 2412/7998
f 2408/7999 2380/8000 2338/8001
f 2384/8002 2383/8003 2418/8004
f 2418/8005 2386/8006 2419/8007
f 2383/8008 2386/8009 2418/8010
f 2386/8011 2344/8012 2419/8013
f 2387/8014 2419/8015 2344/8016
f 2421/8017 2388/8018 2420/8019
f 2410/8020 2389/8021 2421/8022
f 2378/8023 2389/8024 2410/8025
f 2389/8026 2388/8027 2421/8028
f 2420/8029 2388/8030 2422/8031
f 2388/8032 2384/8033 2423/8034
f 2423/8035 2422/8036 2388/8037
f 2418/8038 2423/8039 2384/8040
f 2430/8041 2429/8042 2395/8043
f 2433/8044 2393/8045 2397/8046
f 2433/8047 2399/8048 2429/8049
f 2397/8050 2399/8051 2433/8052
f 2429/8053 2399/8054 2395/8055
f 2399/8056 2367/8057 2395/8058
f 2438/8059 2402/8060 2437/8061
f 2437/8062 2402/8063 2439/8064
f 2402/8065 2406/8066 2446/8067
f 2446/8068 2439/8069 2402/8070
f 2404/8071 2446/8072 2406/8073
f 2448/8074 2408/8075 2447/8076
f 2447/8077 2410/8078 2449/8079
f 2408/8080 2410/8081 2447/8082
f 2404/8083 2412/8084 2450/8085
f 2450/8086 2408/8087 2448/8088
f 2412/8089 2408/8090 2450/8091
f 2452/8092 2418/8093 2451/8094
f 2418/8095 2419/8096 2453/8097
f 2453/8098 2451/8099 2418/8100
f 2444/8101 2454/8102 2416/8103
f 2454/8104 2387/8105 2416/8106
f 2454/8107 2453/8108 2419/8109
f 2419/8110 2387/8111 2454/8112
f 2456/8113 2420/8114 2455/8115
f 2421/8116 2420/8117 2456/8118
f 2410/8119 2421/8120 2456/8121
f 2456/8122 2449/8123 2410/8124
f 2420/8125 2422/8126 2455/8127
f 2455/8128 2423/8129 2452/8130
f 2422/8131 2423/8132 2455/8133
f 2423/8134 2418/8135 2452/8136
f 2114/8137 2235/8138 2327/8139
f 2366/8140 2393/8141 2457/8142
f 2463/8143 2430/8144 2460/8145
f 2429/8146 2430/8147 2463/8148
f 2457/8149 2433/8150 2465/8151
f 2393/8152 2433/8153 2457/8154
f 2433/8155 2429/8156 2466/8157
f 2466/8158 2465/8159 2433/8160
f 2463/8161 2466/8162 2429/8163
f 2472/8164 2437/8165 2470/8166
f 2438/8167 2437/8168 2472/8169
f 2437/8170 2439/8171 2470/8172
f 2475/8173 2404/8174 2474/8175
f 2439/8176 2446/8177 2475/8178
f 2475/8179 2470/8180 2439/8181
f 2446/8182 2404/8183 2475/8184
f 2448/8185 2447/8186 2478/8187
f 2449/8188 2478/8189 2447/8190
f 2404/8191 2450/8192 2480/8193
f 2480/8194 2474/8195 2404/8196
f 2448/8197 2480/8198 2450/8199
f 2485/8200 2452/8201 2451/8202
f 2485/8203 2453/8204 2487/8205
f 2451/8206 2453/8207 2485/8208
f 2454/8209 2444/8210 2486/8211
f 2486/8212 2487/8213 2454/8214
f 2453/8215 2454/8216 2487/8217
f 2489/8218 2488/8219 2455/8220
f 2488/8221 2456/8222 2455/8223
f 2449/8224 2456/8225 2488/8226
f 2489/8227 2455/8228 2483/8229
f 2483/8230 2455/8231 2452/8232
f 2425/8233 2464/8234 2424/8235
f 2490/8236 2426/8237 2469/8238
f 2394/8239 2426/8240 2490/8241
f 2425/8242 2427/8243 2490/8244
f 2427/8245 2394/8246 2490/8247
f 2327/8248 2366/8249 2457/8250
f 2532/8251 2494/8252 2460/8253
f 2532/8254 2530/8255 2494/8256
f 2460/8257 2492/8258 2528/8259
f 2528/8260 2532/8261 2460/8262
f 2530/8263 2533/8264 2494/8265
f 2533/8266 2495/8267 2494/8268
f 2501/8269 2538/8270 2498/8271
f 2501/8272 2502/8273 2504/8274
f 2504/8275 2503/8276 2543/8277
f 2543/8278 2503/8279 2544/8280
f 2545/8281 2512/8282 2546/8283
f 2511/8284 2512/8285 2545/8286
f 2512/8287 2513/8288 2546/8289
f 2503/8290 2511/8291 2547/8292
f 2547/8293 2544/8294 2503/8295
f 2545/8296 2547/8297 2511/8298
f 2515/8299 2514/8300 2548/8301
f 2514/8302 2516/8303 2549/8304
f 2549/8305 2516/8306 2517/8307
f 2542/8308 2517/8309 2518/8310
f 2518/8311 2486/8312 2542/8313
f 2546/8314 2519/8315 2550/8316
f 2519/8317 2489/8318 2551/8319
f 2551/8320 2550/8321 2519/8322
f 2513/8323 2519/8324 2546/8325
f 2551/8326 2515/8327 2548/8328
f 2489/8329 2515/8330 2551/8331
f 2530/8332 2557/8333 2552/8334
f 2557/8335 2558/8336 2591/8337
f 2558/8338 2560/8339 2592/8340
f 2592/8341 2591/8342 2558/8343
f 2594/8344 2564/8345 2563/8346
f 2563/8347 2566/8348 2597/8349
f 2597/8350 2594/8351 2563/8352
f 2595/8353 2597/8354 2567/8355
f 2597/8356 2566/8357 2567/8358
f 2595/8359 2567/8360 2543/8361
f 2595/8362 2568/8363 2600/8364
f 2543/8365 2568/8366 2595/8367
f 2602/8368 2570/8369 2569/8370
f 2602/8371 2572/8372 2603/8373
f 2569/8374 2572/8375 2602/8376
f 2572/8377 2571/8378 2603/8379
f 2600/8380 2568/8381 2570/8382
f 2574/8383 2573/8384 2605/8385
f 2605/8386 2573/8387 2611/8388
f 2576/8389 2575/8390 2612/8391
f 2573/8392 2576/8393 2613/8394
f 2613/8395 2611/8396 2573/8397
f 2612/8398 2613/8399 2576/8400
f 2612/8401 2577/8402 2608/8403
f 2575/8404 2577/8405 2612/8406
f 2577/8407 2578/8408 2608/8409
f 2571/8410 2579/8411 2614/8412
f 2614/8413 2603/8414 2571/8415
f 2614/8416 2580/8417 2574/8418
f 2579/8419 2580/8420 2614/8421
f 2562/8422 2553/8423 2615/8424
f 2615/8425 2554/8426 2589/8427
f 2553/8428 2554/8429 2615/8430
f 2554/8431 2555/8432 2589/8433
f 2617/8434 2649/8435 2690/8436
f 2647/8437 2651/8438 2690/8439
f 2648/8440 2651/8441 2647/8442
f 2651/8443 2617/8444 2690/8445
f 2692/8446 2656/8447 2654/8448
f 2654/8449 2657/8450 2694/8451
f 2694/8452 2692/8453 2654/8454
f 2697/8455 2660/8456 2696/8457
f 2699/8458 2698/8459 2659/8460
f 2698/8461 2657/8462 2659/8463
f 2694/8464 2657/8465 2698/8466
f 2699/8467 2659/8468 2700/8469
f 2697/8470 2659/8471 2660/8472
f 2697/8473 2700/8474 2659/8475
f 2696/8476 2660/8477 2661/8478
f 2661/8479 2662/8480 2701/8481
f 2701/8482 2696/8483 2661/8484
f 2701/8485 2639/8486 2702/8487
f 2639/8488 2663/8489 2703/8490
f 2703/8491 2702/8492 2639/8493
f 2662/8494 2639/8495 2701/8496
f 2705/8497 2665/8498 2704/8499
f 2666/8500 2704/8501 2665/8502
f 2666/8503 2668/8504 2706/8505
f 2670/8506 2669/8507 2693/8508
f 2668/8509 2642/8510 2706/8511
f 2706/8512 2674/8513 2707/8514
f 2642/8515 2674/8516 2706/8517
f 2674/8518 2644/8519 2670/8520
f 2670/8521 2707/8522 2674/8523
f 2703/8524 2663/8525 2705/8526
f 2663/8527 2665/8528 2705/8529
f 2667/8530 2676/8531 2684/8532
f 2676/8533 2653/8534 2681/8535
f 2681/8536 2684/8537 2676/8538
f 2714/8539 2713/8540 2745/8541
f 2745/8542 2713/8543 2747/8544
f 2719/8545 2718/8546 2749/8547
f 2749/8548 2721/8549 2751/8550
f 2718/8551 2721/8552 2749/8553
f 2721/8554 2694/8555 2751/8556
f 2723/8557 2753/8558 2697/8559
f 2751/8560 2725/8561 2756/8562
f 2728/8563 2756/8564 2725/8565
f 2694/8566 2725/8567 2751/8568
f 2728/8569 2697/8570 2753/8571
f 2723/8572 2729/8573 2759/8574
f 2759/8575 2729/8576 2730/8577
f 2760/8578 2730/8579 2731/8580
f 2760/8581 2758/8582 2730/8583
f 2731/8584 2732/8585 2761/8586
f 2761/8587 2760/8588 2731/8589
f 2763/8590 2762/8591 2733/8592
f 2762/8593 2732/8594 2733/8595
f 2733/8596 2737/8597 2765/8598
f 2765/8599 2763/8600 2733/8601
f 2735/8602 2765/8603 2737/8604
f 2767/8605 2738/8606 2766/8607
f 2738/8608 2736/8609 2768/8610
f 2768/8611 2766/8612 2738/8613
f 2735/8614 2739/8615 2764/8616
f 2764/8617 2740/8618 2767/8619
f 2739/8620 2740/8621 2764/8622
f 2740/8623 2738/8624 2767/8625
f 2762/8626 2761/8627 2732/8628
f 2710/8629 2714/8630 2771/8631
f 2771/8632 2745/8633 2772/8634
f 2714/8635 2745/8636 2771/8637
f 2745/8638 2747/8639 2772/8640
f 2778/8641 2777/8642 2749/8643
f 2777/8644 2755/8645 2749/8646
f 2749/8647 2751/8648 2781/8649
f 2781/8650 2778/8651 2749/8652
f 2781/8653 2751/8654 2780/8655
f 2753/8656 2723/8657 2783/8658
f 2784/8659 2780/8660 2756/8661
f 2780/8662 2751/8663 2756/8664
f 2756/8665 2728/8666 2784/8667
f 2728/8668 2753/8669 2783/8670
f 2783/8671 2784/8672 2728/8673
f 2730/8674 2758/8675 2788/8676
f 2783/8677 2759/8678 2788/8679
f 2723/8680 2759/8681 2783/8682
f 2759/8683 2730/8684 2788/8685
f 2758/8686 2760/8687 2790/8688
f 2760/8689 2761/8690 2790/8691
f 2762/8692 2763/8693 2792/8694
f 2792/8695 2791/8696 2762/8697
f 2794/8698 2764/8699 2793/8700
f 2735/8701 2764/8702 2794/8703
f 2792/8704 2765/8705 2794/8706
f 2763/8707 2765/8708 2792/8709
f 2765/8710 2735/8711 2794/8712
f 2767/8713 2766/8714 2795/8715
f 2795/8716 2768/8717 2787/8718
f 2766/8719 2768/8720 2795/8721
f 2793/8722 2764/8723 2796/8724
f 2767/8725 2796/8726 2764/8727
f 2761/8728 2762/8729 2791/8730
f 2804/8731 2771/8732 2772/8733
f 2804/8734 2772/8735 2805/8736
f 2777/8737 2778/8738 2809/8739
f 2811/8740 2780/8741 2810/8742
f 2809/8743 2781/8744 2811/8745
f 2778/8746 2781/8747 2809/8748
f 2781/8749 2780/8750 2811/8751
f 2813/8752 2783/8753 2812/8754
f 2814/8755 2812/8756 2783/8757
f 2780/8758 2784/8759 2815/8760
f 2815/8761 2810/8762 2780/8763
f 2815/8764 2784/8765 2813/8766
f 2784/8767 2783/8768 2813/8769
f 2788/8770 2758/8771 2816/8772
f 2783/8773 2788/8774 2816/8775
f 2816/8776 2814/8777 2783/8778
f 2816/8779 2790/8780 2817/8781
f 2758/8782 2790/8783 2816/8784
f 2790/8785 2761/8786 2817/8787
f 2817/8788 2791/8789 2818/8790
f 2792/8791 2818/8792 2791/8793
f 2819/8794 2794/8795 2793/8796
f 2792/8797 2794/8798 2819/8799
f 2822/8800 2820/8801 2795/8802
f 2795/8803 2787/8804 2823/8805
f 2823/8806 2822/8807 2795/8808
f 2793/8809 2796/8810 2820/8811
f 2820/8812 2796/8813 2795/8814
f 2796/8815 2767/8816 2795/8817
f 2761/8818 2791/8819 2817/8820
f 2457/8821 2552/8822 2647/8823
f 2804/8824 2805/8825 2829/8826
f 2808/8827 2777/8828 2837/8829
f 2837/8830 2809/8831 2838/8832
f 2777/8833 2809/8834 2837/8835
f 2811/8836 2810/8837 2839/8838
f 2809/8839 2811/8840 2840/8841
f 2840/8842 2838/8843 2809/8844
f 2839/8845 2840/8846 2811/8847
f 2844/8848 2813/8849 2812/8850
f 2844/8851 2843/8852 2813/8853
f 2844/8854 2814/8855 2845/8856
f 2812/8857 2814/8858 2844/8859
f 2839/8860 2815/8861 2843/8862
f 2810/8863 2815/8864 2839/8865
f 2843/8866 2815/8867 2813/8868
f 2847/8869 2845/8870 2816/8871
f 2847/8872 2846/8873 2845/8874
f 2814/8875 2816/8876 2845/8877
f 2816/8878 2817/8879 2848/8880
f 2848/8881 2847/8882 2816/8883
f 2841/8884 2848/8885 2817/8886
f 2849/8887 2841/8888 2818/8889
f 2841/8890 2817/8891 2818/8892
f 2818/8893 2792/8894 2849/8895
f 2850/8896 2793/8897 2851/8898
f 2819/8899 2793/8900 2850/8901
f 2819/8902 2849/8903 2792/8904
f 2853/8905 2820/8906 2852/8907
f 2852/8908 2822/8909 2854/8910
f 2820/8911 2822/8912 2852/8913
f 2823/8914 2854/8915 2822/8916
f 2851/8917 2820/8918 2853/8919
f 2793/8920 2820/8921 2851/8922
f 2885/8923 2855/8924 2857/8925
f 2859/8926 2860/8927 2886/8928
f 2886/8929 2861/8930 2887/8931
f 2860/8932 2861/8933 2886/8934
f 2887/8935 2840/8936 2888/8937
f 2888/8938 2862/8939 2889/8940
f 2840/8941 2862/8942 2888/8943
f 2861/8944 2840/8945 2887/8946
f 2864/8947 2863/8948 2890/8949
f 2866/8950 2891/8951 2865/8952
f 2866/8953 2867/8954 2892/8955
f 2862/8956 2868/8957 2889/8958
f 2868/8959 2865/8960 2891/8961
f 2892/8962 2869/8963 2893/8964
f 2867/8965 2869/8966 2892/8967
f 2893/8968 2869/8969 2894/8970
f 2864/8971 2894/8972 2869/8973
f 2890/8974 2872/8975 2895/8976
f 2863/8977 2872/8978 2890/8979
f 2895/8980 2872/8981 2875/8982
f 2872/8983 2874/8984 2875/8985
f 2896/8986 2895/8987 2875/8988
f 2896/8989 2876/8990 2902/8991
f 2875/8992 2876/8993 2896/8994
f 2902/8995 2877/8996 2905/8997
f 2906/8998 2905/8999 2877/9000
f 2881/9001 2880/9002 2907/9003
f 2881/9004 2906/9005 2877/9006
f 2902/9007 2876/9008 2877/9009
f 2855/9010 2885/9011 2911/9012
f 2920/9013 2886/9014 2919/9015
f 2859/9016 2886/9017 2920/9018
f 2921/9019 2919/9020 2886/9021
f 2886/9022 2887/9023 2924/9024
f 2924/9025 2921/9026 2886/9027
f 2887/9028 2888/9029 2924/9030
f 2924/9031 2889/9032 2926/9033
f 2888/9034 2889/9035 2924/9036
f 2929/9037 2864/9038 2890/9039
f 2929/9040 2927/9041 2864/9042
f 2926/9043 2891/9044 2930/9045
f 2930/9046 2866/9047 2933/9048
f 2891/9049 2866/9050 2930/9051
f 2866/9052 2892/9053 2931/9054
f 2931/9055 2933/9056 2866/9057
f 2889/9058 2868/9059 2926/9060
f 2868/9061 2891/9062 2926/9063
f 2931/9064 2892/9065 2893/9066
f 2893/9067 2894/9068 2927/9069
f 2894/9070 2864/9071 2927/9072
f 2890/9073 2895/9074 2929/9075
f 2935/9076 2929/9077 2895/9078
f 2895/9079 2896/9080 2935/9081
f 2896/9082 2902/9083 2936/9084
f 2902/9085 2905/9086 2936/9087
f 2905/9088 2906/9089 2937/9090
f 2938/9091 2907/9092 2934/9093
f 2906/9094 2881/9095 2937/9096
f 2881/9097 2907/9098 2938/9099
f 2938/9100 2937/9101 2881/9102
f 2944/9103 2920/9104 2919/9105
f 2944/9106 2943/9107 2920/9108
f 2944/9109 2921/9110 2947/9111
f 2919/9112 2921/9113 2944/9114
f 2921/9115 2924/9116 2947/9117
f 2948/9118 2945/9119 2924/9120
f 2945/9121 2947/9122 2924/9123
f 2924/9124 2926/9125 2949/9126
f 2949/9127 2948/9128 2924/9129
f 2951/9130 2927/9131 2950/9132
f 2950/9133 2929/9134 2952/9135
f 2927/9136 2929/9137 2950/9138
f 2954/9139 2953/9140 2930/9141
f 2953/9142 2926/9143 2930/9144
f 2930/9145 2933/9146 2954/9147
f 2931/9148 2954/9149 2933/9150
f 2953/9151 2949/9152 2926/9153
f 2955/9154 2893/9155 2956/9156
f 2931/9157 2893/9158 2955/9159
f 2956/9160 2927/9161 2951/9162
f 2893/9163 2927/9164 2956/9165
f 2958/9166 2935/9167 2957/9168
f 2952/9169 2929/9170 2958/9171
f 2929/9172 2935/9173 2958/9174
f 2935/9175 2896/9176 2957/9177
f 2896/9178 2936/9179 2959/9180
f 2959/9181 2957/9182 2896/9183
f 2936/9184 2905/9185 2959/9186
f 2905/9187 2937/9188 2960/9189
f 2960/9190 2959/9191 2905/9192
f 2961/9193 2938/9194 2934/9195
f 2960/9196 2937/9197 2938/9198
f 2911/9199 2939/9200 2967/9201
f 2943/9202 2944/9203 2972/9204
f 2944/9205 2947/9206 2976/9207
f 2945/9208 2976/9209 2947/9210
f 2945/9211 2948/9212 2978/9213
f 2978/9214 2949/9215 2979/9216
f 2948/9217 2949/9218 2978/9219
f 2951/9220 2950/9221 2981/9222
f 2950/9223 2952/9224 2983/9225
f 2983/9226 2981/9227 2950/9228
f 2979/9229 2953/9230 2984/9231
f 2953/9232 2954/9233 2985/9234
f 2985/9235 2984/9236 2953/9237
f 2987/9238 2955/9239 2986/9240
f 2931/9241 2955/9242 2987/9243
f 2985/9244 2954/9245 2987/9246
f 2954/9247 2931/9248 2987/9249
f 2949/9250 2953/9251 2979/9252
f 2986/9253 2956/9254 2988/9255
f 2955/9256 2956/9257 2986/9258
f 2956/9259 2951/9260 2981/9261
f 2981/9262 2988/9263 2956/9264
f 2991/9265 2990/9266 2957/9267
f 2990/9268 2958/9269 2957/9270
f 2983/9271 2952/9272 2990/9273
f 2952/9274 2958/9275 2990/9276
f 2991/9277 2957/9278 2992/9279
f 2989/9280 2957/9281 2959/9282
f 2989/9283 2992/9284 2957/9285
f 2993/9286 2989/9287 2959/9288
f 2959/9289 2960/9290 2994/9291
f 2994/9292 2993/9293 2959/9294
f 2994/9295 2961/9296 2982/9297
f 2938/9298 2961/9299 2994/9300
f 2960/9301 2938/9302 2994/9303
f 2997/9304 2972/9305 2996/9306
f 2972/9307 2944/9308 2996/9309
f 2944/9310 2976/9311 2998/9312
f 2998/9313 2996/9314 2944/9315
f 2976/9316 2945/9317 2998/9318
f 2998/9319 2978/9320 2999/9321
f 2945/9322 2978/9323 2998/9324
f 2979/9325 2999/9326 2978/9327
f 3002/9328 2981/9329 3000/9330
f 3003/9331 3000/9332 2981/9333
f 2983/9334 3003/9335 2981/9336
f 2979/9337 2984/9338 3004/9339
f 2984/9340 2985/9341 3004/9342
f 3008/9343 3007/9344 2986/9345
f 3007/9346 2985/9347 2986/9348
f 2985/9349 2987/9350 2986/9351
f 3008/9352 2988/9353 3002/9354
f 2986/9355 2988/9356 3008/9357
f 3002/9358 2988/9359 2981/9360
f 2983/9361 2990/9362 3010/9363
f 3010/9364 2991/9365 3011/9366
f 2990/9367 2991/9368 3010/9369
f 2991/9370 2992/9371 3011/9372
f 2989/9373 3011/9374 2992/9375
f 3009/9376 2993/9377 3018/9378
f 2989/9379 2993/9380 3009/9381
f 2993/9382 2994/9383 3019/9384
f 3019/9385 3018/9386 2993/9387
f 3019/9388 2994/9389 3020/9390
f 3020/9391 2982/9392 3017/9393
f 2994/9394 2982/9395 3020/9396
f 3026/9397 2997/9398 2996/9399
f 3026/9400 3024/9401 2997/9402
f 3027/9403 3026/9404 2996/9405
f 3032/9406 3031/9407 2998/9408
f 3031/9409 3027/9410 2998/9411
f 3027/9412 2996/9413 2998/9414
f 3032/9415 2999/9416 3030/9417
f 2998/9418 2999/9419 3032/9420
f 3030/9421 2999/9422 2979/9423
f 3000/9424 3003/9425 3034/9426
f 3003/9427 2983/9428 3035/9429
f 3035/9430 3034/9431 3003/9432
f 3036/9433 2979/9434 3004/9435
f 3036/9436 3030/9437 2979/9438
f 3004/9439 2985/9440 3036/9441
f 3007/9442 3008/9443 3037/9444
f 2985/9445 3007/9446 3037/9447
f 3037/9448 3036/9449 2985/9450
f 3008/9451 3002/9452 3038/9453
f 3000/9454 3038/9455 3002/9456
f 2989/9457 3009/9458 3039/9459
f 3041/9460 3010/9461 3040/9462
f 3010/9463 3011/9464 3040/9465
f 2983/9466 3010/9467 3041/9468
f 3041/9469 3035/9470 2983/9471
f 3039/9472 3040/9473 3011/9474
f 3011/9475 2989/9476 3039/9477
f 3009/9478 3018/9479 3042/9480
f 3042/9481 3018/9482 3019/9483
f 3044/9484 3019/9485 3020/9486
f 3020/9487 3017/9488 3044/9489
f 2855/9490 2326/9491 2771/9492
f 2326/9493 2647/9494 2771/9495
f 2967/9496 2995/9497 3050/9498
f 2995/9499 3022/9500 3050/9501
f 3051/9502 3026/9503 3052/9504
f 3024/9505 3026/9506 3051/9507
f 3026/9508 3027/9509 3052/9510
f 3055/9511 3030/9512 3054/9513
f 3057/9514 3032/9515 3058/9516
f 3031/9517 3032/9518 3057/9519
f 3031/9520 3052/9521 3027/9522
f 3032/9523 3030/9524 3055/9525
f 3055/9526 3058/9527 3032/9528
f 3000/9529 3034/9530 3064/9531
f 3064/9532 3061/9533 3000/9534
f 3064/9535 3034/9536 3041/9537
f 3034/9538 3035/9539 3041/9540
f 3054/9541 3036/9542 3065/9543
f 3030/9544 3036/9545 3054/9546
f 3066/9547 3065/9548 3036/9549
f 3066/9550 3037/9551 3067/9552
f 3037/9553 3008/9554 3067/9555
f 3036/9556 3037/9557 3066/9558
f 3008/9559 3038/9560 3061/9561
f 3061/9562 3067/9563 3008/9564
f 3038/9565 3000/9566 3061/9567
f 3071/9568 3039/9569 3070/9570
f 3070/9571 3039/9572 3009/9573
f 3073/9574 3041/9575 3040/9576
f 3073/9577 3040/9578 3074/9579
f 3071/9580 3040/9581 3039/9582
f 3071/9583 3074/9584 3040/9585
f 3009/9586 3042/9587 3075/9588
f 3075/9589 3070/9590 3009/9591
f 3042/9592 3019/9593 3075/9594
f 3019/9595 3044/9596 3076/9597
f 3076/9598 3075/9599 3019/9600
f 3044/9601 3017/9602 3045/9603
f 3045/9604 3076/9605 3044/9606
f 3053/9607 3049/9608 3077/9609
f 3056/9610 3059/9611 3088/9612
f 3088/9613 3087/9614 3056/9615
f 3050/9616 3056/9617 3087/9618
f 3088/9619 3060/9620 3053/9621
f 3059/9622 3060/9623 3088/9624
f 3089/9625 3077/9626 3049/9627
f 3049/9628 3062/9629 3090/9630
f 3090/9631 3089/9632 3049/9633
f 3091/9634 3063/9635 3092/9636
f 3062/9637 3063/9638 3091/9639
f 3091/9640 3090/9641 3062/9642
f 3063/9643 3033/9644 3092/9645
f 3033/9646 3051/9647 3079/9648
f 3079/9649 3092/9650 3033/9651
f 3093/9652 3045/9653 3068/9654
f 3093/9655 3083/9656 3045/9657
f 3068/9658 3069/9659 3093/9660
f 3072/9661 3094/9662 3047/9663
f 3094/9664 3069/9665 3047/9666
f 3094/9667 3093/9668 3069/9669
f 3108/9670 3079/9671 3078/9672
f 3111/9673 3080/9674 3109/9675
f 3113/9676 3108/9677 3078/9678
f 3111/9679 3113/9680 3080/9681
f 3113/9682 3078/9683 3080/9684
f 3115/9685 3114/9686 3081/9687
f 3109/9688 3080/9689 3057/9690
f 3109/9691 3082/9692 3114/9693
f 3057/9694 3082/9695 3109/9696
f 3114/9697 3082/9698 3081/9699
f 3118/9700 3085/9701 3120/9702
f 3084/9703 3085/9704 3118/9705
f 3122/9706 3086/9707 3121/9708
f 3085/9709 3086/9710 3122/9711
f 3122/9712 3120/9713 3085/9714
f 3096/9715 3115/9716 3081/9717
f 3096/9718 3095/9719 3124/9720
f 3095/9721 3097/9722 3124/9723
f 3097/9724 3098/9725 3125/9726
f 3084/9727 3125/9728 3098/9729
f 3071/9730 3099/9731 3126/9732
f 3099/9733 3100/9734 3127/9735
f 3121/9736 3101/9737 3128/9738
f 3086/9739 3101/9740 3121/9741
f 3128/9742 3071/9743 3126/9744
f 3101/9745 3071/9746 3128/9747
f 3130/9748 3103/9749 3102/9750
f 3130/9751 3129/9752 3103/9753
f 3127/9754 3100/9755 3103/9756
f 3102/9757 3083/9758 3131/9759
f 3131/9760 3130/9761 3102/9762
f 3116/9763 3131/9764 3083/9765
f 3079/9766 3108/9767 3140/9768
f 3140/9769 3136/9770 3079/9771
f 3111/9772 3109/9773 3141/9774
f 3108/9775 3113/9776 3111/9777
f 3111/9778 3140/9779 3108/9780
f 3142/9781 3115/9782 3143/9783
f 3114/9784 3115/9785 3142/9786
f 3141/9787 3109/9788 3144/9789
f 3109/9790 3114/9791 3145/9792
f 3145/9793 3144/9794 3109/9795
f 3142/9796 3145/9797 3114/9798
f 3131/9799 3116/9800 3137/9801
f 3084/9802 3118/9803 3146/9804
f 3118/9805 3120/9806 3147/9807
f 3148/9808 3122/9809 3121/9810
f 3147/9811 3120/9812 3122/9813
f 3150/9814 3124/9815 3149/9816
f 3115/9817 3096/9818 3143/9819
f 3096/9820 3124/9821 3150/9822
f 3150/9823 3143/9824 3096/9825
f 3124/9826 3097/9827 3149/9828
f 3097/9829 3125/9830 3146/9831
f 3146/9832 3149/9833 3097/9834
f 3125/9835 3084/9836 3146/9837
f 3151/9838 3126/9839 3099/9840
f 3151/9841 3127/9842 3152/9843
f 3099/9844 3127/9845 3151/9846
f 3121/9847 3128/9848 3148/9849
f 3151/9850 3128/9851 3126/9852
f 3103/9853 3129/9854 3152/9855
f 3129/9856 3130/9857 3153/9858
f 3127/9859 3103/9860 3152/9861
f 3130/9862 3131/9863 3153/9864
f 2855/9865 2967/9866 3050/9867
f 3156/9868 3136/9869 3154/9870
f 3136/9871 3140/9872 3154/9873
f 3160/9874 3141/9875 3159/9876
f 3111/9877 3141/9878 3160/9879
f 3140/9880 3111/9881 3160/9882
f 3163/9883 3142/9884 3162/9885
f 3142/9886 3143/9887 3164/9888
f 3164/9889 3162/9890 3142/9891
f 3141/9892 3144/9893 3159/9894
f 3144/9895 3145/9896 3163/9897
f 3163/9898 3159/9899 3144/9900
f 3145/9901 3142/9902 3163/9903
f 3168/9904 3166/9905 3137/9906
f 3172/9907 3146/9908 3170/9909
f 3170/9910 3146/9911 3118/9912
f 3118/9913 3147/9914 3173/9915
f 3173/9916 3170/9917 3118/9918
f 3122/9919 3148/9920 3174/9921
f 3174/9922 3173/9923 3122/9924
f 3147/9925 3122/9926 3173/9927
f 3175/9928 3150/9929 3149/9930
f 3164/9931 3143/9932 3150/9933
f 3175/9934 3149/9935 3176/9936
f 3172/9937 3149/9938 3146/9939
f 3172/9940 3176/9941 3149/9942
f 3178/9943 3151/9944 3177/9945
f 3179/9946 3177/9947 3151/9948
f 3151/9949 3152/9950 3180/9951
f 3180/9952 3179/9953 3151/9954
f 3148/9955 3128/9956 3178/9957
f 3178/9958 3174/9959 3148/9960
f 3128/9961 3151/9962 3178/9963
f 3152/9964 3129/9965 3180/9966
f 3180/9967 3153/9968 3166/9969
f 3129/9970 3153/9971 3180/9972
f 3166/9973 3131/9974 3137/9975
f 3166/9976 3153/9977 3131/9978
f 3182/9979 3156/9980 3154/9981
f 3154/9982 3140/9983 3182/9984
f 3186/9985 3185/9986 3159/9987
f 3185/9988 3160/9989 3159/9990
f 3182/9991 3140/9992 3185/9993
f 3140/9994 3160/9995 3185/9996
f 3188/9997 3163/9998 3162/9999
f 3188/10000 3164/10001 3189/10002
f 3162/10003 3164/10004 3188/10005
f 3186/10006 3159/10007 3187/10008
f 3187/10009 3159/10010 3163/10011
f 3166/10012 3168/10013 3192/10014
f 3172/10015 3170/10016 3193/10017
f 3194/10018 3193/10019 3170/10020
f 3170/10021 3173/10022 3195/10023
f 3195/10024 3194/10025 3170/10026
f 3196/10027 3174/10028 3197/10029
f 3173/10030 3174/10031 3196/10032
f 3196/10033 3195/10034 3173/10035
f 3150/10036 3175/10037 3198/10038
f 3198/10039 3189/10040 3150/10041
f 3164/10042 3150/10043 3189/10044
f 3175/10045 3176/10046 3172/10047
f 3172/10048 3198/10049 3175/10050
f 3197/10051 3177/10052 3199/10053
f 3178/10054 3177/10055 3197/10056
f 3199/10057 3179/10058 3202/10059
f 3177/10060 3179/10061 3199/10062
f 3179/10063 3180/10064 3202/10065
f 3174/10066 3178/10067 3197/10068
f 3203/10069 3202/10070 3180/10071
f 3203/10072 3201/10073 3202/10074
f 3180/10075 3166/10076 3206/10077
f 3206/10078 3203/10079 3180/10080
f 3192/10081 3206/10082 3166/10083
f 3050/10084 3087/10085 3161/10086
f 3087/10087 3105/10088 3161/10089
f 3209/10090 3208/10091 3231/10092
f 3231/10093 3211/10094 3232/10095
f 3208/10096 3211/10097 3231/10098
f 3211/10099 3213/10100 3232/10101
f 3232/10102 3214/10103 3234/10104
f 3234/10105 3186/10106 3235/10107
f 3214/10108 3186/10109 3234/10110
f 3213/10111 3214/10112 3232/10113
f 3237/10114 3215/10115 3236/10116
f 3215/10117 3216/10118 3239/10119
f 3239/10120 3236/10121 3215/10122
f 3239/10123 3216/10124 3224/10125
f 3235/10126 3215/10127 3237/10128
f 3186/10129 3215/10130 3235/10131
f 3240/10132 3207/10133 3217/10134
f 3240/10135 3217/10136 3241/10137
f 3242/10138 3218/10139 3193/10140
f 3245/10141 3195/10142 3244/10143
f 3193/10144 3219/10145 3245/10146
f 3245/10147 3242/10148 3193/10149
f 3219/10150 3195/10151 3245/10152
f 3244/10153 3221/10154 3246/10155
f 3195/10156 3221/10157 3244/10158
f 3221/10159 3222/10160 3246/10161
f 3247/10162 3224/10163 3223/10164
f 3223/10165 3198/10166 3247/10167
f 3242/10168 3198/10169 3218/10170
f 3242/10171 3247/10172 3198/10173
f 3226/10174 3199/10175 3251/10176
f 3251/10177 3249/10178 3226/10179
f 3228/10180 3201/10181 3253/10182
f 3199/10183 3228/10184 3253/10185
f 3253/10186 3251/10187 3199/10188
f 3222/10189 3226/10190 3249/10191
f 3253/10192 3229/10193 3254/10194
f 3201/10195 3229/10196 3253/10197
f 3254/10198 3229/10199 3207/10200
f 3229/10201 3206/10202 3207/10203
f 2326/10204 2855/10205 3050/10206
f 3161/10207 3210/10208 3263/10209
f 3309/10210 3283/10211 3310/10212
f 3255/10213 3283/10214 3309/10215
f 3285/10216 3284/10217 3312/10218
f 3283/10219 3261/10220 3285/10221
f 3285/10222 3310/10223 3283/10224
f 3312/10225 3284/10226 3313/10227
f 3313/10228 3288/10229 3314/10230
f 3284/10231 3288/10232 3313/10233
f 3288/10234 3289/10235 3314/10236
f 3289/10237 3290/10238 3317/10239
f 3319/10240 3317/10241 3291/10242
f 3290/10243 3268/10244 3317/10245
f 3268/10246 3291/10247 3317/10248
f 3321/10249 3282/10250 3292/10251
f 3322/10252 3294/10253 3320/10254
f 3293/10255 3321/10256 3292/10257
f 3322/10258 3293/10259 3294/10260
f 3295/10261 3323/10262 3296/10263
f 3295/10264 3297/10265 3324/10266
f 3326/10267 3298/10268 3325/10269
f 3299/10270 3301/10271 3327/10272
f 3299/10273 3324/10274 3297/10275
f 3301/10276 3302/10277 3327/10278
f 3302/10279 3298/10280 3326/10281
f 3291/10282 3296/10283 3319/10284
f 3323/10285 3319/10286 3296/10287
f 3298/10288 3276/10289 3325/10290
f 3276/10291 3304/10292 3328/10293
f 3328/10294 3325/10295 3276/10296
f 3278/10297 3306/10298 3328/10299
f 3306/10300 3281/10301 3311/10302
f 3304/10303 3278/10304 3328/10305
f 3332/10306 3330/10307 3309/10308
f 3309/10309 3310/10310 3333/10311
f 3333/10312 3332/10313 3309/10314
f 3336/10315 3285/10316 3312/10317
f 3336/10318 3333/10319 3285/10320
f 3310/10321 3285/10322 3333/10323
f 3312/10324 3313/10325 3336/10326
f 3334/10327 3313/10328 3314/10329
f 3334/10330 3336/10331 3313/10332
f 3338/10333 3314/10334 3289/10335
f 3338/10336 3334/10337 3314/10338
f 3289/10339 3317/10340 3340/10341
f 3340/10342 3338/10343 3289/10344
f 3341/10345 3319/10346 3342/10347
f 3317/10348 3319/10349 3341/10350
f 3341/10351 3340/10352 3317/10353
f 3282/10354 3321/10355 3343/10356
f 3343/10357 3329/10358 3282/10359
f 3322/10360 3320/10361 3344/10362
f 3321/10363 3293/10364 3322/10365
f 3322/10366 3343/10367 3321/10368
f 3346/10369 3323/10370 3345/10371
f 3323/10372 3295/10373 3345/10374
f 3295/10375 3324/10376 3347/10377
f 3347/10378 3345/10379 3295/10380
f 3326/10381 3325/10382 3348/10383
f 3347/10384 3327/10385 3350/10386
f 3299/10387 3327/10388 3347/10389
f 3324/10390 3299/10391 3347/10392
f 3327/10393 3302/10394 3326/10395
f 3326/10396 3350/10397 3327/10398
f 3342/10399 3319/10400 3351/10401
f 3319/10402 3323/10403 3346/10404
f 3346/10405 3351/10406 3319/10407
f 3348/10408 3325/10409 3355/10410
f 3354/10411 3325/10412 3328/10413
f 3354/10414 3355/10415 3325/10416
f 3356/10417 3328/10418 3306/10419
f 3356/10420 3354/10421 3328/10422
f 3306/10423 3311/10424 3329/10425
f 3329/10426 3356/10427 3306/10428
f 3330/10429 3332/10430 3358/10431
f 3332/10432 3333/10433 3359/10434
f 3359/10435 3358/10436 3332/10437
f 3361/10438 3334/10439 3360/10440
f 3359/10441 3333/10442 3362/10443
f 3362/10444 3336/10445 3363/10446
f 3333/10447 3336/10448 3362/10449
f 3363/10450 3336/10451 3361/10452
f 3336/10453 3334/10454 3361/10455
f 3334/10456 3338/10457 3360/10458
f 3338/10459 3340/10460 3364/10461
f 3364/10462 3360/10463 3338/10464
f 3364/10465 3342/10466 3365/10467
f 3341/10468 3342/10469 3364/10470
f 3340/10471 3341/10472 3364/10473
f 3357/10474 3329/10475 3366/10476
f 3329/10477 3343/10478 3366/10479
f 3322/10480 3344/10481 3367/10482
f 3343/10483 3322/10484 3367/10485
f 3346/10486 3345/10487 3368/10488
f 3371/10489 3368/10490 3345/10491
f 3370/10492 3371/10493 3347/10494
f 3371/10495 3345/10496 3347/10497
f 3373/10498 3326/10499 3348/10500
f 3373/10501 3372/10502 3326/10503
f 3375/10504 3370/10505 3347/10506
f 3347/10507 3350/10508 3372/10509
f 3372/10510 3375/10511 3347/10512
f 3372/10513 3350/10514 3326/10515
f 3342/10516 3351/10517 3346/10518
f 3346/10519 3365/10520 3342/10521
f 3348/10522 3355/10523 3373/10524
f 3354/10525 3373/10526 3355/10527
f 3376/10528 3356/10529 3378/10530
f 3354/10531 3356/10532 3376/10533
f 3378/10534 3329/10535 3357/10536
f 3356/10537 3329/10538 3378/10539
f 3405/10540 3381/10541 3380/10542
f 3405/10543 3382/10544 3406/10545
f 3380/10546 3382/10547 3405/10548
f 3406/10549 3359/10550 3385/10551
f 3406/10552 3382/10553 3359/10554
f 3409/10555 3411/10556 3384/10557
f 3409/10558 3408/10559 3411/10560
f 3410/10561 3406/10562 3385/10563
f 3410/10564 3363/10565 3411/10566
f 3385/10567 3363/10568 3410/10569
f 3363/10570 3384/10571 3411/10572
f 3384/10573 3387/10574 3412/10575
f 3412/10576 3409/10577 3384/10578
f 3386/10579 3412/10580 3387/10581
f 3386/10582 3388/10583 3413/10584
f 3388/10585 3365/10586 3413/10587
f 3407/10588 3357/10589 3414/10590
f 3357/10591 3389/10592 3415/10593
f 3415/10594 3414/10595 3357/10596
f 3415/10597 3389/10598 3417/10599
f 3417/10600 3390/10601 3419/10602
f 3419/10603 3390/10604 3420/10605
f 3389/10606 3390/10607 3417/10608
f 3423/10609 3391/10610 3422/10611
f 3391/10612 3368/10613 3422/10614
f 3425/10615 3370/10616 3424/10617
f 3368/10618 3392/10619 3425/10620
f 3425/10621 3422/10622 3368/10623
f 3392/10624 3370/10625 3425/10626
f 3394/10627 3393/10628 3426/10629
f 3395/10630 3426/10631 3393/10632
f 3424/10633 3396/10634 3427/10635
f 3370/10636 3396/10637 3424/10638
f 3394/10639 3427/10640 3396/10641
f 3365/10642 3391/10643 3423/10644
f 3423/10645 3413/10646 3365/10647
f 3430/10648 3405/10649 3428/10650
f 3428/10651 3405/10652 3432/10653
f 3405/10654 3406/10655 3436/10656
f 3436/10657 3432/10658 3405/10659
f 3434/10660 3436/10661 3406/10662
f 3439/10663 3408/10664 3438/10665
f 3408/10666 3409/10667 3438/10668
f 3434/10669 3410/10670 3439/10671
f 3406/10672 3410/10673 3434/10674
f 3410/10675 3411/10676 3439/10677
f 3411/10678 3408/10679 3439/10680
f 3441/10681 3386/10682 3440/10683
f 3409/10684 3412/10685 3441/10686
f 3441/10687 3438/10688 3409/10689
f 3412/10690 3386/10691 3441/10692
f 3386/10693 3413/10694 3443/10695
f 3443/10696 3440/10697 3386/10698
f 3423/10699 3443/10700 3413/10701
f 3407/10702 3414/10703 3437/10704
f 3437/10705 3415/10706 3444/10707
f 3414/10708 3415/10709 3437/10710
f 3415/10711 3417/10712 3444/10713
f 3417/10714 3419/10715 3444/10716
f 3419/10717 3420/10718 3445/10719
f 3423/10720 3422/10721 3448/10722
f 3449/10723 3448/10724 3422/10725
f 3450/10726 3425/10727 3424/10728
f 3450/10729 3449/10730 3425/10731
f 3449/10732 3422/10733 3425/10734
f 3452/10735 3394/10736 3426/10737
f 3452/10738 3451/10739 3394/10740
f 3452/10741 3395/10742 3431/10743
f 3426/10744 3395/10745 3452/10746
f 3450/10747 3427/10748 3451/10749
f 3424/10750 3427/10751 3450/10752
f 3451/10753 3427/10754 3394/10755
f 3161/10756 3263/10757 3442/10758
f 3442/10759 3263/10760 3383/10761
f 3263/10762 3331/10763 3383/10764
f 3442/10765 2326/10766 3161/10767
f 2326/10768 3050/10769 3161/10770
f 3442/10771 3453/10772 2326/10773
f 3048/10774 3402/10775 3308/10776
f 3430/10777 3428/10778 3454/10779
f 3428/10780 3432/10781 3455/10782
f 3459/10783 3434/10784 3457/10785
f 3436/10786 3455/10787 3432/10788
f 3436/10789 3434/10790 3459/10791
f 3462/10792 3438/10793 3461/10794
f 3439/10795 3438/10796 3462/10797
f 3463/10798 3461/10799 3438/10800
f 3434/10801 3439/10802 3464/10803
f 3464/10804 3457/10805 3434/10806
f 3462/10807 3464/10808 3439/10809
f 3466/10810 3441/10811 3440/10812
f 3463/10813 3438/10814 3441/10815
f 3466/10816 3443/10817 3460/10818
f 3440/10819 3443/10820 3466/10821
f 3460/10822 3443/10823 3423/10824
f 3469/10825 3435/10826 3437/10827
f 3437/10828 3444/10829 3469/10830
f 3470/10831 3469/10832 3444/10833
f 3472/10834 3444/10835 3419/10836
f 3472/10837 3470/10838 3444/10839
f 3472/10840 3445/10841 3471/10842
f 3419/10843 3445/10844 3472/10845
f 3473/10846 3423/10847 3448/10848
f 3473/10849 3460/10850 3423/10851
f 3473/10852 3449/10853 3474/10854
f 3448/10855 3449/10856 3473/10857
f 3474/10858 3450/10859 3475/10860
f 3475/10861 3450/10862 3476/10863
f 3449/10864 3450/10865 3474/10866
f 3451/10867 3452/10868 3477/10869
f 3452/10870 3431/10871 3456/10872
f 3450/10873 3451/10874 3478/10875
f 3478/10876 3476/10877 3450/10878
f 3477/10879 3478/10880 3451/10881
f 3454/10882 3428/10883 3480/10884
f 3480/10885 3455/10886 3482/10887
f 3428/10888 3455/10889 3480/10890
f 3484/10891 3459/10892 3457/10893
f 3459/10894 3455/10895 3436/10896
f 3459/10897 3482/10898 3455/10899
f 3461/10900 3487/10901 3462/10902
f 3461/10903 3463/10904 3488/10905
f 3457/10906 3464/10907 3484/10908
f 3487/10909 3464/10910 3462/10911
f 3488/10912 3466/10913 3491/10914
f 3441/10915 3466/10916 3488/10917
f 3463/10918 3441/10919 3488/10920
f 3466/10921 3460/10922 3491/10923
f 3486/10924 3491/10925 3460/10926
f 3483/10927 3469/10928 3492/10929
f 3435/10930 3469/10931 3483/10932
f 3494/10933 3470/10934 3493/10935
f 3492/10936 3469/10937 3494/10938
f 3469/10939 3470/10940 3494/10941
f 3470/10942 3472/10943 3493/10944
f 3472/10945 3471/10946 3489/10947
f 3489/10948 3493/10949 3472/10950
f 3460/10951 3473/10952 3486/10953
f 3473/10954 3474/10955 3495/10956
f 3474/10957 3475/10958 3495/10959
f 3475/10960 3476/10961 3496/10962
f 3478/10963 3477/10964 3497/10965
f 3477/10966 3452/10967 3497/10968
f 3497/10969 3452/10970 3479/10971
f 3452/10972 3456/10973 3479/10974
f 3476/10975 3478/10976 3496/10977
f 3499/10978 3503/10979 3529/10980
f 3503/10981 3504/10982 3530/10983
f 3530/10984 3529/10985 3503/10986
f 3530/10987 3504/10988 3532/10989
f 3532/10990 3506/10991 3534/10992
f 3504/10993 3506/10994 3532/10995
f 3538/10996 3536/10997 3507/10998
f 3536/10999 3509/11000 3507/11001
f 3540/11002 3510/11003 3539/11004
f 3487/11005 3510/11006 3540/11007
f 3510/11008 3511/11009 3539/11010
f 3539/11011 3512/11012 3541/11013
f 3539/11014 3511/11015 3512/11016
f 3534/11017 3506/11018 3540/11019
f 3506/11020 3487/11021 3540/11022
f 3541/11023 3512/11024 3513/11025
f 3541/11026 3516/11027 3537/11028
f 3513/11029 3516/11030 3541/11031
f 3537/11032 3516/11033 3536/11034
f 3516/11035 3509/11036 3536/11037
f 3528/11038 3505/11039 3542/11040
f 3517/11041 3542/11042 3505/11043
f 3517/11044 3520/11045 3519/11046
f 3519/11047 3543/11048 3517/11049
f 3519/11050 3518/11051 3544/11052
f 3514/11053 3544/11054 3518/11055
f 3546/11056 3521/11057 3545/11058
f 3546/11059 3538/11060 3507/11061
f 3507/11062 3521/11063 3546/11064
f 3545/11065 3521/11066 3547/11067
f 3521/11068 3522/11069 3548/11070
f 3548/11071 3547/11072 3521/11073
f 3523/11074 3524/11075 3549/11076
f 3549/11077 3548/11078 3523/11079
f 3524/11080 3525/11081 3549/11082
f 3501/11083 3549/11084 3525/11085
f 3522/11086 3523/11087 3548/11088
f 3551/11089 3499/11090 3550/11091
f 3499/11092 3529/11093 3553/11094
f 3553/11095 3550/11096 3499/11097
f 3553/11098 3529/11099 3530/11100
f 3554/11101 3530/11102 3532/11103
f 3532/11104 3534/11105 3554/11106
f 3537/11107 3536/11108 3556/11109
f 3536/11110 3538/11111 3556/11112
f 3558/11113 3540/11114 3557/11115
f 3557/11116 3540/11117 3539/11118
f 3557/11119 3539/11120 3559/11121
f 3539/11122 3541/11123 3559/11124
f 3558/11125 3534/11126 3540/11127
f 3559/11128 3541/11129 3562/11130
f 3537/11131 3562/11132 3541/11133
f 3563/11134 3528/11135 3542/11136
f 3542/11137 3517/11138 3563/11139
f 3564/11140 3514/11141 3560/11142
f 3566/11143 3543/11144 3565/11145
f 3543/11146 3519/11147 3565/11148
f 3517/11149 3543/11150 3566/11151
f 3566/11152 3563/11153 3517/11154
f 3519/11155 3544/11156 3564/11157
f 3564/11158 3565/11159 3519/11160
f 3544/11161 3514/11162 3564/11163
f 3538/11164 3546/11165 3567/11166
f 3545/11167 3567/11168 3546/11169
f 3545/11170 3547/11171 3568/11172
f 3547/11173 3548/11174 3568/11175
f 3568/11176 3548/11177 3569/11178
f 3549/11179 3569/11180 3548/11181
f 3570/11182 3501/11183 3526/11184
f 3549/11185 3501/11186 3570/11187
f 3573/11188 3551/11189 3571/11190
f 3571/11191 3551/11192 3550/11193
f 3571/11194 3553/11195 3575/11196
f 3550/11197 3553/11198 3571/11199
f 3553/11200 3530/11201 3575/11202
f 3530/11203 3554/11204 3576/11205
f 3576/11206 3575/11207 3530/11208
f 3576/11209 3534/11210 3558/11211
f 3554/11212 3534/11213 3576/11214
f 3578/11215 3556/11216 3577/11217
f 3556/11218 3538/11219 3577/11220
f 3558/11221 3557/11222 3580/11223
f 3580/11224 3557/11225 3581/11226
f 3557/11227 3559/11228 3584/11229
f 3584/11230 3581/11231 3557/11232
f 3583/11233 3584/11234 3559/11235
f 3583/11236 3562/11237 3578/11238
f 3559/11239 3562/11240 3583/11241
f 3562/11242 3537/11243 3578/11244
f 3537/11245 3556/11246 3578/11247
f 3574/11248 3528/11249 3585/11250
f 3528/11251 3563/11252 3586/11253
f 3586/11254 3585/11255 3528/11256
f 3566/11257 3586/11258 3563/11259
f 3582/11260 3564/11261 3560/11262
f 3566/11263 3565/11264 3587/11265
f 3588/11266 3587/11267 3565/11268
f 3588/11269 3565/11270 3564/11271
f 3591/11272 3590/11273 3545/11274
f 3577/11275 3567/11276 3590/11277
f 3577/11278 3538/11279 3567/11280
f 3567/11281 3545/11282 3590/11283
f 3591/11284 3568/11285 3592/11286
f 3545/11287 3568/11288 3591/11289
f 3592/11290 3568/11291 3589/11292
f 3593/11293 3589/11294 3569/11295
f 3589/11296 3568/11297 3569/11298
f 3569/11299 3549/11300 3594/11301
f 3594/11302 3593/11303 3569/11304
f 3595/11305 3570/11306 3572/11307
f 3570/11308 3526/11309 3572/11310
f 3549/11311 3570/11312 3595/11313
f 3595/11314 3594/11315 3549/11316
f 3573/11317 3571/11318 3597/11319
f 3597/11320 3571/11321 3598/11322
f 3571/11323 3575/11324 3600/11325
f 3600/11326 3598/11327 3571/11328
f 3599/11329 3600/11330 3575/11331
f 3599/11332 3576/11333 3601/11334
f 3575/11335 3576/11336 3599/11337
f 3576/11338 3558/11339 3601/11340
f 3604/11341 3602/11342 3577/11343
f 3602/11344 3578/11345 3577/11346
f 3605/11347 3604/11348 3577/11349
f 3601/11350 3580/11351 3606/11352
f 3558/11353 3580/11354 3601/11355
f 3580/11356 3581/11357 3606/11358
f 3608/11359 3607/11360 3583/11361
f 3606/11362 3584/11363 3607/11364
f 3606/11365 3581/11366 3584/11367
f 3584/11368 3583/11369 3607/11370
f 3583/11371 3578/11372 3609/11373
f 3609/11374 3608/11375 3583/11376
f 3609/11377 3578/11378 3602/11379
f 3574/11380 3585/11381 3610/11382
f 3585/11383 3586/11384 3610/11385
f 3611/11386 3586/11387 3566/11388
f 3564/11389 3582/11390 3603/11391
f 3603/11392 3612/11393 3564/11394
f 3587/11395 3611/11396 3566/11397
f 3587/11398 3588/11399 3612/11400
f 3588/11401 3564/11402 3612/11403
f 3605/11404 3590/11405 3614/11406
f 3590/11407 3591/11408 3614/11409
f 3577/11410 3590/11411 3605/11412
f 3614/11413 3592/11414 3613/11415
f 3591/11416 3592/11417 3614/11418
f 3592/11419 3589/11420 3613/11421
f 3589/11422 3593/11423 3615/11424
f 3615/11425 3613/11426 3589/11427
f 3593/11428 3594/11429 3595/11430
f 3595/11431 3615/11432 3593/11433
f 3595/11434 3572/11435 3616/11436
f 3616/11437 3572/11438 3596/11439
f 3597/11440 3617/11441 3573/11442
f 3597/11443 3598/11444 3619/11445
f 3622/11446 3600/11447 3599/11448
f 3619/11449 3598/11450 3600/11451
f 3599/11452 3601/11453 3622/11454
f 3620/11455 3622/11456 3601/11457
f 3604/11458 3625/11459 3602/11460
f 3604/11461 3605/11462 3626/11463
f 3627/11464 3601/11465 3606/11466
f 3627/11467 3620/11468 3601/11469
f 3628/11470 3627/11471 3606/11472
f 3607/11473 3608/11474 3629/11475
f 3606/11476 3607/11477 3628/11478
f 3608/11479 3609/11480 3629/11481
f 3609/11482 3602/11483 3625/11484
f 3630/11485 3574/11486 3610/11487
f 3630/11488 3618/11489 3574/11490
f 3610/11491 3586/11492 3630/11493
f 3611/11494 3630/11495 3586/11496
f 3633/11497 3612/11498 3632/11499
f 3612/11500 3603/11501 3624/11502
f 3624/11503 3632/11504 3612/11505
f 3631/11506 3587/11507 3634/11508
f 3611/11509 3587/11510 3631/11511
f 3634/11512 3612/11513 3633/11514
f 3587/11515 3612/11516 3634/11517
f 3605/11518 3614/11519 3626/11520
f 3626/11521 3614/11522 3636/11523
f 3613/11524 3636/11525 3614/11526
f 3613/11527 3615/11528 3635/11529
f 3615/11530 3595/11531 3637/11532
f 3616/11533 3637/11534 3595/11535
f 3616/11536 3596/11537 3618/11538
f 3617/11539 3508/11540 3555/11541
f 3617/11542 3453/11543 3508/11544
f 3453/11545 3442/11546 3508/11547
f 3638/11548 3597/11549 3619/11550
f 3617/11551 3597/11552 3638/11553
f 3641/11554 3600/11555 3645/11556
f 3645/11557 3622/11558 3646/11559
f 3600/11560 3622/11561 3645/11562
f 3619/11563 3600/11564 3641/11565
f 3646/11566 3622/11567 3647/11568
f 3622/11569 3620/11570 3643/11571
f 3643/11572 3647/11573 3622/11574
f 3648/11575 3604/11576 3650/11577
f 3625/11578 3604/11579 3648/11580
f 3604/11581 3626/11582 3649/11583
f 3649/11584 3650/11585 3604/11586
f 3627/11587 3643/11588 3620/11589
f 3627/11590 3628/11591 3652/11592
f 3628/11593 3607/11594 3652/11595
f 3652/11596 3629/11597 3653/11598
f 3607/11599 3629/11600 3652/11601
f 3629/11602 3609/11603 3653/11604
f 3625/11605 3653/11606 3609/11607
f 3644/11608 3618/11609 3654/11610
f 3654/11611 3630/11612 3655/11613
f 3618/11614 3630/11615 3654/11616
f 3611/11617 3631/11618 3656/11619
f 3656/11620 3655/11621 3630/11622
f 3630/11623 3611/11624 3656/11625
f 3657/11626 3633/11627 3632/11628
f 3624/11629 3657/11630 3632/11631
f 3631/11632 3634/11633 3658/11634
f 3658/11635 3634/11636 3633/11637
f 3640/11638 3659/11639 3635/11640
f 3659/11641 3613/11642 3635/11643
f 3660/11644 3649/11645 3626/11646
f 3660/11647 3636/11648 3661/11649
f 3626/11650 3636/11651 3660/11652
f 3661/11653 3636/11654 3659/11655
f 3636/11656 3613/11657 3659/11658
f 3637/11659 3639/11660 3663/11661
f 3664/11662 3640/11663 3663/11664
f 3640/11665 3637/11666 3663/11667
f 3639/11668 3642/11669 3665/11670
f 3644/11671 3665/11672 3642/11673
f 3651/11674 3621/11675 3670/11676
f 3684/11677 3686/11678 3711/11679
f 3710/11680 3711/11681 3686/11682
f 3713/11683 3687/11684 3712/11685
f 3687/11686 3667/11687 3712/11688
f 3710/11689 3690/11690 3716/11691
f 3686/11692 3690/11693 3710/11694
f 3690/11695 3668/11696 3716/11697
f 3668/11698 3687/11699 3713/11700
f 3713/11701 3716/11702 3668/11703
f 3693/11704 3691/11705 3717/11706
f 3694/11707 3717/11708 3691/11709
f 3704/11710 3695/11711 3672/11712
f 3704/11713 3694/11714 3695/11715
f 3719/11716 3673/11717 3718/11718
f 3667/11719 3696/11720 3719/11721
f 3719/11722 3712/11723 3667/11724
f 3696/11725 3673/11726 3719/11727
f 3673/11728 3676/11729 3720/11730
f 3720/11731 3718/11732 3673/11733
f 3693/11734 3720/11735 3676/11736
f 3709/11737 3698/11738 3721/11739
f 3692/11740 3698/11741 3709/11742
f 3698/11743 3679/11744 3721/11745
f 3721/11746 3699/11747 3722/11748
f 3679/11749 3699/11750 3721/11751
f 3699/11752 3700/11753 3722/11754
f 3723/11755 3702/11756 3701/11757
f 3701/11758 3697/11759 3723/11760
f 3714/11761 3723/11762 3697/11763
f 3722/11764 3700/11765 3702/11766
f 3724/11767 3705/11768 3703/11769
f 3703/11770 3664/11771 3689/11772
f 3689/11773 3724/11774 3703/11775
f 3733/11776 3684/11777 3711/11778
f 3735/11779 3710/11780 3734/11781
f 3711/11782 3710/11783 3735/11784
f 3713/11785 3712/11786 3736/11787
f 3737/11788 3736/11789 3712/11790
f 3710/11791 3716/11792 3738/11793
f 3738/11794 3734/11795 3710/11796
f 3713/11797 3738/11798 3716/11799
f 3740/11800 3739/11801 3717/11802
f 3740/11803 3694/11804 3741/11805
f 3717/11806 3694/11807 3740/11808
f 3741/11809 3704/11810 3742/11811
f 3742/11812 3704/11813 3726/11814
f 3694/11815 3704/11816 3741/11817
f 3719/11818 3718/11819 3743/11820
f 3712/11821 3719/11822 3743/11823
f 3743/11824 3737/11825 3712/11826
f 3743/11827 3720/11828 3739/11829
f 3718/11830 3720/11831 3743/11832
f 3739/11833 3720/11834 3717/11835
f 3720/11836 3693/11837 3717/11838
f 3731/11839 3709/11840 3744/11841
f 3709/11842 3721/11843 3744/11844
f 3745/11845 3744/11846 3721/11847
f 3745/11848 3721/11849 3722/11850
f 3745/11851 3722/11852 3746/11853
f 3746/11854 3702/11855 3747/11856
f 3702/11857 3723/11858 3748/11859
f 3748/11860 3747/11861 3702/11862
f 3749/11863 3714/11864 3732/11865
f 3748/11866 3723/11867 3749/11868
f 3723/11869 3714/11870 3749/11871
f 3722/11872 3702/11873 3746/11874
f 3728/11875 3724/11876 3729/11877
f 3705/11878 3724/11879 3728/11880
f 3724/11881 3689/11882 3729/11883
f 3754/11884 3735/11885 3734/11886
f 3733/11887 3711/11888 3735/11889
f 3756/11890 3755/11891 3736/11892
f 3756/11893 3737/11894 3757/11895
f 3736/11896 3737/11897 3756/11898
f 3734/11899 3738/11900 3754/11901
f 3755/11902 3738/11903 3736/11904
f 3738/11905 3713/11906 3736/11907
f 3739/11908 3740/11909 3758/11910
f 3740/11911 3741/11912 3759/11913
f 3741/11914 3742/11915 3759/11916
f 3742/11917 3726/11918 3750/11919
f 3757/11920 3743/11921 3760/11922
f 3761/11923 3760/11924 3743/11925
f 3757/11926 3737/11927 3743/11928
f 3761/11929 3739/11930 3762/11931
f 3743/11932 3739/11933 3761/11934
f 3758/11935 3762/11936 3739/11937
f 3763/11938 3731/11939 3744/11940
f 3765/11941 3745/11942 3764/11943
f 3763/11944 3744/11945 3765/11946
f 3744/11947 3745/11948 3765/11949
f 3766/11950 3764/11951 3745/11952
f 3745/11953 3746/11954 3767/11955
f 3767/11956 3766/11957 3745/11958
f 3746/11959 3747/11960 3767/11961
f 3767/11962 3748/11963 3768/11964
f 3747/11965 3748/11966 3767/11967
f 3748/11968 3749/11969 3768/11970
f 3732/11971 3768/11972 3749/11973
f 3751/11974 3728/11975 3769/11976
f 3728/11977 3729/11978 3769/11979
f 3752/11980 3769/11981 3729/11982
f 3777/11983 3754/11984 3779/11985
f 3735/11986 3754/11987 3777/11988
f 3733/11989 3735/11990 3777/11991
f 3755/11992 3756/11993 3780/11994
f 3756/11995 3757/11996 3781/11997
f 3754/11998 3738/11999 3779/12000
f 3738/12001 3755/12002 3780/12003
f 3780/12004 3779/12005 3738/12006
f 3762/12007 3758/12008 3782/12009
f 3758/12010 3740/12011 3782/12012
f 3740/12013 3759/12014 3783/12015
f 3783/12016 3782/12017 3740/12018
f 3759/12019 3742/12020 3783/12021
f 3783/12022 3750/12023 3770/12024
f 3742/12025 3750/12026 3783/12027
f 3757/12028 3760/12029 3781/12030
f 3760/12031 3761/12032 3784/12033
f 3761/12034 3762/12035 3784/12036
f 3753/12037 3731/12038 3775/12039
f 3775/12040 3763/12041 3785/12042
f 3731/12043 3763/12044 3775/12045
f 3763/12046 3765/12047 3785/12048
f 3764/12049 3785/12050 3765/12051
f 3787/12052 3766/12053 3786/12054
f 3764/12055 3766/12056 3787/12057
f 3766/12058 3767/12059 3786/12060
f 3788/12061 3786/12062 3767/12063
f 3768/12064 3788/12065 3767/12066
f 3778/12067 3768/12068 3732/12069
f 3778/12070 3789/12071 3768/12072
f 3733/12073 3777/12074 3790/12075
f 3790/12076 3777/12077 3791/12078
f 3777/12079 3779/12080 3792/12081
f 3792/12082 3791/12083 3777/12084
f 3794/12085 3780/12086 3793/12087
f 3780/12088 3756/12089 3793/12090
f 3756/12091 3781/12092 3795/12093
f 3795/12094 3793/12095 3756/12096
f 3792/12097 3779/12098 3794/12099
f 3779/12100 3780/12101 3794/12102
f 3798/12103 3762/12104 3782/12105
f 3798/12106 3797/12107 3762/12108
f 3798/12109 3782/12110 3801/12111
f 3799/12112 3782/12113 3783/12114
f 3799/12115 3801/12116 3782/12117
f 3802/12118 3799/12119 3783/12120
f 3783/12121 3770/12122 3796/12123
f 3796/12124 3802/12125 3783/12126
f 3781/12127 3760/12128 3795/12129
f 3795/12130 3784/12131 3804/12132
f 3760/12133 3784/12134 3795/12135
f 3804/12136 3784/12137 3797/12138
f 3784/12139 3762/12140 3797/12141
f 3807/12142 3775/12143 3806/12144
f 3775/12145 3785/12146 3806/12147
f 3810/12148 3764/12149 3787/12150
f 3806/12151 3785/12152 3810/12153
f 3785/12154 3764/12155 3810/12156
f 3787/12157 3786/12158 3811/12159
f 3809/12160 3811/12161 3786/12162
f 3809/12163 3788/12164 3812/12165
f 3786/12166 3788/12167 3809/12168
f 3788/12169 3768/12170 3813/12171
f 3813/12172 3812/12173 3788/12174
f 3813/12175 3789/12176 3808/12177
f 3789/12178 3778/12179 3808/12180
f 3768/12181 3789/12182 3813/12183
f 3617/12184 3684/12185 3790/12186
f 3790/12187 3684/12188 3733/12189
f 3790/12190 3453/12191 3617/12192
f 3817/12193 3790/12194 3791/12195
f 3817/12196 3792/12197 3819/12198
f 3791/12199 3792/12200 3817/12201
f 3822/12202 3821/12203 3793/12204
f 3821/12205 3794/12206 3793/12207
f 3824/12208 3795/12209 3823/12210
f 3822/12211 3793/12212 3824/12213
f 3824/12214 3793/12215 3795/12216
f 3819/12217 3792/12218 3821/12219
f 3792/12220 3794/12221 3821/12222
f 3797/12223 3798/12224 3827/12225
f 3798/12226 3801/12227 3828/12228
f 3799/12229 3828/12230 3801/12231
f 3799/12232 3802/12233 3818/12234
f 3802/12235 3796/12236 3818/12237
f 3829/12238 3823/12239 3795/12240
f 3804/12241 3829/12242 3795/12243
f 3804/12244 3797/12245 3827/12246
f 3830/12247 3807/12248 3806/12249
f 3831/12250 3830/12251 3806/12252
f 3832/12253 3809/12254 3812/12255
f 3834/12256 3810/12257 3833/12258
f 3810/12259 3787/12260 3833/12261
f 3806/12262 3810/12263 3834/12264
f 3834/12265 3831/12266 3806/12267
f 3787/12268 3811/12269 3832/12270
f 3832/12271 3833/12272 3787/12273
f 3811/12274 3809/12275 3832/12276
f 3812/12277 3813/12278 3836/12279
f 3836/12280 3835/12281 3812/12282
f 3813/12283 3808/12284 3836/12285
f 3836/12286 3808/12287 3825/12288
f 3838/12289 3790/12290 3817/12291
f 3817/12292 3819/12293 3842/12294
f 3822/12295 3844/12296 3821/12297
f 3822/12298 3824/12299 3845/12300
f 3823/12301 3845/12302 3824/12303
f 3819/12304 3821/12305 3844/12306
f 3847/12307 3827/12308 3846/12309
f 3827/12310 3798/12311 3846/12312
f 3849/12313 3799/12314 3848/12315
f 3798/12316 3828/12317 3849/12318
f 3849/12319 3846/12320 3798/12321
f 3828/12322 3799/12323 3849/12324
f 3848/12325 3818/12326 3850/12327
f 3799/12328 3818/12329 3848/12330
f 3850/12331 3818/12332 3815/12333
f 3823/12334 3829/12335 3847/12336
f 3829/12337 3804/12338 3847/12339
f 3804/12340 3827/12341 3847/12342
f 3807/12343 3830/12344 3851/12345
f 3851/12346 3843/12347 3807/12348
f 3830/12349 3831/12350 3834/12351
f 3834/12352 3851/12353 3830/12354
f 3852/12355 3832/12356 3812/12357
f 3834/12358 3833/12359 3853/12360
f 3853/12361 3833/12362 3854/12363
f 3854/12364 3833/12365 3832/12366
f 3812/12367 3835/12368 3852/12369
f 3855/12370 3835/12371 3836/12372
f 3856/12373 3855/12374 3836/12375
f 3836/12376 3825/12377 3826/12378
f 3826/12379 3856/12380 3836/12381
f 3838/12382 3842/12383 3861/12384
f 3817/12385 3842/12386 3838/12387
f 3842/12388 3819/12389 3861/12390
f 3861/12391 3844/12392 3862/12393
f 3862/12394 3822/12395 3845/12396
f 3844/12397 3822/12398 3862/12399
f 3865/12400 3823/12401 3864/12402
f 3845/12403 3823/12404 3865/12405
f 3819/12406 3844/12407 3861/12408
f 3867/12409 3866/12410 3846/12411
f 3866/12412 3847/12413 3846/12414
f 3868/12415 3867/12416 3846/12417
f 3870/12418 3849/12419 3869/12420
f 3869/12421 3849/12422 3848/12423
f 3870/12424 3846/12425 3849/12426
f 3870/12427 3868/12428 3846/12429
f 3869/12430 3850/12431 3857/12432
f 3848/12433 3850/12434 3869/12435
f 3850/12436 3815/12437 3857/12438
f 3823/12439 3847/12440 3871/12441
f 3871/12442 3864/12443 3823/12444
f 3871/12445 3847/12446 3866/12447
f 3843/12448 3851/12449 3872/12450
f 3851/12451 3834/12452 3873/12453
f 3874/12454 3852/12455 3875/12456
f 3832/12457 3852/12458 3874/12459
f 3873/12460 3834/12461 3853/12462
f 3853/12463 3854/12464 3876/12465
f 3854/12466 3832/12467 3874/12468
f 3874/12469 3876/12470 3854/12471
f 3852/12472 3835/12473 3875/12474
f 3855/12475 3875/12476 3835/12477
f 3877/12478 3856/12479 3878/12480
f 3855/12481 3856/12482 3877/12483
f 3878/12484 3826/12485 3863/12486
f 3856/12487 3826/12488 3878/12489
f 3838/12490 3861/12491 3886/12492
f 3886/12493 3885/12494 3838/12495
f 3886/12496 3861/12497 3879/12498
f 3879/12499 3861/12500 3862/12501
f 3862/12502 3845/12503 3887/12504
f 3888/12505 3865/12506 3864/12507
f 3865/12508 3887/12509 3845/12510
f 3867/12511 3889/12512 3866/12513
f 3867/12514 3868/12515 3870/12516
f 3870/12517 3869/12518 3890/12519
f 3869/12520 3857/12521 3890/12522
f 3864/12523 3871/12524 3888/12525
f 3871/12526 3866/12527 3889/12528
f 3891/12529 3883/12530 3872/12531
f 3883/12532 3843/12533 3872/12534
f 3872/12535 3851/12536 3891/12537
f 3873/12538 3891/12539 3851/12540
f 3894/12541 3874/12542 3893/12543
f 3874/12544 3875/12545 3895/12546
f 3895/12547 3893/12548 3874/12549
f 3892/12550 3853/12551 3876/12552
f 3873/12553 3853/12554 3892/12555
f 3876/12556 3874/12557 3894/12558
f 3855/12559 3877/12560 3896/12561
f 3896/12562 3895/12563 3875/12564
f 3875/12565 3855/12566 3896/12567
f 3877/12568 3878/12569 3897/12570
f 3897/12571 3878/12572 3863/12573
f 3898/12574 3790/12575 3838/12576
f 3902/12577 3879/12578 3900/12579
f 3838/12580 3885/12581 3898/12582
f 3885/12583 3886/12584 3898/12585
f 3886/12586 3879/12587 3902/12588
f 3879/12589 3862/12590 3900/12591
f 3900/12592 3887/12593 3906/12594
f 3862/12595 3887/12596 3900/12597
f 3906/12598 3888/12599 3907/12600
f 3865/12601 3888/12602 3906/12603
f 3887/12604 3865/12605 3906/12606
f 3908/12607 3867/12608 3909/12609
f 3889/12610 3867/12611 3908/12612
f 3867/12613 3870/12614 3910/12615
f 3910/12616 3909/12617 3867/12618
f 3904/12619 3911/12620 3881/12621
f 3911/12622 3857/12623 3881/12624
f 3910/12625 3870/12626 3912/12627
f 3912/12628 3890/12629 3913/12630
f 3870/12631 3890/12632 3912/12633
f 3913/12634 3890/12635 3911/12636
f 3890/12637 3857/12638 3911/12639
f 3907/12640 3871/12641 3889/12642
f 3888/12643 3871/12644 3907/12645
f 3905/12646 3883/12647 3914/12648
f 3914/12649 3891/12650 3915/12651
f 3883/12652 3891/12653 3914/12654
f 3873/12655 3892/12656 3916/12657
f 3915/12658 3891/12659 3916/12660
f 3891/12661 3873/12662 3916/12663
f 3917/12664 3894/12665 3893/12666
f 3895/12667 3917/12668 3893/12669
f 3892/12670 3876/12671 3918/12672
f 3918/12673 3876/12674 3894/12675
f 3919/12676 3896/12677 3899/12678
f 3899/12679 3896/12680 3877/12681
f 3919/12682 3895/12683 3896/12684
f 3941/12685 3925/12686 3959/12687
f 3926/12688 3941/12689 3959/12690
f 3959/12691 3944/12692 3926/12693
f 3962/12694 3928/12695 3961/12696
f 3925/12697 3947/12698 3962/12699
f 3962/12700 3959/12701 3925/12702
f 3947/12703 3928/12704 3962/12705
f 3928/12706 3949/12707 3963/12708
f 3963/12709 3961/12710 3928/12711
f 3963/12712 3949/12713 3964/12714
f 3964/12715 3950/12716 3965/12717
f 3966/12718 3965/12719 3950/12720
f 3951/12721 3932/12722 3967/12723
f 3950/12724 3951/12725 3967/12726
f 3967/12727 3966/12728 3950/12729
f 3969/12730 3968/12731 3952/12732
f 3969/12733 3922/12734 3970/12735
f 3952/12736 3922/12737 3969/12738
f 3967/12739 3953/12740 3968/12741
f 3932/12742 3953/12743 3967/12744
f 3968/12745 3953/12746 3952/12747
f 3953/12748 3934/12749 3952/12750
f 3949/12751 3950/12752 3964/12753
f 3948/12754 3954/12755 3971/12756
f 3954/12757 3937/12758 3972/12759
f 3937/12760 3955/12761 3972/12762
f 3955/12763 3956/12764 3973/12765
f 3975/12766 3945/12767 3974/12768
f 3945/12769 3924/12770 3974/12771
f 3976/12772 3958/12773 3957/12774
f 3957/12775 3939/12776 3976/12777
f 3960/12778 3976/12779 3942/12780
f 3976/12781 3939/12782 3942/12783
f 3973/12784 3956/12785 3958/12786
f 3884/12787 3725/12788 3498/12789
f 3944/12790 3790/12791 3898/12792
f 4017/12793 4001/12794 4015/12795
f 4002/12796 3984/12797 4019/12798
f 4019/12799 3984/12800 4020/12801
f 3984/12802 4003/12803 4021/12804
f 4021/12805 4020/12806 3984/12807
f 4022/12808 4004/12809 4017/12810
f 4003/12811 4004/12812 4022/12813
f 4022/12814 4021/12815 4003/12816
f 4004/12817 3980/12818 4017/12819
f 3980/12820 4001/12821 4017/12822
f 4001/12823 3992/12824 4015/12825
f 4015/12826 4005/12827 4023/12828
f 3992/12829 4005/12830 4015/12831
f 3994/12832 4012/12833 4023/12834
f 4005/12835 3994/12836 4023/12837
f 3997/12838 4013/12839 4024/12840
f 4012/12841 3997/12842 4024/12843
f 4014/12844 3999/12845 4007/12846
f 4007/12847 3999/12848 3987/12849
f 4007/12850 3983/12851 4006/12852
f 4006/12853 4025/12854 4007/12855
f 4016/12856 4006/12857 3981/12858
f 4016/12859 4026/12860 4006/12861
f 4029/12862 4017/12863 4015/12864
f 4029/12865 4027/12866 4017/12867
f 4031/12868 4030/12869 4019/12870
f 4019/12871 4020/12872 4031/12873
f 4020/12874 4021/12875 4032/12876
f 4032/12877 4031/12878 4020/12879
f 4002/12880 4019/12881 4030/12882
f 4032/12883 4022/12884 4033/12885
f 4022/12886 4017/12887 4034/12888
f 4034/12889 4033/12890 4022/12891
f 4021/12892 4022/12893 4032/12894
f 4034/12895 4017/12896 4027/12897
f 4010/12898 4011/12899 4014/12900
f 4025/12901 4006/12902 4035/12903
f 4026/12904 4016/12905 4028/12906
f 4006/12907 4026/12908 4035/12909
f 4030/12910 3944/12911 4002/12912
f 4029/12913 4036/12914 4027/12915
f 4037/12916 4030/12917 4031/12918
f 4032/12919 4037/12920 4031/12921
f 4038/12922 4032/12923 4033/12924
f 4033/12925 4034/12926 4038/12927
f 4034/12928 4027/12929 4036/12930
f 4029/12931 4015/12932 4039/12933
f 4015/12934 4023/12935 4039/12936
f 4035/12937 4026/12938 4041/12939
f 4041/12940 4028/12941 4040/12942
f 4026/12943 4028/12944 4041/12945
f 4028/12946 4018/12947 4040/12948
f 4042/12949 4029/12950 4039/12951
f 4036/12952 4029/12953 4042/12954
f 4043/12955 4037/12956 4044/12957
f 4030/12958 4037/12959 4043/12960
f 4037/12961 4032/12962 4044/12963
f 4044/12964 4038/12965 4045/12966
f 4032/12967 4038/12968 4044/12969
f 4038/12970 4034/12971 4045/12972
f 4036/12973 4045/12974 4034/12975
f 4047/12976 4023/12977 4048/12978
f 4039/12979 4023/12980 4047/12981
f 4048/12982 4023/12983 4046/12984
f 4049/12985 4035/12986 4041/12987
f 4040/12988 4050/12989 4041/12990
f 4051/12991 4046/12992 4024/12993
f 4051/12994 4013/12995 4052/12996
f 4013/12997 4009/12998 4052/12999
f 4051/13000 4024/13001 4013/13002
f 4012/13003 4024/13004 4046/13005
f 4046/13006 4023/13007 4012/13008
f 4054/13009 4053/13010 4014/13011
f 4053/13012 4010/13013 4014/13014
f 4049/13015 4025/13016 4035/13017
f 4049/13018 4007/13019 4025/13020
f 4049/13021 4054/13022 4007/13023
f 4054/13024 4014/13025 4007/13026
f 4042/13027 4055/13028 4036/13029
f 4042/13030 4039/13031 4056/13032
f 4057/13033 4030/13034 4043/13035
f 4057/13036 4043/13037 4058/13038
f 4060/13039 4044/13040 4059/13041
f 4043/13042 4044/13043 4060/13044
f 4060/13045 4058/13046 4043/13047
f 4044/13048 4045/13049 4061/13050
f 4061/13051 4059/13052 4044/13053
f 4061/13054 4045/13055 4055/13056
f 4045/13057 4036/13058 4055/13059
f 4047/13060 4056/13061 4039/13062
f 4046/13063 4062/13064 4048/13065
f 4053/13066 4054/13067 4063/13068
f 4049/13069 4041/13070 4066/13071
f 4065/13072 4066/13073 4041/13074
f 4041/13075 4050/13076 4064/13077
f 4064/13078 4065/13079 4041/13080
f 4050/13081 4040/13082 4064/13083
f 4068/13084 4055/13085 4067/13086
f 4055/13087 4042/13088 4067/13089
f 4067/13090 4056/13091 4069/13092
f 4042/13093 4056/13094 4067/13095
f 4057/13096 4058/13097 4070/13098
f 4061/13099 4060/13100 4059/13101
f 4070/13102 4058/13103 4060/13104
f 4061/13105 4055/13106 4068/13107
f 4047/13108 4048/13109 4062/13110
f 4062/13111 4069/13112 4047/13113
f 4056/13114 4047/13115 4069/13116
f 4054/13117 4049/13118 4071/13119
f 4065/13120 4064/13121 4072/13122
f 4057/13123 4074/13124 4030/13125
f 4074/13126 3944/13127 4030/13128
f 4068/13129 4067/13130 4075/13131
f 4076/13132 4075/13133 4067/13134
f 4067/13135 4069/13136 4077/13137
f 4077/13138 4076/13139 4067/13140
f 4074/13141 4057/13142 4070/13143
f 4078/13144 4060/13145 4079/13146
f 4060/13147 4061/13148 4080/13149
f 4080/13150 4079/13151 4060/13152
f 4070/13153 4060/13154 4078/13155
f 4080/13156 4061/13157 4068/13158
f 4082/13159 4062/13160 4081/13161
f 4069/13162 4062/13163 4082/13164
f 4082/13165 4077/13166 4069/13167
f 4062/13168 4046/13169 4081/13170
f 4046/13171 4051/13172 4083/13173
f 4073/13174 4053/13175 4084/13176
f 4053/13177 4063/13178 4084/13179
f 4071/13180 4049/13181 4086/13182
f 4087/13183 4086/13184 4049/13185
f 4063/13186 4054/13187 4088/13188
f 4071/13189 4088/13190 4054/13191
f 4068/13192 4075/13193 4090/13194
f 4075/13195 4076/13196 4077/13197
f 4070/13198 4078/13199 4074/13200
f 4078/13201 4079/13202 4093/13203
f 4079/13204 4080/13205 4093/13206
f 4080/13207 4068/13208 4090/13209
f 4094/13210 4046/13211 4083/13212
f 4081/13213 4046/13214 4094/13215
f 4095/13216 4077/13217 4082/13218
f 4082/13219 4081/13220 4095/13221
f 4094/13222 4095/13223 4081/13224
f 4097/13225 4051/13226 4096/13227
f 4083/13228 4051/13229 4097/13230
f 4096/13231 4052/13232 4098/13233
f 4051/13234 4052/13235 4096/13236
f 4092/13237 4098/13238 4052/13239
f 4092/13240 4073/13241 4099/13242
f 4099/13243 4073/13244 4100/13245
f 4101/13246 4084/13247 4063/13248
f 4100/13249 4073/13250 4084/13251
f 4086/13252 4102/13253 4071/13254
f 4086/13255 4087/13256 4089/13257
f 4063/13258 4088/13259 4101/13260
f 4102/13261 4088/13262 4071/13263
f 4103/13264 4099/13265 4120/13266
f 4123/13267 4104/13268 4122/13269
f 4104/13270 4107/13271 4122/13272
f 4109/13273 4108/13274 4124/13275
f 4107/13276 4109/13277 4124/13278
f 4124/13279 4122/13280 4107/13281
f 4125/13282 4111/13283 4126/13284
f 4110/13285 4111/13286 4125/13287
f 4126/13288 4111/13289 4123/13290
f 4111/13291 4104/13292 4123/13293
f 4113/13294 4112/13295 4127/13296
f 4127/13297 4112/13298 4128/13299
f 4108/13300 4114/13301 4124/13302
f 4114/13303 4113/13304 4127/13305
f 4129/13306 4128/13307 4115/13308
f 4128/13309 4112/13310 4115/13311
f 4129/13312 4098/13313 4103/13314
f 4115/13315 4098/13316 4129/13317
f 4120/13318 4099/13319 4130/13320
f 4099/13321 4116/13322 4131/13323
f 4131/13324 4130/13325 4099/13326
f 4116/13327 4117/13328 4132/13329
f 4132/13330 4131/13331 4116/13332
f 4102/13333 4118/13334 4133/13335
f 4118/13336 4119/13337 4134/13338
f 4134/13339 4119/13340 4106/13341
f 4117/13342 4102/13343 4133/13344
f 4123/13345 4122/13346 4136/13347
f 4136/13348 4122/13349 4137/13350
f 4138/13351 4137/13352 4124/13353
f 4137/13354 4122/13355 4124/13356
f 4139/13357 4125/13358 4126/13359
f 4110/13360 4125/13361 4139/13362
f 4126/13363 4123/13364 4136/13365
f 4141/13366 4140/13367 4127/13368
f 4127/13369 4128/13370 4142/13371
f 4142/13372 4141/13373 4127/13374
f 4138/13375 4114/13376 4143/13377
f 4124/13378 4114/13379 4138/13380
f 4140/13381 4114/13382 4127/13383
f 4140/13384 4143/13385 4114/13386
f 4144/13387 4129/13388 4135/13389
f 4128/13390 4129/13391 4144/13392
f 4144/13393 4142/13394 4128/13395
f 4129/13396 4103/13397 4135/13398
f 4103/13399 4120/13400 4135/13401
f 4120/13402 4130/13403 4145/13404
f 4131/13405 4145/13406 4130/13407
f 4131/13408 4132/13409 4146/13410
f 4132/13411 4117/13412 4146/13413
f 4147/13414 4133/13415 4118/13416
f 4149/13417 4106/13418 4148/13419
f 4147/13420 4134/13421 4149/13422
f 4118/13423 4134/13424 4147/13425
f 4134/13426 4106/13427 4149/13428
f 4147/13429 4146/13430 4133/13431
f 4146/13432 4117/13433 4133/13434
f 4148/13435 4121/13436 4150/13437
f 4106/13438 4121/13439 4148/13440
f 4151/13441 4135/13442 4120/13443
f 4153/13444 4152/13445 4136/13446
f 4136/13447 4137/13448 4154/13449
f 4154/13450 4153/13451 4136/13452
f 4154/13453 4138/13454 4155/13455
f 4137/13456 4138/13457 4154/13458
f 4156/13459 4139/13460 4126/13461
f 4156/13462 4126/13463 4157/13464
f 4152/13465 4126/13466 4136/13467
f 4152/13468 4157/13469 4126/13470
f 4140/13471 4141/13472 4158/13473
f 4142/13474 4158/13475 4141/13476
f 4138/13477 4143/13478 4155/13479
f 4140/13480 4155/13481 4143/13482
f 4160/13483 4144/13484 4159/13485
f 4144/13486 4135/13487 4159/13488
f 4142/13489 4144/13490 4160/13491
f 4159/13492 4135/13493 4151/13494
f 4151/13495 4145/13496 4162/13497
f 4120/13498 4145/13499 4151/13500
f 4162/13501 4145/13502 4161/13503
f 4145/13504 4131/13505 4161/13506
f 4163/13507 4161/13508 4146/13509
f 4161/13510 4131/13511 4146/13512
f 4163/13513 4146/13514 4164/13515
f 4164/13516 4147/13517 4165/13518
f 4166/13519 4165/13520 4147/13521
f 4149/13522 4148/13523 4167/13524
f 4149/13525 4166/13526 4147/13527
f 4146/13528 4147/13529 4164/13530
f 4150/13531 4167/13532 4148/13533
f 4074/13534 4110/13535 4139/13536
f 4169/13537 4151/13538 4168/13539
f 4170/13540 4168/13541 4151/13542
f 4152/13543 4153/13544 4171/13545
f 4153/13546 4154/13547 4171/13548
f 4173/13549 4154/13550 4172/13551
f 4154/13552 4155/13553 4172/13554
f 4173/13555 4171/13556 4154/13557
f 4139/13558 4156/13559 4175/13560
f 4175/13561 4174/13562 4139/13563
f 4156/13564 4157/13565 4175/13566
f 4152/13567 4175/13568 4157/13569
f 4140/13570 4158/13571 4176/13572
f 4177/13573 4158/13574 4160/13575
f 4158/13576 4142/13577 4160/13578
f 4176/13579 4172/13580 4155/13581
f 4155/13582 4140/13583 4176/13584
f 4178/13585 4160/13586 4159/13587
f 4178/13588 4159/13589 4169/13590
f 4159/13591 4151/13592 4169/13593
f 4162/13594 4161/13595 4179/13596
f 4151/13597 4162/13598 4179/13599
f 4179/13600 4170/13601 4151/13602
f 4161/13603 4163/13604 4179/13605
f 4163/13606 4164/13607 4180/13608
f 4165/13609 4166/13610 4181/13611
f 4182/13612 4181/13613 4167/13614
f 4166/13615 4149/13616 4181/13617
f 4149/13618 4167/13619 4181/13620
f 4165/13621 4180/13622 4164/13623
f 4167/13624 4150/13625 4182/13626
f 4168/13627 4170/13628 4183/13629
f 4185/13630 4152/13631 4184/13632
f 4152/13633 4171/13634 4186/13635
f 4186/13636 4184/13637 4152/13638
f 4186/13639 4171/13640 4173/13641
f 4187/13642 4173/13643 4172/13644
f 4187/13645 4172/13646 4188/13647
f 4174/13648 4175/13649 4185/13650
f 4175/13651 4152/13652 4185/13653
f 4190/13654 4176/13655 4189/13656
f 4189/13657 4176/13658 4158/13659
f 4189/13660 4177/13661 4191/13662
f 4158/13663 4177/13664 4189/13665
f 4177/13666 4160/13667 4191/13668
f 4190/13669 4172/13670 4176/13671
f 4190/13672 4188/13673 4172/13674
f 4160/13675 4178/13676 4191/13677
f 4178/13678 4169/13679 4168/13680
f 4183/13681 4179/13682 4193/13683
f 4170/13684 4179/13685 4183/13686
f 4193/13687 4163/13688 4180/13689
f 4179/13690 4163/13691 4193/13692
f 4194/13693 4180/13694 4165/13695
f 4194/13696 4192/13697 4180/13698
f 4165/13699 4181/13700 4195/13701
f 4195/13702 4194/13703 4165/13704
f 4182/13705 4196/13706 4181/13707
f 4196/13708 4195/13709 4181/13710
f 4040/13711 3974/13712 4072/13713
f 4174/13714 4074/13715 4139/13716
f 4197/13717 4211/13718 4224/13719
f 4225/13720 4224/13721 4211/13722
f 4211/13723 4199/13724 4223/13725
f 4223/13726 4225/13727 4211/13728
f 4227/13729 4212/13730 4226/13731
f 4226/13732 4213/13733 4228/13734
f 4212/13735 4213/13736 4226/13737
f 4230/13738 4201/13739 4214/13740
f 4230/13741 4228/13742 4201/13743
f 4213/13744 4201/13745 4228/13746
f 4214/13747 4215/13748 4230/13749
f 4216/13750 4230/13751 4215/13752
f 4217/13753 4212/13754 4227/13755
f 4229/13756 4216/13757 4218/13758
f 4219/13759 4229/13760 4218/13761
f 4232/13762 4220/13763 4231/13764
f 4220/13765 4221/13766 4231/13767
f 4219/13768 4220/13769 4232/13770
f 4224/13771 4231/13772 4221/13773
f 4221/13774 4197/13775 4224/13776
f 4234/13777 4233/13778 4222/13779
f 4223/13780 4208/13781 4235/13782
f 4235/13783 4208/13784 4236/13785
f 4233/13786 4208/13787 4222/13788
f 4233/13789 4236/13790 4208/13791
f 4222/13792 4209/13793 4234/13794
f 4209/13795 4195/13796 4234/13797
f 4238/13798 4237/13799 4224/13800
f 4238/13801 4225/13802 4239/13803
f 4224/13804 4225/13805 4238/13806
f 4239/13807 4225/13808 4223/13809
f 4241/13810 4227/13811 4226/13812
f 4241/13813 4240/13814 4227/13815
f 4226/13816 4228/13817 4241/13818
f 4216/13819 4229/13820 4242/13821
f 4228/13822 4230/13823 4243/13824
f 4243/13825 4241/13826 4228/13827
f 4243/13828 4230/13829 4242/13830
f 4230/13831 4216/13832 4242/13833
f 4244/13834 4217/13835 4227/13836
f 4245/13837 4219/13838 4232/13839
f 4229/13840 4219/13841 4245/13842
f 4232/13843 4231/13844 4246/13845
f 4246/13846 4231/13847 4247/13848
f 4237/13849 4247/13850 4224/13851
f 4247/13852 4231/13853 4224/13854
f 4233/13855 4234/13856 4248/13857
f 4235/13858 4239/13859 4223/13860
f 4235/13861 4236/13862 4249/13863
f 4233/13864 4249/13865 4236/13866
f 4234/13867 4195/13868 4210/13869
f 4150/13870 4072/13871 4121/13872
f 4237/13873 4238/13874 4250/13875
f 4238/13876 4239/13877 4250/13878
f 4227/13879 4240/13880 4244/13881
f 4240/13882 4241/13883 4252/13884
f 4252/13885 4241/13886 4253/13887
f 4242/13888 4229/13889 4254/13890
f 4253/13891 4243/13892 4255/13893
f 4255/13894 4243/13895 4256/13896
f 4241/13897 4243/13898 4253/13899
f 4243/13900 4242/13901 4254/13902
f 4254/13903 4256/13904 4243/13905
f 4254/13906 4245/13907 4257/13908
f 4229/13909 4245/13910 4254/13911
f 4245/13912 4232/13913 4257/13914
f 4257/13915 4232/13916 4246/13917
f 4246/13918 4247/13919 4237/13920
f 4258/13921 4233/13922 4248/13923
f 4251/13924 4235/13925 4249/13926
f 4239/13927 4235/13928 4251/13929
f 4249/13930 4233/13931 4258/13932
f 4260/13933 4237/13934 4259/13935
f 4259/13936 4250/13937 4261/13938
f 4237/13939 4250/13940 4259/13941
f 4239/13942 4251/13943 4262/13944
f 4261/13945 4250/13946 4262/13947
f 4250/13948 4239/13949 4262/13950
f 4244/13951 4240/13952 4263/13953
f 4240/13954 4252/13955 4263/13956
f 4252/13957 4253/13958 4255/13959
f 4265/13960 4264/13961 4254/13962
f 4255/13963 4256/13964 4264/13965
f 4256/13966 4254/13967 4264/13968
f 4254/13969 4257/13970 4265/13971
f 4266/13972 4265/13973 4257/13974
f 4266/13975 4246/13976 4267/13977
f 4257/13978 4246/13979 4266/13980
f 4267/13981 4237/13982 4260/13983
f 4246/13984 4237/13985 4267/13986
f 4268/13987 4258/13988 4248/13989
f 4269/13990 4268/13991 4248/13992
f 4251/13993 4249/13994 4270/13995
f 4270/13996 4249/13997 4258/13998
f 4260/13999 4259/14000 4271/14001
f 4261/14002 4271/14003 4259/14004
f 4273/14005 4262/14006 4272/14007
f 4272/14008 4262/14009 4251/14010
f 4273/14011 4261/14012 4262/14013
f 4275/14014 4274/14015 4263/14016
f 4277/14017 4255/14018 4276/14019
f 4263/14020 4252/14021 4275/14022
f 4252/14023 4255/14024 4277/14025
f 4277/14026 4275/14027 4252/14028
f 4278/14029 4265/14030 4279/14031
f 4264/14032 4265/14033 4278/14034
f 4276/14035 4264/14036 4280/14037
f 4255/14038 4264/14039 4276/14040
f 4278/14041 4280/14042 4264/14043
f 4274/14044 4244/14045 4263/14046
f 4282/14047 4266/14048 4281/14049
f 4282/14050 4279/14051 4265/14052
f 4265/14053 4266/14054 4282/14055
f 4266/14056 4267/14057 4281/14058
f 4260/14059 4281/14060 4267/14061
f 4258/14062 4268/14063 4284/14064
f 4284/14065 4283/14066 4258/14067
f 4268/14068 4269/14069 4284/14070
f 4272/14071 4270/14072 4283/14073
f 4251/14074 4270/14075 4272/14076
f 4270/14077 4258/14078 4283/14079
f 4286/14080 4285/14081 4271/14082
f 4271/14083 4261/14084 4273/14085
f 4273/14086 4286/14087 4271/14088
f 4273/14089 4272/14090 4287/14091
f 4287/14092 4272/14093 4288/14094
f 4274/14095 4275/14096 4277/14097
f 4277/14098 4276/14099 4289/14100
f 4290/14101 4278/14102 4279/14103
f 4289/14104 4276/14105 4280/14106
f 4280/14107 4278/14108 4290/14109
f 4291/14110 4282/14111 4281/14112
f 4279/14113 4282/14114 4291/14115
f 4291/14116 4281/14117 4285/14118
f 4285/14119 4281/14120 4271/14121
f 4281/14122 4260/14123 4271/14124
f 4283/14125 4284/14126 4292/14127
f 4284/14128 4269/14129 4293/14130
f 4288/14131 4283/14132 4294/14133
f 4272/14134 4283/14135 4288/14136
f 4292/14137 4294/14138 4283/14139
f 4293/14140 4269/14141 4295/14142
f 4295/14143 4269/14144 4210/14145
f 4121/14146 4064/14147 3974/14148
f 4274/14149 4174/14150 4217/14151
f 4285/14152 4286/14153 4296/14154
f 4286/14155 4273/14156 4297/14157
f 4273/14158 4287/14159 4297/14160
f 4287/14161 4288/14162 4298/14163
f 4274/14164 4277/14165 4299/14166
f 4299/14167 4277/14168 4289/14169
f 4300/14170 4290/14171 4279/14172
f 4300/14173 4279/14174 4301/14175
f 4289/14176 4280/14177 4302/14178
f 4302/14179 4280/14180 4290/14181
f 4303/14182 4291/14183 4304/14184
f 4279/14185 4291/14186 4303/14187
f 4303/14188 4301/14189 4279/14190
f 4291/14191 4285/14192 4296/14193
f 4296/14194 4304/14195 4291/14196
f 4305/14197 4294/14198 4292/14199
f 4292/14200 4284/14201 4305/14202
f 4293/14203 4305/14204 4284/14205
f 4298/14206 4288/14207 4294/14208
f 4307/14209 4296/14210 4306/14211
f 4296/14212 4286/14213 4306/14214
f 4308/14215 4306/14216 4297/14217
f 4306/14218 4286/14219 4297/14220
f 4298/14221 4297/14222 4287/14223
f 4298/14224 4308/14225 4297/14226
f 4274/14227 4299/14228 4310/14229
f 4311/14230 4310/14231 4299/14232
f 4313/14233 4312/14234 4289/14235
f 4299/14236 4289/14237 4312/14238
f 4312/14239 4311/14240 4299/14241
f 4302/14242 4300/14243 4314/14244
f 4290/14245 4300/14246 4302/14247
f 4300/14248 4301/14249 4314/14250
f 4289/14251 4302/14252 4313/14253
f 4303/14254 4304/14255 4307/14256
f 4303/14257 4314/14258 4301/14259
f 4304/14260 4296/14261 4307/14262
f 4309/14263 4294/14264 4315/14265
f 4315/14266 4305/14267 4316/14268
f 4294/14269 4305/14270 4315/14271
f 4293/14272 4295/14273 4317/14274
f 4316/14275 4305/14276 4317/14277
f 4305/14278 4293/14279 4317/14280
f 4298/14281 4294/14282 4309/14283
f 4319/14284 4318/14285 4306/14286
f 4318/14287 4307/14288 4306/14289
f 4320/14290 4319/14291 4306/14292
f 4306/14293 4308/14294 4320/14295
f 4308/14296 4298/14297 4321/14298
f 4309/14299 4321/14300 4298/14301
f 4322/14302 4311/14303 4312/14304
f 4310/14305 4311/14306 4322/14307
f 4312/14308 4313/14309 4323/14310
f 4323/14311 4302/14312 4324/14313
f 4302/14314 4314/14315 4324/14316
f 4313/14317 4302/14318 4323/14319
f 4325/14320 4314/14321 4303/14322
f 4325/14323 4307/14324 4326/14325
f 4303/14326 4307/14327 4325/14328
f 4318/14329 4326/14330 4307/14331
f 4309/14332 4315/14333 4327/14334
f 4316/14335 4327/14336 4315/14337
f 4317/14338 4295/14339 4328/14340
f 4316/14341 4317/14342 4328/14343
f 4319/14344 4329/14345 4318/14346
f 4320/14347 4308/14348 4330/14349
f 4319/14350 4320/14351 4330/14352
f 4330/14353 4321/14354 4331/14355
f 4308/14356 4321/14357 4330/14358
f 4321/14359 4309/14360 4331/14361
f 4310/14362 4322/14363 4332/14364
f 4322/14365 4312/14366 4333/14367
f 4333/14368 4312/14369 4334/14370
f 4312/14371 4323/14372 4335/14373
f 4335/14374 4334/14375 4312/14376
f 4337/14377 4336/14378 4324/14379
f 4336/14380 4323/14381 4324/14382
f 4337/14383 4314/14384 4338/14385
f 4324/14386 4314/14387 4337/14388
f 4335/14389 4323/14390 4336/14391
f 4338/14392 4325/14393 4326/14394
f 4314/14395 4325/14396 4338/14397
f 4326/14398 4318/14399 4329/14400
f 4309/14401 4327/14402 4331/14403
f 4329/14404 4319/14405 4340/14406
f 4340/14407 4339/14408 4329/14409
f 4341/14410 4340/14411 4330/14412
f 4319/14413 4330/14414 4340/14415
f 4330/14416 4331/14417 4341/14418
f 4333/14419 4332/14420 4322/14421
f 4342/14422 4333/14423 4334/14424
f 4334/14425 4335/14426 4342/14427
f 4344/14428 4336/14429 4343/14430
f 4336/14431 4337/14432 4343/14433
f 4343/14434 4337/14435 4338/14436
f 4335/14437 4336/14438 4344/14439
f 4338/14440 4326/14441 4345/14442
f 4329/14443 4345/14444 4326/14445
f 4333/14446 4342/14447 4346/14448
f 4332/14449 4333/14450 4346/14451
f 4347/14452 4335/14453 4344/14454
f 4342/14455 4335/14456 4347/14457
f 4344/14458 4343/14459 4348/14460
f 4349/14461 4348/14462 4343/14463
f 4349/14464 4338/14465 4345/14466
f 4349/14467 4343/14468 4338/14469
f 4339/14470 4345/14471 4329/14472
f 4327/14473 4316/14474 4328/14475
f 4353/14476 4346/14477 4342/14478
f 4350/14479 4346/14480 4353/14481
f 4350/14482 4332/14483 4346/14484
f 4353/14485 4347/14486 4352/14487
f 4342/14488 4347/14489 4353/14490
f 4347/14491 4344/14492 4352/14493
f 4352/14494 4344/14495 4348/14496
f 4348/14497 4349/14498 4354/14499
f 4349/14500 4345/14501 4355/14502
f 4355/14503 4354/14504 4349/14505
f 4355/14506 4345/14507 4351/14508
f 4345/14509 4339/14510 4351/14511
f 4356/14512 4339/14513 4357/14514
f 4351/14515 4339/14516 4356/14517
f 4350/14518 4353/14519 4359/14520
f 4353/14521 4352/14522 4359/14523
f 4358/14524 4359/14525 4352/14526
f 4358/14527 4348/14528 4354/14529
f 4352/14530 4348/14531 4358/14532
f 4355/14533 4351/14534 4360/14535
f 4341/14536 4331/14537 4361/14538
f 4357/14539 4340/14540 4341/14541
f 4357/14542 4339/14543 4340/14544
f 4331/14545 4327/14546 4361/14547
f 4327/14548 4328/14549 4361/14550
f 4295/14551 4210/14552 4182/14553
f 4295/14554 4182/14555 4121/14556
f 4350/14557 4310/14558 4332/14559
f 4363/14560 4351/14561 4356/14562
f 4365/14563 4358/14564 4364/14565
f 4362/14566 4359/14567 4366/14568
f 4350/14569 4359/14570 4362/14571
f 4366/14572 4359/14573 4365/14574
f 4359/14575 4358/14576 4365/14577
f 4358/14578 4354/14579 4364/14580
f 4367/14581 4364/14582 4354/14583
f 4355/14584 4360/14585 4367/14586
f 4354/14587 4355/14588 4367/14589
f 4363/14590 4360/14591 4351/14592
f 4350/14593 4362/14594 4368/14595
f 4363/14596 4356/14597 4369/14598
f 4370/14599 4369/14600 4356/14601
f 4356/14602 4357/14603 4372/14604
f 4372/14605 4370/14606 4356/14607
f 4371/14608 4372/14609 4357/14610
f 4373/14611 4365/14612 4364/14613
f 4366/14614 4368/14615 4362/14616
f 4366/14617 4365/14618 4373/14619
f 4374/14620 4360/14621 4363/14622
f 4367/14623 4360/14624 4374/14625
f 4361/14626 4375/14627 4341/14628
f 4375/14629 4371/14630 4357/14631
f 4357/14632 4341/14633 4375/14634
f 4363/14635 4369/14636 4376/14637
f 4369/14638 4370/14639 4377/14640
f 4375/14641 4372/14642 4371/14643
f 4377/14644 4370/14645 4372/14646
f 4379/14647 4375/14648 4361/14649
f 4379/14650 4378/14651 4375/14652
f 4381/14653 4380/14654 4373/14655
f 4368/14656 4366/14657 4382/14658
f 4382/14659 4366/14660 4380/14661
f 4366/14662 4373/14663 4380/14664
f 4381/14665 4364/14666 4383/14667
f 4373/14668 4364/14669 4381/14670
f 4364/14671 4367/14672 4383/14673
f 4367/14674 4374/14675 4383/14676
f 4374/14677 4363/14678 4376/14679
f 4377/14680 4376/14681 4369/14682
f 4377/14683 4384/14684 4376/14685
f 4385/14686 4372/14687 4386/14688
f 4372/14689 4375/14690 4386/14691
f 4377/14692 4372/14693 4385/14694
f 4386/14695 4375/14696 4378/14697
f 4380/14698 4381/14699 4387/14700
f 4382/14701 4380/14702 4388/14703
f 4390/14704 4389/14705 4383/14706
f 4387/14707 4383/14708 4389/14709
f 4387/14710 4381/14711 4383/14712
f 4383/14713 4374/14714 4390/14715
f 4384/14716 4390/14717 4376/14718
f 4390/14719 4374/14720 4376/14721
f 4382/14722 4391/14723 4368/14724
f 4384/14725 4377/14726 4393/14727
f 4385/14728 4393/14729 4377/14730
f 4385/14731 4386/14732 4394/14733
f 4394/14734 4386/14735 4395/14736
f 4378/14737 4379/14738 4396/14739
f 4379/14740 4361/14741 4397/14742
f 4386/14743 4378/14744 4398/14745
f 4398/14746 4395/14747 4386/14748
f 4396/14749 4398/14750 4378/14751
f 4387/14752 4399/14753 4380/14754
f 4389/14755 4390/14756 4400/14757
f 4400/14758 4390/14759 4392/14760
f 4390/14761 4384/14762 4392/14763
f 4392/14764 4384/14765 4401/14766
f 4401/14767 4393/14768 4402/14769
f 4384/14770 4393/14771 4401/14772
f 4393/14773 4385/14774 4402/14775
f 4403/14776 4385/14777 4394/14778
f 4403/14779 4402/14780 4385/14781
f 4403/14782 4395/14783 4398/14784
f 4394/14785 4395/14786 4403/14787
f 4404/14788 4398/14789 4396/14790
f 4396/14791 4379/14792 4404/14793
f 4397/14794 4404/14795 4379/14796
f 4399/14797 4387/14798 4405/14799
f 4406/14800 4405/14801 4387/14802
f 4406/14803 4389/14804 4400/14805
f 4387/14806 4389/14807 4406/14808
f 4400/14809 4392/14810 4401/14811
f 4382/14812 4388/14813 4399/14814
f 4399/14815 4391/14816 4382/14817
f 4388/14818 4380/14819 4399/14820
f 4409/14821 4408/14822 4401/14823
f 4409/14824 4407/14825 4408/14826
f 4402/14827 4409/14828 4401/14829
f 4402/14830 4403/14831 4410/14832
f 4403/14833 4398/14834 4411/14835
f 4411/14836 4398/14837 4412/14838
f 4412/14839 4404/14840 4413/14841
f 4398/14842 4404/14843 4412/14844
f 4414/14845 4413/14846 4404/14847
f 4404/14848 4397/14849 4414/14850
f 4405/14851 4415/14852 4399/14853
f 4406/14854 4400/14855 4416/14856
f 4416/14857 4400/14858 4408/14859
f 4400/14860 4401/14861 4408/14862
f 4407/14863 4409/14864 4417/14865
f 4417/14866 4410/14867 4418/14868
f 4409/14869 4402/14870 4417/14871
f 4402/14872 4410/14873 4417/14874
f 4410/14875 4403/14876 4418/14877
f 4403/14878 4411/14879 4418/14880
f 4411/14881 4412/14882 4419/14883
f 4413/14884 4419/14885 4412/14886
f 4420/14887 4413/14888 4414/14889
f 4415/14890 4405/14891 4421/14892
f 4416/14893 4405/14894 4406/14895
f 4416/14896 4421/14897 4405/14898
f 4416/14899 4408/14900 4422/14901
f 4407/14902 4422/14903 4408/14904
f 4421/14905 4424/14906 4415/14907
f 4424/14908 4399/14909 4415/14910
f 4391/14911 4399/14912 4424/14913
f 4424/14914 4423/14915 4391/14916
f 4423/14917 4350/14918 4391/14919
f 4422/14920 4407/14921 4425/14922
f 4407/14923 4417/14924 4425/14925
f 4417/14926 4418/14927 4427/14928
f 4427/14929 4425/14930 4417/14931
f 4427/14932 4418/14933 4426/14934
f 4426/14935 4418/14936 4419/14937
f 4418/14938 4411/14939 4419/14940
f 4428/14941 4413/14942 4420/14943
f 4419/14944 4413/14945 4428/14946
f 4429/14947 4416/14948 4422/14949
f 4431/14950 4430/14951 4425/14952
f 4430/14953 4422/14954 4425/14955
f 4426/14956 4419/14957 4432/14958
f 4431/14959 4427/14960 4433/14961
f 4431/14962 4425/14963 4427/14964
f 4426/14965 4433/14966 4427/14967
f 4419/14968 4428/14969 4432/14970
f 4428/14971 4420/14972 4434/14973
f 4429/14974 4422/14975 4430/14976
f 4424/14977 4421/14978 4435/14979
f 4421/14980 4416/14981 4429/14982
f 4429/14983 4435/14984 4421/14985
f 4438/14986 4432/14987 4437/14988
f 4433/14989 4426/14990 4438/14991
f 4426/14992 4432/14993 4438/14994
f 4432/14995 4428/14996 4437/14997
f 4437/14998 4428/14999 4434/15000
f 4439/15001 4430/15002 4436/15003
f 4441/15004 4438/15005 4437/15006
f 4438/15007 4431/15008 4433/15009
f 4438/15010 4442/15011 4431/15012
f 4437/15013 4434/15014 4443/15015
f 4444/15016 4439/15017 4445/15018
f 4429/15019 4439/15020 4444/15021
f 4439/15022 4436/15023 4445/15024
f 4423/15025 4424/15026 4446/15027
f 4424/15028 4435/15029 4446/15030
f 4440/15031 4431/15032 4442/15033
f 4440/15034 4436/15035 4431/15036
f 4436/15037 4430/15038 4431/15039
f 4444/15040 4446/15041 4429/15042
f 4446/15043 4435/15044 4429/15045
f 4442/15046 4436/15047 4440/15048
f 4442/15049 4447/15050 4436/15051
f 4448/15052 4438/15053 4449/15054
f 4442/15055 4438/15056 4448/15057
f 4449/15058 4438/15059 4441/15060
f 4444/15061 4445/15062 4447/15063
f 4445/15064 4436/15065 4447/15066
f 4447/15067 4442/15068 4450/15069
f 4448/15070 4450/15071 4442/15072
f 4444/15073 4447/15074 4451/15075
f 4450/15076 4451/15077 4447/15078
f 4443/15079 4441/15080 4437/15081
f 4443/15082 4449/15083 4441/15084
f 4452/15085 4446/15086 4444/15087
f 4451/15088 4450/15089 4453/15090
f 4450/15091 4448/15092 4453/15093
f 4448/15094 4449/15095 4454/15096
f 4444/15097 4451/15098 4452/15099
f 4457/15100 4456/15101 4454/15102
f 4456/15103 4453/15104 4454/15105
f 4453/15106 4448/15107 4454/15108
f 4454/15109 4449/15110 4457/15111
f 4455/15112 4457/15113 4449/15114
f 4452/15115 4451/15116 4459/15117
f 4460/15118 4446/15119 4452/15120
f 4458/15121 4455/15122 4443/15123
f 4455/15124 4449/15125 4443/15126
f 4461/15127 4458/15128 4443/15129
f 4434/15130 4397/15131 4420/15132
f 4414/15133 4397/15134 4434/15135
f 4423/15136 4446/15137 4460/15138
f 4456/15139 4457/15140 4462/15141
f 4455/15142 4458/15143 4463/15144
f 4457/15145 4455/15146 4463/15147
f 4464/15148 4456/15149 4462/15150
f 4462/15151 4457/15152 4465/15153
f 4466/15154 4463/15155 4458/15156
f 4465/15157 4457/15158 4463/15159
f 4460/15160 4452/15161 4467/15162
f 4464/15163 4468/15164 4456/15165
f 4468/15166 4451/15167 4456/15168
f 4451/15169 4453/15170 4456/15171
f 4461/15172 4466/15173 4458/15174
f 4467/15175 4459/15176 4468/15177
f 4452/15178 4459/15179 4467/15180
f 4468/15181 4459/15182 4451/15183
f 4463/15184 4466/15185 4469/15186
f 4470/15187 4469/15188 4466/15189
f 4465/15190 4463/15191 4469/15192
f 4470/15193 4471/15194 4469/15195
f 4460/15196 4467/15197 4472/15198
f 4469/15199 4464/15200 4465/15201
f 4464/15202 4462/15203 4465/15204
f 4470/15205 4466/15206 4461/15207
f 4472/15208 4468/15209 4464/15210
f 4467/15211 4468/15212 4472/15213
f 4474/15214 4469/15215 4471/15216
f 4464/15217 4469/15218 4474/15219
f 4475/15220 4471/15221 4470/15222
f 4473/15223 4464/15224 4476/15225
f 4472/15226 4464/15227 4473/15228
f 4474/15229 4476/15230 4464/15231
f 4478/15232 4474/15233 4477/15234
f 4474/15235 4471/15236 4481/15237
f 4481/15238 4477/15239 4474/15240
f 4475/15241 4481/15242 4471/15243
f 4478/15244 4479/15245 4474/15246
f 4479/15247 4473/15248 4474/15249
f 4473/15250 4476/15251 4474/15252
f 4480/15253 4472/15254 4473/15255
f 4443/15256 4420/15257 4397/15258
f 4397/15259 4361/15260 4443/15261
f 4480/15262 4460/15263 4472/15264
f 4478/15265 4477/15266 4482/15267
f 4482/15268 4477/15269 4481/15270
f 4478/15271 4480/15272 4479/15273
f 4483/15274 4478/15275 4482/15276
f 4483/15277 4480/15278 4478/15279
f 4473/15280 4479/15281 4480/15282
f 4484/15283 4475/15284 4485/15285
f 4481/15286 4475/15287 4484/15288
f 4480/15289 4483/15290 4486/15291
f 4483/15292 4482/15293 4487/15294
f 4487/15295 4482/15296 4488/15297
f 4488/15298 4481/15299 4484/15300
f 4482/15301 4481/15302 4488/15303
f 4487/15304 4486/15305 4483/15306
f 4487/15307 4488/15308 4489/15309
f 4485/15310 4488/15311 4484/15312
f 4485/15313 4490/15314 4488/15315
f 4490/15316 4489/15317 4488/15318
f 4485/15319 4475/15320 4491/15321
f 4492/15322 4487/15323 4489/15324
f 4486/15325 4487/15326 4492/15327
f 4489/15328 4490/15329 4493/15330
f 4490/15331 4485/15332 4491/15333
f 4492/15334 4489/15335 4494/15336
f 4489/15337 4493/15338 4494/15339
f 4493/15340 4490/15341 4495/15342
f 4490/15343 4491/15344 4496/15345
f 4496/15346 4495/15347 4490/15348
f 4497/15349 4494/15350 4492/15351
f 4497/15352 4494/15353 4493/15354
f 4498/15355 4493/15356 4495/15357
f 4498/15358 4497/15359 4493/15360
f 4496/15361 4498/15362 4495/15363
f 4498/15364 4499/15365 4497/15366
f 4498/15367 4496/15368 4500/15369
f 4461/15370 4443/15371 4475/15372
f 4499/15373 4498/15374 4500/15375
f 4491/15376 4475/15377 4496/15378
f 4499/15379 4494/15380 4486/15381
f 4492/15382 4497/15383 4499/15384
f 4486/15385 4494/15386 4499/15387
f 459/15388 598/15389 458/15390
f 541/15391 459/15392 458/15393
f 679/15394 459/15395 678/15396
f 679/15397 671/15398 459/15399
f 636/15400 678/15401 459/15402
f 541/15403 636/15404 459/15405
f 765/15406 766/15407 761/15408
f 768/15409 767/15410 541/15411
f 770/15412 769/15413 541/15414
f 769/15415 746/15416 541/15417
f 770/15418 541/15419 767/15420
f 993/15421 985/15422 994/15423
f 984/15424 985/15425 993/15426
f 983/15427 984/15428 993/15429
f 993/15430 995/15431 983/15432
f 985/15433 986/15434 994/15435
f 996/15436 986/15437 971/15438
f 996/15439 994/15440 986/15441
f 999/15442 1018/15443 959/15444
f 999/15445 997/15446 1018/15447
f 959/15448 960/15449 1003/15450
f 1003/15451 999/15452 959/15453
f 1006/15454 1003/15455 962/15456
f 960/15457 934/15458 1003/15459
f 934/15460 962/15461 1003/15462
f 962/15463 965/15464 1007/15465
f 1007/15466 1006/15467 962/15468
f 1007/15469 943/15470 1005/15471
f 1007/15472 965/15473 943/15474
f 1016/15475 969/15476 1018/15477
f 967/15478 969/15479 1016/15480
f 969/15481 959/15482 1018/15483
f 1019/15484 1005/15485 972/15486
f 1005/15487 943/15488 972/15489
f 972/15490 973/15491 1020/15492
f 1020/15493 1019/15494 972/15495
f 1021/15496 866/15497 682/15498
f 1020/15499 973/15500 1021/15501
f 973/15502 974/15503 1021/15504
f 974/15505 866/15506 1021/15507
f 1123/15508 1503/15509 1125/15510
f 1125/15511 1503/15512 1123/15513
f 1571/15514 1541/15515 1123/15516
f 1651/15517 1620/15518 1656/15519
f 1656/15520 1655/15521 1651/15522
f 1656/15523 1620/15524 1658/15525
f 1620/15526 1653/15527 1658/15528
f 1621/15529 1659/15530 1622/15531
f 1621/15532 1623/15533 1661/15534
f 1664/15535 1661/15536 1624/15537
f 1664/15538 1662/15539 1661/15540
f 1623/15541 1624/15542 1661/15543
f 1669/15544 1626/15545 1625/15546
f 1669/15547 1666/15548 1626/15549
f 1666/15550 1627/15551 1626/15552
f 1669/15553 1625/15554 1671/15555
f 1659/15556 1671/15557 1622/15558
f 1671/15559 1625/15560 1622/15561
f 1673/15562 1631/15563 1628/15564
f 1631/15565 1604/15566 1628/15567
f 1628/15568 1629/15569 1675/15570
f 1675/15571 1673/15572 1628/15573
f 1624/15574 1630/15575 1677/15576
f 1677/15577 1664/15578 1624/15579
f 1631/15580 1677/15581 1630/15582
f 1681/15583 1629/15584 1633/15585
f 1681/15586 1679/15587 1629/15588
f 1679/15589 1675/15590 1629/15591
f 1681/15592 1634/15593 1682/15594
f 1633/15595 1634/15596 1681/15597
f 1634/15598 1636/15599 1676/15600
f 1676/15601 1682/15602 1634/15603
f 1687/15604 1642/15605 1692/15606
f 1692/15607 1571/15608 1693/15609
f 1642/15610 1571/15611 1692/15612
f 1643/15613 1642/15614 1687/15615
f 1125/15616 1693/15617 1571/15618
f 1731/15619 1881/15620 1428/15621
f 1741/15622 1812/15623 1890/15624
f 2000/15625 2001/15626 2033/15627
f 2003/15628 2004/15629 2039/15630
f 2039/15631 2038/15632 2003/15633
f 2004/15634 2002/15635 2035/15636
f 2035/15637 2039/15638 2004/15639
f 2035/15640 2006/15641 2041/15642
f 2002/15643 2006/15644 2035/15645
f 2006/15646 2007/15647 2041/15648
f 2008/15649 2009/15650 2054/15651
f 2054/15652 2042/15653 2008/15654
f 2009/15655 2011/15656 2057/15657
f 2057/15658 2054/15659 2009/15660
f 2010/15661 2057/15662 2011/15663
f 2060/15664 2012/15665 2059/15666
f 2059/15667 2013/15668 2061/15669
f 2012/15670 2013/15671 2059/15672
f 2056/15673 2014/15674 2062/15675
f 2010/15676 2014/15677 2056/15678
f 2014/15679 2012/15680 2060/15681
f 2060/15682 2062/15683 2014/15684
f 2008/15685 2041/15686 2007/15687
f 2064/15688 2015/15689 2063/15690
f 2016/15691 2061/15692 2013/15693
f 2016/15694 2015/15695 2064/15696
f 2015/15697 2017/15698 2065/15699
f 2065/15700 2063/15701 2015/15702
f 2065/15703 2017/15704 2046/15705
f 2017/15706 1977/15707 2046/15708
f 2066/15709 2049/15710 2019/15711
f 2019/15712 2020/15713 2067/15714
f 2067/15715 2066/15716 2019/15717
f 2067/15718 2023/15719 2068/15720
f 1993/15721 2023/15722 2067/15723
f 2020/15724 1993/15725 2067/15726
f 2025/15727 1731/15728 2069/15729
f 2023/15730 1994/15731 2025/15732
f 2025/15733 2068/15734 2023/15735
f 2076/15736 2035/15737 2074/15738
f 2038/15739 2039/15740 2077/15741
f 2039/15742 2035/15743 2076/15744
f 2076/15745 2077/15746 2039/15747
f 2074/15748 2041/15749 2086/15750
f 2035/15751 2041/15752 2074/15753
f 2086/15754 2041/15755 2089/15756
f 2089/15757 2042/15758 2091/15759
f 2008/15760 2042/15761 2089/15762
f 2042/15763 2054/15764 2091/15765
f 2095/15766 2056/15767 2093/15768
f 2010/15769 2056/15770 2095/15771
f 2054/15772 2057/15773 2095/15774
f 2095/15775 2091/15776 2054/15777
f 2057/15778 2010/15779 2095/15780
f 2060/15781 2059/15782 2097/15783
f 2097/15784 2061/15785 2099/15786
f 2059/15787 2061/15788 2097/15789
f 2056/15790 2062/15791 2100/15792
f 2100/15793 2093/15794 2056/15795
f 2062/15796 2060/15797 2097/15798
f 2097/15799 2100/15800 2062/15801
f 2041/15802 2008/15803 2089/15804
f 2101/15805 2064/15806 2063/15807
f 2064/15808 2061/15809 2016/15810
f 2064/15811 2099/15812 2061/15813
f 2063/15814 2065/15815 2101/15816
f 2065/15817 2046/15818 2079/15819
f 2084/15820 2066/15821 2102/15822
f 2049/15823 2066/15824 2084/15825
f 2066/15826 2067/15827 2103/15828
f 2103/15829 2102/15830 2066/15831
f 2103/15832 2067/15833 2104/15834
f 2104/15835 2068/15836 2105/15837
f 2067/15838 2068/15839 2104/15840
f 2025/15841 2069/15842 2106/15843
f 2068/15844 2025/15845 2106/15846
f 2106/15847 2105/15848 2068/15849
f 2075/15850 2098/15851 2110/15852
f 2110/15853 2108/15854 2075/15855
f 2110/15856 2098/15857 2071/15858
f 2113/15859 2076/15860 2074/15861
f 2115/15862 2077/15863 2076/15864
f 2113/15865 2086/15866 2116/15867
f 2074/15868 2086/15869 2113/15870
f 2116/15871 2086/15872 2118/15873
f 2086/15874 2089/15875 2118/15876
f 2120/15877 2118/15878 2091/15879
f 2118/15880 2089/15881 2091/15882
f 2121/15883 2120/15884 2091/15885
f 2093/15886 2122/15887 2095/15888
f 2122/15889 2091/15890 2095/15891
f 2122/15892 2121/15893 2091/15894
f 2126/15895 2097/15896 2125/15897
f 2127/15898 2125/15899 2097/15900
f 2097/15901 2099/15902 2129/15903
f 2129/15904 2127/15905 2097/15906
f 2093/15907 2100/15908 2126/15909
f 2126/15910 2100/15911 2097/15912
f 2133/15913 2101/15914 2135/15915
f 2064/15916 2101/15917 2133/15918
f 2099/15919 2064/15920 2133/15921
f 2133/15922 2129/15923 2099/15924
f 2101/15925 2065/15926 2136/15927
f 2136/15928 2135/15929 2101/15930
f 2065/15931 2079/15932 2119/15933
f 2119/15934 2136/15935 2065/15936
f 2084/15937 2102/15938 2141/15939
f 2141/15940 2128/15941 2084/15942
f 2141/15943 2102/15944 2103/15945
f 2137/15946 2103/15947 2104/15948
f 2137/15949 2105/15950 2142/15951
f 2104/15952 2105/15953 2137/15954
f 2142/15955 2106/15956 2144/15957
f 2145/15958 2106/15959 2069/15960
f 2145/15961 2144/15962 2106/15963
f 2142/15964 2105/15965 2106/15966
f 2148/15967 2110/15968 2149/15969
f 2108/15970 2110/15971 2148/15972
f 2110/15973 2071/15974 2149/15975
f 2076/15976 2113/15977 2153/15978
f 2153/15979 2152/15980 2076/15981
f 2115/15982 2076/15983 2152/15984
f 2116/15985 2153/15986 2113/15987
f 2154/15988 2120/15989 2155/15990
f 2118/15991 2120/15992 2154/15993
f 2120/15994 2121/15995 2155/15996
f 2157/15997 2093/15998 2158/15999
f 2122/16000 2093/16001 2157/16002
f 2122/16003 2155/16004 2121/16005
f 2161/16006 2125/16007 2160/16008
f 2126/16009 2125/16010 2161/16011
f 2125/16012 2127/16013 2160/16014
f 2160/16015 2129/16016 2163/16017
f 2127/16018 2129/16019 2160/16020
f 2158/16021 2126/16022 2161/16023
f 2093/16024 2126/16025 2158/16026
f 2163/16027 2133/16028 2166/16029
f 2133/16030 2135/16031 2168/16032
f 2168/16033 2166/16034 2133/16035
f 2129/16036 2133/16037 2163/16038
f 2136/16039 2168/16040 2135/16041
f 2136/16042 2119/16043 2159/16044
f 2171/16045 2137/16046 2170/16047
f 2103/16048 2137/16049 2171/16050
f 2128/16051 2141/16052 2171/16053
f 2141/16054 2103/16055 2171/16056
f 2170/16057 2137/16058 2173/16059
f 2142/16060 2173/16061 2137/16062
f 2142/16063 2144/16064 2175/16065
f 2145/16066 2175/16067 2144/16068
f 1741/16069 1890/16070 2005/16071
f 2525/16072 2524/16073 2520/16074
f 2524/16075 2464/16076 2520/16077
f 2520/16078 2521/16079 2525/16080
f 2527/16081 2522/16082 2500/16083
f 2527/16084 2526/16085 2522/16086
f 2526/16087 2525/16088 2522/16089
f 2525/16090 2521/16091 2522/16092
f 2529/16093 2528/16094 2491/16095
f 2528/16096 2492/16097 2459/16098
f 2459/16099 2491/16100 2528/16101
f 2491/16102 2493/16103 2531/16104
f 2531/16105 2529/16106 2491/16107
f 2531/16108 2493/16109 2524/16110
f 2493/16111 2464/16112 2524/16113
f 2535/16114 2497/16115 2534/16116
f 2534/16117 2497/16118 2496/16119
f 2534/16120 2499/16121 2536/16122
f 2496/16123 2499/16124 2534/16125
f 2537/16126 2527/16127 2500/16128
f 2535/16129 2500/16130 2497/16131
f 2535/16132 2537/16133 2500/16134
f 2536/16135 2505/16136 2539/16137
f 2477/16138 2505/16139 2536/16140
f 2499/16141 2477/16142 2536/16143
f 2506/16144 2539/16145 2505/16146
f 2506/16147 2498/16148 2538/16149
f 2507/16150 2508/16151 2540/16152
f 2508/16153 2510/16154 2541/16155
f 2509/16156 2541/16157 2510/16158
f 2486/16159 2507/16160 2540/16161
f 2540/16162 2542/16163 2486/16164
f 2509/16165 2445/16166 2523/16167
f 2616/16168 2552/16169 2557/16170
f 2616/16171 2591/16172 2619/16173
f 2557/16174 2591/16175 2616/16176
f 2617/16177 2619/16178 2592/16179
f 2619/16180 2591/16181 2592/16182
f 2564/16183 2594/16184 2624/16185
f 2624/16186 2623/16187 2564/16188
f 2632/16189 2595/16190 2629/16191
f 2594/16192 2597/16193 2632/16194
f 2632/16195 2624/16196 2594/16197
f 2597/16198 2595/16199 2632/16200
f 2629/16201 2595/16202 2634/16203
f 2595/16204 2600/16205 2635/16206
f 2635/16207 2634/16208 2595/16209
f 2600/16210 2570/16211 2636/16212
f 2636/16213 2602/16214 2637/16215
f 2570/16216 2602/16217 2636/16218
f 2639/16219 2603/16220 2638/16221
f 2602/16222 2603/16223 2639/16224
f 2639/16225 2637/16226 2602/16227
f 2636/16228 2635/16229 2600/16230
f 2641/16231 2605/16232 2640/16233
f 2574/16234 2605/16235 2641/16236
f 2605/16237 2611/16238 2640/16239
f 2643/16240 2613/16241 2612/16242
f 2643/16243 2642/16244 2613/16245
f 2642/16246 2640/16247 2613/16248
f 2640/16249 2611/16250 2613/16251
f 2612/16252 2608/16253 2644/16254
f 2644/16255 2643/16256 2612/16257
f 2630/16258 2644/16259 2608/16260
f 2603/16261 2614/16262 2638/16263
f 2614/16264 2574/16265 2641/16266
f 2645/16267 2622/16268 2615/16269
f 2622/16270 2562/16271 2615/16272
f 2615/16273 2589/16274 2646/16275
f 2646/16276 2645/16277 2615/16278
f 2646/16279 2589/16280 2618/16281
f 2457/16282 2495/16283 2552/16284
f 2628/16285 2606/16286 2523/16287
f 2855/16288 2771/16289 2804/16290
f 2804/16291 2829/16292 2855/16293
f 2857/16294 2855/16295 2829/16296
f 2860/16297 2859/16298 2837/16299
f 2837/16300 2838/16301 2861/16302
f 2861/16303 2860/16304 2837/16305
f 2862/16306 2840/16307 2839/16308
f 2840/16309 2861/16310 2838/16311
f 2864/16312 2841/16313 2863/16314
f 2865/16315 2844/16316 2866/16317
f 2843/16318 2844/16319 2865/16320
f 2844/16321 2845/16322 2867/16323
f 2867/16324 2866/16325 2844/16326
f 2839/16327 2843/16328 2868/16329
f 2868/16330 2862/16331 2839/16332
f 2865/16333 2868/16334 2843/16335
f 2867/16336 2846/16337 2869/16338
f 2846/16339 2847/16340 2869/16341
f 2845/16342 2846/16343 2867/16344
f 2869/16345 2848/16346 2864/16347
f 2847/16348 2848/16349 2869/16350
f 2848/16351 2841/16352 2864/16353
f 2841/16354 2849/16355 2872/16356
f 2872/16357 2863/16358 2841/16359
f 2872/16360 2849/16361 2874/16362
f 2874/16363 2850/16364 2875/16365
f 2819/16366 2850/16367 2874/16368
f 2875/16369 2851/16370 2876/16371
f 2850/16372 2851/16373 2875/16374
f 2849/16375 2819/16376 2874/16377
f 2853/16378 2852/16379 2877/16380
f 2852/16381 2854/16382 2881/16383
f 2881/16384 2877/16385 2852/16386
f 2881/16387 2854/16388 2880/16389
f 2854/16390 2823/16391 2880/16392
f 2851/16393 2853/16394 2877/16395
f 2877/16396 2876/16397 2851/16398
f 2857/16399 2827/16400 2856/16401
f 2797/16402 2827/16403 2857/16404
f 2827/16405 2828/16406 2856/16407
f 2828/16408 2830/16409 2858/16410
f 2858/16411 2856/16412 2828/16413
f 2830/16414 2798/16415 2858/16416
f 2832/16417 2831/16418 2870/16419
f 2870/16420 2833/16421 2871/16422
f 2831/16423 2833/16424 2870/16425
f 2858/16426 2834/16427 2873/16428
f 2798/16429 2834/16430 2858/16431
f 2832/16432 2873/16433 2834/16434
f 2829/16435 2797/16436 2857/16437
f 2878/16438 2836/16439 2835/16440
f 2878/16441 2871/16442 2836/16443
f 2833/16444 2836/16445 2871/16446
f 2878/16447 2807/16448 2879/16449
f 2835/16450 2807/16451 2878/16452
f 2879/16453 2807/16454 2859/16455
f 2807/16456 2837/16457 2859/16458
f 2883/16459 2880/16460 2842/16461
f 2880/16462 2823/16463 2842/16464
f 2883/16465 2842/16466 2884/16467
f 2842/16468 2821/16469 2882/16470
f 2882/16471 2884/16472 2842/16473
f 2911/16474 2897/16475 2939/16476
f 2897/16477 2912/16478 2940/16479
f 2940/16480 2939/16481 2897/16482
f 2899/16483 2913/16484 2940/16485
f 2913/16486 2914/16487 2941/16488
f 2912/16489 2899/16490 2940/16491
f 2916/16492 2915/16493 2942/16494
f 2915/16495 2918/16496 2946/16497
f 2946/16498 2942/16499 2915/16500
f 2918/16501 2904/16502 2923/16503
f 2923/16504 2946/16505 2918/16506
f 2914/16507 2916/16508 2942/16509
f 2942/16510 2941/16511 2914/16512
f 2923/16513 2922/16514 2962/16515
f 2922/16516 2925/16517 2962/16518
f 2925/16519 2920/16520 2943/16521
f 2963/16522 2928/16523 2932/16524
f 2932/16525 2826/16526 2964/16527
f 2961/16528 2934/16529 2965/16530
f 2934/16531 2928/16532 2963/16533
f 2963/16534 2965/16535 2934/16536
f 2968/16537 2940/16538 2966/16539
f 2969/16540 2967/16541 2939/16542
f 2968/16543 2969/16544 2940/16545
f 2969/16546 2939/16547 2940/16548
f 2966/16549 2940/16550 2913/16551
f 2966/16552 2941/16553 2970/16554
f 2913/16555 2941/16556 2966/16557
f 2970/16558 2942/16559 2971/16560
f 2973/16561 2971/16562 2942/16563
f 2942/16564 2946/16565 2974/16566
f 2974/16567 2973/16568 2942/16569
f 2974/16570 2946/16571 2923/16572
f 2970/16573 2941/16574 2942/16575
f 2975/16576 2974/16577 2962/16578
f 2974/16579 2923/16580 2962/16581
f 2962/16582 2925/16583 2975/16584
f 2925/16585 2943/16586 2972/16587
f 2972/16588 2975/16589 2925/16590
f 2963/16591 2932/16592 2977/16593
f 2977/16594 2932/16595 2980/16596
f 2932/16597 2964/16598 2980/16599
f 2961/16600 2965/16601 2963/16602
f 2963/16603 2982/16604 2961/16605
f 3305/16606 3048/16607 3308/16608
f 3248/16609 3048/16610 3305/16611
f 3311/16612 3281/16613 3282/16614
f 3316/16615 3287/16616 3315/16617
f 3286/16618 3287/16619 3316/16620
f 3287/16621 3300/16622 3315/16623
f 3300/16624 3303/16625 3309/16626
f 3309/16627 3315/16628 3300/16629
f 3303/16630 3255/16631 3309/16632
f 3318/16633 3279/16634 3305/16635
f 3320/16636 3294/16637 3307/16638
f 3320/16639 3307/16640 3318/16641
f 3307/16642 3279/16643 3318/16644
f 3458/16645 3479/16646 3429/16647
f 3479/16648 3456/16649 3429/16650
f 3458/16651 3435/16652 3483/16653
f 3483/16654 3481/16655 3458/16656
f 3442/16657 3465/16658 3485/16659
f 3465/16660 3454/16661 3480/16662
f 3480/16663 3485/16664 3465/16665
f 3467/16666 3468/16667 3490/16668
f 3490/16669 3489/16670 3467/16671
f 3468/16672 3447/16673 3490/16674
f 3471/16675 3467/16676 3489/16677
f 3498/16678 3447/16679 3403/16680
f 3501/16681 3458/16682 3502/16683
f 3479/16684 3458/16685 3501/16686
f 3458/16687 3481/16688 3505/16689
f 3505/16690 3502/16691 3458/16692
f 3481/16693 3483/16694 3505/16695
f 3442/16696 3485/16697 3508/16698
f 3500/16699 3508/16700 3485/16701
f 3500/16702 3485/16703 3480/16704
f 3515/16705 3514/16706 3489/16707
f 3490/16708 3515/16709 3489/16710
f 3574/16711 3596/16712 3572/16713
f 3582/16714 3561/16715 3603/16716
f 3579/16717 3603/16718 3561/16719
f 3715/16720 3621/16721 3725/16722
f 3715/16723 3670/16724 3621/16725
f 3725/16726 3621/16727 3498/16728
f 3770/16729 3751/16730 3796/16731
f 3796/16732 3771/16733 3800/16734
f 3751/16735 3771/16736 3796/16737
f 3771/16738 3773/16739 3800/16740
f 3772/16741 3800/16742 3773/16743
f 3803/16744 3774/16745 3805/16746
f 3772/16747 3774/16748 3803/16749
f 3774/16750 3775/16751 3805/16752
f 3807/16753 3805/16754 3775/16755
f 3778/16756 3776/16757 3808/16758
f 3815/16759 3796/16760 3814/16761
f 3796/16762 3800/16763 3814/16764
f 3803/16765 3816/16766 3772/16767
f 3814/16768 3800/16769 3816/16770
f 3800/16771 3772/16772 3816/16773
f 3815/16774 3818/16775 3796/16776
f 3803/16777 3805/16778 3820/16779
f 3807/16780 3820/16781 3805/16782
f 3826/16783 3825/16784 3776/16785
f 3825/16786 3808/16787 3776/16788
f 4053/16789 4009/16790 4010/16791
f 4053/16792 4052/16793 4009/16794
f 427/16795 429/16796 422/16797
f 422/16798 419/16799 423/16800
f 428/16801 426/16802 421/16803
f 685/16804 684/16805 656/16806
f 684/16807 657/16808 656/16809
f 656/16810 658/16811 685/16812
f 687/16813 660/16814 659/16815
f 687/16816 686/16817 660/16818
f 685/16819 658/16820 686/16821
f 658/16822 661/16823 686/16824
f 661/16825 660/16826 686/16827
f 659/16828 662/16829 687/16830
f 662/16831 663/16832 688/16833
f 688/16834 687/16835 662/16836
f 605/16837 538/16838 690/16839
f 690/16840 665/16841 691/16842
f 538/16843 665/16844 690/16845
f 665/16846 664/16847 689/16848
f 689/16849 691/16850 665/16851
f 689/16852 666/16853 692/16854
f 664/16855 666/16856 689/16857
f 666/16858 667/16859 693/16860
f 693/16861 692/16862 666/16863
f 695/16864 669/16865 668/16866
f 695/16867 694/16868 669/16869
f 694/16870 667/16871 669/16872
f 694/16873 693/16874 667/16875
f 695/16876 670/16877 696/16878
f 668/16879 670/16880 695/16881
f 696/16882 670/16883 684/16884
f 670/16885 657/16886 684/16887
f 688/16888 673/16889 697/16890
f 663/16891 673/16892 688/16893
f 673/16894 674/16895 698/16896
f 698/16897 697/16898 673/16899
f 700/16900 675/16901 699/16902
f 676/16903 675/16904 700/16905
f 674/16906 676/16907 700/16908
f 700/16909 698/16910 674/16911
f 699/16912 677/16913 701/16914
f 675/16915 677/16916 699/16917
f 677/16918 672/16919 671/16920
f 671/16921 701/16922 677/16923
f 636/16924 541/16925 746/16926
f 817/16927 814/16928 813/16929
f 816/16930 819/16931 817/16932
f 819/16933 814/16934 817/16935
f 819/16936 801/16937 814/16938
f 817/16939 815/16940 821/16941
f 813/16942 815/16943 817/16944
f 822/16945 815/16946 791/16947
f 822/16948 821/16949 815/16950
f 836/16951 767/16952 768/16953
f 793/16954 767/16955 836/16956
f 908/16957 876/16958 907/16959
f 542/16960 681/16961 908/16962
f 681/16963 876/16964 908/16965
f 876/16966 890/16967 909/16968
f 909/16969 907/16970 876/16971
f 909/16972 891/16973 910/16974
f 890/16975 891/16976 909/16977
f 912/16978 906/16979 892/16980
f 906/16981 850/16982 892/16983
f 892/16984 893/16985 913/16986
f 913/16987 912/16988 892/16989
f 913/16990 893/16991 895/16992
f 915/16993 895/16994 894/16995
f 894/16996 896/16997 917/16998
f 917/16999 915/17000 894/17001
f 919/17002 898/17003 897/17004
f 919/17005 899/17006 920/17007
f 897/17008 899/17009 919/17010
f 920/17011 899/17012 928/17013
f 899/17014 883/17015 928/17016
f 917/17017 896/17018 898/17019
f 896/17020 900/17021 898/17022
f 901/17023 902/17024 922/17025
f 922/17026 910/17027 901/17028
f 922/17029 903/17030 924/17031
f 902/17032 903/17033 922/17034
f 903/17035 860/17036 924/17037
f 891/17038 901/17039 910/17040
f 924/17041 904/17042 925/17043
f 860/17044 904/17045 924/17046
f 904/17047 905/17048 926/17049
f 926/17050 925/17051 904/17052
f 906/17053 926/17054 905/17055
f 914/17056 885/17057 877/17058
f 914/17059 923/17060 885/17061
f 929/17062 764/17063 961/17064
f 961/17065 932/17066 964/17067
f 908/17068 932/17069 961/17070
f 964/17071 932/17072 966/17073
f 764/17074 908/17075 961/17076
f 932/17077 937/17078 968/17079
f 968/17080 966/17081 932/17082
f 963/17083 968/17084 944/17085
f 968/17086 937/17087 944/17088
f 971/17089 945/17090 970/17091
f 946/17092 945/17093 971/17094
f 970/17095 947/17096 975/17097
f 945/17098 947/17099 970/17100
f 949/17101 948/17102 976/17103
f 947/17104 949/17105 976/17106
f 976/17107 975/17108 947/17109
f 948/17110 950/17111 977/17112
f 977/17113 951/17114 978/17115
f 950/17116 951/17117 977/17118
f 978/17119 951/17120 979/17121
f 951/17122 952/17123 980/17124
f 980/17125 979/17126 951/17127
f 981/17128 939/17129 967/17130
f 952/17131 953/17132 981/17133
f 981/17134 980/17135 952/17136
f 953/17137 939/17138 981/17139
f 982/17140 944/17141 954/17142
f 982/17143 963/17144 944/17145
f 954/17146 955/17147 983/17148
f 983/17149 982/17150 954/17151
f 985/17152 984/17153 956/17154
f 984/17155 957/17156 956/17157
f 983/17158 955/17159 984/17160
f 955/17161 957/17162 984/17163
f 985/17164 958/17165 986/17166
f 956/17167 958/17168 985/17169
f 958/17170 946/17171 971/17172
f 971/17173 986/17174 958/17175
f 1126/17176 987/17177 988/17178
f 1126/17179 988/17180 1127/17181
f 1128/17182 1127/17183 1055/17184
f 1127/17185 988/17186 1055/17187
f 1117/17188 1128/17189 1055/17190
f 683/17191 1097/17192 1130/17193
f 1067/17194 1097/17195 683/17196
f 1132/17197 1100/17198 1099/17199
f 1130/17200 1097/17201 1100/17202
f 1137/17203 1104/17204 1136/17205
f 1136/17206 1090/17207 1139/17208
f 1104/17209 1090/17210 1136/17211
f 1132/17212 1106/17213 1141/17214
f 1099/17215 1106/17216 1132/17217
f 1141/17218 1104/17219 1137/17220
f 1106/17221 1104/17222 1141/17223
f 867/17224 1144/17225 1054/17226
f 1147/17227 1093/17228 1148/17229
f 1093/17230 1107/17231 1150/17232
f 1150/17233 1148/17234 1093/17235
f 1150/17236 1110/17237 1133/17238
f 1107/17239 1110/17240 1150/17241
f 1110/17242 1108/17243 1133/17244
f 1160/17245 1129/17246 1159/17247
f 1129/17248 1131/17249 1161/17250
f 1161/17251 1159/17252 1129/17253
f 1164/17254 1134/17255 1166/17256
f 1133/17257 1134/17258 1164/17259
f 1134/17260 1135/17261 1160/17262
f 1160/17263 1166/17264 1134/17265
f 1135/17266 1129/17267 1160/17268
f 1131/17269 1140/17270 1167/17271
f 1167/17272 1161/17273 1131/17274
f 1140/17275 1138/17276 1167/17277
f 1167/17278 1142/17279 1168/17280
f 1138/17281 1142/17282 1167/17283
f 1169/17284 1168/17285 1142/17286
f 1170/17287 1145/17288 1143/17289
f 1170/17290 1173/17291 1145/17292
f 1173/17293 1139/17294 1145/17295
f 1170/17296 1146/17297 1176/17298
f 1143/17299 1146/17300 1170/17301
f 1146/17302 1147/17303 1178/17304
f 1178/17305 1176/17306 1146/17307
f 1149/17308 1151/17309 1189/17310
f 1189/17311 1181/17312 1149/17313
f 1153/17314 1152/17315 1190/17316
f 1189/17317 1154/17318 1153/17319
f 1151/17320 1154/17321 1189/17322
f 1192/17323 1155/17324 1191/17325
f 1156/17326 1155/17327 1192/17328
f 1191/17329 1155/17330 1193/17331
f 1190/17332 1152/17333 1194/17334
f 1152/17335 1156/17336 1195/17337
f 1195/17338 1194/17339 1152/17340
f 1192/17341 1195/17342 1156/17343
f 1142/17344 1149/17345 1181/17346
f 1181/17347 1169/17348 1142/17349
f 1197/17350 1157/17351 1196/17352
f 1155/17353 1157/17354 1197/17355
f 1197/17356 1193/17357 1155/17358
f 1196/17359 1158/17360 1198/17361
f 1157/17362 1158/17363 1196/17364
f 1198/17365 1113/17366 1183/17367
f 1158/17368 1113/17369 1198/17370
f 1113/17371 1144/17372 1183/17373
f 1202/17374 1178/17375 1186/17376
f 1202/17377 1201/17378 1178/17379
f 1186/17380 1187/17381 1203/17382
f 1203/17383 1202/17384 1186/17385
f 1204/17386 1188/17387 1164/17388
f 1204/17389 1203/17390 1188/17391
f 1203/17392 1187/17393 1188/17394
f 1207/17395 1160/17396 1206/17397
f 1206/17398 1160/17399 1159/17400
f 1206/17401 1161/17402 1208/17403
f 1159/17404 1161/17405 1206/17406
f 1204/17407 1166/17408 1209/17409
f 1164/17410 1166/17411 1204/17412
f 1207/17413 1209/17414 1160/17415
f 1209/17416 1166/17417 1160/17418
f 1211/17419 1210/17420 1167/17421
f 1210/17422 1208/17423 1167/17424
f 1208/17425 1161/17426 1167/17427
f 1211/17428 1168/17429 1205/17430
f 1167/17431 1168/17432 1211/17433
f 1168/17434 1169/17435 1205/17436
f 1212/17437 1170/17438 1213/17439
f 1173/17440 1170/17441 1212/17442
f 1212/17443 1214/17444 1173/17445
f 1170/17446 1176/17447 1215/17448
f 1215/17449 1213/17450 1170/17451
f 1201/17452 1176/17453 1178/17454
f 1201/17455 1215/17456 1176/17457
f 1216/17458 1205/17459 1181/17460
f 1216/17461 1189/17462 1217/17463
f 1181/17464 1189/17465 1216/17466
f 1219/17467 1218/17468 1190/17469
f 1218/17470 1153/17471 1190/17472
f 1217/17473 1153/17474 1218/17475
f 1217/17476 1189/17477 1153/17478
f 1221/17479 1220/17480 1191/17481
f 1220/17482 1192/17483 1191/17484
f 1191/17485 1193/17486 1221/17487
f 1190/17488 1194/17489 1222/17490
f 1222/17491 1219/17492 1190/17493
f 1222/17494 1194/17495 1220/17496
f 1194/17497 1195/17498 1220/17499
f 1195/17500 1192/17501 1220/17502
f 1169/17503 1181/17504 1205/17505
f 1224/17506 1197/17507 1196/17508
f 1224/17509 1223/17510 1197/17511
f 1223/17512 1221/17513 1197/17514
f 1221/17515 1193/17516 1197/17517
f 1224/17518 1198/17519 1225/17520
f 1196/17521 1198/17522 1224/17523
f 1183/17524 1225/17525 1198/17526
f 1236/17527 1202/17528 1237/17529
f 1201/17530 1202/17531 1236/17532
f 1202/17533 1203/17534 1238/17535
f 1238/17536 1237/17537 1202/17538
f 1238/17539 1204/17540 1239/17541
f 1240/17542 1239/17543 1204/17544
f 1203/17545 1204/17546 1238/17547
f 1207/17548 1206/17549 1245/17550
f 1246/17551 1245/17552 1206/17553
f 1206/17554 1208/17555 1247/17556
f 1247/17557 1246/17558 1206/17559
f 1204/17560 1209/17561 1207/17562
f 1207/17563 1240/17564 1204/17565
f 1248/17566 1211/17567 1249/17568
f 1210/17569 1211/17570 1248/17571
f 1210/17572 1247/17573 1208/17574
f 1211/17575 1205/17576 1250/17577
f 1250/17578 1249/17579 1211/17580
f 1243/17581 1250/17582 1205/17583
f 1252/17584 1212/17585 1251/17586
f 1212/17587 1213/17588 1253/17589
f 1253/17590 1251/17591 1212/17592
f 1214/17593 1212/17594 1252/17595
f 1253/17596 1215/17597 1254/17598
f 1213/17599 1215/17600 1253/17601
f 1215/17602 1201/17603 1254/17604
f 1243/17605 1216/17606 1255/17607
f 1205/17608 1216/17609 1243/17610
f 1216/17611 1217/17612 1256/17613
f 1256/17614 1255/17615 1216/17616
f 1256/17617 1218/17618 1257/17619
f 1218/17620 1219/17621 1258/17622
f 1258/17623 1257/17624 1218/17625
f 1217/17626 1218/17627 1256/17628
f 1260/17629 1220/17630 1259/17631
f 1220/17632 1221/17633 1261/17634
f 1261/17635 1259/17636 1220/17637
f 1261/17638 1221/17639 1262/17640
f 1219/17641 1222/17642 1258/17643
f 1222/17644 1220/17645 1260/17646
f 1262/17647 1223/17648 1263/17649
f 1263/17650 1224/17651 1265/17652
f 1223/17653 1224/17654 1263/17655
f 1221/17656 1223/17657 1262/17658
f 1224/17659 1225/17660 1266/17661
f 1266/17662 1265/17663 1224/17664
f 1225/17665 1183/17666 1266/17667
f 1277/17668 1236/17669 1276/17670
f 1254/17671 1236/17672 1277/17673
f 1236/17674 1237/17675 1278/17676
f 1278/17677 1276/17678 1236/17679
f 1278/17680 1238/17681 1279/17682
f 1237/17683 1238/17684 1278/17685
f 1279/17686 1239/17687 1280/17688
f 1238/17689 1239/17690 1279/17691
f 1280/17692 1240/17693 1282/17694
f 1239/17695 1240/17696 1280/17697
f 1286/17698 1245/17699 1285/17700
f 1207/17701 1245/17702 1286/17703
f 1245/17704 1246/17705 1285/17706
f 1246/17707 1247/17708 1287/17709
f 1287/17710 1285/17711 1246/17712
f 1282/17713 1207/17714 1286/17715
f 1240/17716 1207/17717 1282/17718
f 1287/17719 1248/17720 1288/17721
f 1210/17722 1248/17723 1287/17724
f 1288/17725 1249/17726 1289/17727
f 1248/17728 1249/17729 1288/17730
f 1247/17731 1210/17732 1287/17733
f 1249/17734 1250/17735 1284/17736
f 1284/17737 1289/17738 1249/17739
f 1250/17740 1243/17741 1284/17742
f 1292/17743 1252/17744 1251/17745
f 1292/17746 1291/17747 1252/17748
f 1251/17749 1253/17750 1292/17751
f 1253/17752 1254/17753 1277/17754
f 1243/17755 1255/17756 1293/17757
f 1293/17758 1284/17759 1243/17760
f 1255/17761 1256/17762 1294/17763
f 1294/17764 1293/17765 1255/17766
f 1256/17767 1257/17768 1294/17769
f 1294/17770 1258/17771 1295/17772
f 1257/17773 1258/17774 1294/17775
f 1260/17776 1259/17777 1296/17778
f 1296/17779 1261/17780 1297/17781
f 1259/17782 1261/17783 1296/17784
f 1261/17785 1262/17786 1297/17787
f 1295/17788 1222/17789 1298/17790
f 1258/17791 1222/17792 1295/17793
f 1260/17794 1298/17795 1222/17796
f 1297/17797 1263/17798 1299/17799
f 1262/17800 1263/17801 1297/17802
f 1263/17803 1265/17804 1300/17805
f 1300/17806 1299/17807 1263/17808
f 1300/17809 1266/17810 1302/17811
f 1300/17812 1265/17813 1266/17814
f 1123/17815 1352/17816 875/17817
f 1353/17818 875/17819 1355/17820
f 1355/17821 875/17822 1352/17823
f 1622/17824 1542/17825 1621/17826
f 1542/17827 1584/17828 1623/17829
f 1623/17830 1621/17831 1542/17832
f 1586/17833 1585/17834 1624/17835
f 1584/17836 1586/17837 1624/17838
f 1624/17839 1623/17840 1584/17841
f 1626/17842 1588/17843 1625/17844
f 1548/17845 1588/17846 1626/17847
f 1627/17848 1591/17849 1626/17850
f 1550/17851 1591/17852 1627/17853
f 1591/17854 1548/17855 1626/17856
f 1588/17857 1592/17858 1625/17859
f 1592/17860 1594/17861 1622/17862
f 1622/17863 1625/17864 1592/17865
f 1594/17866 1542/17867 1622/17868
f 1604/17869 1603/17870 1628/17871
f 1628/17872 1605/17873 1629/17874
f 1603/17875 1605/17876 1628/17877
f 1624/17878 1606/17879 1630/17880
f 1585/17881 1606/17882 1624/17883
f 1606/17884 1565/17885 1631/17886
f 1631/17887 1630/17888 1606/17889
f 1604/17890 1631/17891 1565/17892
f 1629/17893 1608/17894 1633/17895
f 1609/17896 1608/17897 1629/17898
f 1605/17899 1609/17900 1629/17901
f 1608/17902 1610/17903 1634/17904
f 1634/17905 1633/17906 1608/17907
f 1634/17908 1610/17909 1636/17910
f 1610/17911 1601/17912 1636/17913
f 1616/17914 1571/17915 1642/17916
f 1570/17917 1616/17918 1642/17919
f 1642/17920 1643/17921 1570/17922
f 1734/17923 1698/17924 1733/17925
f 1659/17926 1698/17927 1734/17928
f 1698/17929 1699/17930 1733/17931
f 1699/17932 1701/17933 1735/17934
f 1735/17935 1702/17936 1736/17937
f 1701/17938 1702/17939 1735/17940
f 1736/17941 1702/17942 1737/17943
f 1739/17944 1704/17945 1738/17946
f 1704/17947 1705/17948 1740/17949
f 1740/17950 1738/17951 1704/17952
f 1707/17953 1704/17954 1739/17955
f 1734/17956 1740/17957 1705/17958
f 1705/17959 1659/17960 1734/17961
f 1710/17962 1709/17963 1742/17964
f 1742/17965 1711/17966 1743/17967
f 1709/17968 1711/17969 1742/17970
f 1711/17971 1712/17972 1744/17973
f 1744/17974 1743/17975 1711/17976
f 1702/17977 1710/17978 1745/17979
f 1745/17980 1737/17981 1702/17982
f 1742/17983 1745/17984 1710/17985
f 1744/17986 1712/17987 1747/17988
f 1747/17989 1714/17990 1749/17991
f 1712/17992 1714/17993 1747/17994
f 1714/17995 1676/17996 1749/17997
f 1755/17998 1716/17999 1717/18000
f 1760/18001 1724/18002 1762/18003
f 1722/18004 1724/18005 1760/18006
f 1724/18007 1726/18008 1762/18009
f 1726/18010 1716/18011 1755/18012
f 1755/18013 1762/18014 1726/18015
f 1783/18016 1780/18017 1733/18018
f 1733/18019 1699/18020 1788/18021
f 1788/18022 1783/18023 1733/18024
f 1699/18025 1735/18026 1786/18027
f 1786/18028 1788/18029 1699/18030
f 1789/18031 1786/18032 1736/18033
f 1786/18034 1735/18035 1736/18036
f 1736/18037 1737/18038 1789/18039
f 1792/18040 1739/18041 1738/18042
f 1792/18043 1740/18044 1780/18045
f 1738/18046 1740/18047 1792/18048
f 1780/18049 1740/18050 1733/18051
f 1740/18052 1734/18053 1733/18054
f 1798/18055 1745/18056 1742/18057
f 1798/18058 1796/18059 1745/18060
f 1742/18061 1743/18062 1799/18063
f 1799/18064 1798/18065 1742/18066
f 1744/18067 1799/18068 1743/18069
f 1796/18070 1789/18071 1745/18072
f 1789/18073 1737/18074 1745/18075
f 1800/18076 1744/18077 1747/18078
f 1747/18079 1749/18080 1801/18081
f 1801/18082 1800/18083 1747/18084
f 1779/18085 1801/18086 1749/18087
f 1755/18088 1717/18089 1802/18090
f 1802/18091 1717/18092 1719/18093
f 1791/18094 1762/18095 1804/18096
f 1760/18097 1762/18098 1791/18099
f 1804/18100 1762/18101 1755/18102
f 1847/18103 1806/18104 1844/18105
f 1809/18106 1810/18107 1847/18108
f 1847/18109 1849/18110 1809/18111
f 1810/18112 1806/18113 1847/18114
f 1813/18115 1814/18116 1853/18117
f 1853/18118 1851/18119 1813/18120
f 1817/18121 1816/18122 1854/18123
f 1817/18124 1853/18125 1814/18126
f 1854/18127 1819/18128 1855/18129
f 1816/18130 1819/18131 1854/18132
f 1819/18133 1821/18134 1856/18135
f 1856/18136 1855/18137 1819/18138
f 1806/18139 1823/18140 1857/18141
f 1857/18142 1844/18143 1806/18144
f 1857/18145 1824/18146 1851/18147
f 1823/18148 1824/18149 1857/18150
f 1824/18151 1813/18152 1851/18153
f 1856/18154 1825/18155 1858/18156
f 1821/18157 1825/18158 1856/18159
f 1858/18160 1825/18161 1859/18162
f 1827/18163 1826/18164 1860/18165
f 1825/18166 1827/18167 1860/18168
f 1860/18169 1859/18170 1825/18171
f 1826/18172 1828/18173 1862/18174
f 1828/18175 1829/18176 1862/18177
f 1866/18178 1830/18179 1864/18180
f 1864/18181 1831/18182 1868/18183
f 1830/18184 1831/18185 1864/18186
f 1831/18187 1730/18188 1869/18189
f 1869/18190 1868/18191 1831/18192
f 1730/18193 1428/18194 1869/18195
f 1872/18196 1830/18197 1866/18198
f 1833/18199 1830/18200 1872/18201
f 1925/18202 1882/18203 1923/18204
f 1882/18205 1884/18206 1926/18207
f 1926/18208 1923/18209 1882/18210
f 1886/18211 1882/18212 1925/18213
f 1925/18214 1927/18215 1886/18216
f 1926/18217 1884/18218 1928/18219
f 1884/18220 1888/18221 1929/18222
f 1929/18223 1928/18224 1884/18225
f 1889/18226 1929/18227 1888/18228
f 1889/18229 1891/18230 1893/18231
f 1893/18232 1892/18233 1930/18234
f 1930/18235 1892/18236 1931/18237
f 1894/18238 1907/18239 1932/18240
f 1907/18241 1909/18242 1933/18243
f 1933/18244 1932/18245 1907/18246
f 1935/18247 1911/18248 1934/18249
f 1933/18250 1909/18251 1936/18252
f 1936/18253 1912/18254 1937/18255
f 1909/18256 1912/18257 1936/18258
f 1912/18259 1913/18260 1937/18261
f 1913/18262 1911/18263 1935/18264
f 1892/18265 1904/18266 1940/18267
f 1940/18268 1931/18269 1892/18270
f 1894/18271 1940/18272 1904/18273
f 1911/18274 1914/18275 1941/18276
f 1941/18277 1934/18278 1911/18279
f 1941/18280 1914/18281 1942/18282
f 1942/18283 1915/18284 1943/18285
f 1943/18286 1916/18287 1945/18288
f 1915/18289 1916/18290 1943/18291
f 1914/18292 1915/18293 1942/18294
f 1916/18295 1917/18296 1946/18297
f 1946/18298 1945/18299 1916/18300
f 1917/18301 1863/18302 1946/18303
f 1924/18304 1887/18305 1949/18306
f 1950/18307 1949/18308 1887/18309
f 1919/18310 1950/18311 1887/18312
f 1919/18313 1918/18314 1951/18315
f 1951/18316 1921/18317 1920/18318
f 1918/18319 1921/18320 1951/18321
f 2180/18322 2181/18323 2217/18324
f 2218/18325 2185/18326 2184/18327
f 2218/18328 2186/18329 2219/18330
f 2184/18331 2186/18332 2218/18333
f 2219/18334 2186/18335 2188/18336
f 2186/18337 2187/18338 2188/18339
f 2221/18340 2190/18341 2220/18342
f 2189/18343 2190/18344 2221/18345
f 2220/18346 2190/18347 2191/18348
f 2222/18349 2191/18350 2192/18351
f 2222/18352 2220/18353 2191/18354
f 2223/18355 2222/18356 2192/18357
f 2193/18358 2224/18359 2194/18360
f 2226/18361 2196/18362 2225/18363
f 2193/18364 2195/18365 2226/18366
f 2226/18367 2195/18368 2196/18369
f 2224/18370 2192/18371 2194/18372
f 2224/18373 2223/18374 2192/18375
f 2227/18376 2225/18377 2196/18378
f 2196/18379 2197/18380 2229/18381
f 2229/18382 2227/18383 2196/18384
f 2231/18385 2229/18386 2197/18387
f 2234/18388 2198/18389 2170/18390
f 2234/18391 2236/18392 2198/18393
f 2236/18394 2199/18395 2198/18396
f 2234/18397 2200/18398 2237/18399
f 2170/18400 2200/18401 2234/18402
f 2200/18403 2201/18404 2203/18405
f 2203/18406 2237/18407 2200/18408
f 2238/18409 2203/18410 2202/18411
f 2240/18412 2238/18413 2202/18414
f 2240/18415 2202/18416 2145/18417
f 2358/18418 2328/18419 2357/18420
f 2357/18421 2328/18422 2359/18423
f 2328/18424 2330/18425 2360/18426
f 2360/18427 2359/18428 2328/18429
f 2361/18430 2332/18431 2362/18432
f 2331/18433 2332/18434 2361/18435
f 2363/18436 2362/18437 2332/18438
f 2365/18439 2343/18440 2364/18441
f 2343/18442 2285/18443 2364/18444
f 2332/18445 2343/18446 2365/18447
f 2365/18448 2363/18449 2332/18450
f 2285/18451 2347/18452 2358/18453
f 2358/18454 2364/18455 2285/18456
f 2347/18457 2328/18458 2358/18459
f 2330/18460 2293/18461 2360/18462
f 2360/18463 2349/18464 2371/18465
f 2293/18466 2349/18467 2360/18468
f 2349/18469 2348/18470 2372/18471
f 2372/18472 2371/18473 2349/18474
f 2369/18475 2372/18476 2348/18477
f 2369/18478 2350/18479 2373/18480
f 2348/18481 2350/18482 2369/18483
f 2350/18484 2351/18485 2373/18486
f 2373/18487 2352/18488 2376/18489
f 2352/18490 2302/18491 2376/18492
f 2351/18493 2352/18494 2373/18495
f 2376/18496 2353/18497 2374/18498
f 2302/18499 2353/18500 2376/18501
f 2353/18502 2305/18503 2374/18504
f 2382/18505 2354/18506 2381/18507
f 2307/18508 2354/18509 2382/18510
f 2385/18511 2381/18512 2354/18513
f 2355/18514 2387/18515 2342/18516
f 2355/18517 2356/18518 2382/18519
f 2356/18520 2307/18521 2382/18522
f 2325/18523 2385/18524 2354/18525
f 2391/18526 2357/18527 2390/18528
f 2358/18529 2357/18530 2391/18531
f 2390/18532 2359/18533 2392/18534
f 2357/18535 2359/18536 2390/18537
f 2359/18538 2360/18539 2394/18540
f 2394/18541 2392/18542 2359/18543
f 2361/18544 2362/18545 2396/18546
f 2396/18547 2395/18548 2361/18549
f 2396/18550 2363/18551 2365/18552
f 2362/18553 2363/18554 2396/18555
f 2365/18556 2364/18557 2398/18558
f 2398/18559 2364/18560 2400/18561
f 2400/18562 2358/18563 2391/18564
f 2364/18565 2358/18566 2400/18567
f 2372/18568 2369/18569 2401/18570
f 2394/18571 2360/18572 2403/18573
f 2360/18574 2371/18575 2405/18576
f 2405/18577 2403/18578 2360/18579
f 2372/18580 2405/18581 2371/18582
f 2369/18583 2373/18584 2407/18585
f 2407/18586 2401/18587 2369/18588
f 2409/18589 2407/18590 2373/18591
f 2409/18592 2376/18593 2411/18594
f 2373/18595 2376/18596 2409/18597
f 2411/18598 2376/18599 2413/18600
f 2413/18601 2376/18602 2402/18603
f 2376/18604 2374/18605 2402/18606
f 2382/18607 2381/18608 2414/18609
f 2381/18610 2385/18611 2415/18612
f 2387/18613 2355/18614 2417/18615
f 2417/18616 2416/18617 2387/18618
f 2417/18619 2382/18620 2414/18621
f 2355/18622 2382/18623 2417/18624
f 2385/18625 2325/18626 2415/18627
f 2445/18628 2415/18629 2325/18630
f 2524/18631 2525/18632 2554/18633
f 2554/18634 2553/18635 2524/18636
f 2555/18637 2554/18638 2525/18639
f 2527/18640 2556/18641 2526/18642
f 2525/18643 2526/18644 2556/18645
f 2556/18646 2555/18647 2525/18648
f 2559/18649 2529/18650 2561/18651
f 2528/18652 2529/18653 2559/18654
f 2559/18655 2560/18656 2528/18657
f 2561/18658 2531/18659 2562/18660
f 2529/18661 2531/18662 2561/18663
f 2531/18664 2524/18665 2562/18666
f 2535/18667 2534/18668 2565/18669
f 2565/18670 2534/18671 2581/18672
f 2534/18673 2536/18674 2582/18675
f 2582/18676 2581/18677 2534/18678
f 2527/18679 2537/18680 2535/18681
f 2583/18682 2539/18683 2584/18684
f 2536/18685 2539/18686 2583/18687
f 2583/18688 2582/18689 2536/18690
f 2539/18691 2506/18692 2584/18693
f 2506/18694 2538/18695 2564/18696
f 2564/18697 2584/18698 2506/18699
f 2540/18700 2508/18701 2586/18702
f 2586/18703 2585/18704 2540/18705
f 2508/18706 2541/18707 2587/18708
f 2587/18709 2586/18710 2508/18711
f 2541/18712 2509/18713 2587/18714
f 2542/18715 2540/18716 2585/18717
f 2585/18718 2578/18719 2542/18720
f 2523/18721 2587/18722 2509/18723
f 2652/18724 2618/18725 2650/18726
f 2646/18727 2653/18728 2645/18729
f 2646/18730 2618/18731 2652/18732
f 2618/18733 2620/18734 2655/18735
f 2655/18736 2650/18737 2618/18738
f 2655/18739 2620/18740 2658/18741
f 2649/18742 2621/18743 2664/18744
f 2617/18745 2621/18746 2649/18747
f 2664/18748 2622/18749 2667/18750
f 2621/18751 2622/18752 2664/18753
f 2658/18754 2625/18755 2671/18756
f 2672/18757 2671/18758 2625/18759
f 2626/18760 2599/18761 2673/18762
f 2625/18763 2626/18764 2673/18765
f 2673/18766 2672/18767 2625/18768
f 2620/18769 2625/18770 2658/18771
f 2673/18772 2627/18773 2675/18774
f 2599/18775 2627/18776 2673/18777
f 2675/18778 2623/18779 2656/18780
f 2627/18781 2623/18782 2675/18783
f 2630/18784 2631/18785 2677/18786
f 2677/18787 2669/18788 2630/18789
f 2677/18790 2631/18791 2678/18792
f 2678/18793 2633/18794 2679/18795
f 2610/18796 2633/18797 2678/18798
f 2679/18799 2633/18800 2628/18801
f 2631/18802 2610/18803 2678/18804
f 2709/18805 2708/18806 2684/18807
f 2709/18808 2681/18809 2711/18810
f 2684/18811 2681/18812 2709/18813
f 2716/18814 2715/18815 2680/18816
f 2715/18817 2652/18818 2680/18819
f 2711/18820 2652/18821 2715/18822
f 2711/18823 2681/18824 2652/18825
f 2680/18826 2682/18827 2717/18828
f 2717/18829 2716/18830 2680/18831
f 2712/18832 2717/18833 2682/18834
f 2713/18835 2683/18836 2720/18837
f 2649/18838 2683/18839 2713/18840
f 2708/18841 2720/18842 2684/18843
f 2720/18844 2683/18845 2684/18846
f 2722/18847 2682/18848 2685/18849
f 2722/18850 2712/18851 2682/18852
f 2685/18853 2686/18854 2724/18855
f 2724/18856 2722/18857 2685/18858
f 2727/18859 2687/18860 2726/18861
f 2687/18862 2688/18863 2726/18864
f 2686/18865 2687/18866 2727/18867
f 2727/18868 2724/18869 2686/18870
f 2726/18871 2689/18872 2719/18873
f 2688/18874 2689/18875 2726/18876
f 2689/18877 2656/18878 2719/18879
f 2693/18880 2677/18881 2736/18882
f 2691/18883 2736/18884 2677/18885
f 2691/18886 2679/18887 2695/18888
f 2695/18889 2734/18890 2691/18891
f 2757/18892 2695/18893 2628/18894
f 2647/18895 2326/18896 2457/18897
f 2326/18898 2327/18899 2457/18900
f 2885/18901 2897/18902 2911/18903
f 2897/18904 2898/18905 2912/18906
f 2913/18907 2900/18908 2914/18909
f 2899/18910 2900/18911 2913/18912
f 2899/18913 2912/18914 2898/18915
f 2916/18916 2901/18917 2915/18918
f 2915/18919 2903/18920 2918/18921
f 2901/18922 2903/18923 2915/18924
f 2904/18925 2918/18926 2903/18927
f 2914/18928 2901/18929 2916/18930
f 2900/18931 2901/18932 2914/18933
f 2923/18934 2908/18935 2922/18936
f 2908/18937 2909/18938 2925/18939
f 2925/18940 2922/18941 2908/18942
f 2904/18943 2908/18944 2923/18945
f 2925/18946 2909/18947 2920/18948
f 2909/18949 2859/18950 2920/18951
f 2932/18952 2928/18953 2882/18954
f 2826/18955 2932/18956 2882/18957
f 2907/18958 2910/18959 2934/18960
f 2934/18961 2910/18962 2928/18963
f 2910/18964 2882/18965 2928/18966
f 3046/18967 2980/18968 2964/18969
f 2964/18970 2826/18971 3046/18972
f 3046/18973 2826/18974 3048/18975
f 3053/18976 3077/18977 3104/18978
f 3087/18979 3088/18980 3105/18981
f 3088/18982 3053/18983 3104/18984
f 3077/18985 3089/18986 3106/18987
f 3089/18988 3090/18989 3107/18990
f 3107/18991 3106/18992 3089/18993
f 3107/18994 3091/18995 3110/18996
f 3091/18997 3092/18998 3112/18999
f 3112/19000 3110/19001 3091/19002
f 3090/19003 3091/19004 3107/19005
f 3112/19006 3092/19007 3079/19008
f 3083/19009 3093/19010 3116/19011
f 3094/19012 3072/19013 3119/19014
f 3093/19015 3094/19016 3117/19017
f 3119/19018 3072/19019 3123/19020
f 3157/19021 3132/19022 3155/19023
f 3158/19024 3155/19025 3132/19026
f 3105/19027 3133/19028 3161/19029
f 3157/19030 3161/19031 3133/19032
f 3133/19033 3132/19034 3157/19035
f 3134/19036 3107/19037 3165/19038
f 3132/19039 3134/19040 3165/19041
f 3165/19042 3158/19043 3132/19044
f 3165/19045 3135/19046 3167/19047
f 3107/19048 3135/19049 3165/19050
f 3167/19051 3136/19052 3156/19053
f 3135/19054 3136/19055 3167/19056
f 3168/19057 3138/19058 3169/19059
f 3137/19060 3138/19061 3168/19062
f 3138/19063 3117/19064 3169/19065
f 3169/19066 3117/19067 3139/19068
f 3139/19069 3123/19070 3171/19071
f 3183/19072 3155/19073 3181/19074
f 3157/19075 3155/19076 3183/19077
f 3181/19078 3158/19079 3184/19080
f 3155/19081 3158/19082 3181/19083
f 3161/19084 3157/19085 3183/19086
f 3191/19087 3165/19088 3190/19089
f 3158/19090 3165/19091 3191/19092
f 3191/19093 3184/19094 3158/19095
f 3165/19096 3167/19097 3200/19098
f 3200/19099 3190/19100 3165/19101
f 3200/19102 3167/19103 3156/19104
f 3205/19105 3169/19106 3204/19107
f 3168/19108 3169/19109 3205/19110
f 3204/19111 3139/19112 3171/19113
f 3169/19114 3139/19115 3204/19116
f 3206/19117 3192/19118 3207/19119
f 3181/19120 3210/19121 3183/19122
f 3181/19123 3184/19124 3212/19125
f 3220/19126 3191/19127 3190/19128
f 3191/19129 3212/19130 3184/19131
f 3220/19132 3200/19133 3209/19134
f 3190/19135 3200/19136 3220/19137
f 3200/19138 3156/19139 3209/19140
f 3205/19141 3204/19142 3227/19143
f 3168/19144 3205/19145 3227/19146
f 3227/19147 3217/19148 3168/19149
f 3204/19150 3171/19151 3225/19152
f 3210/19153 3181/19154 3230/19155
f 3230/19156 3212/19157 3233/19158
f 3181/19159 3212/19160 3230/19161
f 3233/19162 3220/19163 3238/19164
f 3191/19165 3220/19166 3233/19167
f 3243/19168 3238/19169 3220/19170
f 3212/19171 3191/19172 3233/19173
f 3220/19174 3209/19175 3231/19176
f 3231/19177 3243/19178 3220/19179
f 3252/19180 3227/19181 3204/19182
f 3252/19183 3250/19184 3227/19185
f 3250/19186 3241/19187 3227/19188
f 3241/19189 3217/19190 3227/19191
f 3252/19192 3225/19193 3248/19194
f 3204/19195 3225/19196 3252/19197
f 3248/19198 3225/19199 3171/19200
f 3171/19201 3048/19202 3248/19203
f 3259/19204 3257/19205 3231/19206
f 3259/19207 3255/19208 3257/19209
f 3231/19210 3232/19211 3261/19212
f 3261/19213 3259/19214 3231/19215
f 3261/19216 3232/19217 3260/19218
f 3262/19219 3260/19220 3234/19221
f 3260/19222 3232/19223 3234/19224
f 3234/19225 3235/19226 3262/19227
f 3265/19228 3237/19229 3236/19230
f 3268/19231 3224/19232 3267/19233
f 3236/19234 3239/19235 3268/19236
f 3268/19237 3265/19238 3236/19239
f 3239/19240 3224/19241 3268/19242
f 3237/19243 3262/19244 3235/19245
f 3258/19246 3240/19247 3269/19248
f 3207/19249 3240/19250 3258/19251
f 3240/19252 3241/19253 3269/19254
f 3271/19255 3242/19256 3270/19257
f 3272/19258 3270/19259 3242/19260
f 3245/19261 3244/19262 3273/19263
f 3242/19264 3245/19265 3273/19266
f 3273/19267 3272/19268 3242/19269
f 3273/19270 3246/19271 3274/19272
f 3244/19273 3246/19274 3273/19275
f 3246/19276 3222/19277 3274/19278
f 3267/19279 3247/19280 3275/19281
f 3224/19282 3247/19283 3267/19284
f 3275/19285 3247/19286 3271/19287
f 3247/19288 3242/19289 3271/19290
f 3276/19291 3251/19292 3277/19293
f 3249/19294 3251/19295 3276/19296
f 3256/19297 3278/19298 3253/19299
f 3278/19300 3277/19301 3253/19302
f 3277/19303 3251/19304 3253/19305
f 3249/19306 3274/19307 3222/19308
f 3255/19309 3259/19310 3283/19311
f 3285/19312 3260/19313 3284/19314
f 3261/19315 3283/19316 3259/19317
f 3261/19318 3260/19319 3285/19320
f 3260/19321 3262/19322 3284/19323
f 3284/19324 3262/19325 3288/19326
f 3288/19327 3265/19328 3289/19329
f 3237/19330 3265/19331 3288/19332
f 3290/19333 3289/19334 3265/19335
f 3268/19336 3267/19337 3291/19338
f 3268/19339 3290/19340 3265/19341
f 3262/19342 3237/19343 3288/19344
f 3282/19345 3258/19346 3292/19347
f 3258/19348 3269/19349 3293/19350
f 3293/19351 3292/19352 3258/19353
f 3294/19354 3293/19355 3269/19356
f 3296/19357 3270/19358 3295/19359
f 3271/19360 3270/19361 3296/19362
f 3295/19363 3272/19364 3297/19365
f 3270/19366 3272/19367 3295/19368
f 3301/19369 3297/19370 3273/19371
f 3301/19372 3299/19373 3297/19374
f 3299/19375 3272/19376 3273/19377
f 3273/19378 3274/19379 3302/19380
f 3302/19381 3301/19382 3273/19383
f 3298/19384 3302/19385 3274/19386
f 3291/19387 3275/19388 3296/19389
f 3267/19390 3275/19391 3291/19392
f 3275/19393 3271/19394 3296/19395
f 3274/19396 3249/19397 3276/19398
f 3276/19399 3298/19400 3274/19401
f 3276/19402 3277/19403 3304/19404
f 3306/19405 3256/19406 3281/19407
f 3278/19408 3256/19409 3306/19410
f 3278/19411 3304/19412 3277/19413
f 3311/19414 3282/19415 3329/19416
f 3263/19417 3286/19418 3331/19419
f 3337/19420 3315/19421 3335/19422
f 3316/19423 3315/19424 3337/19425
f 3331/19426 3316/19427 3337/19428
f 3286/19429 3316/19430 3331/19431
f 3335/19432 3315/19433 3339/19434
f 3339/19435 3315/19436 3330/19437
f 3315/19438 3309/19439 3330/19440
f 3318/19441 3305/19442 3349/19443
f 3344/19444 3320/19445 3352/19446
f 3320/19447 3318/19448 3353/19449
f 3353/19450 3352/19451 3320/19452
f 3349/19453 3353/19454 3318/19455
f 3308/19456 3349/19457 3305/19458
f 3381/19459 3330/19460 3380/19461
f 3330/19462 3358/19463 3382/19464
f 3382/19465 3380/19466 3330/19467
f 3359/19468 3382/19469 3358/19470
f 3361/19471 3360/19472 3384/19473
f 3359/19474 3362/19475 3385/19476
f 3362/19477 3363/19478 3385/19479
f 3363/19480 3361/19481 3384/19482
f 3384/19483 3360/19484 3387/19485
f 3387/19486 3360/19487 3364/19488
f 3388/19489 3387/19490 3364/19491
f 3388/19492 3386/19493 3387/19494
f 3364/19495 3365/19496 3388/19497
f 3389/19498 3357/19499 3366/19500
f 3366/19501 3343/19502 3389/19503
f 3390/19504 3367/19505 3344/19506
f 3390/19507 3343/19508 3367/19509
f 3390/19510 3389/19511 3343/19512
f 3368/19513 3365/19514 3346/19515
f 3368/19516 3391/19517 3365/19518
f 3368/19519 3371/19520 3392/19521
f 3370/19522 3392/19523 3371/19524
f 3394/19525 3372/19526 3393/19527
f 3393/19528 3373/19529 3395/19530
f 3372/19531 3373/19532 3393/19533
f 3370/19534 3375/19535 3396/19536
f 3396/19537 3372/19538 3394/19539
f 3375/19540 3372/19541 3396/19542
f 3354/19543 3376/19544 3397/19545
f 3395/19546 3373/19547 3397/19548
f 3373/19549 3354/19550 3397/19551
f 3376/19552 3378/19553 3398/19554
f 3398/19555 3378/19556 3357/19557
f 3403/19558 3349/19559 3308/19560
f 3403/19561 3401/19562 3349/19563
f 3404/19564 3397/19565 3376/19566
f 3404/19567 3395/19568 3397/19569
f 3404/19570 3398/19571 3407/19572
f 3376/19573 3398/19574 3404/19575
f 3398/19576 3357/19577 3407/19578
f 3383/19579 3399/19580 3416/19581
f 3416/19582 3399/19583 3418/19584
f 3418/19585 3381/19586 3405/19587
f 3418/19588 3399/19589 3381/19590
f 3400/19591 3377/19592 3421/19593
f 3401/19594 3421/19595 3377/19596
f 3390/19597 3400/19598 3421/19599
f 3421/19600 3420/19601 3390/19602
f 3431/19603 3404/19604 3429/19605
f 3429/19606 3404/19607 3433/19608
f 3395/19609 3404/19610 3431/19611
f 3404/19612 3407/19613 3435/19614
f 3435/19615 3433/19616 3404/19617
f 3437/19618 3435/19619 3407/19620
f 3442/19621 3383/19622 3416/19623
f 3416/19624 3418/19625 3430/19626
f 3418/19627 3405/19628 3430/19629
f 3446/19630 3445/19631 3421/19632
f 3421/19633 3401/19634 3446/19635
f 3447/19636 3446/19637 3401/19638
f 3420/19639 3421/19640 3445/19641
f 3403/19642 3402/19643 3498/19644
f 3526/19645 3527/19646 3552/19647
f 3528/19648 3552/19649 3527/19650
f 3555/19651 3508/19652 3531/19653
f 3531/19654 3499/19655 3551/19656
f 3514/19657 3533/19658 3561/19659
f 3561/19660 3560/19661 3514/19662
f 3561/19663 3533/19664 3535/19665
f 3498/19666 3621/19667 3535/19668
f 3621/19669 3579/19670 3535/19671
f 3837/19672 3815/19673 3814/19674
f 3839/19675 3837/19676 3814/19677
f 3841/19678 3816/19679 3840/19680
f 3816/19681 3803/19682 3840/19683
f 3814/19684 3816/19685 3841/19686
f 3841/19687 3839/19688 3814/19689
f 3840/19690 3820/19691 3843/19692
f 3803/19693 3820/19694 3840/19695
f 3820/19696 3807/19697 3843/19698
f 3815/19699 3837/19700 3858/19701
f 3858/19702 3857/19703 3815/19704
f 3837/19705 3839/19706 3841/19707
f 3841/19708 3858/19709 3837/19710
f 3841/19711 3840/19712 3859/19713
f 3859/19714 3840/19715 3860/19716
f 3840/19717 3843/19718 3860/19719
f 3899/19720 3897/19721 3901/19722
f 3877/19723 3897/19724 3899/19725
f 3897/19726 3863/19727 3901/19728
f 3881/19729 3858/19730 3904/19731
f 3880/19732 3904/19733 3858/19734
f 3903/19735 3859/19736 3882/19737
f 3880/19738 3859/19739 3903/19740
f 3882/19741 3883/19742 3905/19743
f 3884/19744 3901/19745 3863/19746
f 3919/19747 3940/19748 3942/19749
f 3940/19750 3920/19751 3943/19752
f 3943/19753 3920/19754 3945/19755
f 3920/19756 3901/19757 3945/19758
f 3921/19759 3903/19760 3946/19761
f 3922/19762 3921/19763 3946/19764
f 3946/19765 3923/19766 3948/19767
f 3903/19768 3923/19769 3946/19770
f 3948/19771 3923/19772 3935/19773
f 3923/19774 3905/19775 3935/19776
f 3974/19777 3924/19778 3884/19779
f 4085/19780 4066/19781 4065/19782
f 4087/19783 4049/19784 4066/19785
f 4072/19786 4085/19787 4065/19788
f 4198/19789 4197/19790 4168/19791
f 4168/19792 4183/19793 4199/19794
f 4199/19795 4198/19796 4168/19797
f 4200/19798 4185/19799 4184/19800
f 4200/19801 4186/19802 4201/19803
f 4184/19804 4186/19805 4200/19806
f 4186/19807 4173/19808 4201/19809
f 4187/19810 4201/19811 4173/19812
f 4187/19813 4188/19814 4190/19815
f 4185/19816 4202/19817 4174/19818
f 4190/19819 4189/19820 4203/19821
f 4189/19822 4191/19823 4203/19824
f 4204/19825 4178/19826 4205/19827
f 4191/19828 4178/19829 4204/19830
f 4178/19831 4168/19832 4197/19833
f 4197/19834 4205/19835 4178/19836
f 4208/19837 4183/19838 4193/19839
f 4208/19840 4207/19841 4183/19842
f 4207/19843 4199/19844 4183/19845
f 4208/19846 4180/19847 4206/19848
f 4193/19849 4180/19850 4208/19851
f 4180/19852 4192/19853 4206/19854
f 4192/19855 4194/19856 4209/19857
f 4195/19858 4209/19859 4194/19860
f 4195/19861 4196/19862 4210/19863
f 4196/19864 4182/19865 4210/19866
f 4197/19867 4198/19868 4211/19869
f 4199/19870 4211/19871 4198/19872
f 4185/19873 4200/19874 4212/19875
f 4213/19876 4212/19877 4200/19878
f 4201/19879 4213/19880 4200/19881
f 4214/19882 4187/19883 4215/19884
f 4201/19885 4187/19886 4214/19887
f 4215/19888 4190/19889 4216/19890
f 4187/19891 4190/19892 4215/19893
f 4174/19894 4202/19895 4217/19896
f 4212/19897 4217/19898 4202/19899
f 4202/19900 4185/19901 4212/19902
f 4216/19903 4190/19904 4218/19905
f 4218/19906 4203/19907 4219/19908
f 4190/19909 4203/19910 4218/19911
f 4221/19912 4220/19913 4204/19914
f 4220/19915 4191/19916 4204/19917
f 4219/19918 4203/19919 4220/19920
f 4203/19921 4191/19922 4220/19923
f 4204/19924 4205/19925 4221/19926
f 4197/19927 4221/19928 4205/19929
f 4206/19930 4192/19931 4222/19932
f 4223/19933 4207/19934 4208/19935
f 4199/19936 4207/19937 4223/19938
f 4208/19939 4206/19940 4222/19941
f 4209/19942 4222/19943 4192/19944
f 4121/19945 4091/19946 4182/19947
f 381/19948 333/19949 407/19950
f 407/19951 418/19952 381/19953
f 333/19954 314/19955 397/19956
f 397/19957 407/19958 333/19959
f 397/19960 290/19961 381/19962
f 314/19963 290/19964 397/19965
f 682/19966 866/19967 543/19968
f 681/19969 841/19970 876/19971
f 876/19972 846/19973 890/19974
f 841/19975 846/19976 876/19977
f 846/19978 847/19979 891/19980
f 891/19981 890/19982 846/19983
f 850/19984 848/19985 892/19986
f 848/19987 851/19988 893/19989
f 893/19990 892/19991 848/19992
f 851/19993 852/19994 893/19995
f 895/19996 853/19997 894/19998
f 894/19999 854/20000 896/20001
f 853/20002 854/20003 894/20004
f 852/20005 853/20006 895/20007
f 895/20008 893/20009 852/20010
f 898/20011 855/20012 897/20013
f 855/20014 843/20015 899/20016
f 899/20017 897/20018 855/20019
f 883/20020 899/20021 843/20022
f 854/20023 856/20024 900/20025
f 900/20026 896/20027 854/20028
f 856/20029 855/20030 898/20031
f 898/20032 900/20033 856/20034
f 902/20035 901/20036 857/20037
f 901/20038 847/20039 857/20040
f 857/20041 858/20042 903/20043
f 903/20044 902/20045 857/20046
f 860/20047 903/20048 858/20049
f 891/20050 847/20051 901/20052
f 904/20053 860/20054 859/20055
f 904/20056 861/20057 905/20058
f 859/20059 861/20060 904/20061
f 861/20062 862/20063 906/20064
f 906/20065 905/20066 861/20067
f 850/20068 906/20069 862/20070
f 885/20071 863/20072 877/20073
f 822/20074 863/20075 885/20076
f 959/20077 931/20078 960/20079
f 930/20080 931/20081 959/20082
f 934/20083 933/20084 962/20085
f 931/20086 935/20087 934/20088
f 934/20089 960/20090 931/20091
f 962/20092 936/20093 965/20094
f 933/20095 936/20096 962/20097
f 965/20098 938/20099 943/20100
f 936/20101 938/20102 965/20103
f 967/20104 940/20105 969/20106
f 939/20107 940/20108 967/20109
f 940/20110 941/20111 959/20112
f 959/20113 969/20114 940/20115
f 941/20116 930/20117 959/20118
f 943/20119 942/20120 972/20121
f 972/20122 942/20123 973/20124
f 942/20125 889/20126 974/20127
f 974/20128 973/20129 942/20130
f 866/20131 974/20132 889/20133
f 1129/20134 1114/20135 1131/20136
f 1112/20137 1114/20138 1129/20139
f 1108/20140 1115/20141 1134/20142
f 1134/20143 1133/20144 1108/20145
f 1115/20146 1116/20147 1135/20148
f 1135/20149 1134/20150 1115/20151
f 1116/20152 1112/20153 1129/20154
f 1129/20155 1135/20156 1116/20157
f 1114/20158 1085/20159 1140/20160
f 1140/20161 1131/20162 1114/20163
f 1085/20164 1086/20165 1138/20166
f 1138/20167 1140/20168 1085/20169
f 1138/20170 1087/20171 1142/20172
f 1086/20173 1087/20174 1138/20175
f 1087/20176 1088/20177 1142/20178
f 1145/20179 1089/20180 1143/20181
f 1090/20182 1089/20183 1145/20184
f 1145/20185 1139/20186 1090/20187
f 1143/20188 1091/20189 1146/20190
f 1089/20191 1091/20192 1143/20193
f 1146/20194 1092/20195 1147/20196
f 1091/20197 1092/20198 1146/20199
f 1092/20200 1093/20201 1147/20202
f 1149/20203 1095/20204 1151/20205
f 1094/20206 1095/20207 1149/20208
f 1153/20209 1096/20210 1152/20211
f 1095/20212 1098/20213 1154/20214
f 1154/20215 1151/20216 1095/20217
f 1098/20218 1096/20219 1153/20220
f 1153/20221 1154/20222 1098/20223
f 1156/20224 1101/20225 1155/20226
f 1101/20227 1102/20228 1155/20229
f 1096/20230 1103/20231 1152/20232
f 1152/20233 1105/20234 1156/20235
f 1103/20236 1105/20237 1152/20238
f 1105/20239 1101/20240 1156/20241
f 1088/20242 1094/20243 1149/20244
f 1149/20245 1142/20246 1088/20247
f 1155/20248 1109/20249 1157/20250
f 1102/20251 1109/20252 1155/20253
f 1109/20254 1075/20255 1157/20256
f 1075/20257 1111/20258 1158/20259
f 1158/20260 1157/20261 1075/20262
f 1111/20263 1113/20264 1158/20265
f 1113/20266 1054/20267 1144/20268
f 987/20269 1126/20270 1162/20271
f 1163/20272 1126/20273 1128/20274
f 1126/20275 1127/20276 1128/20277
f 1163/20278 1162/20279 1126/20280
f 1163/20281 1128/20282 1165/20283
f 991/20284 1165/20285 1117/20286
f 1165/20287 1128/20288 1117/20289
f 873/20290 683/20291 1171/20292
f 1171/20293 1130/20294 1172/20295
f 683/20296 1130/20297 1171/20298
f 1172/20299 1132/20300 1174/20301
f 1100/20302 1132/20303 1172/20304
f 1174/20305 1132/20306 1175/20307
f 1130/20308 1100/20309 1172/20310
f 1179/20311 1137/20312 1136/20313
f 1179/20314 1177/20315 1137/20316
f 1136/20317 1139/20318 1173/20319
f 1173/20320 1179/20321 1136/20322
f 1132/20323 1141/20324 1180/20325
f 1180/20326 1175/20327 1132/20328
f 1177/20329 1141/20330 1137/20331
f 1177/20332 1180/20333 1141/20334
f 1183/20335 1144/20336 1182/20337
f 1182/20338 867/20339 1184/20340
f 1144/20341 867/20342 1182/20343
f 1185/20344 1184/20345 867/20346
f 1178/20347 1148/20348 1186/20349
f 1147/20350 1148/20351 1178/20352
f 1186/20353 1150/20354 1187/20355
f 1148/20356 1150/20357 1186/20358
f 1188/20359 1133/20360 1164/20361
f 1187/20362 1133/20363 1188/20364
f 1150/20365 1133/20366 1187/20367
f 1544/20368 1543/20369 1504/20370
f 1544/20371 1542/20372 1543/20373
f 1544/20374 1507/20375 1546/20376
f 1504/20377 1507/20378 1544/20379
f 1546/20380 1507/20381 1545/20382
f 1507/20383 1497/20384 1545/20385
f 1550/20386 1510/20387 1551/20388
f 1509/20389 1510/20390 1550/20391
f 1548/20392 1551/20393 1512/20394
f 1551/20395 1510/20396 1512/20397
f 1554/20398 1512/20399 1514/20400
f 1554/20401 1548/20402 1512/20403
f 1554/20404 1516/20405 1543/20406
f 1514/20407 1516/20408 1554/20409
f 1516/20410 1480/20411 1543/20412
f 1480/20413 1504/20414 1543/20415
f 1519/20416 1518/20417 1557/20418
f 1557/20419 1559/20420 1519/20421
f 1562/20422 1560/20423 1521/20424
f 1560/20425 1494/20426 1521/20427
f 1564/20428 1545/20429 1522/20430
f 1545/20431 1497/20432 1522/20433
f 1522/20434 1498/20435 1565/20436
f 1565/20437 1564/20438 1522/20439
f 1565/20440 1498/20441 1560/20442
f 1498/20443 1525/20444 1560/20445
f 1525/20446 1494/20447 1560/20448
f 1521/20449 1527/20450 1562/20451
f 1567/20452 1527/20453 1529/20454
f 1567/20455 1562/20456 1527/20457
f 1568/20458 1529/20459 1501/20460
f 1568/20461 1567/20462 1529/20463
f 1568/20464 1531/20465 1569/20466
f 1501/20467 1531/20468 1568/20469
f 1523/20470 1569/20471 1531/20472
f 1570/20473 1540/20474 1539/20475
f 1486/20476 1540/20477 1570/20478
f 1428/20479 1730/20480 1125/20481
f 1805/20482 1739/20483 1806/20484
f 1803/20485 1805/20486 1810/20487
f 1810/20488 1809/20489 1803/20490
f 1806/20491 1810/20492 1805/20493
f 1797/20494 1770/20495 1811/20496
f 1813/20497 1783/20498 1814/20499
f 1780/20500 1783/20501 1813/20502
f 1817/20503 1786/20504 1816/20505
f 1783/20506 1788/20507 1814/20508
f 1788/20509 1786/20510 1817/20511
f 1817/20512 1814/20513 1788/20514
f 1816/20515 1789/20516 1819/20517
f 1786/20518 1789/20519 1816/20520
f 1821/20521 1819/20522 1789/20523
f 1806/20524 1792/20525 1823/20526
f 1739/20527 1792/20528 1806/20529
f 1792/20530 1780/20531 1824/20532
f 1824/20533 1823/20534 1792/20535
f 1813/20536 1824/20537 1780/20538
f 1821/20539 1796/20540 1825/20541
f 1796/20542 1798/20543 1825/20544
f 1827/20545 1744/20546 1826/20547
f 1798/20548 1799/20549 1827/20550
f 1827/20551 1825/20552 1798/20553
f 1799/20554 1744/20555 1827/20556
f 1789/20557 1796/20558 1821/20559
f 1744/20560 1800/20561 1828/20562
f 1828/20563 1826/20564 1744/20565
f 1800/20566 1801/20567 1829/20568
f 1829/20569 1828/20570 1800/20571
f 1801/20572 1779/20573 1829/20574
f 1831/20575 1755/20576 1802/20577
f 1831/20578 1830/20579 1755/20580
f 1802/20581 1719/20582 1730/20583
f 1730/20584 1831/20585 1802/20586
f 1833/20587 1804/20588 1830/20589
f 1791/20590 1804/20591 1833/20592
f 1830/20593 1804/20594 1755/20595
f 1924/20596 1883/20597 1887/20598
f 1883/20599 1866/20600 1887/20601
f 1925/20602 1923/20603 1960/20604
f 1960/20605 1926/20606 1961/20607
f 1923/20608 1926/20609 1960/20610
f 1926/20611 1928/20612 1961/20613
f 1928/20614 1929/20615 1961/20616
f 1929/20617 1889/20618 1965/20619
f 1965/20620 1964/20621 1929/20622
f 1965/20623 1893/20624 1966/20625
f 1889/20626 1893/20627 1965/20628
f 1966/20629 1930/20630 1967/20631
f 1893/20632 1930/20633 1966/20634
f 1930/20635 1931/20636 1967/20637
f 1970/20638 1894/20639 1969/20640
f 1894/20641 1932/20642 1972/20643
f 1972/20644 1969/20645 1894/20646
f 1932/20647 1933/20648 1973/20649
f 1973/20650 1972/20651 1932/20652
f 1935/20653 1934/20654 1976/20655
f 1933/20656 1936/20657 1973/20658
f 1973/20659 1937/20660 1978/20661
f 1936/20662 1937/20663 1973/20664
f 1937/20665 1913/20666 1935/20667
f 1935/20668 1978/20669 1937/20670
f 1931/20671 1940/20672 1970/20673
f 1970/20674 1967/20675 1931/20676
f 1940/20677 1894/20678 1970/20679
f 1976/20680 1941/20681 1988/20682
f 1934/20683 1941/20684 1976/20685
f 1941/20686 1942/20687 1988/20688
f 1988/20689 1943/20690 1989/20691
f 1942/20692 1943/20693 1988/20694
f 1989/20695 1945/20696 1990/20697
f 1943/20698 1945/20699 1989/20700
f 1990/20701 1945/20702 1977/20703
f 1945/20704 1946/20705 1977/20706
f 1949/20707 1950/20708 1991/20709
f 1993/20710 1951/20711 1992/20712
f 1950/20713 1919/20714 1991/20715
f 1919/20716 1951/20717 1993/20718
f 1993/20719 1991/20720 1919/20721
f 1951/20722 1920/20723 1994/20724
f 1994/20725 1992/20726 1951/20727
f 1994/20728 1920/20729 1881/20730
f 1949/20731 1987/20732 1924/20733
f 1997/20734 1995/20735 1960/20736
f 1995/20737 1925/20738 1960/20739
f 1960/20740 1961/20741 2000/20742
f 2000/20743 1997/20744 1960/20745
f 2000/20746 1961/20747 2001/20748
f 2003/20749 1965/20750 2004/20751
f 1964/20752 1965/20753 2003/20754
f 2002/20755 2004/20756 1966/20757
f 2004/20758 1965/20759 1966/20760
f 2006/20761 1966/20762 1967/20763
f 2006/20764 2002/20765 1966/20766
f 2006/20767 1967/20768 2007/20769
f 2009/20770 1970/20771 1969/20772
f 2009/20773 2008/20774 1970/20775
f 1969/20776 1972/20777 2011/20778
f 2011/20779 2009/20780 1969/20781
f 2010/20782 2011/20783 1973/20784
f 2011/20785 1972/20786 1973/20787
f 2013/20788 2012/20789 1976/20790
f 2012/20791 1935/20792 1976/20793
f 2014/20794 2010/20795 1973/20796
f 2014/20797 1978/20798 2012/20799
f 1973/20800 1978/20801 2014/20802
f 1978/20803 1935/20804 2012/20805
f 2008/20806 2007/20807 1970/20808
f 2007/20809 1967/20810 1970/20811
f 1976/20812 1988/20813 2016/20814
f 2016/20815 2013/20816 1976/20817
f 2015/20818 2016/20819 1988/20820
f 2017/20821 2015/20822 1989/20823
f 2015/20824 1988/20825 1989/20826
f 1989/20827 1990/20828 2017/20829
f 1977/20830 2017/20831 1990/20832
f 1949/20833 1991/20834 2020/20835
f 2020/20836 2019/20837 1949/20838
f 2023/20839 1993/20840 1992/20841
f 1993/20842 2020/20843 1991/20844
f 2025/20845 1881/20846 1731/20847
f 1992/20848 1994/20849 2023/20850
f 2025/20851 1994/20852 1881/20853
f 1987/20854 1949/20855 2019/20856
f 2148/20857 2149/20858 2181/20859
f 2181/20860 2180/20861 2148/20862
f 2185/20863 2152/20864 2184/20865
f 2184/20866 2153/20867 2186/20868
f 2152/20869 2153/20870 2184/20871
f 2153/20872 2116/20873 2187/20874
f 2187/20875 2186/20876 2153/20877
f 2116/20878 2154/20879 2188/20880
f 2188/20881 2187/20882 2116/20883
f 2154/20884 2155/20885 2190/20886
f 2190/20887 2189/20888 2154/20889
f 2191/20890 2190/20891 2155/20892
f 2191/20893 2157/20894 2192/20895
f 2122/20896 2157/20897 2191/20898
f 2157/20899 2158/20900 2192/20901
f 2155/20902 2122/20903 2191/20904
f 2194/20905 2160/20906 2193/20907
f 2161/20908 2160/20909 2194/20910
f 2195/20911 2193/20912 2160/20913
f 2160/20914 2163/20915 2196/20916
f 2196/20917 2195/20918 2160/20919
f 2158/20920 2161/20921 2194/20922
f 2194/20923 2192/20924 2158/20925
f 2163/20926 2166/20927 2196/20928
f 2196/20929 2168/20930 2197/20931
f 2166/20932 2168/20933 2196/20934
f 2197/20935 2168/20936 2159/20937
f 2168/20938 2136/20939 2159/20940
f 2171/20941 2170/20942 2198/20943
f 2199/20944 2171/20945 2198/20946
f 2128/20947 2171/20948 2199/20949
f 2170/20950 2173/20951 2200/20952
f 2200/20953 2142/20954 2201/20955
f 2173/20956 2142/20957 2200/20958
f 2203/20959 2175/20960 2202/20961
f 2175/20962 2145/20963 2202/20964
f 2142/20965 2175/20966 2203/20967
f 2203/20968 2201/20969 2142/20970
f 2328/20971 2290/20972 2323/20973
f 2328/20974 2294/20975 2330/20976
f 2323/20977 2294/20978 2328/20979
f 2332/20980 2288/20981 2324/20982
f 2332/20983 2331/20984 2288/20985
f 2324/20986 2287/20987 2332/20988
f 2285/20989 2343/20990 2286/20991
f 2343/20992 2332/20993 2286/20994
f 2332/20995 2287/20996 2286/20997
f 2285/20998 2289/20999 2347/21000
f 2328/21001 2347/21002 2290/21003
f 2347/21004 2289/21005 2290/21006
f 2349/21007 2293/21008 2291/21009
f 2330/21010 2294/21011 2293/21012
f 2294/21013 2263/21014 2293/21015
f 2349/21016 2297/21017 2348/21018
f 2291/21019 2297/21020 2349/21021
f 2348/21022 2297/21023 2299/21024
f 2350/21025 2348/21026 2300/21027
f 2348/21028 2299/21029 2300/21030
f 2300/21031 2301/21032 2351/21033
f 2351/21034 2350/21035 2300/21036
f 2352/21037 2303/21038 2302/21039
f 2352/21040 2351/21041 2303/21042
f 2351/21043 2301/21044 2303/21045
f 2302/21046 2304/21047 2353/21048
f 2305/21049 2353/21050 2304/21051
f 2354/21052 2307/21053 2306/21054
f 2355/21055 2342/21056 2308/21057
f 2342/21058 2309/21059 2308/21060
f 2355/21061 2310/21062 2356/21063
f 2308/21064 2310/21065 2355/21066
f 2307/21067 2356/21068 2310/21069
f 2354/21070 2312/21071 2325/21072
f 2306/21073 2312/21074 2354/21075
f 2312/21076 2240/21077 2325/21078
f 2494/21079 2463/21080 2460/21081
f 2457/21082 2465/21083 2495/21084
f 2495/21085 2466/21086 2494/21087
f 2465/21088 2466/21089 2495/21090
f 2466/21091 2463/21092 2494/21093
f 2501/21094 2498/21095 2470/21096
f 2498/21097 2472/21098 2470/21099
f 2502/21100 2501/21101 2470/21102
f 2504/21103 2475/21104 2503/21105
f 2503/21106 2475/21107 2474/21108
f 2504/21109 2502/21110 2475/21111
f 2502/21112 2470/21113 2475/21114
f 2512/21115 2511/21116 2478/21117
f 2511/21118 2448/21119 2478/21120
f 2478/21121 2449/21122 2513/21123
f 2513/21124 2512/21125 2478/21126
f 2503/21127 2480/21128 2511/21129
f 2474/21130 2480/21131 2503/21132
f 2511/21133 2480/21134 2448/21135
f 2515/21136 2452/21137 2514/21138
f 2483/21139 2452/21140 2515/21141
f 2514/21142 2485/21143 2516/21144
f 2452/21145 2485/21146 2514/21147
f 2485/21148 2487/21149 2517/21150
f 2517/21151 2516/21152 2485/21153
f 2487/21154 2486/21155 2518/21156
f 2518/21157 2517/21158 2487/21159
f 2488/21160 2489/21161 2519/21162
f 2449/21163 2488/21164 2519/21165
f 2519/21166 2513/21167 2449/21168
f 2489/21169 2483/21170 2515/21171
f 2520/21172 2425/21173 2521/21174
f 2464/21175 2425/21176 2520/21177
f 2522/21178 2469/21179 2500/21180
f 2490/21181 2469/21182 2522/21183
f 2521/21184 2490/21185 2522/21186
f 2425/21187 2490/21188 2521/21189
f 2326/21190 2114/21191 2327/21192
f 2589/21193 2556/21194 2588/21195
f 2588/21196 2527/21197 2590/21198
f 2556/21199 2527/21200 2588/21201
f 2555/21202 2556/21203 2589/21204
f 2592/21205 2561/21206 2593/21207
f 2559/21208 2561/21209 2592/21210
f 2560/21211 2559/21212 2592/21213
f 2562/21214 2593/21215 2561/21216
f 2535/21217 2565/21218 2596/21219
f 2565/21220 2581/21221 2598/21222
f 2581/21223 2582/21224 2599/21225
f 2599/21226 2598/21227 2581/21228
f 2590/21229 2535/21230 2596/21231
f 2527/21232 2535/21233 2590/21234
f 2599/21235 2583/21236 2601/21237
f 2583/21238 2584/21239 2604/21240
f 2604/21241 2601/21242 2583/21243
f 2582/21244 2583/21245 2599/21246
f 2604/21247 2584/21248 2564/21249
f 2608/21250 2585/21251 2607/21252
f 2607/21253 2586/21254 2609/21255
f 2585/21256 2586/21257 2607/21258
f 2606/21259 2610/21260 2587/21261
f 2610/21262 2609/21263 2587/21264
f 2609/21265 2586/21266 2587/21267
f 2578/21268 2585/21269 2608/21270
f 2587/21271 2523/21272 2606/21273
f 2620/21274 2618/21275 2588/21276
f 2618/21277 2589/21278 2588/21279
f 2588/21280 2590/21281 2620/21282
f 2621/21283 2617/21284 2592/21285
f 2592/21286 2593/21287 2622/21288
f 2622/21289 2621/21290 2592/21291
f 2593/21292 2562/21293 2622/21294
f 2625/21295 2596/21296 2565/21297
f 2625/21298 2598/21299 2626/21300
f 2565/21301 2598/21302 2625/21303
f 2626/21304 2598/21305 2599/21306
f 2625/21307 2590/21308 2596/21309
f 2625/21310 2620/21311 2590/21312
f 2627/21313 2599/21314 2601/21315
f 2627/21316 2604/21317 2623/21318
f 2601/21319 2604/21320 2627/21321
f 2604/21322 2564/21323 2623/21324
f 2631/21325 2630/21326 2607/21327
f 2630/21328 2608/21329 2607/21330
f 2607/21331 2609/21332 2631/21333
f 2610/21334 2606/21335 2633/21336
f 2610/21337 2631/21338 2609/21339
f 2633/21340 2606/21341 2628/21342
f 2652/21343 2650/21344 2680/21345
f 2681/21346 2646/21347 2652/21348
f 2653/21349 2646/21350 2681/21351
f 2680/21352 2655/21353 2682/21354
f 2650/21355 2655/21356 2680/21357
f 2655/21358 2658/21359 2682/21360
f 2649/21361 2664/21362 2683/21363
f 2664/21364 2667/21365 2684/21366
f 2684/21367 2683/21368 2664/21369
f 2682/21370 2671/21371 2685/21372
f 2658/21373 2671/21374 2682/21375
f 2671/21376 2672/21377 2686/21378
f 2686/21379 2685/21380 2671/21381
f 2688/21382 2687/21383 2673/21384
f 2687/21385 2686/21386 2673/21387
f 2686/21388 2672/21389 2673/21390
f 2673/21391 2675/21392 2689/21393
f 2689/21394 2688/21395 2673/21396
f 2689/21397 2675/21398 2656/21399
f 2669/21400 2677/21401 2693/21402
f 2691/21403 2677/21404 2678/21405
f 2679/21406 2691/21407 2678/21408
f 2679/21409 2628/21410 2695/21411
f 2714/21412 2690/21413 2713/21414
f 2713/21415 2690/21416 2649/21417
f 2714/21418 2647/21419 2690/21420
f 2714/21421 2710/21422 2647/21423
f 2719/21424 2656/21425 2718/21426
f 2656/21427 2692/21428 2721/21429
f 2721/21430 2718/21431 2656/21432
f 2694/21433 2721/21434 2692/21435
f 2697/21436 2696/21437 2723/21438
f 2698/21439 2699/21440 2728/21441
f 2728/21442 2725/21443 2698/21444
f 2694/21445 2698/21446 2725/21447
f 2728/21448 2700/21449 2697/21450
f 2699/21451 2700/21452 2728/21453
f 2729/21454 2723/21455 2696/21456
f 2696/21457 2701/21458 2730/21459
f 2730/21460 2729/21461 2696/21462
f 2701/21463 2702/21464 2731/21465
f 2731/21466 2703/21467 2732/21468
f 2702/21469 2703/21470 2731/21471
f 2731/21472 2730/21473 2701/21474
f 2732/21475 2704/21476 2733/21477
f 2705/21478 2704/21479 2732/21480
f 2704/21481 2666/21482 2737/21483
f 2737/21484 2733/21485 2704/21486
f 2735/21487 2706/21488 2737/21489
f 2735/21490 2666/21491 2706/21492
f 2736/21493 2738/21494 2693/21495
f 2738/21496 2670/21497 2693/21498
f 2739/21499 2737/21500 2706/21501
f 2706/21502 2707/21503 2740/21504
f 2740/21505 2739/21506 2706/21507
f 2738/21508 2707/21509 2670/21510
f 2738/21511 2740/21512 2707/21513
f 2703/21514 2705/21515 2732/21516
f 2797/21517 2773/21518 2828/21519
f 2828/21520 2827/21521 2797/21522
f 2828/21523 2799/21524 2830/21525
f 2773/21526 2799/21527 2828/21528
f 2798/21529 2830/21530 2799/21531
f 2832/21532 2800/21533 2831/21534
f 2800/21535 2801/21536 2833/21537
f 2833/21538 2831/21539 2800/21540
f 2798/21541 2802/21542 2834/21543
f 2834/21544 2803/21545 2832/21546
f 2802/21547 2803/21548 2834/21549
f 2803/21550 2800/21551 2832/21552
f 2797/21553 2829/21554 2805/21555
f 2836/21556 2806/21557 2835/21558
f 2833/21559 2801/21560 2836/21561
f 2801/21562 2806/21563 2836/21564
f 2807/21565 2835/21566 2806/21567
f 2807/21568 2808/21569 2837/21570
f 2823/21571 2825/21572 2842/21573
f 2825/21574 2789/21575 2842/21576
f 2842/21577 2824/21578 2821/21579
f 2842/21580 2789/21581 2824/21582
f 2897/21583 2857/21584 2856/21585
f 2897/21586 2885/21587 2857/21588
f 2898/21589 2897/21590 2856/21591
f 2900/21592 2899/21593 2858/21594
f 2899/21595 2898/21596 2858/21597
f 2898/21598 2856/21599 2858/21600
f 2903/21601 2832/21602 2870/21603
f 2903/21604 2901/21605 2832/21606
f 2870/21607 2871/21608 2904/21609
f 2904/21610 2903/21611 2870/21612
f 2858/21613 2873/21614 2901/21615
f 2901/21616 2900/21617 2858/21618
f 2873/21619 2832/21620 2901/21621
f 2908/21622 2878/21623 2909/21624
f 2871/21625 2878/21626 2908/21627
f 2908/21628 2904/21629 2871/21630
f 2878/21631 2879/21632 2909/21633
f 2859/21634 2909/21635 2879/21636
f 2882/21637 2821/21638 2826/21639
f 2907/21640 2883/21641 2910/21642
f 2880/21643 2883/21644 2907/21645
f 2883/21646 2884/21647 2910/21648
f 2882/21649 2910/21650 2884/21651
f 3132/21652 3104/21653 3077/21654
f 3105/21655 3088/21656 3133/21657
f 3132/21658 3133/21659 3104/21660
f 3133/21661 3088/21662 3104/21663
f 3077/21664 3106/21665 3134/21666
f 3134/21667 3132/21668 3077/21669
f 3134/21670 3106/21671 3107/21672
f 3135/21673 3107/21674 3110/21675
f 3135/21676 3112/21677 3136/21678
f 3110/21679 3112/21680 3135/21681
f 3112/21682 3079/21683 3136/21684
f 3116/21685 3093/21686 3138/21687
f 3138/21688 3137/21689 3116/21690
f 3117/21691 3138/21692 3093/21693
f 3117/21694 3094/21695 3139/21696
f 3139/21697 3119/21698 3123/21699
f 3094/21700 3119/21701 3139/21702
f 3048/21703 3171/21704 3123/21705
f 3209/21706 3156/21707 3208/21708
f 3156/21709 3182/21710 3211/21711
f 3211/21712 3208/21713 3156/21714
f 3211/21715 3182/21716 3213/21717
f 3185/21718 3186/21719 3214/21720
f 3182/21721 3185/21722 3214/21723
f 3214/21724 3213/21725 3182/21726
f 3187/21727 3163/21728 3215/21729
f 3215/21730 3188/21731 3216/21732
f 3163/21733 3188/21734 3215/21735
f 3188/21736 3189/21737 3216/21738
f 3186/21739 3187/21740 3215/21741
f 3207/21742 3192/21743 3217/21744
f 3192/21745 3168/21746 3217/21747
f 3172/21748 3193/21749 3218/21750
f 3193/21751 3194/21752 3219/21753
f 3219/21754 3194/21755 3195/21756
f 3221/21757 3195/21758 3196/21759
f 3196/21760 3197/21761 3222/21762
f 3222/21763 3221/21764 3196/21765
f 3224/21766 3189/21767 3223/21768
f 3189/21769 3198/21770 3223/21771
f 3224/21772 3216/21773 3189/21774
f 3198/21775 3172/21776 3218/21777
f 3226/21778 3197/21779 3199/21780
f 3199/21781 3202/21782 3228/21783
f 3202/21784 3201/21785 3228/21786
f 3226/21787 3222/21788 3197/21789
f 3201/21790 3203/21791 3229/21792
f 3203/21793 3206/21794 3229/21795
f 3210/21796 3161/21797 3183/21798
f 3253/21799 3254/21800 3258/21801
f 3258/21802 3256/21803 3253/21804
f 3254/21805 3207/21806 3258/21807
f 3263/21808 3210/21809 3230/21810
f 3263/21811 3230/21812 3264/21813
f 3230/21814 3233/21815 3266/21816
f 3266/21817 3264/21818 3230/21819
f 3233/21820 3238/21821 3266/21822
f 3238/21823 3243/21824 3257/21825
f 3243/21826 3231/21827 3257/21828
f 3250/21829 3252/21830 3280/21831
f 3250/21832 3269/21833 3241/21834
f 3252/21835 3248/21836 3279/21837
f 3279/21838 3280/21839 3252/21840
f 3403/21841 3447/21842 3401/21843
f 3403/21844 3402/21845 3308/21846
f 3526/21847 3502/21848 3527/21849
f 3501/21850 3502/21851 3526/21852
f 3527/21853 3505/21854 3528/21855
f 3502/21856 3505/21857 3527/21858
f 3508/21859 3500/21860 3531/21861
f 3499/21862 3531/21863 3500/21864
f 3514/21865 3515/21866 3533/21867
f 3515/21868 3490/21869 3533/21870
f 3535/21871 3533/21872 3490/21873
f 3572/21874 3552/21875 3574/21876
f 3526/21877 3552/21878 3572/21879
f 3552/21880 3528/21881 3574/21882
f 3573/21883 3531/21884 3551/21885
f 3573/21886 3555/21887 3531/21888
f 3560/21889 3561/21890 3582/21891
f 3579/21892 3561/21893 3535/21894
f 3596/21895 3574/21896 3618/21897
f 3555/21898 3573/21899 3617/21900
f 3623/21901 3579/21902 3621/21903
f 3624/21904 3603/21905 3623/21906
f 3603/21907 3579/21908 3623/21909
f 3635/21910 3615/21911 3640/21912
f 3637/21913 3640/21914 3615/21915
f 3639/21916 3616/21917 3642/21918
f 3637/21919 3616/21920 3639/21921
f 3642/21922 3618/21923 3644/21924
f 3616/21925 3618/21926 3642/21927
f 3651/21928 3623/21929 3621/21930
f 3651/21931 3624/21932 3623/21933
f 3684/21934 3638/21935 3662/21936
f 3684/21937 3662/21938 3686/21939
f 3662/21940 3666/21941 3686/21942
f 3687/21943 3643/21944 3667/21945
f 3690/21946 3686/21947 3666/21948
f 3666/21949 3668/21950 3690/21951
f 3668/21952 3643/21953 3687/21954
f 3693/21955 3669/21956 3691/21957
f 3691/21958 3671/21959 3694/21960
f 3669/21961 3671/21962 3691/21963
f 3649/21964 3672/21965 3695/21966
f 3694/21967 3671/21968 3695/21969
f 3671/21970 3649/21971 3695/21972
f 3667/21973 3674/21974 3696/21975
f 3673/21976 3696/21977 3674/21978
f 3673/21979 3675/21980 3676/21981
f 3676/21982 3669/21983 3693/21984
f 3698/21985 3692/21986 3677/21987
f 3677/21988 3655/21989 3679/21990
f 3679/21991 3698/21992 3677/21993
f 3679/21994 3678/21995 3699/21996
f 3699/21997 3678/21998 3700/21999
f 3701/22000 3681/22001 3697/22002
f 3680/22003 3681/22004 3701/22005
f 3681/22006 3651/22007 3697/22008
f 3678/22009 3680/22010 3702/22011
f 3702/22012 3700/22013 3678/22014
f 3701/22015 3702/22016 3680/22017
f 3683/22018 3682/22019 3703/22020
f 3664/22021 3703/22022 3682/22023
f 3704/22024 3705/22025 3727/22026
f 3727/22027 3726/22028 3704/22029
f 3728/22030 3727/22031 3705/22032
f 3706/22033 3707/22034 3730/22035
f 3689/22036 3706/22037 3729/22038
f 3708/22039 3730/22040 3707/22041
f 3708/22042 3709/22043 3731/22044
f 3732/22045 3714/22046 3715/22047
f 3771/22048 3751/22049 3769/22050
f 3771/22051 3769/22052 3773/22053
f 3769/22054 3752/22055 3772/22056
f 3772/22057 3773/22058 3769/22059
f 3770/22060 3750/22061 3751/22062
f 3750/22063 3727/22064 3751/22065
f 3774/22066 3772/22067 3752/22068
f 3752/22069 3753/22070 3775/22071
f 3775/22072 3774/22073 3752/22074
f 3732/22075 3725/22076 3776/22077
f 3776/22078 3778/22079 3732/22080
f 3941/22081 3902/22082 3925/22083
f 3898/22084 3926/22085 3944/22086
f 3926/22087 3902/22088 3941/22089
f 3925/22090 3927/22091 3947/22092
f 3928/22093 3947/22094 3927/22095
f 3949/22096 3928/22097 3929/22098
f 3929/22099 3930/22100 3949/22101
f 3930/22102 3931/22103 3950/22104
f 3910/22105 3932/22106 3951/22107
f 3950/22108 3931/22109 3951/22110
f 3931/22111 3910/22112 3951/22113
f 3934/22114 3933/22115 3952/22116
f 3922/22117 3952/22118 3933/22119
f 3932/22120 3913/22121 3953/22122
f 3934/22123 3953/22124 3913/22125
f 3950/22126 3949/22127 3930/22128
f 3954/22129 3948/22130 3935/22131
f 3935/22132 3915/22133 3937/22134
f 3937/22135 3954/22136 3935/22137
f 3937/22138 3936/22139 3955/22140
f 3955/22141 3936/22142 3956/22143
f 3945/22144 3901/22145 3924/22146
f 3938/22147 3939/22148 3957/22149
f 3939/22150 3919/22151 3942/22152
f 3936/22153 3938/22154 3958/22155
f 3958/22156 3956/22157 3936/22158
f 3957/22159 3958/22160 3938/22161
f 3982/22162 3960/22163 3981/22164
f 3982/22165 3983/22166 3976/22167
f 3976/22168 3960/22169 3982/22170
f 3973/22171 3958/22172 3987/22173
f 3988/22174 3981/22175 3960/22176
f 3975/22177 3988/22178 3960/22179
f 3970/22180 3977/22181 3989/22182
f 3977/22183 3978/22184 3990/22185
f 3978/22186 3979/22187 3990/22188
f 3984/22189 3986/22190 4003/22191
f 3944/22192 3985/22193 4002/22194
f 4002/22195 3985/22196 3984/22197
f 4004/22198 4003/22199 3991/22200
f 4003/22201 3986/22202 3991/22203
f 3980/22204 4004/22205 3991/22206
f 3980/22207 3992/22208 4001/22209
f 3992/22210 3993/22211 4005/22212
f 3994/22213 3995/22214 4012/22215
f 3994/22216 4005/22217 3993/22218
f 3997/22219 3996/22220 4013/22221
f 3996/22222 3969/22223 4013/22224
f 3969/22225 3989/22226 4009/22227
f 4009/22228 4013/22229 3969/22230
f 3995/22231 3997/22232 4012/22233
f 4011/22234 3979/22235 3998/22236
f 4011/22237 3998/22238 4014/22239
f 3998/22240 3999/22241 4014/22242
f 3974/22243 4008/22244 3975/22245
f 3987/22246 4000/22247 4007/22248
f 3983/22249 4007/22250 4000/22251
f 4106/22252 4089/22253 4105/22254
f 4091/22255 4105/22256 4089/22257
f 457/22258 427/22259 436/22260
f 538/22261 540/22262 456/22263
f 540/22264 539/22265 456/22266
f 543/22267 541/22268 458/22269
f 542/22270 539/22271 683/22272
f 542/22273 683/22274 539/22275
f 703/22276 702/22277 723/22278
f 723/22279 704/22280 724/22281
f 702/22282 704/22283 723/22284
f 704/22285 705/22286 725/22287
f 725/22288 724/22289 704/22290
f 727/22291 706/22292 726/22293
f 725/22294 707/22295 728/22296
f 728/22297 708/22298 729/22299
f 707/22300 708/22301 728/22302
f 705/22303 707/22304 725/22305
f 708/22306 709/22307 729/22308
f 709/22309 706/22310 727/22311
f 727/22312 729/22313 709/22314
f 731/22315 730/22316 710/22317
f 730/22318 689/22319 710/22320
f 680/22321 540/22322 732/22323
f 732/22324 690/22325 733/22326
f 540/22327 690/22328 732/22329
f 733/22330 690/22331 730/22332
f 690/22333 711/22334 730/22335
f 711/22336 689/22337 730/22338
f 731/22339 712/22340 734/22341
f 710/22342 712/22343 731/22344
f 714/22345 734/22346 712/22347
f 714/22348 713/22349 735/22350
f 735/22351 715/22352 736/22353
f 713/22354 715/22355 735/22356
f 736/22357 716/22358 703/22359
f 715/22360 716/22361 736/22362
f 738/22363 717/22364 737/22365
f 737/22366 679/22367 739/22368
f 717/22369 679/22370 737/22371
f 636/22372 739/22373 679/22374
f 726/22375 718/22376 740/22377
f 706/22378 718/22379 726/22380
f 718/22381 719/22382 741/22383
f 741/22384 740/22385 718/22386
f 743/22387 720/22388 742/22389
f 720/22390 721/22391 744/22392
f 744/22393 742/22394 720/22395
f 719/22396 720/22397 743/22398
f 743/22399 741/22400 719/22401
f 738/22402 744/22403 721/22404
f 721/22405 717/22406 738/22407
f 772/22408 747/22409 771/22410
f 771/22411 748/22412 773/22413
f 747/22414 748/22415 771/22416
f 775/22417 725/22418 774/22419
f 773/22420 749/22421 775/22422
f 748/22423 749/22424 773/22425
f 749/22426 725/22427 775/22428
f 777/22429 727/22430 776/22431
f 727/22432 750/22433 778/22434
f 778/22435 776/22436 727/22437
f 774/22438 751/22439 779/22440
f 725/22441 751/22442 774/22443
f 779/22444 752/22445 777/22446
f 751/22447 752/22448 779/22449
f 752/22450 727/22451 777/22452
f 781/22453 753/22454 780/22455
f 780/22456 754/22457 782/22458
f 753/22459 754/22460 780/22461
f 745/22462 755/22463 783/22464
f 680/22465 755/22466 745/22467
f 755/22468 753/22469 781/22470
f 781/22471 783/22472 755/22473
f 757/22474 756/22475 784/22476
f 754/22477 757/22478 784/22479
f 784/22480 782/22481 754/22482
f 756/22483 758/22484 785/22485
f 785/22486 759/22487 772/22488
f 758/22489 759/22490 785/22491
f 759/22492 747/22493 772/22494
f 786/22495 765/22496 760/22497
f 765/22498 761/22499 760/22500
f 760/22501 739/22502 787/22503
f 787/22504 786/22505 760/22506
f 769/22507 739/22508 746/22509
f 769/22510 787/22511 739/22512
f 750/22513 762/22514 789/22515
f 789/22516 778/22517 750/22518
f 762/22519 743/22520 788/22521
f 788/22522 789/22523 762/22524
f 788/22525 763/22526 790/22527
f 743/22528 763/22529 788/22530
f 763/22531 761/22532 766/22533
f 766/22534 790/22535 763/22536
f 875/22537 867/22538 682/22539
f 877/22540 878/22541 916/22542
f 916/22543 914/22544 877/22545
f 878/22546 879/22547 911/22548
f 911/22549 916/22550 878/22551
f 918/22552 911/22553 880/22554
f 911/22555 879/22556 880/22557
f 880/22558 881/22559 918/22560
f 921/22561 920/22562 882/22563
f 920/22564 928/22565 882/22566
f 928/22567 883/22568 882/22569
f 882/22570 884/22571 921/22572
f 884/22573 885/22574 923/22575
f 887/22576 927/22577 886/22578
f 918/22579 881/22580 927/22581
f 881/22582 886/22583 927/22584
f 1023/22585 993/22586 1022/22587
f 993/22588 994/22589 1024/22590
f 1024/22591 1022/22592 993/22593
f 995/22594 993/22595 1023/22596
f 1023/22597 1025/22598 995/22599
f 1026/22600 1024/22601 994/22602
f 994/22603 996/22604 1027/22605
f 1027/22606 1026/22607 994/22608
f 997/22609 999/22610 1029/22611
f 999/22612 1003/22613 1031/22614
f 1031/22615 1029/22616 999/22617
f 1037/22618 1005/22619 1032/22620
f 1031/22621 1003/22622 1041/22623
f 1003/22624 1006/22625 1044/22626
f 1044/22627 1041/22628 1003/22629
f 1044/22630 1007/22631 1037/22632
f 1006/22633 1007/22634 1044/22635
f 1007/22636 1005/22637 1037/22638
f 1046/22639 1018/22640 1048/22641
f 1016/22642 1018/22643 1046/22644
f 997/22645 1048/22646 1018/22647
f 1032/22648 1019/22649 1050/22650
f 1005/22651 1019/22652 1032/22653
f 1019/22654 1020/22655 1050/22656
f 1021/22657 682/22658 1053/22659
f 1053/22660 1052/22661 1021/22662
f 1020/22663 1021/22664 1052/22665
f 1036/22666 1053/22667 682/22668
f 1057/22669 1049/22670 1056/22671
f 1015/22672 1049/22673 1057/22674
f 1056/22675 1046/22676 1058/22677
f 1049/22678 1046/22679 1056/22680
f 1047/22681 1015/22682 1057/22683
f 1033/22684 1051/22685 1060/22686
f 1060/22687 1059/22688 1033/22689
f 1060/22690 1051/22691 1023/22692
f 1051/22693 1025/22694 1023/22695
f 1061/22696 1023/22697 1022/22698
f 1061/22699 1024/22700 1062/22701
f 1022/22702 1024/22703 1061/22704
f 1024/22705 1026/22706 1062/22707
f 1026/22708 1027/22709 1062/22710
f 1064/22711 1029/22712 1063/22713
f 997/22714 1029/22715 1064/22716
f 1063/22717 1029/22718 1065/22719
f 1029/22720 1031/22721 1066/22722
f 1066/22723 1065/22724 1029/22725
f 1037/22726 1032/22727 1068/22728
f 1031/22729 1041/22730 1066/22731
f 1066/22732 1044/22733 1069/22734
f 1041/22735 1044/22736 1066/22737
f 1044/22738 1037/22739 1071/22740
f 1071/22741 1069/22742 1044/22743
f 1068/22744 1071/22745 1037/22746
f 1046/22747 1048/22748 1064/22749
f 1064/22750 1058/22751 1046/22752
f 1048/22753 997/22754 1064/22755
f 1068/22756 1050/22757 1074/22758
f 1032/22759 1050/22760 1068/22761
f 1050/22762 1020/22763 1075/22764
f 1075/22765 1074/22766 1050/22767
f 1075/22768 1052/22769 1076/22770
f 1076/22771 1053/22772 1036/22773
f 1052/22774 1053/22775 1076/22776
f 1020/22777 1052/22778 1075/22779
f 1124/22780 1121/22781 1120/22782
f 1465/22783 1430/22784 1467/22785
f 1429/22786 1430/22787 1465/22788
f 1430/22789 1431/22790 1469/22791
f 1469/22792 1467/22793 1430/22794
f 1470/22795 1432/22796 1472/22797
f 1414/22798 1432/22799 1470/22800
f 1432/22801 1433/22802 1474/22803
f 1474/22804 1472/22805 1432/22806
f 1476/22807 1435/22808 1478/22809
f 1433/22810 1435/22811 1476/22812
f 1476/22813 1474/22814 1433/22815
f 1435/22816 1418/22817 1480/22818
f 1480/22819 1478/22820 1435/22821
f 1418/22822 1429/22823 1465/22824
f 1465/22825 1480/22826 1418/22827
f 1482/22828 1438/22829 1483/22830
f 1436/22831 1438/22832 1482/22833
f 1438/22834 1407/22835 1483/22836
f 1495/22837 1440/22838 1494/22839
f 1497/22840 1441/22841 1496/22842
f 1441/22843 1442/22844 1498/22845
f 1498/22846 1496/22847 1441/22848
f 1431/22849 1441/22850 1497/22851
f 1497/22852 1469/22853 1431/22854
f 1498/22855 1442/22856 1495/22857
f 1442/22858 1440/22859 1495/22860
f 1494/22861 1445/22862 1499/22863
f 1440/22864 1445/22865 1494/22866
f 1445/22867 1447/22868 1500/22869
f 1500/22870 1499/22871 1445/22872
f 1500/22873 1427/22874 1501/22875
f 1427/22876 1448/22877 1502/22878
f 1502/22879 1501/22880 1427/22881
f 1447/22882 1427/22883 1500/22884
f 1448/22885 1450/22886 1484/22887
f 1484/22888 1502/22889 1448/22890
f 1450/22891 1452/22892 1484/22893
f 1486/22894 1352/22895 1123/22896
f 1465/22897 1467/22898 1507/22899
f 1507/22900 1504/22901 1465/22902
f 1467/22903 1469/22904 1497/22905
f 1497/22906 1507/22907 1467/22908
f 1470/22909 1472/22910 1510/22911
f 1510/22912 1509/22913 1470/22914
f 1472/22915 1474/22916 1512/22917
f 1512/22918 1510/22919 1472/22920
f 1512/22921 1476/22922 1514/22923
f 1476/22924 1478/22925 1516/22926
f 1516/22927 1514/22928 1476/22929
f 1474/22930 1476/22931 1512/22932
f 1480/22933 1516/22934 1478/22935
f 1480/22936 1465/22937 1504/22938
f 1518/22939 1519/22940 1483/22941
f 1519/22942 1482/22943 1483/22944
f 1497/22945 1496/22946 1522/22947
f 1496/22948 1498/22949 1522/22950
f 1498/22951 1495/22952 1525/22953
f 1494/22954 1525/22955 1495/22956
f 1494/22957 1499/22958 1527/22959
f 1527/22960 1521/22961 1494/22962
f 1499/22963 1500/22964 1529/22965
f 1529/22966 1527/22967 1499/22968
f 1500/22969 1501/22970 1529/22971
f 1501/22972 1502/22973 1531/22974
f 1531/22975 1484/22976 1523/22977
f 1531/22978 1502/22979 1484/22980
f 1486/22981 1123/22982 1540/22983
f 1539/22984 1540/22985 1123/22986
f 1541/22987 1539/22988 1123/22989
f 1846/22990 1807/22991 1845/22992
f 1808/22993 1807/22994 1846/22995
f 1845/22996 1807/22997 1848/22998
f 1741/22999 1812/23000 1815/23001
f 1815/23002 1775/23003 1861/23004
f 1861/23005 1852/23006 1815/23007
f 1867/23008 1865/23009 1818/23010
f 1865/23011 1776/23012 1818/23013
f 1861/23014 1775/23015 1865/23016
f 1775/23017 1820/23018 1865/23019
f 1820/23020 1776/23021 1865/23022
f 1818/23023 1822/23024 1867/23025
f 1822/23026 1808/23027 1846/23028
f 1846/23029 1867/23030 1822/23031
f 1870/23032 1862/23033 1829/23034
f 1870/23035 1863/23036 1862/23037
f 1870/23038 1832/23039 1871/23040
f 1829/23041 1832/23042 1870/23043
f 1875/23044 1874/23045 1834/23046
f 1874/23047 1784/23048 1834/23049
f 1871/23050 1832/23051 1874/23052
f 1832/23053 1784/23054 1874/23055
f 1834/23056 1835/23057 1875/23058
f 1873/23059 1835/23060 1836/23061
f 1873/23062 1875/23063 1835/23064
f 1876/23065 1836/23066 1837/23067
f 1876/23068 1873/23069 1836/23070
f 1837/23071 1838/23072 1877/23073
f 1877/23074 1876/23075 1837/23076
f 1839/23077 1833/23078 1872/23079
f 1839/23080 1877/23081 1838/23082
f 1807/23083 1841/23084 1879/23085
f 1879/23086 1848/23087 1807/23088
f 1840/23089 1879/23090 1841/23091
f 1878/23092 1842/23093 1880/23094
f 1840/23095 1842/23096 1878/23097
f 1880/23098 1811/23099 1850/23100
f 1842/23101 1811/23102 1880/23103
f 1811/23104 1843/23105 1850/23106
f 1843/23107 1809/23108 1849/23109
f 1505/23110 1660/23111 1741/23112
f 1884/23113 1879/23114 1878/23115
f 1879/23116 1840/23117 1878/23118
f 1884/23119 1882/23120 1879/23121
f 1882/23122 1848/23123 1879/23124
f 1882/23125 1886/23126 1848/23127
f 1878/23128 1880/23129 1884/23130
f 1888/23131 1884/23132 1850/23133
f 1884/23134 1880/23135 1850/23136
f 1889/23137 1850/23138 1843/23139
f 1889/23140 1888/23141 1850/23142
f 1843/23143 1849/23144 1891/23145
f 1891/23146 1889/23147 1843/23148
f 1893/23149 1847/23150 1892/23151
f 1892/23152 1847/23153 1844/23154
f 1893/23155 1849/23156 1847/23157
f 1893/23158 1891/23159 1849/23160
f 1904/23161 1851/23162 1894/23163
f 1907/23164 1894/23165 1851/23166
f 1907/23167 1853/23168 1909/23169
f 1851/23170 1853/23171 1907/23172
f 1912/23173 1909/23174 1854/23175
f 1909/23176 1817/23177 1854/23178
f 1853/23179 1817/23180 1909/23181
f 1854/23182 1855/23183 1913/23184
f 1913/23185 1912/23186 1854/23187
f 1911/23188 1913/23189 1855/23190
f 1892/23191 1857/23192 1904/23193
f 1844/23194 1857/23195 1892/23196
f 1904/23197 1857/23198 1851/23199
f 1914/23200 1855/23201 1858/23202
f 1855/23203 1856/23204 1858/23205
f 1914/23206 1911/23207 1855/23208
f 1858/23209 1859/23210 1914/23211
f 1916/23212 1915/23213 1826/23214
f 1915/23215 1860/23216 1826/23217
f 1915/23218 1859/23219 1860/23220
f 1915/23221 1914/23222 1859/23223
f 1916/23224 1862/23225 1917/23226
f 1826/23227 1862/23228 1916/23229
f 1863/23230 1917/23231 1862/23232
f 1866/23233 1864/23234 1887/23235
f 1864/23236 1868/23237 1919/23238
f 1919/23239 1887/23240 1864/23241
f 1919/23242 1869/23243 1918/23244
f 1919/23245 1868/23246 1869/23247
f 1881/23248 1920/23249 1428/23250
f 1921/23251 1869/23252 1428/23253
f 1921/23254 1918/23255 1869/23256
f 1921/23257 1428/23258 1920/23259
f 2253/23260 2218/23261 2252/23262
f 2185/23263 2218/23264 2253/23265
f 2254/23266 2251/23267 2253/23268
f 2250/23269 2251/23270 2254/23271
f 2251/23272 2185/23273 2253/23274
f 2217/23275 2216/23276 2255/23277
f 2252/23278 2218/23279 2257/23280
f 2218/23281 2219/23282 2258/23283
f 2258/23284 2257/23285 2218/23286
f 2219/23287 2188/23288 2258/23289
f 2221/23290 2220/23291 2263/23292
f 2263/23293 2262/23294 2221/23295
f 2260/23296 2263/23297 2220/23298
f 2260/23299 2222/23300 2264/23301
f 2220/23302 2222/23303 2260/23304
f 2222/23305 2223/23306 2264/23307
f 2224/23308 2193/23309 2266/23310
f 2266/23311 2265/23312 2224/23313
f 2226/23314 2225/23315 2269/23316
f 2266/23317 2226/23318 2269/23319
f 2193/23320 2226/23321 2266/23322
f 2224/23323 2264/23324 2223/23325
f 2225/23326 2227/23327 2278/23328
f 2278/23329 2229/23330 2268/23331
f 2227/23332 2229/23333 2278/23334
f 2229/23335 2231/23336 2268/23337
f 2283/23338 2234/23339 2284/23340
f 2236/23341 2234/23342 2283/23343
f 2283/23344 2276/23345 2236/23346
f 2234/23347 2237/23348 2282/23349
f 2282/23350 2284/23351 2234/23352
f 2237/23353 2203/23354 2282/23355
f 2282/23356 2238/23357 2240/23358
f 2203/23359 2238/23360 2282/23361
f 2286/23362 2252/23363 2285/23364
f 2253/23365 2252/23366 2286/23367
f 2254/23368 2253/23369 2286/23370
f 2286/23371 2287/23372 2254/23373
f 2285/23374 2257/23375 2289/23376
f 2252/23377 2257/23378 2285/23379
f 2289/23380 2258/23381 2290/23382
f 2257/23383 2258/23384 2289/23385
f 2293/23386 2260/23387 2291/23388
f 2263/23389 2294/23390 2262/23391
f 2263/23392 2260/23393 2293/23394
f 2260/23395 2264/23396 2297/23397
f 2297/23398 2291/23399 2260/23400
f 2297/23401 2264/23402 2299/23403
f 2299/23404 2265/23405 2300/23406
f 2224/23407 2265/23408 2299/23409
f 2300/23410 2266/23411 2301/23412
f 2265/23413 2266/23414 2300/23415
f 2303/23416 2225/23417 2302/23418
f 2269/23419 2225/23420 2303/23421
f 2266/23422 2269/23423 2303/23424
f 2303/23425 2301/23426 2266/23427
f 2264/23428 2224/23429 2299/23430
f 2302/23431 2278/23432 2304/23433
f 2225/23434 2278/23435 2302/23436
f 2305/23437 2304/23438 2268/23439
f 2304/23440 2278/23441 2268/23442
f 2307/23443 2282/23444 2306/23445
f 2309/23446 2283/23447 2308/23448
f 2308/23449 2284/23450 2310/23451
f 2283/23452 2284/23453 2308/23454
f 2276/23455 2283/23456 2309/23457
f 2310/23458 2282/23459 2307/23460
f 2284/23461 2282/23462 2310/23463
f 2282/23464 2240/23465 2312/23466
f 2312/23467 2306/23468 2282/23469
f 2325/23470 2240/23471 2145/23472
f 2326/23473 1741/23474 2114/23475
f 2114/23476 1741/23477 2005/23478
f 2145/23479 2325/23480 1731/23481
f 2425/23482 2391/23483 2390/23484
f 2425/23485 2424/23486 2391/23487
f 2390/23488 2392/23489 2427/23490
f 2427/23491 2425/23492 2390/23493
f 2427/23494 2392/23495 2394/23496
f 2430/23497 2396/23498 2431/23499
f 2395/23500 2396/23501 2430/23502
f 2431/23503 2396/23504 2428/23505
f 2396/23506 2365/23507 2428/23508
f 2432/23509 2365/23510 2398/23511
f 2432/23512 2428/23513 2365/23514
f 2398/23515 2400/23516 2432/23517
f 2424/23518 2432/23519 2391/23520
f 2432/23521 2400/23522 2391/23523
f 2436/23524 2434/23525 2401/23526
f 2434/23527 2372/23528 2401/23529
f 2426/23530 2394/23531 2403/23532
f 2426/23533 2405/23534 2435/23535
f 2403/23536 2405/23537 2426/23538
f 2435/23539 2405/23540 2434/23541
f 2405/23542 2372/23543 2434/23544
f 2401/23545 2407/23546 2436/23547
f 2440/23548 2407/23549 2409/23550
f 2441/23551 2440/23552 2411/23553
f 2440/23554 2409/23555 2411/23556
f 2441/23557 2413/23558 2438/23559
f 2411/23560 2413/23561 2441/23562
f 2413/23563 2402/23564 2438/23565
f 2442/23566 2414/23567 2381/23568
f 2381/23569 2415/23570 2443/23571
f 2443/23572 2442/23573 2381/23574
f 2416/23575 2417/23576 2444/23577
f 2442/23578 2417/23579 2414/23580
f 2442/23581 2444/23582 2417/23583
f 2443/23584 2415/23585 2445/23586
f 2459/23587 2428/23588 2458/23589
f 2430/23590 2431/23591 2459/23592
f 2459/23593 2460/23594 2430/23595
f 2431/23596 2428/23597 2459/23598
f 2458/23599 2432/23600 2461/23601
f 2428/23602 2432/23603 2458/23604
f 2461/23605 2432/23606 2462/23607
f 2432/23608 2424/23609 2464/23610
f 2464/23611 2462/23612 2432/23613
f 2435/23614 2434/23615 2467/23616
f 2467/23617 2436/23618 2468/23619
f 2434/23620 2436/23621 2467/23622
f 2469/23623 2426/23624 2471/23625
f 2426/23626 2435/23627 2473/23628
f 2473/23629 2471/23630 2426/23631
f 2467/23632 2473/23633 2435/23634
f 2477/23635 2440/23636 2476/23637
f 2436/23638 2407/23639 2477/23640
f 2477/23641 2468/23642 2436/23643
f 2407/23644 2440/23645 2477/23646
f 2476/23647 2441/23648 2479/23649
f 2440/23650 2441/23651 2476/23652
f 2441/23653 2438/23654 2472/23655
f 2472/23656 2479/23657 2441/23658
f 2482/23659 2442/23660 2481/23661
f 2481/23662 2442/23663 2484/23664
f 2442/23665 2443/23666 2445/23667
f 2445/23668 2484/23669 2442/23670
f 2486/23671 2444/23672 2482/23673
f 2444/23674 2442/23675 2482/23676
f 2647/23677 2552/23678 2616/23679
f 2648/23680 2647/23681 2616/23682
f 2616/23683 2619/23684 2651/23685
f 2651/23686 2648/23687 2616/23688
f 2617/23689 2651/23690 2619/23691
f 2656/23692 2623/23693 2654/23694
f 2654/23695 2624/23696 2657/23697
f 2623/23698 2624/23699 2654/23700
f 2657/23701 2629/23702 2659/23703
f 2632/23704 2629/23705 2657/23706
f 2624/23707 2632/23708 2657/23709
f 2629/23710 2634/23711 2659/23712
f 2634/23713 2635/23714 2660/23715
f 2660/23716 2659/23717 2634/23718
f 2660/23719 2636/23720 2661/23721
f 2636/23722 2637/23723 2662/23724
f 2662/23725 2661/23726 2636/23727
f 2663/23728 2639/23729 2638/23730
f 2662/23731 2637/23732 2639/23733
f 2635/23734 2636/23735 2660/23736
f 2666/23737 2665/23738 2640/23739
f 2665/23740 2641/23741 2640/23742
f 2668/23743 2666/23744 2640/23745
f 2670/23746 2630/23747 2669/23748
f 2642/23749 2643/23750 2674/23751
f 2640/23752 2642/23753 2668/23754
f 2643/23755 2644/23756 2674/23757
f 2644/23758 2630/23759 2670/23760
f 2638/23761 2614/23762 2663/23763
f 2665/23764 2614/23765 2641/23766
f 2665/23767 2663/23768 2614/23769
f 2667/23770 2622/23771 2676/23772
f 2676/23773 2645/23774 2653/23775
f 2622/23776 2645/23777 2676/23778
f 2826/23779 2821/23780 2757/23781
f 2826/23782 2757/23783 2628/23784
f 2967/23785 2855/23786 2911/23787
f 3053/23788 3023/23789 3049/23790
f 3059/23791 3022/23792 3021/23793
f 3059/23794 3056/23795 3022/23796
f 3050/23797 3022/23798 3056/23799
f 3059/23800 3021/23801 3060/23802
f 3053/23803 3060/23804 3023/23805
f 3060/23806 3021/23807 3023/23808
f 3049/23809 3023/23810 3025/23811
f 3025/23812 3028/23813 3062/23814
f 3062/23815 3049/23816 3025/23817
f 3063/23818 3062/23819 3029/23820
f 3062/23821 3029/23822 3014/23823
f 3028/23824 3014/23825 3029/23826
f 3033/23827 3063/23828 3029/23829
f 3033/23830 3024/23831 3051/23832
f 3045/23833 3043/23834 3068/23835
f 3069/23836 3068/23837 3043/23838
f 3047/23839 3069/23840 3043/23841
f 3072/23842 3047/23843 3046/23844
f 3079/23845 3051/23846 3078/23847
f 3051/23848 3052/23849 3078/23850
f 3080/23851 3078/23852 3052/23853
f 3055/23854 3054/23855 3081/23856
f 3031/23857 3057/23858 3080/23859
f 3057/23860 3058/23861 3082/23862
f 3052/23863 3031/23864 3080/23865
f 3058/23866 3055/23867 3081/23868
f 3081/23869 3082/23870 3058/23871
f 3085/23872 3084/23873 3061/23874
f 3061/23875 3064/23876 3086/23877
f 3086/23878 3085/23879 3061/23880
f 3064/23881 3041/23882 3086/23883
f 3054/23884 3065/23885 3096/23886
f 3096/23887 3081/23888 3054/23889
f 3096/23890 3065/23891 3095/23892
f 3065/23893 3066/23894 3095/23895
f 3097/23896 3095/23897 3067/23898
f 3095/23899 3066/23900 3067/23901
f 3097/23902 3067/23903 3098/23904
f 3084/23905 3067/23906 3061/23907
f 3084/23908 3098/23909 3067/23910
f 3071/23911 3070/23912 3099/23913
f 3100/23914 3099/23915 3070/23916
f 3086/23917 3073/23918 3101/23919
f 3041/23920 3073/23921 3086/23922
f 3073/23923 3074/23924 3071/23925
f 3071/23926 3101/23927 3073/23928
f 3103/23929 3075/23930 3102/23931
f 3070/23932 3075/23933 3103/23934
f 3103/23935 3100/23936 3070/23937
f 3102/23938 3076/23939 3083/23940
f 3075/23941 3076/23942 3102/23943
f 3076/23944 3045/23945 3083/23946
f 3123/23947 3072/23948 3048/23949
f 3281/23950 3258/23951 3282/23952
f 3256/23953 3258/23954 3281/23955
f 3263/23956 3264/23957 3286/23958
f 3287/23959 3264/23960 3266/23961
f 3287/23962 3286/23963 3264/23964
f 3300/23965 3266/23966 3238/23967
f 3300/23968 3287/23969 3266/23970
f 3300/23971 3257/23972 3303/23973
f 3238/23974 3257/23975 3300/23976
f 3255/23977 3303/23978 3257/23979
f 3305/23980 3279/23981 3248/23982
f 3294/23983 3250/23984 3307/23985
f 3250/23986 3280/23987 3307/23988
f 3269/23989 3250/23990 3294/23991
f 3307/23992 3280/23993 3279/23994
f 3335/23995 3369/23996 3337/23997
f 3369/23998 3331/23999 3337/24000
f 3335/24001 3339/24002 3374/24003
f 3330/24004 3374/24005 3339/24006
f 3377/24007 3353/24008 3349/24009
f 3344/24010 3352/24011 3379/24012
f 3379/24013 3352/24014 3353/24015
f 3383/24016 3369/24017 3399/24018
f 3369/24019 3335/24020 3399/24021
f 3331/24022 3369/24023 3383/24024
f 3399/24025 3374/24026 3381/24027
f 3335/24028 3374/24029 3399/24030
f 3374/24031 3330/24032 3381/24033
f 3400/24034 3353/24035 3377/24036
f 3377/24037 3349/24038 3401/24039
f 3390/24040 3379/24041 3400/24042
f 3344/24043 3379/24044 3390/24045
f 3379/24046 3353/24047 3400/24048
f 3431/24049 3429/24050 3456/24051
f 3429/24052 3433/24053 3458/24054
f 3458/24055 3433/24056 3435/24057
f 3442/24058 3416/24059 3465/24060
f 3465/24061 3430/24062 3454/24063
f 3416/24064 3430/24065 3465/24066
f 3467/24067 3446/24068 3468/24069
f 3445/24070 3446/24071 3467/24072
f 3468/24073 3446/24074 3447/24075
f 3467/24076 3471/24077 3445/24078
f 3500/24079 3480/24080 3499/24081
f 3503/24082 3499/24083 3480/24084
f 3480/24085 3482/24086 3504/24087
f 3504/24088 3503/24089 3480/24090
f 3504/24091 3484/24092 3506/24093
f 3459/24094 3484/24095 3504/24096
f 3482/24097 3459/24098 3504/24099
f 3509/24100 3486/24101 3507/24102
f 3510/24103 3461/24104 3511/24105
f 3487/24106 3461/24107 3510/24108
f 3461/24109 3488/24110 3512/24111
f 3512/24112 3511/24113 3461/24114
f 3484/24115 3464/24116 3506/24117
f 3487/24118 3506/24119 3464/24120
f 3512/24121 3488/24122 3513/24123
f 3513/24124 3491/24125 3516/24126
f 3488/24127 3491/24128 3513/24129
f 3516/24130 3491/24131 3509/24132
f 3491/24133 3486/24134 3509/24135
f 3483/24136 3492/24137 3517/24138
f 3517/24139 3505/24140 3483/24141
f 3518/24142 3489/24143 3514/24144
f 3520/24145 3493/24146 3519/24147
f 3494/24148 3493/24149 3520/24150
f 3492/24151 3494/24152 3520/24153
f 3519/24154 3493/24155 3518/24156
f 3518/24157 3493/24158 3489/24159
f 3486/24160 3473/24161 3507/24162
f 3507/24163 3473/24164 3521/24165
f 3473/24166 3495/24167 3521/24168
f 3521/24169 3495/24170 3475/24171
f 3521/24172 3496/24173 3522/24174
f 3475/24175 3496/24176 3521/24177
f 3524/24178 3523/24179 3497/24180
f 3523/24181 3478/24182 3497/24183
f 3525/24184 3479/24185 3501/24186
f 3524/24187 3497/24188 3525/24189
f 3497/24190 3479/24191 3525/24192
f 3496/24193 3478/24194 3523/24195
f 3523/24196 3522/24197 3496/24198
f 3638/24199 3619/24200 3662/24201
f 3619/24202 3641/24203 3666/24204
f 3666/24205 3662/24206 3619/24207
f 3641/24208 3645/24209 3666/24210
f 3666/24211 3646/24212 3668/24213
f 3645/24214 3646/24215 3666/24216
f 3646/24217 3647/24218 3643/24219
f 3643/24220 3668/24221 3646/24222
f 3671/24223 3669/24224 3648/24225
f 3669/24226 3625/24227 3648/24228
f 3648/24229 3650/24230 3671/24231
f 3649/24232 3671/24233 3650/24234
f 3667/24235 3627/24236 3674/24237
f 3643/24238 3627/24239 3667/24240
f 3673/24241 3674/24242 3652/24243
f 3674/24244 3627/24245 3652/24246
f 3675/24247 3673/24248 3652/24249
f 3675/24250 3653/24251 3676/24252
f 3652/24253 3653/24254 3675/24255
f 3669/24256 3676/24257 3653/24258
f 3653/24259 3625/24260 3669/24261
f 3644/24262 3654/24263 3677/24264
f 3655/24265 3677/24266 3654/24267
f 3679/24268 3656/24269 3678/24270
f 3678/24271 3656/24272 3631/24273
f 3679/24274 3655/24275 3656/24276
f 3633/24277 3657/24278 3681/24279
f 3681/24280 3680/24281 3633/24282
f 3657/24283 3624/24284 3651/24285
f 3651/24286 3681/24287 3657/24288
f 3678/24289 3658/24290 3680/24291
f 3631/24292 3658/24293 3678/24294
f 3658/24295 3633/24296 3680/24297
f 3683/24298 3659/24299 3682/24300
f 3682/24301 3640/24302 3664/24303
f 3659/24304 3640/24305 3682/24306
f 3672/24307 3660/24308 3661/24309
f 3649/24310 3660/24311 3672/24312
f 3661/24313 3659/24314 3683/24315
f 3704/24316 3685/24317 3705/24318
f 3672/24319 3685/24320 3704/24321
f 3705/24322 3685/24323 3703/24324
f 3685/24325 3683/24326 3703/24327
f 3689/24328 3688/24329 3706/24330
f 3706/24331 3688/24332 3707/24333
f 3707/24334 3692/24335 3708/24336
f 3688/24337 3692/24338 3707/24339
f 3709/24340 3708/24341 3692/24342
f 3714/24343 3697/24344 3670/24345
f 3714/24346 3670/24347 3715/24348
f 3857/24349 3858/24350 3881/24351
f 3858/24352 3841/24353 3880/24354
f 3859/24355 3880/24356 3841/24357
f 3859/24358 3860/24359 3882/24360
f 3860/24361 3843/24362 3883/24363
f 3883/24364 3882/24365 3860/24366
f 3884/24367 3863/24368 3826/24369
f 3899/24370 3901/24371 3920/24372
f 3880/24373 3903/24374 3921/24375
f 3922/24376 3904/24377 3921/24378
f 3904/24379 3880/24380 3921/24381
f 3903/24382 3882/24383 3923/24384
f 3905/24385 3923/24386 3882/24387
f 3901/24388 3884/24389 3924/24390
f 3985/24391 3959/24392 3984/24393
f 3986/24394 3984/24395 3959/24396
f 3944/24397 3959/24398 3985/24399
f 3962/24400 3961/24401 3991/24402
f 3959/24403 3962/24404 3991/24405
f 3991/24406 3986/24407 3959/24408
f 3991/24409 3963/24410 3980/24411
f 3961/24412 3963/24413 3991/24414
f 3980/24415 3963/24416 3965/24417
f 3963/24418 3964/24419 3965/24420
f 3992/24421 3980/24422 3965/24423
f 3992/24424 3966/24425 3993/24426
f 3965/24427 3966/24428 3992/24429
f 3995/24430 3993/24431 3967/24432
f 3995/24433 3994/24434 3993/24435
f 3993/24436 3966/24437 3967/24438
f 3968/24439 3969/24440 3996/24441
f 3969/24442 3970/24443 3989/24444
f 3967/24445 3968/24446 3997/24447
f 3997/24448 3995/24449 3967/24450
f 3996/24451 3997/24452 3968/24453
f 3979/24454 3971/24455 3998/24456
f 3971/24457 3954/24458 3998/24459
f 3998/24460 3954/24461 3999/24462
f 3954/24463 3972/24464 3999/24465
f 3999/24466 3972/24467 3955/24468
f 3999/24469 3973/24470 3987/24471
f 3955/24472 3973/24473 3999/24474
f 3987/24475 3958/24476 4000/24477
f 4000/24478 3976/24479 3983/24480
f 3958/24481 3976/24482 4000/24483
f 4073/24484 4052/24485 4053/24486
f 4089/24487 4085/24488 4091/24489
f 4066/24490 4085/24491 4089/24492
f 4087/24493 4066/24494 4089/24495
f 4085/24496 4072/24497 4091/24498
f 4052/24499 4073/24500 4092/24501
f 4064/24502 4040/24503 3974/24504
f 437/24505 436/24506 427/24507
f 456/24508 429/24509 457/24510
f 436/24511 429/24512 456/24513
f 456/24514 457/24515 536/24516
f 536/24517 457/24518 509/24519
f 535/24520 430/24521 510/24522
f 430/24523 510/24524 458/24525
f 636/24526 678/24527 679/24528
f 766/24529 765/24530 791/24531
f 793/24532 770/24533 767/24534
f 769/24535 770/24536 793/24537
f 768/24538 541/24539 543/24540
f 681/24541 539/24542 841/24543
f 846/24544 539/24545 818/24546
f 846/24547 841/24548 539/24549
f 846/24550 820/24551 847/24552
f 818/24553 820/24554 846/24555
f 850/24556 823/24557 848/24558
f 848/24559 824/24560 851/24561
f 823/24562 824/24563 848/24564
f 852/24565 851/24566 824/24567
f 825/24568 826/24569 854/24570
f 854/24571 853/24572 825/24573
f 824/24574 825/24575 853/24576
f 853/24577 852/24578 824/24579
f 855/24580 828/24581 843/24582
f 827/24583 828/24584 855/24585
f 828/24586 819/24587 843/24588
f 854/24589 829/24590 856/24591
f 826/24592 829/24593 854/24594
f 829/24595 827/24596 855/24597
f 855/24598 856/24599 829/24600
f 847/24601 830/24602 857/24603
f 857/24604 831/24605 858/24606
f 830/24607 831/24608 857/24609
f 831/24610 832/24611 858/24612
f 820/24613 833/24614 847/24615
f 833/24616 830/24617 847/24618
f 860/24619 834/24620 859/24621
f 834/24622 835/24623 861/24624
f 861/24625 859/24626 834/24627
f 832/24628 834/24629 860/24630
f 860/24631 858/24632 832/24633
f 862/24634 861/24635 835/24636
f 835/24637 823/24638 850/24639
f 850/24640 862/24641 835/24642
f 822/24643 837/24644 864/24645
f 864/24646 863/24647 822/24648
f 864/24649 838/24650 865/24651
f 837/24652 838/24653 864/24654
f 839/24655 836/24656 849/24657
f 839/24658 865/24659 838/24660
f 840/24661 817/24662 842/24663
f 816/24664 817/24665 840/24666
f 819/24667 816/24668 840/24669
f 840/24670 843/24671 819/24672
f 817/24673 821/24674 844/24675
f 844/24676 842/24677 817/24678
f 822/24679 844/24680 821/24681
f 845/24682 768/24683 543/24684
f 836/24685 768/24686 845/24687
f 845/24688 849/24689 836/24690
f 869/24691 683/24692 764/24693
f 764/24694 869/24695 542/24696
f 874/24697 870/24698 544/24699
f 877/24700 864/24701 878/24702
f 863/24703 864/24704 877/24705
f 864/24706 865/24707 879/24708
f 879/24709 878/24710 864/24711
f 879/24712 849/24713 880/24714
f 839/24715 849/24716 879/24717
f 880/24718 849/24719 881/24720
f 865/24721 839/24722 879/24723
f 883/24724 840/24725 882/24726
f 882/24727 842/24728 884/24729
f 840/24730 842/24731 882/24732
f 843/24733 840/24734 883/24735
f 842/24736 844/24737 885/24738
f 885/24739 884/24740 842/24741
f 844/24742 822/24743 885/24744
f 845/24745 543/24746 886/24747
f 887/24748 886/24749 543/24750
f 887/24751 543/24752 888/24753
f 881/24754 845/24755 886/24756
f 849/24757 845/24758 881/24759
f 888/24760 543/24761 889/24762
f 889/24763 543/24764 866/24765
f 932/24766 908/24767 907/24768
f 764/24769 542/24770 908/24771
f 932/24772 909/24773 937/24774
f 907/24775 909/24776 932/24777
f 909/24778 910/24779 944/24780
f 944/24781 937/24782 909/24783
f 946/24784 906/24785 945/24786
f 945/24787 912/24788 947/24789
f 906/24790 912/24791 945/24792
f 949/24793 895/24794 948/24795
f 947/24796 913/24797 949/24798
f 912/24799 913/24800 947/24801
f 913/24802 895/24803 949/24804
f 895/24805 915/24806 950/24807
f 950/24808 948/24809 895/24810
f 915/24811 917/24812 951/24813
f 951/24814 950/24815 915/24816
f 951/24817 919/24818 952/24819
f 898/24820 919/24821 951/24822
f 919/24823 920/24824 953/24825
f 953/24826 952/24827 919/24828
f 939/24829 953/24830 920/24831
f 917/24832 898/24833 951/24834
f 944/24835 910/24836 954/24837
f 954/24838 922/24839 955/24840
f 910/24841 922/24842 954/24843
f 957/24844 924/24845 956/24846
f 922/24847 924/24848 957/24849
f 957/24850 955/24851 922/24852
f 956/24853 925/24854 958/24855
f 924/24856 925/24857 956/24858
f 958/24859 926/24860 946/24861
f 925/24862 926/24863 958/24864
f 926/24865 906/24866 946/24867
f 930/24868 914/24869 931/24870
f 923/24871 914/24872 930/24873
f 934/24874 911/24875 933/24876
f 931/24877 916/24878 935/24879
f 914/24880 916/24881 931/24882
f 916/24883 911/24884 934/24885
f 934/24886 935/24887 916/24888
f 933/24889 918/24890 936/24891
f 911/24892 918/24893 933/24894
f 938/24895 936/24896 918/24897
f 939/24898 921/24899 940/24900
f 920/24901 921/24902 939/24903
f 921/24904 884/24905 941/24906
f 941/24907 940/24908 921/24909
f 884/24910 923/24911 930/24912
f 930/24913 941/24914 884/24915
f 943/24916 927/24917 942/24918
f 927/24919 887/24920 942/24921
f 942/24922 888/24923 889/24924
f 887/24925 888/24926 942/24927
f 918/24928 927/24929 943/24930
f 943/24931 938/24932 918/24933
f 867/24934 1054/24935 682/24936
f 1054/24937 1036/24938 682/24939
f 1087/24940 1086/24941 1056/24942
f 1056/24943 1058/24944 1088/24945
f 1088/24946 1087/24947 1056/24948
f 1090/24949 1060/24950 1089/24951
f 1059/24952 1060/24953 1090/24954
f 1060/24955 1023/24956 1089/24957
f 1089/24958 1061/24959 1091/24960
f 1023/24961 1061/24962 1089/24963
f 1061/24964 1062/24965 1092/24966
f 1092/24967 1091/24968 1061/24969
f 1093/24970 1092/24971 1062/24972
f 1095/24973 1064/24974 1063/24975
f 1095/24976 1094/24977 1064/24978
f 1095/24979 1065/24980 1098/24981
f 1063/24982 1065/24983 1095/24984
f 1098/24985 1065/24986 1096/24987
f 1065/24988 1066/24989 1096/24990
f 1102/24991 1071/24992 1068/24993
f 1102/24994 1101/24995 1071/24996
f 1103/24997 1096/24998 1066/24999
f 1066/25000 1069/25001 1105/25002
f 1105/25003 1103/25004 1066/25005
f 1101/25006 1105/25007 1071/25008
f 1105/25009 1069/25010 1071/25011
f 1088/25012 1058/25013 1094/25014
f 1058/25015 1064/25016 1094/25017
f 1068/25018 1074/25019 1109/25020
f 1109/25021 1102/25022 1068/25023
f 1109/25024 1074/25025 1075/25026
f 1111/25027 1075/25028 1076/25029
f 1076/25030 1036/25031 1113/25032
f 1113/25033 1111/25034 1076/25035
f 1054/25036 1113/25037 1036/25038
f 875/25039 1200/25040 867/25041
f 875/25042 1199/25043 1200/25044
f 1200/25045 1185/25046 867/25047
f 1313/25048 1312/25049 1276/25050
f 1312/25051 1277/25052 1276/25053
f 1313/25054 1278/25055 1317/25056
f 1276/25057 1278/25058 1313/25059
f 1317/25060 1278/25061 1314/25062
f 1278/25063 1279/25064 1314/25065
f 1318/25066 1314/25067 1280/25068
f 1314/25069 1279/25070 1280/25071
f 1280/25072 1282/25073 1318/25074
f 1320/25075 1319/25076 1284/25077
f 1323/25078 1321/25079 1285/25080
f 1321/25081 1286/25082 1285/25083
f 1323/25084 1285/25085 1325/25086
f 1324/25087 1325/25088 1287/25089
f 1325/25090 1285/25091 1287/25092
f 1322/25093 1282/25094 1321/25095
f 1282/25096 1286/25097 1321/25098
f 1326/25099 1287/25100 1288/25101
f 1326/25102 1324/25103 1287/25104
f 1326/25105 1289/25106 1327/25107
f 1288/25108 1289/25109 1326/25110
f 1289/25111 1284/25112 1319/25113
f 1319/25114 1327/25115 1289/25116
f 1328/25117 1292/25118 1329/25119
f 1291/25120 1292/25121 1328/25122
f 1292/25123 1253/25124 1330/25125
f 1330/25126 1329/25127 1292/25128
f 1312/25129 1253/25130 1277/25131
f 1312/25132 1330/25133 1253/25134
f 1284/25135 1293/25136 1332/25137
f 1332/25138 1320/25139 1284/25140
f 1331/25141 1332/25142 1351/25143
f 1332/25144 1293/25145 1351/25146
f 1293/25147 1294/25148 1351/25149
f 1333/25150 1351/25151 1294/25152
f 1333/25153 1331/25154 1351/25155
f 1294/25156 1295/25157 1335/25158
f 1335/25159 1333/25160 1294/25161
f 1337/25162 1298/25163 1296/25164
f 1298/25165 1260/25166 1296/25167
f 1296/25168 1297/25169 1341/25170
f 1341/25171 1337/25172 1296/25173
f 1338/25174 1341/25175 1297/25176
f 1335/25177 1295/25178 1298/25179
f 1342/25180 1297/25181 1299/25182
f 1342/25183 1338/25184 1297/25185
f 1342/25186 1300/25187 1344/25188
f 1299/25189 1300/25190 1342/25191
f 1300/25192 1302/25193 1346/25194
f 1346/25195 1344/25196 1300/25197
f 1317/25198 1356/25199 1313/25200
f 1317/25201 1314/25202 1354/25203
f 1354/25204 1318/25205 1357/25206
f 1314/25207 1318/25208 1354/25209
f 1318/25210 1282/25211 1322/25212
f 1322/25213 1357/25214 1318/25215
f 1319/25216 1320/25217 1359/25218
f 1322/25219 1321/25220 1360/25221
f 1360/25222 1323/25223 1361/25224
f 1321/25225 1323/25226 1360/25227
f 1323/25228 1325/25229 1361/25230
f 1325/25231 1324/25232 1362/25233
f 1362/25234 1361/25235 1325/25236
f 1324/25237 1326/25238 1362/25239
f 1326/25240 1327/25241 1363/25242
f 1319/25243 1363/25244 1327/25245
f 1328/25246 1329/25247 1365/25248
f 1365/25249 1364/25250 1328/25251
f 1329/25252 1330/25253 1366/25254
f 1366/25255 1365/25256 1329/25257
f 1330/25258 1312/25259 1366/25260
f 1368/25261 1331/25262 1367/25263
f 1359/25264 1332/25265 1368/25266
f 1320/25267 1332/25268 1359/25269
f 1332/25270 1331/25271 1368/25272
f 1331/25273 1333/25274 1367/25275
f 1367/25276 1335/25277 1369/25278
f 1333/25279 1335/25280 1367/25281
f 1369/25282 1298/25283 1371/25284
f 1298/25285 1337/25286 1373/25287
f 1373/25288 1371/25289 1298/25290
f 1337/25291 1341/25292 1374/25293
f 1374/25294 1373/25295 1337/25296
f 1341/25297 1338/25298 1374/25299
f 1335/25300 1298/25301 1369/25302
f 1338/25303 1342/25304 1375/25305
f 1375/25306 1374/25307 1338/25308
f 1375/25309 1344/25310 1377/25311
f 1342/25312 1344/25313 1375/25314
f 1344/25315 1346/25316 1377/25317
f 1389/25318 1354/25319 1388/25320
f 1356/25321 1317/25322 1389/25323
f 1389/25324 1390/25325 1356/25326
f 1317/25327 1354/25328 1389/25329
f 1388/25330 1357/25331 1408/25332
f 1354/25333 1357/25334 1388/25335
f 1357/25336 1322/25337 1409/25338
f 1409/25339 1408/25340 1357/25341
f 1411/25342 1359/25343 1410/25344
f 1319/25345 1359/25346 1411/25347
f 1410/25348 1359/25349 1412/25350
f 1414/25351 1360/25352 1413/25353
f 1360/25354 1361/25355 1415/25356
f 1415/25357 1413/25358 1360/25359
f 1417/25360 1362/25361 1416/25362
f 1417/25363 1415/25364 1361/25365
f 1361/25366 1362/25367 1417/25368
f 1322/25369 1360/25370 1414/25371
f 1414/25372 1409/25373 1322/25374
f 1362/25375 1326/25376 1418/25377
f 1418/25378 1416/25379 1362/25380
f 1418/25381 1363/25382 1411/25383
f 1326/25384 1363/25385 1418/25386
f 1363/25387 1319/25388 1411/25389
f 1400/25390 1365/25391 1419/25392
f 1364/25393 1365/25394 1400/25395
f 1365/25396 1366/25397 1407/25398
f 1407/25399 1419/25400 1365/25401
f 1421/25402 1367/25403 1420/25404
f 1368/25405 1367/25406 1421/25407
f 1359/25408 1368/25409 1421/25410
f 1421/25411 1412/25412 1359/25413
f 1420/25414 1367/25415 1422/25416
f 1367/25417 1369/25418 1423/25419
f 1423/25420 1422/25421 1367/25422
f 1369/25423 1371/25424 1424/25425
f 1424/25426 1373/25427 1425/25428
f 1371/25429 1373/25430 1424/25431
f 1427/25432 1374/25433 1426/25434
f 1373/25435 1374/25436 1427/25437
f 1427/25438 1425/25439 1373/25440
f 1424/25441 1423/25442 1369/25443
f 1426/25444 1375/25445 1401/25446
f 1374/25447 1375/25448 1426/25449
f 1401/25450 1375/25451 1377/25452
f 1430/25453 1411/25454 1410/25455
f 1430/25456 1429/25457 1411/25458
f 1410/25459 1412/25460 1431/25461
f 1431/25462 1430/25463 1410/25464
f 1432/25465 1414/25466 1413/25467
f 1432/25468 1415/25469 1433/25470
f 1413/25471 1415/25472 1432/25473
f 1435/25474 1433/25475 1416/25476
f 1433/25477 1415/25478 1416/25479
f 1415/25480 1417/25481 1416/25482
f 1416/25483 1418/25484 1435/25485
f 1418/25486 1411/25487 1429/25488
f 1400/25489 1419/25490 1438/25491
f 1438/25492 1436/25493 1400/25494
f 1407/25495 1438/25496 1419/25497
f 1442/25498 1441/25499 1420/25500
f 1441/25501 1421/25502 1420/25503
f 1431/25504 1412/25505 1441/25506
f 1412/25507 1421/25508 1441/25509
f 1420/25510 1422/25511 1442/25512
f 1440/25513 1442/25514 1423/25515
f 1442/25516 1422/25517 1423/25518
f 1445/25519 1423/25520 1424/25521
f 1445/25522 1440/25523 1423/25524
f 1424/25525 1425/25526 1447/25527
f 1447/25528 1445/25529 1424/25530
f 1448/25531 1427/25532 1426/25533
f 1427/25534 1447/25535 1425/25536
f 1426/25537 1401/25538 1450/25539
f 1450/25540 1448/25541 1426/25542
f 1452/25543 1450/25544 1401/25545
f 1549/25546 1506/25547 1547/25548
f 1508/25549 1506/25550 1549/25551
f 1549/25552 1505/25553 1508/25554
f 1553/25555 1511/25556 1552/25557
f 1511/25558 1513/25559 1555/25560
f 1555/25561 1552/25562 1511/25563
f 1547/25564 1515/25565 1556/25566
f 1506/25567 1515/25568 1547/25569
f 1558/25570 1556/25571 1515/25572
f 1515/25573 1511/25574 1553/25575
f 1553/25576 1558/25577 1515/25578
f 1555/25579 1513/25580 1563/25581
f 1513/25582 1517/25583 1561/25584
f 1561/25585 1563/25586 1513/25587
f 1561/25588 1520/25589 1566/25590
f 1517/25591 1520/25592 1561/25593
f 1566/25594 1519/25595 1559/25596
f 1520/25597 1519/25598 1566/25599
f 1523/25600 1524/25601 1572/25602
f 1574/25603 1526/25604 1573/25605
f 1524/25606 1528/25607 1574/25608
f 1574/25609 1572/25610 1524/25611
f 1528/25612 1526/25613 1574/25614
f 1576/25615 1530/25616 1575/25617
f 1530/25618 1486/25619 1570/25620
f 1570/25621 1575/25622 1530/25623
f 1573/25624 1532/25625 1577/25626
f 1526/25627 1532/25628 1573/25629
f 1577/25630 1532/25631 1578/25632
f 1532/25633 1530/25634 1576/25635
f 1576/25636 1578/25637 1532/25638
f 1557/25639 1533/25640 1579/25641
f 1518/25642 1533/25643 1557/25644
f 1533/25645 1534/25646 1579/25647
f 1580/25648 1579/25649 1535/25650
f 1579/25651 1534/25652 1535/25653
f 1550/25654 1536/25655 1509/25656
f 1550/25657 1581/25658 1536/25659
f 1582/25660 1535/25661 1537/25662
f 1582/25663 1580/25664 1535/25665
f 1537/25666 1538/25667 1583/25668
f 1583/25669 1582/25670 1537/25671
f 1581/25672 1583/25673 1536/25674
f 1583/25675 1538/25676 1536/25677
f 1542/25678 1544/25679 1584/25680
f 1586/25681 1545/25682 1585/25683
f 1544/25684 1546/25685 1586/25686
f 1586/25687 1584/25688 1544/25689
f 1546/25690 1545/25691 1586/25692
f 1550/25693 1551/25694 1591/25695
f 1548/25696 1591/25697 1551/25698
f 1548/25699 1554/25700 1592/25701
f 1592/25702 1588/25703 1548/25704
f 1592/25705 1543/25706 1594/25707
f 1554/25708 1543/25709 1592/25710
f 1542/25711 1594/25712 1543/25713
f 1559/25714 1557/25715 1596/25716
f 1596/25717 1598/25718 1559/25719
f 1604/25720 1560/25721 1603/25722
f 1560/25723 1562/25724 1605/25725
f 1605/25726 1603/25727 1560/25728
f 1585/25729 1564/25730 1606/25731
f 1545/25732 1564/25733 1585/25734
f 1564/25735 1565/25736 1606/25737
f 1565/25738 1560/25739 1604/25740
f 1609/25741 1567/25742 1608/25743
f 1605/25744 1562/25745 1609/25746
f 1562/25747 1567/25748 1609/25749
f 1608/25750 1568/25751 1610/25752
f 1567/25753 1568/25754 1608/25755
f 1568/25756 1569/25757 1601/25758
f 1601/25759 1610/25760 1568/25761
f 1569/25762 1523/25763 1601/25764
f 1571/25765 1539/25766 1541/25767
f 1571/25768 1616/25769 1539/25770
f 1570/25771 1539/25772 1616/25773
f 1656/25774 1694/25775 1655/25776
f 1656/25777 1658/25778 1697/25779
f 1698/25780 1621/25781 1699/25782
f 1659/25783 1621/25784 1698/25785
f 1699/25786 1661/25787 1701/25788
f 1621/25789 1661/25790 1699/25791
f 1701/25792 1662/25793 1702/25794
f 1662/25795 1664/25796 1702/25797
f 1661/25798 1662/25799 1701/25800
f 1704/25801 1669/25802 1705/25803
f 1666/25804 1669/25805 1704/25806
f 1627/25807 1666/25808 1704/25809
f 1704/25810 1707/25811 1627/25812
f 1669/25813 1671/25814 1705/25815
f 1659/25816 1705/25817 1671/25818
f 1710/25819 1631/25820 1709/25821
f 1631/25822 1673/25823 1711/25824
f 1711/25825 1709/25826 1631/25827
f 1673/25828 1675/25829 1712/25830
f 1712/25831 1711/25832 1673/25833
f 1702/25834 1677/25835 1710/25836
f 1664/25837 1677/25838 1702/25839
f 1677/25840 1631/25841 1710/25842
f 1712/25843 1681/25844 1714/25845
f 1679/25846 1681/25847 1712/25848
f 1675/25849 1679/25850 1712/25851
f 1714/25852 1682/25853 1676/25854
f 1681/25855 1682/25856 1714/25857
f 1717/25858 1716/25859 1125/25860
f 1719/25861 1717/25862 1125/25863
f 1724/25864 1687/25865 1692/25866
f 1724/25867 1722/25868 1687/25869
f 1724/25870 1693/25871 1726/25872
f 1692/25873 1693/25874 1724/25875
f 1716/25876 1693/25877 1125/25878
f 1716/25879 1726/25880 1693/25881
f 1730/25882 1719/25883 1125/25884
f 1505/25885 1122/25886 1434/25887
f 1866/25888 1883/25889 1872/25890
f 2459/25891 2458/25892 2491/25893
f 2459/25894 2492/25895 2460/25896
f 2491/25897 2461/25898 2493/25899
f 2458/25900 2461/25901 2491/25902
f 2461/25903 2462/25904 2493/25905
f 2464/25906 2493/25907 2462/25908
f 2497/25909 2467/25910 2496/25911
f 2467/25912 2468/25913 2499/25914
f 2499/25915 2496/25916 2467/25917
f 2469/25918 2471/25919 2500/25920
f 2500/25921 2473/25922 2497/25923
f 2471/25924 2473/25925 2500/25926
f 2473/25927 2467/25928 2497/25929
f 2505/25930 2477/25931 2476/25932
f 2499/25933 2468/25934 2477/25935
f 2476/25936 2479/25937 2506/25938
f 2506/25939 2505/25940 2476/25941
f 2506/25942 2479/25943 2498/25944
f 2479/25945 2472/25946 2498/25947
f 2508/25948 2482/25949 2481/25950
f 2508/25951 2507/25952 2482/25953
f 2508/25954 2484/25955 2510/25956
f 2481/25957 2484/25958 2508/25959
f 2484/25960 2445/25961 2510/25962
f 2486/25963 2482/25964 2507/25965
f 2445/25966 2509/25967 2510/25968
f 2445/25969 2325/25970 2523/25971
f 2557/25972 2532/25973 2558/25974
f 2530/25975 2532/25976 2557/25977
f 2532/25978 2528/25979 2560/25980
f 2560/25981 2558/25982 2532/25983
f 2495/25984 2533/25985 2530/25986
f 2530/25987 2552/25988 2495/25989
f 2564/25990 2538/25991 2563/25992
f 2563/25993 2501/25994 2566/25995
f 2538/25996 2501/25997 2563/25998
f 2566/25999 2504/26000 2567/26001
f 2501/26002 2504/26003 2566/26004
f 2504/26005 2543/26006 2567/26007
f 2543/26008 2544/26009 2568/26010
f 2570/26011 2545/26012 2569/26013
f 2545/26014 2546/26015 2572/26016
f 2572/26017 2569/26018 2545/26019
f 2572/26020 2546/26021 2571/26022
f 2544/26023 2547/26024 2570/26025
f 2570/26026 2568/26027 2544/26028
f 2547/26029 2545/26030 2570/26031
f 2574/26032 2548/26033 2573/26034
f 2573/26035 2548/26036 2514/26037
f 2576/26038 2517/26039 2575/26040
f 2573/26041 2549/26042 2576/26043
f 2514/26044 2549/26045 2573/26046
f 2549/26047 2517/26048 2576/26049
f 2517/26050 2542/26051 2577/26052
f 2577/26053 2575/26054 2517/26055
f 2577/26056 2542/26057 2578/26058
f 2579/26059 2571/26060 2550/26061
f 2571/26062 2546/26063 2550/26064
f 2579/26065 2551/26066 2580/26067
f 2550/26068 2551/26069 2579/26070
f 2574/26071 2551/26072 2548/26073
f 2574/26074 2580/26075 2551/26076
f 2562/26077 2524/26078 2553/26079
f 2741/26080 2709/26081 2711/26082
f 2708/26083 2709/26084 2741/26085
f 2742/26086 2715/26087 2744/26088
f 2744/26089 2716/26090 2746/26091
f 2715/26092 2716/26093 2744/26094
f 2711/26095 2715/26096 2742/26097
f 2716/26098 2717/26099 2746/26100
f 2717/26101 2712/26102 2743/26103
f 2713/26104 2720/26105 2748/26106
f 2748/26107 2747/26108 2713/26109
f 2708/26110 2748/26111 2720/26112
f 2712/26113 2722/26114 2750/26115
f 2750/26116 2743/26117 2712/26118
f 2750/26119 2724/26120 2727/26121
f 2722/26122 2724/26123 2750/26124
f 2727/26125 2726/26126 2752/26127
f 2752/26128 2726/26129 2754/26130
f 2726/26131 2719/26132 2755/26133
f 2755/26134 2754/26135 2726/26136
f 2749/26137 2755/26138 2719/26139
f 2770/26140 2734/26141 2769/26142
f 2691/26143 2734/26144 2770/26145
f 2768/26146 2736/26147 2770/26148
f 2736/26149 2691/26150 2770/26151
f 2734/26152 2695/26153 2769/26154
f 2769/26155 2695/26156 2757/26157
f 2774/26158 2741/26159 2773/26160
f 2708/26161 2741/26162 2774/26163
f 2741/26164 2711/26165 2775/26166
f 2775/26167 2773/26168 2741/26169
f 2711/26170 2742/26171 2776/26172
f 2776/26173 2775/26174 2711/26175
f 2742/26176 2744/26177 2776/26178
f 2776/26179 2746/26180 2782/26181
f 2744/26182 2746/26183 2776/26184
f 2746/26185 2717/26186 2782/26187
f 2743/26188 2782/26189 2717/26190
f 2747/26191 2748/26192 2774/26193
f 2774/26194 2772/26195 2747/26196
f 2748/26197 2708/26198 2774/26199
f 2743/26200 2750/26201 2779/26202
f 2750/26203 2727/26204 2785/26205
f 2786/26206 2785/26207 2752/26208
f 2785/26209 2727/26210 2752/26211
f 2752/26212 2754/26213 2786/26214
f 2777/26215 2786/26216 2755/26217
f 2786/26218 2754/26219 2755/26220
f 2789/26221 2787/26222 2769/26223
f 2787/26224 2770/26225 2769/26226
f 2787/26227 2768/26228 2770/26229
f 2789/26230 2769/26231 2757/26232
f 2773/26233 2797/26234 2774/26235
f 2799/26236 2776/26237 2798/26238
f 2773/26239 2775/26240 2799/26241
f 2799/26242 2775/26243 2776/26244
f 2801/26245 2800/26246 2779/26247
f 2800/26248 2743/26249 2779/26250
f 2802/26251 2798/26252 2776/26253
f 2776/26254 2782/26255 2803/26256
f 2803/26257 2802/26258 2776/26259
f 2800/26260 2803/26261 2782/26262
f 2782/26263 2743/26264 2800/26265
f 2797/26266 2805/26267 2774/26268
f 2805/26269 2772/26270 2774/26271
f 2779/26272 2750/26273 2801/26274
f 2750/26275 2785/26276 2806/26277
f 2806/26278 2801/26279 2750/26280
f 2806/26281 2786/26282 2807/26283
f 2785/26284 2786/26285 2806/26286
f 2807/26287 2786/26288 2808/26289
f 2786/26290 2777/26291 2808/26292
f 2824/26293 2757/26294 2821/26295
f 2787/26296 2789/26297 2825/26298
f 2825/26299 2823/26300 2787/26301
f 2789/26302 2757/26303 2824/26304
f 2628/26305 2523/26306 2826/26307
f 2968/26308 2966/26309 3001/26310
f 2995/26311 2969/26312 2968/26313
f 2967/26314 2969/26315 2995/26316
f 3001/26317 2966/26318 3005/26319
f 2966/26320 2970/26321 3006/26322
f 3006/26323 3005/26324 2966/26325
f 2971/26326 2973/26327 3012/26328
f 3014/26329 2974/26330 3013/26331
f 2973/26332 2974/26333 3014/26334
f 3014/26335 3012/26336 2973/26337
f 2971/26338 3006/26339 2970/26340
f 3013/26341 2975/26342 3015/26343
f 2974/26344 2975/26345 3013/26346
f 2997/26347 3015/26348 2975/26349
f 2975/26350 2972/26351 2997/26352
f 2977/26353 3016/26354 2963/26355
f 3017/26356 2982/26357 3016/26358
f 2982/26359 2963/26360 3016/26361
f 3022/26362 3001/26363 3021/26364
f 2968/26365 3001/26366 3022/26367
f 2995/26368 2968/26369 3022/26370
f 3001/26371 3005/26372 3021/26373
f 3005/26374 3006/26375 3023/26376
f 3023/26377 3021/26378 3005/26379
f 3023/26380 2971/26381 3025/26382
f 2971/26383 3012/26384 3028/26385
f 3028/26386 3025/26387 2971/26388
f 3014/26389 3028/26390 3012/26391
f 3006/26392 2971/26393 3023/26394
f 3029/26395 3015/26396 3033/26397
f 3013/26398 3015/26399 3029/26400
f 3033/26401 2997/26402 3024/26403
f 3033/26404 3015/26405 2997/26406
f 3045/26407 3016/26408 3043/26409
f 3016/26410 2977/26411 3043/26412
f 3047/26413 2980/26414 3046/26415
f 2977/26416 2980/26417 3047/26418
f 3047/26419 3043/26420 2977/26421
f 3017/26422 3016/26423 3045/26424
f 3072/26425 3046/26426 3048/26427
f 3490/26428 3447/26429 3498/26430
f 3498/26431 3535/26432 3490/26433
f 3672/26434 3661/26435 3685/26436
f 3683/26437 3685/26438 3661/26439
f 3688/26440 3663/26441 3639/26442
f 3689/26443 3664/26444 3688/26445
f 3664/26446 3663/26447 3688/26448
f 3688/26449 3665/26450 3692/26451
f 3639/26452 3665/26453 3688/26454
f 3692/26455 3665/26456 3677/26457
f 3665/26458 3644/26459 3677/26460
f 3684/26461 3617/26462 3638/26463
f 3651/26464 3670/26465 3697/26466
f 3726/26467 3727/26468 3750/26469
f 3727/26470 3728/26471 3751/26472
f 3752/26473 3729/26474 3706/26475
f 3752/26476 3730/26477 3753/26478
f 3706/26479 3730/26480 3752/26481
f 3753/26482 3730/26483 3731/26484
f 3730/26485 3708/26486 3731/26487
f 3732/26488 3715/26489 3725/26490
f 3776/26491 3725/26492 3826/26493
f 3884/26494 3826/26495 3725/26496
f 3902/26497 3900/26498 3925/26499
f 3926/26500 3886/26501 3902/26502
f 3898/26503 3886/26504 3926/26505
f 3925/26506 3900/26507 3927/26508
f 3900/26509 3906/26510 3928/26511
f 3928/26512 3927/26513 3900/26514
f 3928/26515 3906/26516 3929/26517
f 3929/26518 3907/26519 3930/26520
f 3906/26521 3907/26522 3929/26523
f 3931/26524 3930/26525 3908/26526
f 3930/26527 3889/26528 3908/26529
f 3908/26530 3909/26531 3931/26532
f 3910/26533 3931/26534 3909/26535
f 3934/26536 3911/26537 3933/26538
f 3933/26539 3904/26540 3922/26541
f 3911/26542 3904/26543 3933/26544
f 3913/26545 3910/26546 3912/26547
f 3913/26548 3932/26549 3910/26550
f 3913/26551 3911/26552 3934/26553
f 3907/26554 3889/26555 3930/26556
f 3905/26557 3914/26558 3935/26559
f 3915/26560 3935/26561 3914/26562
f 3937/26563 3916/26564 3936/26565
f 3936/26566 3916/26567 3892/26568
f 3937/26569 3915/26570 3916/26571
f 3894/26572 3917/26573 3939/26574
f 3939/26575 3938/26576 3894/26577
f 3917/26578 3895/26579 3919/26580
f 3919/26581 3939/26582 3917/26583
f 3936/26584 3918/26585 3938/26586
f 3892/26587 3918/26588 3936/26589
f 3918/26590 3894/26591 3938/26592
f 3919/26593 3899/26594 3940/26595
f 3940/26596 3899/26597 3920/26598
f 3960/26599 3942/26600 3940/26601
f 3960/26602 3943/26603 3975/26604
f 3940/26605 3943/26606 3960/26607
f 3943/26608 3945/26609 3975/26610
f 3970/26611 3946/26612 3977/26613
f 3978/26614 3977/26615 3946/26616
f 3970/26617 3922/26618 3946/26619
f 3978/26620 3948/26621 3979/26622
f 3946/26623 3948/26624 3978/26625
f 3971/26626 3979/26627 3948/26628
f 3983/26629 3982/26630 4006/26631
f 3981/26632 4006/26633 3982/26634
f 3981/26635 3988/26636 4008/26637
f 3988/26638 3975/26639 4008/26640
f 3989/26641 3977/26642 4009/26643
f 4009/26644 3990/26645 4010/26646
f 3977/26647 3990/26648 4009/26649
f 4010/26650 3990/26651 4011/26652
f 3990/26653 3979/26654 4011/26655
f 3981/26656 4008/26657 4018/26658
f 4018/26659 4016/26660 3981/26661
f 4016/26662 4018/26663 4028/26664
f 4018/26665 3974/26666 4008/26667
f 4107/26668 4104/26669 4075/26670
f 4104/26671 4090/26672 4075/26673
f 4109/26674 4077/26675 4108/26676
f 4075/26677 4077/26678 4109/26679
f 4109/26680 4107/26681 4075/26682
f 4074/26683 4078/26684 4110/26685
f 4111/26686 4110/26687 4093/26688
f 4093/26689 4080/26690 4111/26691
f 4078/26692 4093/26693 4110/26694
f 4104/26695 4080/26696 4090/26697
f 4104/26698 4111/26699 4080/26700
f 4113/26701 4094/26702 4112/26703
f 4094/26704 4083/26705 4112/26706
f 4108/26707 4095/26708 4114/26709
f 4077/26710 4095/26711 4108/26712
f 4114/26713 4095/26714 4113/26715
f 4095/26716 4094/26717 4113/26718
f 4097/26719 4096/26720 4115/26721
f 4083/26722 4097/26723 4115/26724
f 4115/26725 4112/26726 4083/26727
f 4096/26728 4098/26729 4115/26730
f 4103/26731 4098/26732 4099/26733
f 4098/26734 4092/26735 4099/26736
f 4099/26737 4100/26738 4116/26739
f 4116/26740 4101/26741 4117/26742
f 4084/26743 4101/26744 4116/26745
f 4100/26746 4084/26747 4116/26748
f 4118/26749 4086/26750 4119/26751
f 4102/26752 4086/26753 4118/26754
f 4086/26755 4089/26756 4106/26757
f 4106/26758 4119/26759 4086/26760
f 4101/26761 4088/26762 4102/26763
f 4102/26764 4117/26765 4101/26766
f 4121/26767 4106/26768 4105/26769
f 4105/26770 4091/26771 4121/26772
f 4248/26773 4234/26774 4269/26775
f 4234/26776 4210/26777 4269/26778
f 4391/26779 4350/26780 4368/26781