# 3D point list with one line of data per point:
#   POINT3D_ID, X, Y, Z, R, G, B, ERROR, TRACK[] as (IMAGE_ID, POINT2D_IDX)
# Number of points: 2169, mean track length: 3.8003688335638541
1250 -1.6940531167420447 2.7197327707365386 3.4756196487318398 128 129 132 1.0011510032977224 49 400 50 644 14 548 13 489 16 395 17 316
1176 -1.6839562145786195 2.0973218039325716 2.8450286557135129 48 48 50 0.30754838917829735 49 117 50 98 51 139
1175 -1.6768049016780129 1.5634748034401988 2.7467538679642236 33 33 45 0.27625117171096231 49 87 50 93 51 90
1173 -1.6395573142562989 2.164359779551019 3.22862904195122 112 111 116 0.69915343321754408 49 110 50 71 51 77
1166 -1.4563621660293522 1.0582163572737429 2.9015744374008983 40 42 47 0.68914898112404033 45 248 49 227 51 280 47 150 48 119
1165 -1.6607405940209765 2.8490033860312445 3.4728528148311844 117 115 116 0.28607622035535724 44 562 49 596 50 369
1164 -1.6611096345468084 1.2947872241868597 3.0961117419562143 114 119 124 0.89587169450139592 48 747 49 506 53 280
1162 -1.7081116951622535 2.2889878628064788 3.3337943044620522 91 100 97 0.36093269951672818 46 569 49 434 51 543
1161 -1.705238322256867 2.9920088708962918 3.5740751607389987 52 26 35 1.1092929466414321 46 1037 49 410 50 475 51 505
1160 -1.7942817249185183 2.8062854739493068 3.5610222465822279 84 82 85 0.43432450023656788 47 660 49 406 51 311
1143 -1.187297856805982 2.5710513967567263 3.938220965846063 107 107 109 0.14317654144542116 46 574 44 554
1142 -1.6551296114669043 2.4544688636022198 3.2912706931302629 36 56 47 2.0211387710406084 46 555 44 509 49 397 50 294
1141 -1.2975819777873017 2.0934682418636612 3.6231612902614212 103 105 104 0.42313516392375372 45 398 46 443 44 497
1140 -1.3000798540642389 1.6931768818551511 3.1768509334805821 98 89 107 1.9996539909649709 46 314 48 235 44 451
1138 -1.3857349024276433 1.2304639914424822 2.8658487182347661 76 70 74 1.0288656163238596 46 346 48 370 44 346 49 450 51 458
1134 -1.771993477976163 2.948865812895074 3.5980526676706597 132 133 128 0.94824048284299423 45 226 46 198 44 311
1133 -1.3196202511654427 1.2260494439099803 2.9055068230599197 99 97 100 0.52728557913409579 45 306 46 251 44 277
1132 -1.5160759757354068 2.5296896455438085 3.3608262962927604 52 52 54 0.73629563515052132 45 320 46 210 44 230
1131 -1.3336399605565741 1.7150942148409387 3.151469520201756 113 108 122 1.0717103181683039 46 239 47 138 44 220 48 81 49 210 43 123
1129 -1.0456428087961263 2.7111163667902929 4.121707890768521 112 112 112 1.553330313659149 46 203 44 170 49 151 50 107
1128 -1.5806579540246046 2.5199416459433923 3.3624402072919937 128 127 132 0.67111103784330395 46 113 44 137 43 136
1126 -1.655803861869815 2.2587280216128747 3.2791528979863469 138 139 144 1.7815614062641163 46 95 44 94 50 73 49 79 51 97 14 187 15 180
1125 -1.3541923983273487 1.5216885792060861 2.9866967353500002 103 104 104 0.86015678079367153 45 83 46 65 44 76 43 113
1123 -1.6263380788512753 1.9887822625176252 2.8390970590070705 135 136 140 0.89393031252974842 45 36 44 66
1122 -1.6722330544210198 2.1354416465870552 2.8668965441582368 110 111 116 0.49940929678941243 45 489 49 427 50 621
1121 -1.0147643598752529 1.8123738248303365 3.715607347861571 153 153 151 1.1335060567412791 47 351 48 689 46 1000
1117 -1.3396456238507115 1.3167948955301878 2.8701580087817518 117 101 71 1.6125318288073469 45 366 46 543 44 456 49 533
1116 -1.5882069266484258 2.4918932704418819 3.3185982223406962 128 133 136 0.92728137004248634 45 496 46 456 49 548 50 423
1114 -1.5714646258513316 3.1031445102959494 3.4977228268132716 106 58 72 1.0905895431786061 47 515 46 430 44 566 49 332 50 454 51 503 53 550
1113 -1.5471360481358827 2.8245676027916824 3.5409513286014 143 143 143 0.96494698246844401 45 123 46 425 44 309 43 140
1111 -1.0727717672262362 2.5097966733904533 4.0853042627690952 150 153 146 1.244345512574057 45 88 46 266 44 229 50 297
1110 -1.6080903219837279 2.4841427688928421 3.3340854157067596 45 50 53 0.8032401841418797 45 182 46 263 44 336 49 178 50 227 51 231
1109 -1.7483991271021881 1.7864481009749593 2.8406367563688746 45 53 53 0.16918315641957249 45 215 46 235 44 340
1108 -1.2274671196914613 2.6221919946248318 4.0581270026010916 107 108 110 0.91391838086062938 47 325 46 219 44 297
1107 -1.700066095929065 2.7493130396028636 3.4770460136156447 141 142 144 0.72375867860527099 47 160 46 202 44 221 50 141
1106 -1.7649321501540809 2.7668312408194531 3.6040862545551562 105 109 112 1.5656125985872409 46 201 44 292 50 140 51 225
1105 -1.6789547821936466 2.9826472879054866 3.5513442579060195 139 142 143 0.68856933289962818 48 133 46 160 44 224 49 119 50 138 51 132 53 168
1103 -1.8750434802417577 1.7237863061342427 2.3983235510503058 137 138 133 0.061191014678468561 48 0 45 2
1102 -1.3255385118088561 1.8347227805528492 3.119791090380291 96 97 97 1.0928611508893051 48 526 45 620 44 519 46 388
1101 -1.6923128851068194 1.8462439702669529 2.814275746580301 127 138 138 0.74360048802845968 48 736 45 596 46 919
1100 -1.7151019300621499 1.8672412208195581 2.824059044125601 45 59 59 0.81308685272479475 48 735 45 593 46 668 49 560 50 599
1099 -1.4906672662434901 1.9500693202031274 3.1053302140393351 106 108 112 0.27050058344114331 47 627 48 738 45 592
1098 -1.2558397319126211 2.0873145537256468 3.5861020635633465 91 91 91 1.1357317662459154 47 531 45 589 48 352 44 496
1097 -1.6324908423043323 1.9369601282069102 2.8606571340934503 126 127 132 0.2626622657969111 48 722 45 587 46 1047
1096 -1.4038487700761573 1.1957844926002303 2.8341919115886229 56 59 66 1.5210133862094892 47 614 48 509 45 561
1095 -1.4853391834152152 1.0699065647960169 2.9019545080519298 90 94 98 0.7077304896936023 48 469 45 549 49 469
1093 -1.3428121643513369 1.1964632760320477 2.8855434522610959 101 100 102 1.2453410382405954 48 401 45 510 47 365
1092 -1.5511650383760618 1.5442754053668979 2.7490843555273452 94 93 106 1.8453255217218638 47 405 48 563 45 482
1091 -1.2512970610586232 1.7540149205760944 3.2351986758789804 83 44 63 0.99288483479870726 48 358 45 477 47 267
1090 -1.6847015634111284 1.6950757156917962 2.835465221494442 120 121 123 0.22897971465739819 47 523 48 455 45 474
1089 -1.3187131551177922 1.7581140089505038 3.1114010196043931 89 81 85 0.5199530489721822 47 699 45 472
1088 -1.5127140478137369 1.8260594118815681 3.075048028550774 92 93 97 1.4020556538870885 47 629 45 466 48 457
1087 -1.5226312318044455 1.8579956564604019 3.0874055511790406 94 95 99 0.60466156804164162 47 621 48 531 45 461 46 664
1086 -1.7485049405488842 1.8727116340556103 2.8663678419293479 96 105 102 1.0908169917535038 48 676 45 458 49 564
1085 -1.1967890715137177 1.3624636631346008 3.0179381693943887 22 35 77 0.16279951700626771 47 340 45 445 48 221
1084 -1.2583103422395177 1.4487501546776123 2.8947141883526473 54 66 108 0.3630960147077551 48 489 45 439 47 466
1083 -1.6340709063035341 1.6465099938361547 2.7993377187273225 84 85 87 0.69223456267869621 47 521 48 524 45 425
1082 -1.3339491945957886 1.6284981492285355 3.1063569829725566 22 28 55 1.07213140315502 47 413 48 443 45 424
1081 -1.4034265662206169 1.9351588386858896 3.164347471348846 101 100 106 1.0194575130274104 48 340 45 396 44 262
1080 -1.6274525802868909 1.7494762372033101 2.8676888816368842 41 44 49 1.0183101259187504 47 411 48 355 45 393 46 509
1079 -1.3438845202548326 1.1502398990914293 2.807067563203423 108 111 116 0.54927568572650354 47 363 48 298 45 383 44 595
1077 -1.3288730184869115 1.3382939424452716 2.8788506524028272 82 75 67 0.53053428139324443 47 336 48 276 45 369 44 537
1076 -1.3114129153736143 1.6497933891390397 3.1823377615901172 53 60 88 0.7658701414779836 48 343 45 343 47 354
1075 -1.2968856241848232 1.8069463181399315 3.1255179089835652 63 34 45 0.91101429945798518 47 410 48 453 45 336 46 611
1074 -1.2504578654088012 1.7887735199472965 3.2305160228007721 86 43 60 1.3035773483155968 48 238 45 335 47 200
1073 -1.7306503844748944 1.6903924160396262 2.868817236068498 38 39 41 0.38461498006958567 47 314 48 240 45 334
1072 -1.2975553282193317 1.6708916599039494 3.1907386241826727 30 37 52 0.28218442373168451 47 402 48 338 45 330
1071 -1.7023973058837449 1.7196003245038933 2.8226769441864143 109 113 116 1.485718839287145 48 356 45 326 44 422
1070 -1.1612286056832888 2.5648968578435607 3.9831658860301986 86 86 88 0.70005959883236901 47 383 45 323 49 290 50 678
1069 -1.2601702199315534 2.0421845520156325 3.5620208407338358 104 104 104 0.74593985047292399 48 458 45 317 46 303 44 304
1068 -1.7477491079781262 1.9285034117634141 2.8517290211758803 122 126 127 0.019418362761754862 47 418 45 315
1066 -1.3933599979249895 1.2094958418536121 2.8642284888896365 115 119 120 0.38081981431499273 47 369 48 313 45 305 46 400 44 379 49 525 51 406
1065 -1.4268046003392452 1.2075515025242212 2.8712026169626661 40 42 41 1.3750813359538445 47 283 48 226 45 304 44 447
1064 -1.1679480764699315 1.2157487015347479 3.1797780480368338 31 44 79 1.3962148452264744 47 149 48 269 45 303
1063 -1.2776589554243611 1.1482329483804601 2.8544250743267368 47 54 53 0.34498106148974061 48 267 45 298 47 279
1062 -1.1913304003010892 1.3379908374354084 3.0309985347535346 81 91 116 0.26219337708199048 47 441 48 222 45 281
1061 -1.2776678508142789 1.4495984111435072 2.8754989734639129 23 33 58 0.31167840415530573 47 347 48 229 45 275
1060 -1.2395019984937232 2.2543638274473641 3.7009614147016787 87 87 87 0.54398975864489507 47 539 45 273 44 360
1059 -1.3929829499728636 1.4058384644847728 2.8163008174350552 56 65 105 1.5605089213014942 48 155 45 269 49 299
1058 -1.2107997713352472 1.2896282014157434 3.0046327591756059 123 126 133 0.28716687773012978 47 242 48 149 45 267
1057 -1.2737884030355122 1.3664252617968851 2.9335387349346016 35 54 93 1.5739484933880201 48 108 45 264 47 140 49 309 51 400 46 537
1056 -1.2053225983085265 1.3181265401609195 3.0263736042032252 46 55 70 1.1211408254267814 47 282 45 260 48 279
1055 -1.2663678007006431 1.3017107070562419 2.9740296202332761 29 44 85 0.37328503476601316 47 291 45 259 48 281 44 402 46 257
1054 -1.434355343993702 1.2364312116602019 2.8859689089255633 105 107 77 1.2173943117644372 48 173 45 257 47 286
1053 -1.4041178772367202 1.1888809946444083 2.8907223518767911 37 41 47 0.94035856933756912 47 364 48 180 45 256 48 310
1051 -1.1621475780570505 1.3396544498368257 3.0694769149188459 47 58 89 0.92853963334059386 47 260 48 147 45 245
1050 -1.3369728120148081 2.575156677323307 4.1736161147673307 91 91 89 0.84210849051336167 47 422 48 325 45 239
1048 -1.1696334344745816 2.6249209691759821 4.0436822240672354 104 104 106 0.54799100614674001 47 389 45 235 46 269 44 298 50 302
1047 -1.1575267385844263 2.7034998612773142 4.1131720749886869 105 94 98 0.74961968562919523 47 225 45 234 48 113 46 204 44 303
1046 -1.6286658402176395 2.5170012453054693 3.3471986746976983 119 123 122 0.64761328175589539 48 333 45 232 44 317 50 185 49 235
1045 -1.5705698481119288 2.599027221956264 3.412053193104053 51 50 48 0.9096400922067378 47 506 45 230 46 208 44 167 43 137
1044 -1.6155084798039803 2.8516193288380816 3.4787509209276379 128 130 135 0.88968150352565833 47 216 45 224 46 276 44 310 49 327 51 493
1043 -0.90934731538240132 2.7627347637105233 4.1594074719317531 136 127 125 1.561266860147914 47 328 45 222 50 226 51 169
1042 -1.347811557251329 1.6835722658795291 3.1488312903659552 40 54 80 0.22776008227079117 47 206 48 159 45 220
1041 -1.2762166416044709 2.1942677194829474 3.6885005246826372 78 79 81 0.67149919951127313 47 319 48 241 45 210 46 215
1040 -1.2184170484836636 2.2336677508231029 3.6588109745053492 45 45 47 0.78067937816853306 48 185 45 209 47 154 46 332 44 361
1039 -1.3711798184157522 2.2578828794737964 3.7476190740339836 83 84 78 1.3394511364082398 47 321 48 184 45 208
1038 -1.7599845572889736 1.8937452068715921 2.8651809991482495 131 131 131 0.39713840154452529 47 218 45 205 46 272 44 372
1036 -1.4774760650863215 1.9372475811981646 3.0892687514091972 43 44 46 0.45674192595913837 47 536 48 320 45 201 46 472
1035 -1.1703534752631213 2.00017562379097 3.5313877549133843 127 128 130 0.63267153315904523 47 194 48 209 45 200
1034 -1.2763340723761936 2.0728120960075787 3.5978272730424909 43 41 42 0.79225249976266776 47 191 48 210 45 199 46 165 44 235
1033 -1.2570958654327866 2.1304413039475714 3.6369534615007368 103 102 100 1.85369585733438 47 177 48 88 45 197 46 96
1032 -1.7062034486661701 2.0434625933852462 2.8818991082878544 56 57 61 0.6889774996656034 47 227 45 193 46 205
1031 -1.6734653029476416 2.0386508837549062 2.8386722206589634 131 132 137 0.52151500311411358 47 171 45 192 46 176 44 264
1030 -1.2667893867601896 2.3511055211681304 3.8052994865728076 103 103 101 2.0887555956621706 47 184 48 186 45 191 44 244
1029 -1.1571335722398179 2.5279526228732978 3.9953229038892624 109 110 114 0.35641391098355019 47 228 48 187 45 186 49 318
1028 -1.4992848521496678 1.8504657686439387 3.085510543833085 36 37 39 0.83124804709440869 47 192 48 208 45 185 46 142 44 158 43 216
1027 -1.8006632947066454 2.4554634388939243 3.4647261789105959 140 139 137 0.2033257651149048 47 163 45 184
1026 -1.6204652854528527 2.8033571409019489 3.4858763754524364 118 119 123 1.5797432717039068 47 217 45 175 44 306 46 343 50 635
1025 -1.2082991090914306 1.9817134807722221 3.48633747688659 34 37 44 0.28409204060179594 47 193 48 206 45 170
1024 -1.3136102162605006 1.3629492598019466 2.8933182778299926 134 131 138 0.61899798400424355 47 127 48 109 45 167 49 175 51 210 53 104
1023 -1.3500075262028797 1.2785592599041491 2.9265486447185274 25 36 54 1.2641524147770964 47 143 48 114 45 165
1022 -1.294199431811546 1.4258202827691855 2.9283323693979972 51 65 112 0.73276601605950809 47 247 48 215 45 161
1021 -1.3372143843479372 1.3947546376340396 2.8927550887910112 31 34 49 1.6407605541973596 47 129 45 153 48 94
1020 -1.1489507015542797 1.9340450166433047 3.564748034285707 148 148 148 0.3020947471255897 47 230 45 149 48 192
1019 -1.2780860580827975 1.8382814572905415 3.149647777143497 90 41 53 0.31791099789672828 47 196 45 148 48 205
1018 -1.3177752903718785 1.8148021315735776 3.1230260773086318 136 134 139 0.52098623568328017 47 173 48 137 45 147 46 313 44 257
1017 -1.3098028194505027 1.6936691726556103 3.1686075293007883 98 106 115 1.1009844565223019 47 204 48 79 45 144
1016 -1.6156429274988571 1.5439116875456149 2.6699585832980048 90 99 112 0.6561101804800723 47 268 45 142 48 346
1015 -1.6268905042182429 1.9087348916723321 2.8668818783960108 38 41 46 0.92053063578069105 48 91 45 137 46 180 44 159
1014 -1.5668448546195002 1.8777250299876422 3.1006896669809678 81 84 87 1.735777503276833 47 176 48 143 45 135 46 177
1013 -1.2774541596150248 2.4694384718978593 4.007198759780187 53 54 55 1.0892702769768923 47 182 48 135 45 134 46 211 44 231
1012 -1.6343978787205238 1.7773345787137191 2.8594797423680323 37 40 45 0.91374304581910626 47 117 48 87 45 129 46 321
1011 -1.2023313960172519 2.6692095087951611 4.0846168649344303 50 35 42 0.83887294830266534 47 170 45 128 46 133 44 135
1010 -1.6917820551721447 2.5322311253457457 3.3668176588540506 122 123 125 0.39152305879690724 47 156 45 124 46 207 44 246 50 102 49 108 51 101
1009 -1.8719648006077445 3.0744319078433806 3.7328124198992243 128 125 120 1.4537464869092909 47 292 44 225 49 142 50 315 46 326
1008 -1.5167821447993513 1.760297232901697 3.0550000171908023 41 46 52 1.5093853750686415 47 174 48 202 45 118 46 227
1007 -1.3627012226205237 1.7945749624933736 3.1139742033172908 52 59 64 1.4708631648092545 47 172 48 86 45 117 44 243 49 203 43 125 50 654
1006 -1.1057896893049357 1.657447443953028 3.63456029547732 101 104 109 1.2962980424472463 47 95 48 111 45 108 46 143 44 219
1005 -1.4051246355594866 1.6043357307652786 3.0629345086256876 29 33 43 0.75152384485951751 47 135 48 157 45 107
1004 -1.6798935975350222 1.7165430835100719 2.83685738819399 43 47 50 0.33536481181702155 47 175 48 136 45 99
1003 -5.5670113080071975 -1.7700535711776444 17.271646070220083 147 148 152 1.0742952656719826 47 88 48 36 45 95
1002 -1.2547934138427135 2.612610283911891 4.0607994230178148 105 103 104 0.74876286281120208 47 124 48 93 45 90
1001 -1.1107823783496726 2.5461134313468841 4.0249436688591311 52 54 53 0.89293901318360658 47 74 48 64 45 89 46 157 44 166 49 152 50 179 43 101
1000 -1.5776361448083969 2.0807859412927243 2.9009970663783551 53 56 61 1.2461775811370082 47 79 45 87 46 137 44 144
999 -1.4498783654349081 1.9534204758229323 3.127995183537899 52 52 58 1.3847762805505222 47 70 48 49 45 86 46 126 44 100 43 67
998 -1.4877725231801577 1.9017087151932703 3.0827511446768896 116 118 118 1.1447537428580208 47 116 48 89 45 85 44 146 43 129
997 -0.99243780378128554 1.7176138757679853 3.5854565723826259 147 150 143 0.67144009291875451 47 67 45 84
996 -1.3673870488814903 1.3175128624835126 2.8981576464319621 123 113 77 0.76431867220477423 47 71 48 48 45 81
995 -1.4357100051389151 1.7993487757078088 3.0951662895383114 108 112 115 1.1762297688175505 47 49 45 65 44 88 49 76 50 96 51 76 43 110
994 -5.7102390888849639 -0.99438488272192482 16.758194041994635 110 110 110 0.43113238255567854 47 40 48 38 45 60
993 -1.2029511307708571 1.0323600327364419 3.397509558243466 49 68 111 0.21720059199030847 48 58 45 56 47 107
992 -1.443676273859934 1.1624993425933277 2.8623516075507451 34 45 51 0.81855872441442301 47 39 48 40 45 55
990 -1.3077948192679449 1.2704777771356899 2.9680036322442085 44 48 79 1.0400831224989038 48 30 45 47 47 28
989 -1.0737240394244332 1.7319236880590405 3.6742899284333941 46 51 57 0.76983841489717952 47 29 48 28 45 35 43 37
988 -1.2330157365894387 2.7549422366778793 4.1791166230017289 81 44 51 0.43130914490978811 47 22 48 19 45 28
987 -1.048093126342003 2.6813673152424271 4.0612384082001673 130 129 129 1.9228880071386445 47 21 48 15 45 27 43 32 49 26
986 -1.4291745969968581 1.4116463855286792 2.8965798629236335 25 40 76 1.0781833901630116 47 14 48 9 45 24
985 -1.3944668150865414 2.3188020046974316 3.7024888181998277 140 141 136 1.8728422064958032 47 31 48 24 45 20
984 -1.2313144481765481 2.3348482830189679 3.8867812581512022 75 75 75 1.1554373686486779 47 12 45 19 43 16
983 -1.1271607799595826 2.8565945516109421 4.1844941185339328 77 41 51 0.38391799393799336 47 4 43 7
982 -1.4508434484703407 1.4982172570452945 3.0021204421026821 33 40 59 1.1984427143269589 48 1 45 0 47 0
980 -1.6858294533547729 1.7741751256633487 2.814420326534949 123 126 133 0.37284041606533275 48 43 47 60 45 66
979 -1.4681685272228704 1.1436702036264872 2.8702198455335166 81 86 92 0.51731523409892566 48 409 47 560 45 370 49 298 51 286 53 223
978 -1.7362981471381631 1.7105694412428438 2.8814225875325721 121 121 123 0.31657289716457448 48 456 47 525 45 401
977 -1.5616492631963421 1.1808881052576428 2.921033706536432 39 49 82 1.7042379060876236 48 179 47 241 45 255
976 -1.9020823386639569 1.6510248687293605 3.1203767639474371 87 88 88 1.03681736922386 48 80 47 120 45 104 50 122 44 148
975 -1.507888670816524 1.0543877993275887 2.88048604789567 136 136 138 1.0540104039213363 48 118 47 104 45 116
974 -1.5500860476413183 1.0754489209713225 2.8865979000094644 87 86 92 0.71168841922863812 48 100 47 103 45 96 49 101 51 96
973 -1.4366394874415696 1.0985714595274703 2.9024819578002741 157 157 167 0.99039140546188198 48 101 47 101 45 79
972 -5.1718076259678556 -1.4645557658936184 17.554657683510499 111 111 109 0.28710748077810333 48 31 47 25 45 45
971 -1.6417507409794283 1.2333086127794504 3.2859367456213939 145 144 149 1.601340365820316 48 17 47 20 45 46
969 -1.5416883550235401 2.4969680155513911 3.2658510370122049 116 116 116 1.694086969238672 48 706 47 688 45 409
968 -1.5809205671398148 2.1463280826602142 2.832721186710915 112 115 120 0.18663702621038933 48 547 47 687 45 491
966 -1.6525885111144687 2.0383045624214793 2.8438427614026685 110 111 113 0.16324993192588322 48 542 47 636 46 599
963 -1.6888331777153511 1.795111854266237 2.8018081606980458 105 108 113 0.53178514155250434 48 673 47 623 45 464
961 -1.7152418881867322 1.8824972679626037 2.8264549714595635 128 132 135 0.52654588972042604 48 720 47 541 46 667 49 565 50 433
958 -1.693683813270485 2.1125905757978058 2.8750899204743572 98 99 103 0.49053930202518725 48 424 47 498 45 405 49 352
951 -1.6786480585351933 2.8336059017169779 3.4612020269925519 63 67 70 0.7978692225182904 48 198 47 397 45 225 49 407 50 639 51 513
950 -1.6706545135857456 2.8154904492233208 3.4703759676691273 125 126 130 0.53973494940626132 48 393 47 396 45 318 49 395
949 -1.637528769140963 2.0515328711762071 2.8641423626575038 30 31 33 0.35952872407412489 48 263 47 384 45 402
948 -1.599310172321678 2.0485347296884644 2.9097774756111443 108 109 113 1.0996020128182677 48 418 47 380 45 288
947 -0.95983901427287022 2.7232702916640954 4.1436084216682891 89 81 81 0.38571806898379168 48 274 47 378 45 407 44 561
942 -1.8097642866221162 2.8106560651861918 3.6098656596254703 74 74 74 1.2144577000190184 48 196 47 330 45 227 49 328 50 539 51 277
941 -1.6739339409642917 2.1124925249534754 2.8647499166177037 40 41 45 0.20752545328118335 48 245 47 327 45 212
937 -1.7205554102244565 1.7923049807729603 2.8141634249473344 120 130 131 0.45335461900887153 48 243 47 317 45 214 46 358 44 341 49 246 50 193 51 203 53 177
936 -1.5489299134632577 3.0237067861281806 3.5104875209171831 103 102 100 0.84979369170583485 48 253 47 303 45 171 46 278 44 313
935 -1.8722415464370963 3.0088245703739624 3.7279729610359538 133 124 125 1.6554026131866233 48 199 47 300 44 480 50 314 49 215
934 -1.6688433807463705 2.9040949012695387 3.5324389820814175 126 128 131 0.85906777468535278 48 250 47 299 45 173 44 384
923 -1.7276843348277939 2.5555504868631789 3.4048170523820547 65 65 63 1.39828677562434 48 259 47 221 45 179 46 209 44 293 49 107 50 103 51 102
922 -1.4994099361333446 2.1791788853156806 2.8829717472534337 104 108 112 0.30987100113133276 48 128 47 210 45 189
912 -1.6887017219678084 1.8845564895997799 2.8249663411471726 122 123 125 2.0344045907872603 48 62 47 183 45 136 46 101 49 113 50 68 51 69
906 -0.98894681157011866 2.7413738607249631 4.1017317194020393 117 128 122 1.3475765623059841 47 168 45 181 46 168 44 171 49 150 50 108 51 100 48 126
905 -1.0925154346984076 2.7453107422292717 4.1029304646000151 104 104 102 0.63194497738962496 48 190 47 166 45 126 46 159 44 223 49 118 51 136
904 -0.88009309480564557 2.7878239426300393 4.1364458300821765 121 113 113 1.5844798595353307 48 82 47 165 45 125 44 177 43 139
902 -1.7597515270549107 2.72614924149239 3.5136540482987457 124 125 127 0.66868800167627962 48 195 47 161 45 228 49 149
901 -1.4981706841105473 3.1067434035415431 3.5304129443897443 57 36 40 1.1243569987785782 48 97 47 157 45 119 46 162 44 173 49 236 51 316
899 -1.072265887708854 0.91097201733951505 3.4165581057480825 78 87 128 0.40418846467238961 48 142 47 152 45 289
897 -1.3084206193522037 1.1148140630032808 2.7839171998785437 108 107 113 1.4880608806531905 48 102 47 148 45 97
891 -1.5450872742774127 3.0704137270528951 3.5137913055083776 135 138 135 1.1092701706601209 48 72 47 111 45 94 46 128 44 130 49 102 50 76 51 79 43 96
890 -1.7220231207346028 2.9416943543782814 3.5506365737211869 45 40 42 1.5796788857523747 48 103 47 102 45 93 49 65 50 63 51 67 53 86
888 -1.6357633827412925 2.8823729797715614 3.4866517685595246 121 122 126 1.074237435369942 48 69 47 78 45 92 44 133 43 97
886 -1.5860777922877936 2.8224173499486942 3.4915892305264822 46 48 55 0.53363520674717535 48 68 47 76 45 91 46 131 44 104 43 98
881 -1.6651858853412309 2.7569402579000379 3.488448686209324 120 122 121 0.56643060052310479 48 33 47 57 45 52 43 100 44 89
880 -1.7257492004470969 1.8231583999013226 2.7827466917787924 36 63 58 1.4564858444512172 48 61 47 52 45 67
879 -0.95282086104527819 2.8475427856401225 4.1270139262704175 88 42 56 1.5894585841418514 48 23 47 33 45 40 46 37 44 49 49 37 50 43 51 64 43 35
875 -1.5110581090485629 3.1687681327340127 3.5107755375309577 99 41 53 1.5267575193848275 48 14 47 23 45 31 46 33 44 31 49 25 50 21 51 26 43 31 53 9 52 14
872 -1.7676959665916265 3.0441065383649049 3.652453534701106 83 35 47 1.68087425954513 48 20 47 16 45 29 46 17 44 32
871 -1.5882102823190154 2.997739445399187 3.5304006112770412 122 122 122 1.3557385977484087 48 13 47 11 45 30 46 32 44 33 49 21 51 27 43 30 53 10 52 10
870 -1.1306064072889601 1.0523920125100565 3.2788072154680457 48 64 100 1.3525845021383152 48 6 47 6 45 15
869 -1.0076834034387816 3.1092918258403817 3.6348104900602376 133 132 130 1.0659602291415362 47 2 45 6 44 9
865 -1.1312212914669895 0.9268714608844677 3.3537646116393214 82 89 115 1.4233361221172196 22 487 48 477 47 331
864 -1.100900022577185 1.1120087646304688 3.3133958442716795 35 49 84 1.5922168289875247 24 519 48 471 47 573
863 -1.4784464871463601 1.0505051034366657 2.9004025711741175 130 133 139 1.8908179353739283 48 403 47 555 45 379 49 440
862 -1.7069220690664793 1.3976262379677413 2.5668546114570141 59 77 125 0.81798604375888784 24 99 48 76 47 99
861 -1.1417351660458681 0.96142430711702864 3.3144668223394098 64 78 117 1.606567446064926 22 56 48 59 25 59 47 93 45 71
860 -1.6587472022222656 1.3211566720779013 2.7638925880409251 28 44 89 0.59400340246204208 24 58 48 54 47 64
859 -1.4626365974886715 1.3426157745726865 2.9565030666539727 78 92 135 0.10534562223207533 13 395 10 507
858 -1.5244562857728616 1.2726757843817125 2.9240024916709375 46 54 89 1.4815808315410983 16 102 10 310
857 -1.7498803104227059 2.3742259686553635 3.3872311327292297 111 115 116 0.9064770807959095 13 257 10 286
856 -1.180665962533648 1.528595550840115 2.9227770673739153 163 163 165 0.67487377063588183 16 163 10 257
855 -1.6314159285618042 2.4704982630683023 3.3924191869577629 50 94 79 1.2172019946014205 16 14 10 25
853 -1.1069611640121646 3.5791469889273766 4.7964357452101227 118 118 118 2.6721764166463471 18 17 16 12
852 -1.3620589613317764 0.98673015215166238 3.2075838962366592 132 131 129 2.2283479013392942 17 26 16 8
851 -1.5878481728587723 2.3267433937021744 3.2570293362915317 85 89 92 0.96128009217131904 23 450 21 605 20 734 19 413 22 337 24 612 15 579 12 483 11 485 13 299 16 361 18 295 17 273
850 -1.4501347305485921 1.1153948874231046 2.8525415852646545 84 89 95 2.1605200542836727 18 352 16 422
849 -1.990725007277222 2.928325376146705 3.7082856433502562 106 62 75 2.1363757049473766 13 502 17 304 16 392
847 -1.2467684976278188 1.6234387104090195 3.0696589995446812 102 107 110 0.36781023597078139 17 276 16 330
846 -1.4946265113150816 1.1249232054602656 2.898410081781488 25 35 37 0.42939892468918778 13 367 16 293 10 488
845 -1.2928069434323533 1.0281725555790613 2.9691122645447181 117 127 145 1.2111612385586532 18 285 16 291
844 -1.2958015075751592 1.9035904005814031 2.8959416733180592 129 129 129 2.3206631102207482 13 445 17 179 16 278
843 -1.482124979868424 1.1644162791539949 3.2795252681184248 121 119 124 0.5963290967105328 17 277 16 248 13 371
842 -1.3548535466112528 1.7816028079980541 2.8216477984383825 78 78 78 0.9368944798495793 11 296 13 283 16 211
841 -1.962705042443607 2.9937434869281616 3.9119828461898538 75 49 60 0.9529983902508411 13 151 17 189 16 196
840 -0.67628432663919236 1.9529378604275034 3.911172798994595 135 135 133 1.2235143901690231 12 680 16 181
839 -1.2367920117011659 1.6599784833487583 3.0544117570965654 0 0 0 1.0279069636700939 11 234 12 294
838 -1.4588041966926182 1.1779913916861966 2.8774768291205723 28 36 47 0.41253410453297773 13 184 17 104 16 155
836 -1.8000086745986466 1.95423689917925 3.0340181543148361 128 127 132 0.4002209893784523 11 311 18 134 16 135
835 -1.2411260082517581 1.5557492060664302 2.958912466280303 132 133 135 1.3028664048045191 13 87 16 98
834 -1.2438868942296002 1.3920353495324866 2.9384251232585683 128 132 136 1.2642819591278813 11 200 13 181 17 97 12 310 18 145 16 116
833 -1.4019948994389357 1.2492114779253827 2.8908150669453598 13 16 30 2.1878389000509491 11 205 17 99 12 445 13 311 18 202 16 158 16 349
832 -1.7550373323592818 2.4182318228401964 3.4393555589055187 32 38 40 1.6716676965411232 18 243 17 255 14 408 15 401 12 436 11 456 13 482 18 406 13 533
831 -1.5607900976328797 2.4809205813687951 3.3241770652013773 79 80 84 0.57908651873648476 13 523 17 340 16 359
830 -1.1470665542326386 0.86323613957255818 3.3585717240530357 136 139 144 1.1349966193390435 13 232 17 299 16 127
828 -1.54203768528162 2.4376171674306502 3.2797713649615194 30 30 30 0.52709929919234688 13 204 18 153 17 270 16 186
827 -1.6311680921559979 2.8915200064934559 3.49214027043049 102 103 99 1.2174742302432451 13 199 17 260 16 261 11 353
826 -1.6698250909743184 2.8981731809946147 3.5266868303880554 47 47 47 0.33487846515707681 13 356 17 259 16 259
824 -1.5112275928485508 1.1559614396510365 2.8836327874999896 33 42 46 1.3281679605917891 18 281 17 247
823 -1.1825545730370606 1.3744331114633124 2.9568632413400247 126 127 129 0.60411731846980232 13 233 17 246
822 -1.2226609863081253 1.6995440176838037 3.1461112553857951 62 27 36 0.62196557199709268 13 466 18 197 17 243 16 329
821 -1.6552504335585645 1.2727018181885152 3.0887214329881005 40 54 87 1.780820989919 18 199 17 231 16 236 13 374
820 -1.6147820761195149 1.6932094018046073 3.3813726599471563 118 106 111 0.89449651866469904 13 477 18 256 17 223 16 308
819 -1.2654886765766646 1.2111266162055552 2.9879902064176638 39 46 69 1.471407654031365 11 209 13 313 17 213
818 -1.2712356422878459 1.2937763971511167 2.8983487626688 116 122 136 0.36899397701330344 13 234 18 230 17 205 16 152
817 -1.6289576448391867 2.3537568678781131 3.2945447612579004 21 33 33 2.582006854912998 18 120 17 166
816 -1.5752964284256026 2.501157389825444 3.3592818685266157 37 38 42 1.6194422391627483 13 81 17 164 16 189
815 -1.5984975180977581 1.6543780878409489 3.2355904657250085 34 42 48 0.96954915056254365 13 272 17 135 16 317
814 -1.4034891721841329 1.7410401645503515 2.827178689378846 121 123 120 0.96392920823575179 18 165 17 125
813 -1.4287797606612953 2.6435572096196447 4.5895665983688723 118 114 113 2.0898447833848812 13 261 17 120 16 144
812 -1.541281721307626 2.5712936717613357 3.3831101802667569 107 107 107 1.450098425503614 18 81 17 118 13 46 16 93
811 -1.0626358502113045 1.297071512151923 3.2706864795248314 132 133 135 1.6158860793111871 13 217 18 86 17 108 16 167
810 -1.4852116471769061 1.1817930419201217 3.2519721803066828 34 36 59 0.50215072141400496 13 186 18 177 17 107
808 -1.5751734186845388 1.1918193231903036 3.0634290071811914 50 68 117 0.39614766363183379 11 334 17 95 16 97
807 -1.4055265053054422 1.2139075613810117 2.8717123253142014 74 81 89 0.59472970595629915 18 106 17 91 16 117
806 -1.6868558350680904 2.7685898426299382 3.4900208794794936 93 93 95 0.64127377340356095 13 111 18 84 17 84 16 65 10 224
805 -1.7784965741699037 2.8720371450611268 3.5705440223582632 135 136 140 1.0638928618327621 13 110 18 85 10 222 17 82
804 -1.8207706605378953 1.9975148984894555 3.0685566417801193 33 36 41 0.59485063199320121 13 162 18 122 17 76 16 91
803 -1.5114058697076844 2.281035757327575 3.2915440083516021 27 26 31 0.61183214279730291 13 117 18 29 17 61 16 43
802 -1.7716523986807029 2.1215142396998092 3.0074443565304638 73 74 78 1.0537241358386435 13 115 17 60 16 68
801 -1.4962447619869927 2.6228861964306653 4.4376090444670391 83 36 50 2.1156087223078002 13 118 17 35 18 123 16 17
799 -1.2876183971032051 1.9646617992817699 3.0919258814036739 120 120 120 1.1425308629051558 13 50 17 18
798 -1.752357298771313 1.9891720380499571 3.0727610294250272 102 103 107 1.0824660785227465 13 47 17 16
797 -1.2052546053045656 1.621739617081454 3.0270420641312201 0 0 0 2.0082690437623314 12 60 13 22 11 39
796 -1.6412575135068526 2.1130979799984111 3.5932552383962566 0 0 0 3.122149235810451 11 428 13 195
795 -1.6601410540598285 1.3781970100611336 2.6735664981931122 50 64 110 0.83668973065323349 11 65 18 24
794 -1.6759689602167192 1.742372384310841 2.8764380228113007 141 143 147 1.1279121170098596 14 181 12 239 15 166 18 185 11 303 13 310 17 183 16 272
793 -1.6934797250691154 1.3521599301922 3.0052857248551939 37 34 40 0.33233738205401631 11 441 13 461 18 365
792 -1.5220172151178202 1.1723138215150724 3.0097172297476353 90 95 115 0.88451292872178933 13 319 18 353 17 217 16 304
791 -1.3606624409362138 1.0067959869647622 3.0276651431026562 97 111 108 1.0794989760159732 13 385 18 349 17 251
790 -1.2484959025757425 1.6563261109623322 3.130730409329145 77 77 91 0.62552782763438419 13 292 18 316 17 244
789 -1.6235355832721656 1.2216168929594262 3.0214506197904836 37 52 86 1.9974678576131435 13 406 18 271 17 245 16 341
788 -1.5199125615980904 1.2048431073527539 2.9976387853234279 51 56 87 1.8630523689785274 13 348 18 263 17 204
786 -1.5744824375978232 1.6436573834097756 3.3494851883869217 80 74 81 0.11099328449447826 12 621 18 257 17 240
785 -1.4355017778829495 1.2555126381108381 3.2806112363873901 34 45 82 1.0843977006226777 13 349 18 227
784 -1.5155627998185786 1.0875458441958612 2.7322422793124366 32 37 43 0.67925663162439665 11 176 18 222
783 -1.3726978619712675 1.0863145662787974 2.8423687291381925 108 111 116 1.9047955575548421 11 256 18 220 17 151 16 178 16 298
782 -1.6109040863084012 2.8916780051744491 3.5714766661696178 84 84 84 1.0245359372140501 13 481 18 215 16 400
781 -1.6049321320556014 1.3654771106614028 2.6259995325265266 25 43 83 1.2433438219810622 13 291 18 213 16 408
780 -1.196071318240179 1.4409844464015968 2.8872059639598593 93 97 100 1.3221176070269747 11 251 18 208 16 337
779 -1.5323939892384781 1.2610390783542942 2.9152100955406364 24 31 57 0.36893919936320368 11 325 13 402 18 207 17 232
778 -1.5775227584931342 1.214423964680869 2.9950767829848197 114 115 119 0.26798386949621444 11 400 18 204 17 141
777 -1.3927039516501138 1.2748881420333649 2.8562514736771809 15 30 69 0.61541954294414503 11 331 18 203 16 243
775 -1.6554782321391459 1.3033692220358362 3.1577293357025416 118 120 121 0.58937272526483664 11 439 18 195 17 142
774 -1.5387702877610219 1.4219449663704258 2.6412656647698105 55 67 99 0.49994043256928222 13 220 18 194 16 228
773 -1.5792048888286523 1.456685482668242 2.7770532744077929 62 79 127 0.8612249192218332 13 470 18 193 16 256
772 -1.7162678914755389 1.3830953105468882 2.6719159189019472 36 51 88 0.80446973733291161 13 173 18 192 17 69
771 -1.6752018459459619 1.7276217331815653 2.9341752356975945 96 99 106 0.2664744516927488 13 267 18 188 17 194
770 -1.5144219723023424 1.1827426230858153 3.1647056148096282 101 109 129 0.86960209127500987 13 237 18 175 17 146 16 168
768 -1.73995955598567 1.8577035525493082 2.8664500323058464 97 98 103 0.52779760648214669 12 287 18 164 17 168 16 219 10 379
767 -1.6159856076402814 1.7775925513264181 3.3437458642544589 90 91 93 0.1975882274936209 13 270 18 163
766 -1.1774497605292358 1.0054457956691347 3.4392852481380478 38 53 86 0.79085707630100932 11 356 18 148 17 112
764 -1.6838118238524895 1.3618175137052124 3.0088883727365778 31 31 65 0.83570494376878202 13 124 18 141 17 114 16 232
763 -1.5517628510957906 1.6186082696566615 3.3224524480949511 84 89 95 0.44172557039935811 12 266 13 175 18 138
762 -1.1874069763402586 1.7423232734257188 3.1740951106610225 121 121 121 1.1799704166440386 13 123 18 101 17 133 16 166
761 -1.6942512823333518 1.3762110411231461 2.6513810418045201 70 84 129 0.69375369808425358 11 153 13 174 18 100
760 -1.5595294386239218 1.6008557912273347 3.3615407680728451 74 36 49 0.42030179653388683 12 265 13 122 18 99
759 -1.6703675231144253 1.3216888218963279 2.7392831873077346 17 32 73 1.032262901368894 11 219 18 97 17 29
758 -1.4723990987409523 1.3209815346815807 2.790886592703008 19 34 76 1.203141779874537 11 197 13 126 18 94
757 -1.4207666198332727 0.9779227077239222 2.9804405723730518 52 65 100 1.2833291338915922 13 167 18 89 17 50 16 56
755 -1.3579725455399816 2.0336140012367765 3.2390053159791443 120 122 121 1.8492474018708869 13 142 18 76 17 32 16 40
754 -1.6404270900781395 1.4763966995310174 3.1683560253147283 124 124 122 2.6904082437302725 11 102 18 71 17 86
753 -1.5229186694682795 1.3300901105680927 2.7338995580746852 34 61 106 0.31250400041254633 13 93 18 69 17 42
752 -1.3012631060071533 1.8343774414737333 2.8065179667631828 78 78 76 1.3520493555583173 11 147 12 227 17 64 16 39 18 65 10 185
751 -1.6641415285492698 2.8699059674748364 3.5087075367655203 72 74 73 0.23989855804047569 13 85 18 57 17 57 16 47
750 -1.5025002619876413 1.2241245163039898 3.1509489134941124 36 54 90 0.90524605137447711 13 105 18 51 16 110
747 -1.5778768044235705 1.6803150081592459 3.4142755914688863 60 51 61 0.84771105130565982 13 52 18 23
746 -1.7117423242990335 3.113451212789347 3.6220118181984793 70 32 43 1.1553826075879512 13 31 18 20 17 14 16 19
745 -1.0297933809283923 2.6059002570169829 3.7821216094955479 118 119 114 0.38941735574208092 13 5 18 2
744 -1.8309273486106441 2.7367479957077832 3.6275078030606833 67 69 69 0.60348209725540214 12 329 11 224 13 201 19 316 25 168 18 115 17 117 16 94 10 167
743 -1.7311943882956919 2.4315498763632424 3.3789060822880868 24 32 32 1.0373392634849037 21 809 14 461 15 393 13 254 12 279 19 324
742 -1.925539248076872 2.9783462592201704 3.7066163926501394 100 70 75 0.84358696123230503 11 471 13 541 16 406
741 -1.6460968654187831 1.7968598034774694 2.7881156440140646 125 135 137 0.59047035357862965 12 727 13 537 18 333
740 -1.6173278017410713 2.3850940841796224 3.3034693673155728 131 140 137 0.40575021316120968 11 358 13 531 18 293
739 -1.5240427376365535 2.3184322812277833 3.2979859836837 119 119 119 1.0413155832375562 12 753 13 526 18 391 16 363
738 -1.7906717701890935 1.9870005721721751 2.9661257094638982 55 57 61 1.1973352130312549 15 568 13 522 16 421
737 -1.7382804161139183 1.8569978612332005 2.8610183232411539 129 131 134 0.27746980391360582 12 495 14 353 13 512 15 361
736 -1.5038920835982041 1.2150363694595012 2.9321217767865488 28 31 38 1.1209978802550178 11 332 13 508 18 171
734 -1.2389502917318214 1.6372817338865782 3.068578060741296 91 89 92 1.0101843642505217 12 602 13 464 18 260
733 -1.6426406720439621 1.7107200466196237 2.8222145670586696 34 37 42 0.40880110930113989 12 368 13 448 18 300
732 -1.4213488680668276 1.78466982766265 3.0238991209712882 106 109 116 1.0754704637651891 11 452 13 432 18 332 16 224 17 206
731 -1.5168893013228386 1.1594403019947543 2.9370768963556215 125 126 123 0.68853373848541077 11 366 13 421 18 226 10 401
730 -1.5385711446195429 1.2517894165771504 2.9368615226404939 136 142 164 0.35274614159377393 12 574 13 405 18 206 11 326 16 323
729 -1.4573752280577319 1.2659645937938917 2.7868645660766616 24 38 83 0.92682209321088382 11 392 13 404 18 270
728 -1.588715776896507 1.239286264695026 2.9688103020622987 144 145 138 1.6574568315047191 11 369 13 386 18 168 16 223 10 417
727 -1.1203072374865279 1.2214992644687528 3.1710280574324106 50 55 77 0.63799492452164352 11 286 13 383 16 315
726 -1.8367552761832671 2.7638588891030977 3.6262972467796994 139 139 137 0.34962435193393931 11 466 13 364 17 264
725 -1.3659811136821933 1.0049495168636982 2.9759462636175429 42 59 79 1.2024598010747189 11 380 13 350 17 153 18 166
724 -1.6126818284329263 1.2911640886109079 3.0702863164265666 34 45 65 0.74763023716173371 11 437 13 340 18 198
722 -1.6704275858340416 1.3146029951566132 3.1281230280267502 52 48 74 0.41104680664228599 11 473 13 336 18 210 17 228 16 164
721 -1.6564058458080817 1.3322472168226418 3.0632307995296211 43 53 71 1.0369154943946868 11 321 13 332 18 211 16 113
720 -1.3382980991477578 1.382430381473156 2.8740556808439539 49 54 84 0.60541563955677757 11 436 13 316 16 335
718 -1.6569346762671278 1.7279527919143702 2.8232311208188086 118 117 123 0.54905082755346435 11 419 13 284 17 266
717 -1.6295093942068581 1.7666847754565902 3.2317649443911023 88 96 95 0.59946665812707323 11 413 13 282 18 250 12 535
716 -1.201245824699493 1.8311667974865482 3.1449232254401522 81 51 59 1.0853849835079101 11 347 13 273 18 310
715 -1.6373150561257945 1.7100542817473376 3.1304783223348545 125 135 137 1.142610813414026 11 164 13 269 18 130
714 -1.625977755317028 1.785415555981696 3.1856840950945986 56 58 60 0.8152719825764867 11 247 13 268 18 180 17 235
712 -1.8413419021558373 2.7513214972572517 3.6935194753091722 146 148 147 0.80328500350997156 11 266 19 579 13 252 18 246 16 192 10 279
711 -1.3892014323327326 1.0553382072568778 2.8774329867795916 149 149 156 1.1289755428923669 11 349 13 243 16 111
710 -1.0529435360116004 0.90522757564402279 3.4035864730119081 65 79 108 1.1603552161194997 11 291 13 242 17 208 16 109
709 -1.2989796639109858 1.1247153909670693 2.9256813645696287 127 131 143 1.3727121355600727 11 255 13 241 17 211
708 -1.4997869236743351 1.2251647937700325 3.2893634676531076 49 52 90 1.1342723031682904 11 206 13 238 18 107 16 118
706 -1.3890774918747144 1.316831757397201 2.8560127244200455 23 41 80 0.47654416709913378 11 252 13 227 18 167
705 -1.6039661835705412 1.2539984352205364 3.2108889773057907 134 141 157 0.4522802992214599 11 394 13 218 18 205 17 140
704 -1.51896380160829 1.0358567867200854 2.9522572521975818 146 145 150 0.72271411092711868 11 368 12 378 13 214 18 219 17 150
703 -1.2145804988756264 1.8365405849154433 3.0886103810658136 155 146 147 0.92143175206656625 11 245 13 193
702 -1.3221794694083926 1.0245559149418824 2.9916012525871252 39 52 97 0.70865626999603726 11 379 13 189 18 181 17 154
701 -1.2951188083643455 1.0498370363748941 2.9370783936320759 89 100 96 1.1067727500607982 11 259 13 188 18 179 17 109 16 121
700 -1.5167047527666659 1.1395672771401624 2.8788751539790223 52 56 55 0.40192492517664274 11 254 13 185 18 147
698 -1.6708170713980901 1.3505069815463788 3.113503909663919 157 149 104 2.0297244084375707 11 155 13 178 18 92 17 43 16 114
697 -1.6106812623367714 1.68404222237773 3.4281616280450944 83 48 55 0.38838414068839316 11 244 13 172 17 128
696 -1.5714719564314044 1.2527105165473165 3.271765556777007 42 46 73 0.55239757758433028 11 253 13 170 18 143 17 100 16 108
695 -1.0796098743844345 0.90881989265412477 3.4657407470026627 70 77 106 0.81808982720742685 11 192 13 166 17 113 16 128
694 -1.4713673637272275 2.2590123645169209 3.3518088221084494 120 120 118 0.99439680612072989 11 143 13 163 18 113
693 -1.2657787643077689 1.2601106781395111 2.8865452752363723 180 183 190 0.50011634824520934 11 184 13 158 17 105 18 149
692 -1.6586295091811765 1.7185991543224488 2.8574424475947779 38 42 45 0.27434124847907365 11 166 13 149 18 126
691 -1.4511092215642112 1.5370190145852083 2.7347408256946344 101 98 109 0.46961300940023687 11 152 13 148 17 127
690 -1.6013498613936301 1.7146877936014087 3.2829316577643253 126 137 141 1.1764514870293978 11 148 13 136 18 45 17 70 16 85
689 -1.6266479315149684 1.3772954552631849 2.5829642211007475 39 57 97 1.0472568664258386 11 154 13 134 18 102 17 67 16 86
688 -1.6016911595409853 1.250496949192146 3.0347568737520048 134 138 147 0.61529427458864139 11 199 13 133 18 66 17 46 16 48
687 -1.1234476767627428 1.449337068675111 2.871917208868795 116 116 116 1.9275846338204345 11 158 13 132 18 144 17 92
686 -1.5255292517685053 2.6249051423172403 4.5077253737288423 147 147 142 1.1489414631846024 12 283 17 158 13 131
685 -1.4547295200457402 1.2948764622882671 2.7949538483202137 56 70 116 0.91772712598456196 11 174 13 130 18 104 17 93 16 52
684 -1.5973678430112381 1.2800777849657159 3.0029121450505261 36 43 53 0.7687871398625481 11 198 13 129 18 103 17 85 16 78
683 -1.5277480414794489 1.1422520470500976 2.9299121412943601 117 118 113 1.0298726466776593 11 196 13 128 18 108 17 48 16 106
682 -1.9541582259698045 2.9180585479345469 3.7695301682283073 151 155 154 1.3969601859729841 11 136 13 108 18 52 16 96 10 165
681 -1.4776153114912811 1.5192674045670282 2.7554248820109519 41 48 76 1.778909608969804 11 120 13 106 17 68 16 64
680 -1.5027993433572122 1.2309263456463997 2.9315405284716434 55 58 87 0.13313349060734805 11 116 13 97 18 91
679 -1.6090769244986314 1.2533819915463482 3.1231521651942602 47 58 87 0.56661991327061123 11 160 13 96 17 47 16 36
678 -1.2017406461794184 1.4669166275818117 2.8832079249712836 66 70 75 0.73374702575026374 11 126 13 95 18 67 17 45 16 77 10 260
677 -1.634376649546744 1.3020854725776816 2.7931721761155051 62 78 137 0.79942138270907004 11 156 13 92 18 70 17 41 16 51
676 -1.5376047709744487 1.3643912644899121 2.6988997427762129 29 45 95 0.69892653885657341 11 121 13 91 18 40 17 40 16 50
675 -1.6260033314835687 1.3448138148022972 2.6118309179341885 66 85 144 0.84595862138815447 11 195 13 89 17 39 16 84
674 -1.8806881268315832 2.7980220155842983 3.7064524822762652 156 156 156 0.66829139419885042 11 109 13 84 18 58 17 24 16 30
673 -1.7471914712526955 2.5084676469657547 3.3894375217222983 129 131 130 0.63464465801668202 11 84 13 82 18 59 17 36 16 44
672 -1.5592745426699111 2.2035119272107497 3.2559177556015251 49 51 50 0.39877435539504108 11 83 13 80 18 78
671 -1.4849215091244228 1.1350452798170796 2.8687446826877241 35 43 51 0.39933210199448416 11 92 12 182 13 78 17 22 16 34
670 -1.6334254861354998 1.7683152407439804 2.8244302705738527 122 123 128 1.025124570508898 11 86 13 77 18 64 17 33 16 29
669 -1.3781858756265271 1.8601622229956689 3.1055187898741252 106 107 111 1.0496955470431646 13 75 18 75 17 53
668 -1.6419673154532566 1.6100211105322952 2.6776841168547199 112 116 117 1.224527325741567 11 58 13 74 18 56
667 -1.309693247840624 1.3023448464928022 2.8883885467476316 38 55 98 0.62884394935821553 11 90 13 73 18 39 17 38 16 35
666 -1.1904849158529893 1.2944170534515873 2.9659189606788816 87 91 90 1.9405217744914185 11 119 13 72 17 90 18 176
665 -1.320953159682194 1.1397837529093671 2.9039147266184089 125 127 131 0.27758550864363096 11 129 13 71 18 87 16 55
664 4.1118722226714093 -0.47803670849043584 10.751498524327772 168 166 168 0.79929280063302899 12 171 13 66 10 108
663 4.2348914867595893 -0.60177654550324389 10.757110194777729 51 58 86 0.15355750326351514 11 100 13 61 10 111
662 -1.1525369997407162 1.2158116987833489 3.1704147145580945 46 51 80 1.0085651408567142 11 53 13 57 18 88 17 49
661 -1.5477215903787924 1.2603829850114512 3.2592773311779024 57 71 125 1.6347568022031767 11 88 13 56 18 41 17 20 16 16
660 -1.2887853420958424 1.3944937321187789 2.879052447261067 119 121 124 1.5142178419721053 11 101 13 55 18 33 17 28
659 -1.6419393970869594 1.3041988465653025 3.0963221794784603 46 50 99 1.1254407646131686 11 124 13 54 17 19 16 37
658 -1.2091525281584921 1.8022852717594415 3.152038926055337 87 44 57 1.3153287766069268 11 149 13 53 18 73 17 31 16 25
657 -1.7012885005904976 1.7598492830641548 2.8506330380231737 137 141 145 0.66638087163487891 11 114 13 49 18 30 17 34 16 23
656 -1.0777491036248414 1.1880136366887661 3.2619328486262531 150 152 147 0.4225799665067605 11 93 18 111 16 58
655 -1.2064973948597926 1.369351368299369 2.9464385552404226 91 95 98 1.4506151864766093 13 24 17 7 11 38
654 -1.638463428583977 1.3268695684800282 3.0095747762604215 41 48 85 0.82396256180324823 11 32 13 23 18 18 17 8 16 10
653 -1.2511208563074037 1.5876206488355791 2.9614134070264608 146 147 141 2.2666919077757424 18 26 17 12 16 26
652 -1.5748776179075545 2.6706079034780905 3.4221518959349333 143 143 141 2.0970331491555143 11 23 13 21 10 54
651 -1.7197698149440446 1.71689504895237 3.1902960409551326 141 143 138 1.5196552161214507 11 25 18 10 17 5
650 -1.4340585508814792 3.2941653448080528 3.8428452917487066 149 148 144 1.5293170342549411 13 12 18 7 16 3
648 -1.6978402920406057 1.7843325895689033 2.8183191752884178 116 122 121 0.49818149141895951 15 378 12 372 11 284 20 449 26 371 19 344 25 283 22 266 27 552 18 184 17 170 16 218
647 -2.03083902178932 2.9191896556916235 3.8768595722281636 45 40 41 1.6953863410374763 12 277 15 489 19 187 11 238 21 468 16 141 13 152
646 -1.7269128552898356 2.5523939688068862 3.4048386309281926 119 120 122 0.78625253495451985 14 464 15 613 11 491
645 -1.6101309805005997 2.3295304616894783 3.2648975855144728 108 114 114 0.60334893613727181 14 556 15 580 11 488
644 -1.8077888361620873 2.7355206941178678 3.6040746106308412 139 140 144 0.95968703895590235 12 557 11 463 13 202 19 329
643 -1.7859910241165369 2.7000882853287749 3.6257744017386964 67 67 67 0.76266242904808668 12 755 11 462 13 487 17 198 16 284
642 -1.7325003818047011 1.8237612252259487 2.8771533837501164 131 132 137 0.5466286638194704 14 581 11 424 18 265 16 364
641 -1.0409669224548961 0.90122999894415468 3.485182724541442 155 159 172 0.77277943273664296 12 597 11 385 16 104
640 -1.7058659239233944 2.8566420069789462 3.4962090427713672 87 87 92 0.38440725740099335 12 541 11 352 13 365 16 260
639 -1.9908141359638869 2.9411581421030122 3.7686845978725749 70 45 49 0.61968498975309871 12 719 11 350 13 247 18 340 16 394
638 -1.6150301020323599 1.6852869528572634 3.313837871467936 56 56 64 0.76600044843747339 12 528 11 335 13 194 18 136 17 126
637 -1.6919697230993189 2.3342879089967314 3.3389696810502945 39 50 51 1.1263075136923939 19 412 11 272 13 297 10 583
636 -1.7419782624765079 2.3374906619265929 3.356496267728057 106 119 120 1.1522810403003676 19 414 11 271 10 427
635 -1.6802464064983791 2.806365844848917 3.508204582692573 126 127 131 1.2663981041232795 12 742 11 265 16 401
634 -1.2911382614373539 1.8627394588824471 2.7847243754029898 148 149 144 1.4424702077774538 14 484 11 246 15 391 13 442 18 303 12 758 17 334 16 379
632 -1.9324263715376109 2.8693941217646062 3.8067221181655069 116 116 118 1.0505496554733402 12 328 11 237 13 198 16 134 10 166
631 -1.7523934503208272 2.6873182219225269 3.4926060108378105 138 139 141 0.89739250228721468 15 349 11 225 16 263 10 430
629 -1.8329501149067726 2.863179336151136 3.5964801690465902 39 40 44 0.85685824621053919 12 231 11 223 13 250 18 151 17 258 16 257 10 221
628 3.9889830869202192 -0.23941001075521887 10.721672175405516 114 115 119 0.75177482199151313 19 300 11 214 10 329
627 3.8926016205652019 -0.34719738421062601 10.801891672915639 187 187 195 0.80470204443834226 12 291 11 190 13 104 10 199
626 -1.6560146886780731 3.0382138635388114 3.5918003811426327 76 60 65 1.0324997644565963 12 412 11 179 13 197 18 152 17 156 16 197
625 -1.7195235547855647 1.8151424759306656 2.8425546351641739 50 61 61 0.39169004928438361 19 192 11 171 16 90
624 -1.6584184828408275 2.550462876472841 3.3650485499549601 121 126 129 0.63181864274974897 19 111 11 139 13 114 18 82 17 80
623 3.9349975659234113 -0.90266478433158515 10.933010256813821 111 110 109 0.83486356790235072 19 137 11 133 13 102 10 159
622 4.8012015778255028 -0.22548815131475483 10.722802227601434 156 157 160 1.4305585620769925 12 206 11 96 13 67 10 109
621 3.7580024917122627 -0.87837673269604699 10.951061637545781 70 70 70 0.31740508790558902 19 105 11 89 13 63 10 112
620 -1.7733563211616719 2.7083886180440522 3.545932874368575 135 135 135 0.84352402485324751 12 145 15 144 11 85 13 45 18 27 17 25 16 21
619 3.1878727233276472 -1.2650878300462149 11.889655972754142 163 159 158 1.0123667820548077 19 68 11 70 10 75
618 3.8610843160800674 -0.7564469714812222 10.857981295823787 162 158 156 0.50473746633869565 19 69 11 69 13 35 10 61
617 -1.6982682197497299 1.8318696756418085 2.8310573762638001 43 64 60 1.4838278477682094 12 125 11 59 13 48 18 22 17 17 16 22
616 5.1619550429188177 0.025969270099709462 10.324192517638954 71 71 73 0.9601566106619055 14 249 11 56 13 38
615 3.9351258883174429 -0.53725683014637382 10.826697682701628 62 68 104 0.44926359640833291 12 128 11 55 10 45
614 3.5852495145516601 -0.91599411855654966 11.088909691193679 163 160 160 0.45523846998705464 19 53 11 54 10 62
613 -1.8927546959059482 2.8900885287249838 3.7348368989525449 109 107 112 1.3211091689860106 11 41 13 17 18 19 17 10 16 13 10 23
612 -1.2296973302435881 0.96838392542567342 3.1494523993495225 67 84 138 1.6854589460631786 13 13 18 9 17 4 16 4 12 135
611 -1.3009849056853673 1.1249069618923246 3.6940101734047524 158 160 159 1.8462220829255427 12 57 11 10 18 3
610 -1.4708406850505342 1.3958147616976251 2.9582019334359617 57 77 130 2.3818553710746584 12 4 11 1 13 3 18 0 17 0
609 -1.4544049965811243 1.2219986691032076 2.9339898885793003 62 68 74 1.071468785237597 14 658 23 508 19 549 25 336 22 323 12 444 11 346 18 146 17 101 16 351
608 -1.7647772547860041 2.4391844337117714 3.4340071880929353 127 131 134 1.0615913969167179 14 549 12 740 11 458 13 538 17 320
607 -1.621709368230456 2.3221704173953501 3.2613924245491916 105 106 110 0.42183996648800731 20 864 23 731 12 731
606 -1.7943693461037329 2.0604975603931872 2.9457230321097705 106 107 112 2.0493450098520016 14 716 15 569 12 729 15 705 11 481 13 527 12 671
605 -1.7620129543814302 2.9839424976100015 3.5862078649807758 139 121 129 0.61623229760906406 14 814 20 741 12 713
604 -1.8650645440798428 2.9523491182931112 3.6500645891434091 69 57 59 0.50546664137160602 15 486 12 712 17 306
603 -1.8906779960683264 2.8588303939375672 3.6481445773352976 77 81 85 1.2689019266121941 14 823 12 710 15 768 11 498
602 -1.741254762868198 2.9028871798626743 3.5308320100525519 117 120 121 1.5037230332534555 14 533 19 609 12 708 15 676
601 -1.3101427746723018 1.8663856771267548 2.8013224599005961 157 157 157 0.64561642301915545 14 765 12 685 18 397
598 -1.7893136513574006 2.0273523415090038 2.9420732321986725 43 44 49 1.5382043081724412 15 493 12 662 13 525 14 523
597 -1.0111082025934475 2.1283058616507242 3.7425682973299614 152 152 150 1.2098868777709917 15 711 12 647 14 745
596 -1.5654848662809668 1.4937915335704686 3.2907719681363656 146 151 155 0.90261880835337693 14 861 12 644 15 670
595 -1.4589292708129313 1.1129779756064118 2.892107310425589 119 119 127 1.5147193191716637 19 496 12 590 11 375 13 370
256 -1.2627574783886142 2.6482624107865154 4.0846976072811136 122 126 128 0.26703756101649045 23 976 21 991
2613 -1.9798068057513905 3.1466746001559236 3.5643671422141927 114 114 116 0.44401526944132574 8 495 9 884
255 -1.5208030227195088 1.7866527315158363 3.056708852433446 84 85 90 0.30418375835654277 23 975 21 1117
254 -1.2685504722119867 2.717812206427388 4.2297278450459599 107 76 84 0.25779170908654064 23 970 21 1036
253 -1.6122506318114502 2.2065506469348395 3.2542862234695393 86 86 93 0.10389925161003546 23 967 21 1138
2610 -1.592444832375481 2.6971588102053543 3.6214711646816427 99 102 105 0.92983134994357552 8 930 9 633
252 -1.4766496644777156 1.5255317199614673 2.7595449384631361 29 38 65 0.86379944549403997 23 965 21 679 14 696
2609 -1.1553777878130713 1.7546521658292256 3.7727695993095143 105 106 110 1.0262452727153306 7 576 9 620
251 -1.738807553980888 2.8083110853798936 3.489741308065776 130 131 134 1.2581327826197293 23 958 21 1039 14 876 15 808
2608 -1.5131438990393633 2.6241329165404945 4.0747248239566147 147 148 152 0.54493016461052646 8 497 9 613
250 -1.212623165412821 2.2964090995150586 3.8319658740543541 58 62 66 0.27553154625811538 23 957 21 1089
2607 -1.7126431374505779 2.2420161456343322 3.0204194374115612 154 154 154 1.2867483595258959 2 333 9 610
249 -1.8059328523647502 2.9927025775279232 3.600588713775378 83 33 45 0.015967293458046445 23 954 21 747
2606 -1.7408742840214957 2.210457454870844 2.985824806243349 158 158 158 0.81879497139385249 1 421 8 519 9 608
248 -1.4242434686529899 1.208328088782461 2.8801919827018572 22 36 37 0.20855388688997811 23 938 21 928
2605 -1.2604603676702633 2.3806130937300214 3.8194328540346305 129 130 135 0.028820785738352374 8 587 9 592
247 -1.3649083094880219 2.2386423534650159 3.7516456819713575 124 125 128 1.1414503719433517 23 926 21 1083 20 906
2604 -1.3288642090589888 1.1835646157441868 3.0483318940046078 119 120 124 0.68473650245261342 5 227 8 737 9 550
246 -1.8098974159561219 2.0135513725773464 2.9870909199025286 111 112 117 0.53495358244203972 23 925 21 659 20 586
2603 -1.8077835615864586 3.2948997892844227 3.4592883361369133 133 81 93 0.41238586968939572 8 384 9 461
245 -1.7124735590242472 2.0399535211741404 2.9967575181245505 68 68 69 0.57673677907773857 23 916 21 1071 20 653
2602 -1.3102267516410329 1.7673680542988326 3.4447669535593501 164 167 170 0.16292427022163436 8 301 9 363
244 -1.5868422955708736 1.7860544310463358 2.7667066100982556 93 93 95 0.45970859313481954 23 914 21 851 20 771
2601 -1.2104629169839687 3.0775523845656547 4.0211006979295956 139 135 134 0.0061415794074310692 8 394 9 355
243 -1.5773772550853424 2.4920607778343657 3.2524876910894149 89 93 98 1.3722272385137853 23 910 21 808
2600 -1.4755913686653999 2.8002671883791361 4.2286699176363802 141 140 138 0.17122863228269464 8 233 9 224
242 -1.6995453826478071 2.4910925802969333 3.3228163259973615 106 112 114 0.98337957914062635 23 907 21 1007 20 873
2599 -1.755556558341572 1.7848201446382328 2.8581740017840205 153 152 148 0.33689070690382072 1 159 8 213 9 208
241 -1.5936817771157004 2.4506961456642964 3.2850595877893265 40 56 53 0.77689555942648381 23 901 21 1096 15 730
240 -1.1865032399130573 2.3530187956726527 3.9348383133993083 107 110 114 0.42354214669353657 23 894 21 1107
2597 -1.2845518238234481 2.3148753193883587 3.9789162166917493 76 77 79 1.2500584789961897 5 139 8 255 9 191
238 -1.285998666854637 2.3262157657258613 3.8155515079215525 79 82 87 1.3146722373314315 23 890 21 1092 20 980
2595 -1.5985649518129799 2.5050905227394384 3.3330261101679022 0 0 0 1.3681987167510175 5 145 8 419
237 -1.7165992779414991 2.31683370206474 3.3495297317005184 109 117 118 1.2240395035658107 23 887 21 782 20 736 19 420 14 553 15 562 11 482 13 298
2594 -1.1738569796872502 1.5423842221429327 3.6308309806848245 130 131 133 0.28314455216110407 5 74 8 133 9 138
236 -1.7330605864643329 2.7625270931822783 3.5155842658557361 75 77 77 0.98002667894109552 23 883 21 734 20 927
2593 -1.2972449474545218 2.5586974279967354 4.0225592721469354 139 140 145 0.38360391341572486 2 55 6 39 8 117 9 119 7 35
235 -1.7003235574669158 2.7141098316153043 3.4642415625038474 144 144 146 0.65398203589165926 23 879 21 990 22 615 24 453
2592 -1.2100092489120975 2.1800266573041505 3.9532118830025191 54 75 66 0.92063312712248435 8 922 9 584
234 -1.0654525101921415 2.7494869558620274 4.2720842053531562 158 144 146 1.2820302264059158 23 877 20 551 19 318 14 798 12 743
2591 -1.7342332821646744 1.8142326321296629 2.8996490463162869 47 46 52 0.58453394864080621 1 56 8 159 9 164
233 -1.0977553675588889 2.7167797818266908 4.2461430679381147 109 102 101 1.0833110464142337 23 875 21 1037 20 884
232 -1.2602321066770135 2.6976376474700352 4.2475322344214304 62 50 52 0.19248980529910009 23 874 21 1033
2589 -1.2673593369089839 1.4831094353700665 3.6859092078127298 144 145 147 1.232237326127773 7 564 8 896 9 722
231 -1.5705259022813971 2.4949524179932627 3.3194117160524246 51 56 60 0.34625760301041286 23 872 21 593
2588 -1.7102593375389485 2.2051734189619556 2.847889477989991 72 73 75 0.52606246259910139 1 427 8 688 9 652
230 -1.589092135195773 2.5931617974738637 3.3828133274462955 112 114 113 0.25722802557947583 23 871 21 801
229 -1.1846264451979494 2.582989327426815 4.0650797514294927 116 116 116 0.5014267764573167 23 868 21 1078
228 -1.1044748969489142 2.5379938578921868 4.2132976991375966 177 178 173 0.78080169964691115 23 864 21 798
2585 -1.3063543277327994 1.1934367242325319 2.9386085885561721 120 121 125 0.73735131173756263 1 442 8 466 9 548
227 -1.5314772629057916 2.5189627276644702 3.6163070918734541 107 107 105 2.0368039636558812 23 862 21 1013
2584 -1.3663051067796603 1.7571070364506807 3.2008808066344865 76 46 56 0.66597877430147323 6 207 8 452 9 716
226 -1.68755448488189 2.5133656285716017 3.3238874074097007 82 86 90 0.97783079102586123 23 861 21 803
2583 -1.7029362354779547 1.9744202033520626 2.9230572187994475 138 139 142 0.78124535943596252 6 382 8 448 7 238
225 -1.3746312585213163 1.6262776897894597 2.9237311792248373 97 101 109 1.6862312502410464 23 843 21 1123
2582 -1.1945370578223642 1.3863097335377152 3.1409999172546583 160 147 104 0.30806418229913302 8 439 6 141 9 390
224 -1.4033778120116471 1.8364864462873234 3.0461986370971421 108 108 108 0.78836257581392588 23 832 21 665
2581 -1.6903732241649612 2.2986931206051708 2.8601214101322383 157 157 155 0.86484614944020688 1 114 8 386 9 267
223 -1.469419737529077 1.8281326560534221 3.0290227894999946 50 54 57 0.012080660095519316 23 829 21 899
2580 -1.7378611915313225 3.2074726234888007 3.4549034134406766 79 66 70 1.0486800685782351 5 181 8 383 9 347
222 -1.5724023828747093 1.8085162595895485 2.8212476467400189 93 95 100 0.95620159258836812 23 824 21 907 20 769
2579 -1.753148041741412 2.8315362744002543 3.5846866073336203 98 98 99 1.0100672424735031 1 282 8 375 9 344
221 -1.3649460534754954 1.2238283292202254 2.9162224981480813 64 68 79 0.46450604298461506 23 810 21 941
2578 -1.737997596284202 1.9928403807479347 2.9016257252960638 140 141 143 1.3952806902493204 7 185 8 335 9 408
220 -1.4699610355251098 1.1935271994893801 2.9087374459651203 56 66 71 0.47807709585229996 23 807 21 844 14 653
219 -1.3213259178284447 1.0694728467442842 2.9511979648772035 87 87 89 0.2648542942772168 23 802 21 929
218 -1.2616752565713991 1.5123733284166589 2.8950580565593751 101 101 102 0.37595999889335308 23 790 21 965
2575 -1.2526248895880172 2.3812435997405448 3.7845328842312798 53 54 56 0.30326541132193352 1 203 8 253 9 290 5 180
217 -1.3755698199291437 2.0934544631669798 3.7485689397895952 88 89 93 0.30831312259395416 23 777 21 1106
2574 -1.7370667883573523 2.7504649517687159 3.6857102413911731 154 154 154 2.2996825178254019 2 79 8 251
216 -1.4976969080154574 1.8782078291774589 3.1241351690869501 55 55 59 0.64196363448504701 23 774 21 885
2573 -1.1507723552602094 1.6403685600665392 3.6087758425912035 137 138 143 0.4751348827507354 5 161 8 244 9 200
215 -1.6265674132129366 2.0848152387707959 3.2300697768990552 112 113 115 0.48643811809164034 23 764 21 1079
2572 -1.8045103603138368 2.8040124743103334 3.6424453822654415 108 109 111 0.40117178061960362 1 200 8 243 9 343
214 -1.1838125108808932 2.0719713989530049 3.7003879131834729 97 101 100 0.47218856666886522 23 763 21 1074
213 -1.3906262585273441 2.0651120257962252 3.5899588280896055 123 124 128 0.89685317591370561 23 760 21 1056 20 928
2570 -1.7448603116394108 1.8075329065916501 2.9480488175039978 146 149 154 0.05079068955620427 8 196 9 263
212 -1.385642126726637 2.0817762538177371 3.7416790501699668 124 125 129 0.25583965290808541 23 757 21 1137
2569 -1.317107817996694 2.3764636060691058 3.8370987232162768 130 130 132 0.79976762729319384 1 100 8 147 9 141
211 -1.3742232637856726 2.0662380560618727 3.7070882041273725 79 80 84 0.1898028878821601 23 756 21 1064
2568 -1.7551840382936799 2.1327915005644056 2.9486679988990563 60 61 65 1.1877170012075484 5 83 8 134
210 -1.6691985317308091 2.1168356165770064 3.2769482205124483 84 85 87 0.3092054762892853 23 755 21 1053
2567 -1.3451584680451221 1.5097242568872182 3.1608618811523157 116 115 113 0.25844432301855319 1 58 8 109 9 123
209 -1.7242136471977403 2.4905665325569943 3.3555724772138715 90 95 98 0.073050553536396584 23 746 21 806
2566 -1.7262876305875616 2.7573617070548742 3.3798045643941959 156 156 156 1.0604138611082874 5 43 8 69 9 61
207 -1.6587699857175038 2.5059367041447018 3.3250541849632786 102 110 112 2.2080359258921165 23 743 21 804
2564 -1.3012480037935834 1.213982262246782 3.1032908235764669 50 49 71 1.0564565995102211 7 618 1 449 5 237
206 -1.2995709179601429 2.3381992963926757 3.8205800984552778 128 129 133 0.71321358776913168 23 723 21 597 20 737
205 -1.7607039547864984 2.7646547073406516 3.4935044459869573 130 131 135 1.0078942657286283 23 720 21 735
2562 -1.67636616100032 1.349384261373362 2.7776857884085491 50 68 116 0.64016248818246402 1 53 5 61
204 -1.1967881350653475 2.3131195432929927 3.8562735838866535 57 59 64 1.2180818590162046 23 713 21 811
2561 -1.4090793742613195 1.7393327451838505 2.9963914974230907 0 0 0 0.67388180907644746 2 11 6 10 7 8
203 -1.6592571229143853 2.9993922944678544 3.5761841065650741 47 50 48 0.10102563565008854 23 710 21 631
2560 -1.1939975176754569 1.453526256514116 3.5820693750217112 132 135 138 0.31231249807872852 2 50 1 62 5 65 6 57 7 48
202 -1.3573905453186952 2.0500087947353784 3.7327351772999489 114 115 119 0.86002260185643342 23 706 21 579
2559 -1.390209246091147 1.6322422557169782 3.4203866946393404 36 40 49 0.82336590700845225 2 397 5 259 8 951
201 -1.089336622741867 2.555482661284096 4.1908712529255929 179 180 174 0.4783256245871893 23 703 21 985
200 -1.5771712517620013 2.5487067079582331 3.356190965908171 110 114 117 0.10401183204269596 23 702 21 453
2557 -1.3391004869186625 1.7361480586973468 3.2896228590803198 51 54 61 0.48785322307087176 5 242 8 454
199 -1.0974611001891739 2.6076785216281717 4.1420480157943427 184 185 179 0.17163355756183857 23 693 21 743
198 -1.1328535683049119 2.7478462082501673 4.2407950461399251 56 50 50 0.34457659491362447 23 689 21 726
2555 -1.2500670074597262 1.4212590465170436 3.1182656548505387 0 0 0 1.1686348499774692 2 200 6 147
197 -1.8374524278880608 2.7364080592568727 3.6147162073650394 118 120 119 0.79540617423900983 23 688 21 995 26 397
2554 -1.1525562805260068 1.2598766125275256 3.4250213308184558 85 92 102 2.5583415705443628 1 240 7 214 5 217
196 -1.3106932134483416 2.678798891717534 4.2538808118474112 63 46 52 0.12423448998681982 23 686 21 1006
2553 -1.2567279051652447 1.3629071437608942 3.0760372016477153 35 45 65 0.91540040935749756 2 204 5 211 1 392 9 307 6 307 7 225 8 359
195 -1.6351692108883502 1.8854206117419845 2.7914527538181018 122 129 130 0.26404974934489678 23 684 21 901
2552 -1.2646045367719547 1.199018230048325 3.1637507898819743 52 66 110 1.4916208498840404 1 401 2 149 5 209
194 -1.1431718605144459 1.773754938956982 3.315240466010652 107 106 105 0.30014933494019469 23 682 21 895
2551 -1.3219251385582396 1.7482872894457877 3.4817284137299547 73 74 78 1.5133089843304128 1 223 2 273 5 202 8 345 9 199
193 -1.5353858107506253 2.1223400123542091 3.237517982151243 39 41 43 0.064797240746345353 23 660 21 584
2550 -1.5598272116664165 2.2291842318982047 3.22216235896764 117 119 116 0.45446940476357095 6 202 7 118 5 190
192 -1.2405495533482931 2.0853475399202228 3.6421954539975085 46 47 49 0.5736787864338504 23 658 21 770 20 665
2549 -1.2756256200908551 1.5382484156284955 3.5062092387713037 98 101 106 0.54319694944108687 1 121 5 184 8 257
191 -1.446617481057985 2.068490740258528 3.2979476008956734 85 89 90 0.15996647124796989 23 655 21 588
2548 -1.6293180921019716 1.5328504649900747 2.7858978327787538 56 67 89 1.2729810686263257 1 162 5 173 3 78
190 -1.4874162784510159 1.8916551392360788 3.1083411407157948 90 90 92 0.36615459511173454 23 653 21 997
189 -1.848953241517268 2.0494885074225024 3.0163664001189381 105 105 103 0.36396132058045644 23 651 21 555
188 -1.4922495772242297 2.1634396312632309 3.2473816182716622 161 162 164 1.1465854195643495 23 650 21 1136 20 902
2545 -1.1344031654930051 1.6819613945926895 3.7017523487619424 119 120 124 0.4400614625644565 1 217 5 153 8 306 9 269
187 -1.6875997910649476 2.238448789130485 3.3064760770944708 75 76 81 0.24478312293068902 23 647 21 1110
186 -1.3369659918519483 1.9580283055065799 3.5422828132711937 109 110 114 0.552425225442714 23 646 21 480
2543 -1.5974712034890581 1.2433888660720187 3.3162139757105558 59 62 71 2.3056635737136437 1 377 2 178 5 123
185 -1.3309847592479438 1.9020262023492003 3.1719890423666461 80 82 83 0.52471559515791144 23 642 21 654 20 941
2542 -1.5912583719858711 1.3666269668516924 2.8018258889436538 83 99 143 1.0816772498435734 1 87 6 71 7 52 5 108
184 -1.3089252733616439 1.3146887255521711 2.9134999317743917 48 61 106 0.41641092310684202 23 640 21 915
2541 -1.2604167299708324 1.1559208251952768 3.1255268756266483 40 50 77 0.83494151778802872 1 84 5 106 2 69 6 65 7 60
183 -1.2536538743865568 1.4507451500418362 2.8742030977773472 91 96 102 0.61509505833056677 23 603 21 963 20 847
2540 -1.3577171293008694 2.4106839562076852 4.0695809592672809 117 122 116 0.5420165668255772 6 54 8 116
182 -1.4867942225790696 2.1012217072918133 3.325911207301897 71 73 72 0.35026457880734435 23 595 21 574
1290 -1.0494055207342559 2.8977538179638938 4.1980583444566708 138 139 134 1.7650124420936522 31 21 29 107 32 21
181 -1.6268993791112984 2.1141611206758699 3.2520034853308606 126 127 129 1.3206051786072217 23 594 21 475 20 668
2538 -1.4630315042425208 1.1856346979671675 3.1796613263541951 35 49 89 0.64660522808545928 1 86 2 41 5 59 7 29
1289 -24.621241715383569 -11.155418962382766 34.14147670931176 53 53 61 0.21301046245871805 27 29 28 72 29 39
180 -1.3588309501743721 2.0903788913494319 3.7822486825684631 119 120 124 0.036803378217841951 23 593 21 778
1288 -1.5844368066479035 3.1956829697660067 3.7091379775170856 147 142 142 1.1355355325268319 31 22 28 60 29 59 30 51 32 20
179 -1.324907918587042 2.0938931567221339 3.7604575077596767 118 119 123 0.83590541066453294 23 592 21 780
2536 -1.5886802747768596 1.3610364384878808 2.7215652307289528 55 67 118 0.4388775767046143 2 5 5 13
1287 -1.1923841369801111 1.9993617457929158 3.5916074556049744 53 56 62 1.2890777076611255 31 24 29 54 32 22 33 30 28 43
178 -1.5713101136579606 2.1705452615292882 3.343004283036263 50 51 56 0.9383875844721925 23 590 21 577 20 608
1286 -1.198526557606943 2.2134996958008899 3.6837880912583119 118 120 121 1.6321460438312105 27 583 31 702 34 361 38 486
177 -1.1653644383147443 2.1693321471646398 3.6252191815915014 127 128 132 1.0087018939499655 23 589 21 489 20 309
2534 -1.2819524886415963 2.0743603584886725 3.6738118546655754 103 106 111 1.3546517682930714 2 427 6 566 7 283 1 304
1285 -1.1560003412944173 2.7860250098372075 4.1625650690556224 80 46 52 1.1790269474785988 27 774 31 701 28 619
176 -1.2019173894426269 2.3428964896681563 3.8004831250985505 121 125 128 1.5158912075251445 23 586 21 596 20 451
2533 -1.3859172759745826 1.5862379009009158 3.2398746394303783 35 43 54 0.37286027668044702 1 76 8 210 9 264
1284 -1.5401186225578849 1.5799964657104126 2.8038264292902264 83 86 97 1.4692573916573828 31 543 28 493 27 651
175 -1.5932587284458966 2.4145870953221555 3.2580306105638877 42 53 53 0.91491275462728161 23 582 21 503 20 556 26 351 19 604 27 358 14 460 15 404 12 433 13 255 11 268
2532 -1.6179178457654153 2.5783453394825155 3.1152314825662071 130 130 130 0.045321381548044944 1 5 5 5
174 -1.3159277559110838 2.4900485217026662 4.0457309052381696 128 128 136 0.37352627925867765 23 581 21 454
1282 -1.2105087200863387 1.4343877708019981 2.8693475705889391 115 119 120 2.0869376584515487 31 386 28 489 29 442 30 736 27 419
173 -1.6463482706427262 1.8579185977318566 2.8293814289914176 30 46 43 1.1604989828311305 23 578 21 635 26 365 19 378 22 273 27 533 14 352 15 359 12 288 11 304 13 263 18 183
2530 -1.3900153365148387 1.8091335672045288 3.2383505126128398 97 84 93 0.34590592563147693 2 312 6 356 1 485
1281 -1.2734959308347338 1.326559444369759 2.9411812677488403 74 76 79 0.930933153252815 27 621 31 313 38 475 40 374 39 512
172 -1.1094521226365033 2.083344935442045 3.7058598925411248 128 130 125 1.309023533502649 23 571 21 487 20 461
2529 -1.3369083827927026 1.6259886814475319 3.4575321460814643 48 53 59 0.52690381066495162 7 445 1 481 8 954
1280 -1.2427382691047906 1.2621254124087382 2.9698679708973348 137 146 167 0.85361042323584624 31 288 32 113 33 113 34 230 40 168 38 287 35 304 37 408 36 406 39 337 27 628
171 -1.3915323341267154 2.0008719405187962 3.6473508427378074 44 45 49 0.5009680753913337 23 569 21 497
2528 -1.7429070806550315 2.0779215630929277 2.8688466704524531 125 126 128 0.75385949392044393 6 505 1 479 3 456 4 547
1279 -1.6896340969898733 3.0174951873955203 3.6324203406901643 47 51 45 0.74746369150685621 27 488 31 263 28 379 29 299 30 324
170 -1.3572212034340574 2.0284839810320023 3.6116992085804256 122 123 128 1.3839853478706292 23 566 21 582 20 919
2527 -1.3236394903665643 1.2089829100658358 3.0234020516068409 96 101 95 0.56439398244214933 2 408 1 445 4 460
1278 -1.8464543547818313 1.3976977605247209 2.6161583950227079 134 134 132 0.91369516435218523 27 633 31 207 40 144
169 -1.6458029138416932 2.0951279954605204 3.2551508388435875 63 64 66 0.25558553370454479 23 564 21 586 20 612
1277 -1.6728125582927706 3.0331204112518333 3.6696101912031938 111 106 103 0.52306679388266475 31 204 28 307 29 238 30 218 27 390
168 -1.2273039777235899 1.9452641480304165 3.2787364322829435 78 78 80 0.65576067392947801 23 562 21 476 20 591
2525 -1.6832434818603712 1.9270252592704744 2.9531953670086479 96 100 103 1.9183870808431642 6 383 1 405 9 636 8 319 2 267
1276 -1.6753924308833659 1.3230918651591885 2.8403000391638789 47 59 108 0.66558351303008845 27 454 31 151 32 271 40 267
167 -1.8526900382921203 2.8798991453627938 3.626452770076686 142 143 147 0.89890462408401883 23 561 21 764 20 567 12 409 15 427 13 249 11 264
2524 -1.2608224511703889 1.2913149846860146 3.0670245456403697 85 89 84 0.99971747765001295 2 338 6 274 1 398 5 243 7 181 4 350
1275 -1.7988825125693844 2.0861650187828946 2.9929907609525208 129 132 124 1.9790864969236488 31 136 28 173
166 -1.6992653756402931 2.8781321337985735 3.4848557655853454 137 138 140 0.69699178701601194 23 560 21 466 20 566 19 333 13 355 12 407 17 310 16 258
1274 -1.3098415324969703 1.1025924494549644 2.9523383219148083 127 128 132 0.90112159466342334 27 275 31 113 34 210 40 184 38 224 35 295 37 275
165 -1.2900112114156141 2.5336747912453177 4.0232897211215564 101 102 99 0.92958365538548871 23 554 21 455 19 443
2522 -1.4735824308496284 1.06456575485141 3.14821218048791 137 139 136 1.0546892910473309 7 296 1 386
164 -2.0651435897365378 2.974180162053464 3.7986371700282624 90 60 64 0.18350457065023601 23 552 21 636
2521 -1.3154565402068019 1.1992205447556004 3.0083279603923643 56 57 62 1.146032137550453 2 381 1 375 4 315 3 557
163 -1.6882516858566421 2.967590170961437 3.5345405149625031 96 99 98 0.17647156310502249 23 549 21 496
2520 -1.5546508934977217 2.2312956151904637 3.2862875796597999 91 96 100 2.0471269525376119 6 334 1 365 8 820 9 622
1271 -1.3916857792238055 1.2561080421763291 2.9304517763994995 31 33 54 0.79960631246618985 27 205 31 95 32 83 41 81
162 -1.6484176483352921 3.0341875418688242 3.6601988636006748 117 113 114 0.49030043076366481 23 548 21 756 26 398 20 718
2519 -1.7594401269586308 2.9584754380169125 3.5695145843859297 95 101 102 0.94441634451238776 2 293 1 355 9 453 8 492
1270 -1.2536605338368356 1.2985317271838683 2.9450792105901438 104 107 112 0.91448711326256638 27 213 31 83 28 254 29 181 33 117 34 203 38 170
161 -1.8251013964104645 2.9507814578270697 3.6048691206433636 50 40 48 0.13245506067746865 23 545 21 502
2518 -1.2903055429956423 2.4321505875627025 3.9819448993283499 118 122 121 1.5581573266083479 2 232 4 492 3 428 1 349
1269 -1.7230843470897907 3.2095187654469477 3.6480795095505787 111 112 107 1.1882851784343615 31 82 28 208 29 159 32 127 27 152
160 -1.1188079348565994 2.7328159932520366 4.2012676300102116 122 117 117 0.77601715168065444 23 535 21 541 20 543 26 396 19 409
2517 -1.6565744571059826 3.269326751507617 3.4058208524596503 125 114 118 0.40146145501151786 6 394 1 348
1268 -1.3441214379559681 1.1017932112680078 2.9118522050728322 43 46 51 0.9550746236736134 27 220 31 75 32 62 33 111 34 171 40 138 38 178 41 89 39 326
159 -1.8209554859538377 2.783162667343567 3.5491834221624265 110 111 113 1.2950431607321617 23 533 21 733 19 421
2516 -1.7247993861063302 2.0696342310107281 2.8867904014560906 63 64 67 0.3818638369488922 6 374 7 237 1 333
1267 -1.7018968447112766 1.3281520774036375 2.8133671693162907 135 138 131 1.373095496198101 27 230 31 74 32 65 33 40 3 165
158 -1.8110391918423288 2.8038977166563415 3.5487883689589719 142 143 147 1.8722280115162173 23 532 21 1038 20 573
2515 -1.7035581079955011 2.1015927174515916 2.8937535238262879 47 48 52 0.62142310377851884 2 336 1 330 8 455 9 536
1266 -1.2122699665167294 1.0405630894381543 3.3680462548761607 53 74 121 0.94304370936468773 31 73 32 106 27 179 3 163
157 -1.5960628729069546 2.8423083038015307 3.6821383053979164 150 149 147 0.94814009253083009 23 530 21 767
2514 -1.6918126336779762 2.2557288843912366 2.9973310154225201 129 131 130 0.051037960679331071 2 308 1 323
1265 -1.5004935064396521 2.3392776273572586 3.3026244844609822 107 108 107 1.249163039787262 31 67 28 170 29 145 30 159 27 146
156 -1.143718659002251 2.7199851618107367 4.1426124589182978 59 57 58 0.93350348724583265 23 528 21 732 20 704
2513 -1.4798939527541419 1.8684081235261947 3.4164872979674219 101 109 111 0.026064617685927952 10 577 1 322
1264 -1.1392580342719913 1.3214968587476514 3.4401990603899275 101 101 112 1.4416747748953858 27 281 31 62 33 80 34 123 40 75
155 -1.3104183511147935 1.3908440843648469 2.8906774722924222 105 110 117 1.39009803741086 23 523 21 510 20 531 22 207 24 217
2512 -1.145581257493526 1.6215811969557812 3.6145937646200181 117 120 127 1.0380175140788719 6 340 1 317 9 487
1263 -1.5923748386571535 1.6165079504830364 2.8442147698750357 83 87 88 1.9963879805375613 27 138 31 58 33 118 38 215
154 -1.2816856535623016 1.3445653850376444 2.8837365257156113 89 91 103 1.3173749554610714 23 519 21 694 20 792 25 349 24 384 27 619
2511 -1.595291770684131 2.2266620807922473 3.3085427209806499 100 103 110 1.0615884890328595 2 438 1 314 8 526 9 367
1262 -1.2156014571865486 0.97515072988209417 3.428160374315393 140 141 135 0.35616571142439041 31 36 34 118
153 -1.2174210991189753 2.26085081359704 3.7535997375874492 86 91 95 1.5375925463710935 23 516 21 815 20 596
2510 -1.7403889353313253 2.8338985222627158 3.4976667415619112 123 124 126 1.3547322869525698 2 166 7 172 1 311 5 188 8 486 9 591
1261 -1.1278217699507489 2.8012965106335703 4.1979036921542621 80 50 51 1.0292509669309442 31 32 28 62 29 58 30 40 33 37 27 67
152 -1.2402038051100832 1.277530015001106 2.9368678511217539 39 43 42 1.0888229619050542 23 513 21 517 20 536 26 420 25 390 24 532 27 624 28 529
1260 -1.5881620382371984 1.7525384979530683 2.8841030862752333 40 44 47 1.099426195906257 27 92 31 26 32 14 33 32
151 -1.4231515658841498 1.1875189185912731 2.8944452704494017 32 41 45 0.31674013800098244 23 503 21 560 20 642
2508 -1.7348916721933105 2.23523427455084 3.0223326180411383 138 139 141 0.86960850141549262 7 267 1 303 6 605 8 402
1259 -1.2519796847906377 2.0027513434695288 3.2969452181173327 136 135 131 1.4694357722999887 31 23 28 42 29 35 27 101
150 -1.4549524213414227 1.1480397005998924 2.8695284794960174 83 91 94 1.0852360989471237 23 498 21 840 20 641 19 488 26 417 22 481 24 234 25 256 14 644 12 595 13 507 18 214 17 136 16 301
2507 -1.5683418910961415 2.2223581704997226 3.2302460395438617 124 128 131 2.1824790240994347 2 129 1 297 9 618 8 833 4 102
1258 -1.5235326327586838 2.2163016232982247 3.3019311823416309 36 40 43 1.2026032195788789 27 60 31 20 32 18 33 29 41 37
149 -1.5865238107834088 1.7018769816613135 2.7997786193147247 27 27 35 0.81024496260728018 23 481 21 630 20 474 14 423 15 786 12 623
2506 -1.2767675257657773 1.833823814178607 3.4433767099718375 31 33 42 1.0166550176523546 7 443 1 296 8 521 9 488
1257 -1.1751757475478917 1.1772154576017699 3.2826703045936663 30 52 90 1.4560431259559106 27 8 31 2 33 5
148 -1.3410401441210469 1.4406786313619533 2.9051167373923632 56 64 84 0.22449435319264999 23 478 21 682
1256 -1.4644914103334747 1.5643287410903499 3.190269318929376 102 102 100 1.7831955939799315 27 0 31 0
147 -1.5718165403931783 1.5261317732829383 2.7475325170024689 32 35 54 0.83007206401662914 23 474 21 536 20 328
2504 -1.276600872955242 2.4268326376605431 3.8947189542607243 105 109 108 1.330297777496342 2 234 1 281 8 490 9 642
1255 -1.8233786255695072 3.0434336426129338 3.6837954036535705 87 40 48 2.0496073940202595 51 35 53 37 52 29
146 -1.211202435358383 2.7467003137728332 4.2513789982203889 82 57 61 0.95375413347404647 23 461 21 465
2503 -1.7124899943897995 2.9893569711473349 3.5208579706108458 92 97 95 1.670415626281271 6 415 1 278 9 345 8 493
1254 -1.6876893323378621 1.44918342568998 3.2054115048256255 125 128 126 1.0320030543797443 51 43 53 19 52 37
145 -1.5982728291428738 2.4868390504738676 3.3086661192070594 101 109 111 0.98748637005803752 23 455 21 378 20 320 26 347 19 417 11 459
2502 -1.2820539359090233 2.3009215538075054 3.8377092338907905 36 45 42 0.27374980117150743 2 235 1 275 8 400 9 301
1253 -1.7787241279749983 2.625166398989534 3.5433814868181535 116 115 113 1.867953902575118 49 63 53 13 52 24
2501 -1.7593653960651623 3.1441138572127389 3.6040378172435772 57 38 44 0.87433981001847572 6 478 1 271 3 685
1252 -1.3219404273599094 2.3588550554604453 3.8922112360845063 79 80 81 2.0577741544257706 23 345 21 326 20 285 47 669 48 538 45 308 44 329 46 220
143 -1.6130523649933819 2.3985104840908229 3.2614853471649328 128 134 134 0.50569142590377214 23 453 21 599 12 432 13 532 14 335
2500 -1.6160495784474682 1.5857556022024288 2.8421921646302799 99 108 124 0.28462022786348851 2 378 1 262
1251 -1.2892582599095896 2.3617155387794457 3.8621670329696967 120 121 122 1.5866344814676954 46 762 44 632 23 893 21 1040 20 866
142 -1.2214710970291218 2.3206992948332066 3.7884678569395205 49 50 54 0.64929336497567736 23 451 21 387 20 450
2499 -1.2615956653968554 2.7644599014913114 4.1569906918982449 122 113 118 0.96627382901564618 2 153 1 212 5 136 7 151 8 232 9 178
1249 -1.73692924421376 2.7380586489989578 3.4857025503467716 131 131 133 0.98828567161489922 21 542 20 575 19 603 22 432 25 371 24 447 14 472 15 396 12 376 11 453 13 363 18 292 17 265 16 398 10 590 49 325 50 292 51 307 53 331
140 -1.694642273815363 2.5261493010199851 3.3672073357523589 130 134 137 0.87464492457068732 23 448 21 545 19 418 14 463 15 428 11 267 13 360 18 245
1248 -1.2865988643941666 2.3138253814942078 3.8003908454177333 89 89 92 1.9938886951776855 23 303 21 325 20 318 47 322 45 204 46 213 44 330
139 -1.6695468894660757 2.2239106589100031 3.3250496254304527 121 122 127 1.0847496611287826 23 445 21 775 20 468 26 404 25 311 19 562 22 459 15 577 12 536
2496 -1.330032469775341 1.2432379220160499 3.0218095774683196 97 101 102 1.5227129943303537 6 230 1 183 7 245 5 206
138 -1.4446134268546731 2.1117601107569515 3.4638905412278786 124 125 129 0.45114999184172611 23 443 21 580
2495 -1.2243120571257473 1.3854783224197784 3.5177366363424496 117 117 121 1.0704452968291085 2 139 1 174 5 107
1246 -2.9610807560428416 2.2226250354108505 0.90425780335365347 0 0 0 1.3255138819098939 14 3 50 1
137 -1.3073688316107961 2.0726082028697714 3.7386642337186689 82 83 87 0.77679658475662172 23 440 21 404
136 -1.2442168027724914 1.9465475098631855 3.6369382250311277 37 38 40 0.11221082629679609 23 437 21 482
135 -2.00736082543825 2.9330242789058802 3.8152950650213491 106 64 74 0.83836213426444972 23 427 21 822 20 446
2492 -1.2494468372639322 2.6515073712894628 4.0842154706330289 116 114 117 1.1239946578179176 2 227 1 154 5 177 7 201
1243 -1.7570496235514426 2.2810588252111463 3.3415702177106152 131 132 134 1.121523915986631 50 590 51 544 53 424
134 -1.7899250232865309 2.8722634568518006 3.5401689090421526 129 130 134 0.84687086352179641 21 311 20 356 19 252 22 436
2491 -1.2944123406419703 2.2569732427624145 3.8673201579714407 21 48 41 0.79063888877876431 2 355 6 182 1 152
1242 -1.6825129433105328 2.0979121802364271 2.8770150426661409 35 36 40 0.30659526335208348 50 619 51 526 53 542
133 -1.6876449675029606 2.7989562029486965 3.4798796387607154 119 124 120 0.42296312044329376 23 421 21 730 20 721 22 347 24 340
1241 -1.4062570733157074 1.4876135460488715 2.8429953420760037 33 40 66 0.62842006131685857 49 383 51 422 53 283
132 -1.6510221968311256 2.9557476566685499 3.6045235595923524 96 98 95 0.615701175919945 23 419 21 393 20 359
2489 -1.3172680229042852 1.8210718705216575 3.256440351281471 124 124 128 0.59186785783488849 2 122 1 116 5 150 8 268 9 257
1240 -1.6910358053838226 2.1063291094616314 3.5188467759311908 141 144 137 0.86401075724016374 49 351 50 406 51 394
131 -1.259719113202346 2.568436733401708 3.9935649997522513 95 97 94 1.2860676765944674 23 418 21 457 20 434 27 561
2488 -1.6236778910889889 2.576003918048043 3.2966509333689293 130 130 132 0.57592557950485623 6 91 1 111 8 175
1239 -1.587982841269838 3.1087148732162544 3.5674198523173208 79 50 57 0.84640817841719529 49 139 51 318
130 -1.229975662222853 2.561407270592778 4.0103771958676955 120 122 119 1.2302164090512828 23 417 21 551 20 432
2487 -1.1950563774867291 1.4831892702464899 3.6517032534035243 44 48 51 1.2776925960037555 2 120 1 106 5 75
1238 -1.7283680636391709 2.5171530245158591 3.3873200327956168 117 118 122 0.91486513241413547 50 298 51 305 53 548
129 -1.3564240226005821 1.1317567809104747 2.8743690058920848 126 126 128 0.28081433745486084 23 403 21 433 20 414
2486 -1.794591381462207 2.9235775549165304 3.6303751847625447 103 99 100 1.8741430570751301 2 164 1 101 5 97 9 232 8 241
1237 -1.7685752903208649 2.4438922528423581 3.3585389085269659 42 54 50 1.3383992821390955 50 295 51 303
128 -1.4202022519353026 1.1213618773990299 2.8353723227274883 87 87 89 1.2722691029349475 23 401 21 563 20 377 19 310 11 343 12 380
2485 -1.7884598016779711 2.992516796513387 3.6250094149894081 43 33 36 1.2332047440200831 2 240 1 99 8 146 9 143
59 -1.3897032550778452 1.6003555455735183 2.7945828255504561 36 43 69 0.70648721991551222 23 200 21 275 20 326
2416 -1.3075429917484716 1.4986379982992029 2.9847779036642126 159 161 173 1.1886484111961793 6 131 7 57 2 188 1 131
1159 -1.6223457487620205 2.8285628222696553 3.4836390033349312 37 35 38 0.92618931648806779 48 435 49 404 51 514
50 -1.6784385792414249 3.1837286600420036 3.6013085140871381 125 124 120 0.95962771443654016 23 181 21 304 20 224 26 193 22 58
2407 -1.7203991914317336 3.146385807831146 3.4770484204559753 177 175 174 1.127645228088259 6 187 2 162 7 104 1 138 5 99 9 228 8 238
591 -1.719228788609533 1.7949360387952704 2.8317923822809772 38 49 50 0.5537381908484017 14 760 15 599 12 540 11 281 16 352
1158 -1.7153154887781263 2.4754512637624901 3.3731060100808854 23 41 35 0.98663386537496933 44 588 49 398 51 409
49 -1.7980500115009777 2.9272727119049615 3.5678473032743359 62 66 69 1.4178382201744204 23 175 21 150 20 178 26 194 19 107 25 88 14 108 15 97 12 147 11 107 13 86 18 53 17 55 16 46 27 289
2406 -1.1814304817173706 2.8367212328529043 4.0088394183616973 127 108 114 0.62406336115033156 7 150 2 152 1 213
590 -1.6544926527100552 1.6917248101035705 2.8206004557071576 128 129 133 0.25863732641575787 15 438 12 526 14 406 11 395
1157 -1.8149158408098047 2.8226296147229415 3.5815768170469915 121 119 122 0.89894863023425775 47 509 49 329 50 642 51 312
48 -1.4378636271270715 2.7825088337774719 4.2157566266494895 125 121 120 1.6879458991564231 23 174 21 377 20 230
589 -1.6763089570463037 1.6845791489219777 2.823063483696393 37 37 43 0.38731747584332926 14 571 15 437 12 525
1156 -1.8228704049931903 2.7758734521910537 3.5798174526077022 124 122 125 0.93926515878150552 47 507 49 326 51 373
47 -1.1060440432939571 2.7782811684309672 4.2263475417537872 100 62 73 1.7666200399446303 23 173 21 200 26 115 19 114 25 74
2404 -1.725495173679289 2.2427308098406695 2.9889861754411187 75 78 84 1.3884638819325414 6 146 7 88 2 140 1 72 1 222 8 141 9 184 4 114 3 140
588 -1.7329722388723465 1.7994304512002164 2.8526403435499001 122 126 131 0.21955583467984613 14 757 12 504
1155 -1.5740570402734377 1.0900257512745661 2.9046139672183573 147 146 144 1.7353895100469015 45 251 49 296 51 284
46 -1.4587375364581792 2.6680373589292286 4.4983048265593801 110 62 72 0.71154342729290343 23 172 21 151 20 179
587 -1.6265107168964117 2.3570452676937235 3.3587626965982236 34 51 50 0.24100560873348967 14 459 12 476 15 505
1154 -1.7925583582141988 2.9179926946892967 3.646438854761016 82 82 84 1.0731545553748405 44 478 49 244 50 183 46 330 51 223
45 -1.370098976715372 2.6449410632052444 4.2596567509757319 129 137 139 1.3343699516785379 23 171 21 201 20 180 26 198
2402 -1.3161501577842998 1.7668322813777706 3.2777865556618742 88 88 98 1.0233675359447392 6 128 7 105 2 137 1 224 5 148 9 196 8 197
586 -1.5583535471844339 1.6282164739186027 2.7956037427073852 111 115 118 1.4060609903500534 15 469 12 463 11 448
1153 -1.6799770485603152 1.2710539702181129 3.1051150861554979 113 116 121 1.0734248388766821 48 368 49 221
44 -1.6026415751974177 2.3756248148982881 3.2570341882714278 128 128 130 0.7850640752469219 23 170 21 196 20 181
2401 -1.7896801628514523 2.7484313833809244 3.5716214893895457 86 86 88 1.0176395015167856 7 170 2 134 6 197 1 142 5 96 8 252 9 234
585 -1.6453648140694395 1.4884664117538486 2.8207739343565046 75 82 101 0.49206057917035678 15 466 12 458 14 411
1152 -1.4488118935268737 1.756577982035566 3.1332922781936818 24 29 33 0.61241510841189284 48 83 49 206 47 121
43 -1.4556972263298997 2.0508748510828401 3.3303368445465935 84 85 87 1.7015460910769533 23 167 20 188 26 141 25 130
2400 -1.6528900322837079 2.6667436743396289 3.3797759388444053 166 165 169 1.3833090352422663 6 124 7 109 2 133 1 143
1151 -1.9181710932564064 1.6206513971017551 3.1075156293906421 132 133 128 1.1449603138512223 45 328 49 166 50 260 51 198
42 -1.4775901130083933 1.9417118954069172 3.0982342517319919 104 104 104 0.29112896862402438 23 166 21 184 20 156
2399 -1.6341475362743838 2.4890481264595015 3.4054501553424879 95 94 99 0.44153804191244128 6 254 7 212 2 132 1 199
583 -1.5871284782778048 2.5178026382560499 3.3398570639833673 49 60 56 0.69762735962041145 14 380 15 353 12 439
1150 -1.6462230812442402 1.2900304599376431 3.0695108796458515 122 125 130 0.32380675367054784 47 142 48 115 49 93
41 -1.3709086072510412 1.8849335731026735 3.1584984538717484 104 104 104 0.3007191503373125 23 165 21 183
2398 -1.6348587343338608 2.3435965563064105 3.4176381064363848 105 106 110 1.0097818515280499 7 253 2 131 6 234 1 215
1149 -1.7413938904108204 2.8551831572867767 3.5039472982684225 47 47 48 2.3454893245132675 45 122 46 130 44 172 47 77 49 105 50 62 48 73 51 82 53 79
40 -1.4392072931002651 1.8966309733073348 3.0803736026689248 43 43 43 0.88470776555440211 23 164 21 182 20 198
2397 -1.7534268331366571 2.9087455273663219 3.474353292609961 77 78 81 0.64107440739002075 6 122 7 107 2 113 1 102 5 142 8 179 9 233 4 82 3 102
581 -1.7665553724798759 2.3323567487621775 3.3721235370671847 44 45 47 0.77714158636015629 14 376 15 406 12 419 11 270 13 205 18 155
39 -1.4332068033495662 1.8479106963088783 3.0392240738995664 107 107 107 0.31032617405986801 23 163 21 180 20 171
2396 -1.7391749320086518 3.2168591506415662 3.4510543039031161 118 71 79 0.70705946461352964 6 185 2 112 1 137
580 -1.6815768111265061 3.0496483807272119 3.6037727649230336 134 118 121 1.0271699232043177 14 620 15 487 12 415 11 221 19 185 13 248 16 200
37 -1.5109463308924764 2.2653618873524124 3.263319776062509 49 50 55 0.37712516436338034 23 140 21 188 20 139
2394 -1.8226441470826689 1.4189015755953027 2.8195490030089907 168 173 168 0.98012368719972742 6 72 2 103
578 -1.5981118781816812 3.0891663974322374 3.6924133503936458 140 126 126 0.58169265092552891 14 529 12 413 15 424 11 263
1145 -1.1597543238714629 2.5890064257163998 4.0604021947628821 111 111 113 0.38237023739981424 46 583 44 557
577 -1.4959142857974574 1.2016068469099452 2.9258776140098859 107 110 113 0.91312463598774174 19 545 12 388 11 406 18 274
1144 -1.1762979424985425 2.5807679092109193 4.0269788717739194 71 71 73 0.40035662077443979 46 732 44 555
35 -1.9821982199540784 3.1106942489521345 3.6676149244535505 136 132 135 0.54861245567302908 23 134 21 193 22 31
2392 -1.3714803360824779 1.7263963428338378 3.2100001536778509 142 141 155 0.44479825132228135 6 134 2 93 1 75 5 81
1139 -1.7993860411791294 2.9804843362366666 3.6578301053770579 83 52 58 0.86127675719605268 46 277 44 389 49 183 50 137
30 -1.4686645060168966 2.1789484311850127 3.3473950136191548 155 157 156 0.94814768454914589 23 116 21 153 20 99
2387 -1.4380111967761093 1.7965193798382812 3.3623331825029767 52 60 71 1.6737130645140059 6 77 7 65 10 184 2 83
571 -1.6783217754005524 1.8013785076823967 2.7876724829676474 40 55 56 1.5812022933527254 15 332 12 273 14 350
1119 -1.0256525292200629 1.7576350047935465 3.7178767721492316 105 106 107 1.0370900881888725 47 546 46 717 44 512
10 -1.5349151378144159 3.1505047024095547 3.6049487967006622 156 155 153 2.1451669086013649 23 56 21 75 20 35
2367 -1.688539449626361 2.1941285507456998 2.9160598333371519 65 68 77 0.43887088632001853 6 13 7 14 2 18 1 25 5 28 3 30 4 34
551 -1.910494465003842 2.878539460870094 3.7062311574566813 105 105 107 1.3251946646642223 19 630 15 470 12 327 11 351 13 354
1118 -1.6594680743881356 2.0846252795940456 2.8436044356136656 116 117 122 0.68382841795049454 47 497 46 597 49 424 50 449 51 397
9 -1.6916138874379696 2.3919253450219706 3.3235353322094423 58 83 77 2.2634247929548201 23 54 21 50 20 38 19 42 25 33 22 28 11 24 12 44 13 18 18 11 24 21
550 -1.6290269515733105 1.5963568177260836 2.7759307559665087 105 108 114 1.867965687119318 21 527 15 327 12 324
1112 -1.7169846072443355 2.1052929127467328 2.9027665553891824 107 109 108 1.4474714670832951 45 338 46 354 44 491
3 -1.8150577037682079 3.0409400699409237 3.6171988647340907 81 39 49 1.1878901791794318 23 12 21 16 20 9 26 7 19 7 25 4 12 20 11 11 13 11 18 8 17 6 16 6 10 20
544 -1.4129705516736475 1.2073886137281553 2.8796102012307929 106 111 115 1.7935938319238296 20 815 14 650 15 657
1124 3.2674560277059737 -4.9046399795857178 22.734608462572751 156 158 157 0.42492037078616152 44 62 49 20
15 -1.2359429749166928 1.9920877883866031 3.648619539909705 49 50 53 0.28142496632095743 23 73 21 69
2372 -1.7309354466545943 2.017943020767933 2.8443697402303645 164 167 166 1.6701556970720801 6 27 7 19 2 27 1 36 5 36
556 3.6711788754861669 -0.80041624162641678 11.596766742291516 54 61 67 0.55290669092523048 19 62 12 134 11 68 13 37 10 65
1135 -1.8420777122469054 2.9774149428321772 3.7222473948029067 135 131 130 0.6206528680306066 45 121 46 328 44 312
26 -2.020849668918197 2.9833415399415526 3.8279722372824896 115 54 68 1.609075854480027 23 103 21 109 20 103 26 116 19 59 25 42 22 33 14 77 15 70 12 84 11 60 13 41 18 21 17 15 16 18 10 55
567 -1.6572731697124625 1.714345766455293 2.8317092597312561 48 49 53 0.56639105167204251 14 302 15 310 12 245
1136 -1.5885768271218856 2.415255394779436 3.2831097936751936 46 44 47 0.48169162439774504 46 322 44 332 49 189 50 149 51 161
27 -1.5623292423868953 2.6896902617218714 4.4397973340851262 157 156 153 2.2550640518558058 23 109 21 74 20 101
2384 -1.2742956692800826 1.3040083945505201 3.1245787639472047 52 63 69 0.88692952940564296 6 45 7 41 2 72 5 87
568 -1.2693629316323056 2.0273601911488135 3.190851733600419 148 148 146 1.3878507816658598 14 172 15 176 12 246 18 93
1169 -1.7600120587235633 3.0473637495613777 3.601220510507857 84 44 56 0.92674603159359759 49 15 50 8 51 16 53 8 52 8
60 -1.5140085959865233 1.561629211138678 2.7781822786713088 28 28 57 1.032410448092145 23 201 21 224 20 204 19 286
2417 -1.3067701434804377 1.4872441272632027 2.9459511635947027 66 61 101 0.35032766932499532 6 94 7 89 2 189
61 -1.4611395649691323 1.433720100463614 2.8163869400957502 40 55 94 1.0653827816964769 23 203 21 231
2418 -1.3462502859296128 1.4449187323533554 2.9122160991780444 83 77 137 1.4456330938314756 6 95 7 131 2 191
1171 -1.6438007503898324 2.7429344521395755 3.5144931592247333 116 117 119 2.0054230321412905 49 64 50 42 51 65 14 157 15 145
62 -1.3470628379542093 1.4092317917749762 2.9133822432223697 39 50 82 1.0697176061889093 23 204 21 293 20 176
2419 -1.2008734283034768 1.2330774406241982 3.0054053936444469 68 87 138 0.48170124418404009 6 159 2 192
1177 -1.1602173396622335 2.8970276180632366 4.0694574797855072 95 86 87 1.2517493483494575 49 82 50 109
68 -1.9256828577406808 2.9411509840977663 3.7054854234436427 147 145 148 2.5416067888290628 23 217 21 274 26 117 25 52 22 128
1178 -1.8256565884784473 2.95008682702613 3.6622908832902792 126 120 121 1.1843463148074793 49 144 50 110 51 182
69 -1.6822651367266688 2.8514844900425489 3.5632043334364889 47 48 53 0.81235026988166503 23 218 21 242 20 226
2426 -1.27264999128024 1.4136389603093229 3.0870110394563359 79 91 140 0.6610419880847539 7 271 2 201 1 391
1179 -1.6617546491043445 2.0694376141631223 3.5575083605492925 83 83 83 0.21105018392960839 49 111 50 112 51 83
1180 -1.6734917529319633 2.0451137326424536 2.8472524794309595 125 125 127 0.29700379897664458 49 196 50 117 51 177
71 -1.1494580502174061 2.6943618651503547 4.1122937033975688 97 97 95 0.2603499227384074 23 220 21 252
2428 -1.4945421653164201 1.3552396779979432 2.8612429899658514 81 98 143 1.2281739265521134 7 141 2 207 6 245
1181 -1.4940189470883469 1.8480852864863393 3.0933140164008415 37 37 39 2.1002636710554463 49 123 50 120 51 170
72 -1.2812031990035921 2.6700840931914693 4.1673847575052374 49 47 50 0.56654478603119773 23 221 21 255
2429 -1.2763167380467095 1.2818658628946458 3.0907421621440938 164 152 130 0.49948812937630838 6 218 7 235 2 208 1 230
1182 -1.6895697297618077 1.7145086883532279 2.8312744167331174 36 40 43 0.49595748306365867 49 121 50 125 51 143
73 -1.2015610084942194 2.6080965599108641 4.0721609321399361 55 54 58 1.2274605492411019 23 222 21 316 20 290
2430 -1.5193088953866116 1.5264579306683905 2.8813943948103957 67 78 132 1.2297570849028174 7 289 2 211 6 301
1183 -1.7298683463973503 1.6290557890316784 2.8607798127655126 124 124 124 0.58435367382091075 49 162 50 127 51 130
74 -1.7062715360574234 2.5670054010579975 3.3808805707035208 62 65 70 0.98829347929113609 23 223 21 258 20 244 19 146 14 190 15 185 12 190 11 138 13 113
2431 -1.3207723394875694 1.2055135057794886 3.0680480637596483 39 49 61 0.6647101888383129 6 163 7 119 2 212 1 251
1184 -1.6172398061731967 1.5710659109751182 2.7343319826014323 93 92 97 0.61653680620309848 49 88 50 129 51 113
75 -1.5698365673048367 2.2504386259431808 3.2527455878346165 109 110 115 0.71428168923173241 23 224 21 324 20 300 26 256
2432 -1.3019994313077259 1.1625974007808659 2.9132986995861168 82 85 94 1.2987669889929796 7 188 2 215 1 186 5 205
1185 -1.6789506519161044 3.0334202209012497 3.5282311437625133 72 41 49 0.94590348551949632 49 95 50 136 51 163 53 77
76 -1.245795707547473 2.2033105887850239 3.6232064442430159 107 108 111 1.0167939376741508 23 225 21 189 20 236
2433 -1.7072438254442404 1.3240786091106131 2.5393564757436193 170 171 177 1.3797770019148696 7 117 2 223 1 90
1186 -1.7754179377085131 2.9465134502334585 3.6112235043364578 113 111 112 0.25176512029168374 49 146 50 139 51 165
77 -1.6723993886980326 2.1985954511266637 3.2850568380961089 42 43 48 0.08005011848608995 23 228 21 270
2434 -1.4039614138973395 1.749422945390118 3.170094578420279 146 145 164 1.5844188442849572 7 263 2 233 1 176
1187 -1.7565368750197929 2.3261128923968752 3.3540513440903834 118 126 122 0.74984087441093372 49 153 50 147 51 137 53 127 52 112
78 -1.4961103938396296 1.7735779721120681 3.1027684043324042 88 90 97 0.56872882670080505 23 229 21 266 20 254
2435 -1.7373681979261715 3.1110688864959717 3.5687109059669044 145 130 135 0.82885079458750022 6 284 2 236 1 208 8 170 3 317
1188 -1.7155679190157727 2.1998753051394306 3.4317019794065335 85 85 87 0.85933931114051765 49 155 50 152 51 107
79 -1.3655234891805375 2.1381178243538037 3.7175509091176693 95 96 100 1.4169843726339522 23 236 21 260 20 238
2436 -1.2800008874309821 1.9991219015644661 3.5816815832486735 138 143 149 0.57294383921515113 6 228 2 243 1 298 8 413 9 498
1189 -1.7017740667467485 2.0843708432982604 2.8895691957032903 98 97 102 0.21460491229649289 49 253 50 155 51 236
80 -1.4117543207269803 1.7687264828287392 3.0135625803668433 103 103 105 0.51688762999343485 23 252 21 284 20 260
2437 -1.3929896134382831 1.8043406518868061 3.1509473371006576 80 85 87 0.47436049271560882 6 315 2 249 7 360
1190 -1.6936198484877465 1.507712039540692 2.9079602065531294 31 26 60 0.27430000669058363 49 214 50 199 51 193
81 -1.4593393869309761 1.7976012420070393 3.0653391898766227 30 33 38 0.52007923238516041 23 254 21 352 20 261
2438 -1.6356619439913731 2.2085858576813973 2.9569386096756136 84 88 91 0.30906815886382982 6 211 7 223 2 250
1191 -1.6333765834357223 2.4625334815496784 3.318705358459817 89 96 94 0.91699425544811353 44 334 50 228 51 302
82 -1.6312004383435286 1.8835658843819498 2.828774439110961 117 118 120 1.1480208726418251 23 255 21 286 20 291 19 262 26 363 25 163 22 86 11 229 12 243 13 207
2439 -1.3245427496937985 1.2278651442659148 3.0903723498373803 138 142 145 0.73516541630273391 7 183 2 256 1 369
1192 -1.726689450172384 2.306914000354046 3.33071765476857 30 42 40 0.34484940858401114 49 242 50 230 51 299 53 242
83 -1.6457829113174958 2.1734192297070196 3.2787953598909074 124 125 129 0.37482146675500871 23 257 21 323 20 313
2440 -1.2712380212167473 1.158082784979571 3.0996165631400956 78 74 94 0.55925942303340659 6 269 2 257 1 372
1193 -1.6232250734515108 2.0032159172569632 2.8630543468926506 129 129 131 0.59326528874004691 49 128 50 239 51 227
84 -1.5641558053527327 2.1144696719978482 3.2570946650400785 111 115 118 1.3964044661476491 23 258 21 391 20 336 26 292 31 133 27 241
2441 -1.3316195649749094 1.3393835374967491 2.9859607341031631 55 75 132 0.38668042704402461 2 259 1 264 6 270 7 241
1194 -1.7230731302179221 1.4915079495358785 2.8910236629840442 91 97 109 0.46976572126425092 49 272 50 252 51 270
85 -1.3949158988775763 1.168635867121121 2.8419749416935605 61 62 66 0.47133750616136511 23 263 21 298 20 272
2442 -1.2933018856264282 1.2185104833343108 3.1354880284557267 58 69 96 0.16892903776229759 7 186 2 260
1195 -1.653766867319864 1.6817590571885259 2.7942198107119531 117 120 124 0.49205179266036175 49 285 50 257 51 321
86 -1.357130554755382 1.3572092821785942 2.9483180437322454 68 84 117 0.45035493369500984 23 270 21 338 20 330
1196 -1.9023753849285099 1.6844179467607907 3.0959172571267208 146 147 142 1.600938780379412 45 426 49 337 50 264
87 -1.386825136030051 1.3915829399403805 2.8727574302027197 21 35 70 0.1514858109923625 23 271 21 339 20 281
2444 -1.4408264909566206 1.1813759891462812 3.0753331046656283 68 72 78 0.82255927503754389 7 136 2 283 1 54 6 68
88 -1.4028067305355145 1.4312181066555936 2.850865222297617 50 65 106 1.2488279963813991 23 272 21 334 20 246 26 178 19 177 25 96 22 75 24 82
2445 -1.3255142870313115 1.2711257071423092 2.9234035032749701 101 103 118 0.92760918272179915 6 303 7 335 2 286 1 373
1198 -1.780781134616122 2.344209503009314 3.3788091902164714 39 46 46 0.34479679709953343 49 317 50 293 51 383
89 -1.6049471617171585 2.6616215320395757 3.4535070610660719 107 107 105 0.660425439981005 23 273 21 190
2446 -1.7666816062236732 3.16295912484639 3.4477516002534658 138 103 110 1.355645762428161 7 209 2 295 1 350 1 411 4 397
1199 -1.4581000056514046 1.9357919406415263 3.123256345753219 50 50 52 0.77286792622132605 49 259 50 319 51 276
90 -1.1702393387324417 2.4398400389737054 3.9127073572156363 111 111 110 0.25726949554113743 23 274 21 328 20 286
2447 -1.6458857504476339 2.2400528913318838 3.1951449806112158 152 156 163 0.42399774690108799 7 261 2 304 6 328
1200 -1.6383674974239886 2.0353973471330322 2.8466644588518784 90 90 90 1.3691349458582545 49 348 50 324 51 332 53 175
91 -1.2880027276100261 2.4708660576048769 4.0061944471961493 64 67 72 1.0648825353820313 23 275 21 318 20 288
2448 -1.7346150066909394 2.0722778717637689 2.9164373648973769 153 154 159 2.0552095690388503 6 499 7 236 2 307 1 478 5 220 8 339
1201 -1.7194073011114108 1.6693009662850729 2.8557406610932294 119 120 125 0.11437116933815261 49 363 50 340 51 360
92 -1.2648354542924638 2.517645872263508 4.0031134241738169 122 122 124 2.2031563979139741 23 277 21 256 20 431 19 441
2449 -1.3273842243257896 1.7958045786921513 3.2657792548734972 80 81 87 1.5318384182849716 7 446 2 330 1 473 5 251 8 856
1202 -1.6601732435572356 1.6931315288928968 2.8200935692409796 30 31 35 0.80951804343672451 46 377 49 364 50 355 51 413
93 -1.7284868529389894 2.5193274156998511 3.3368999030998188 132 136 140 0.55645738878430884 23 278 21 371
2450 -1.3975502086384077 1.7225386400107987 3.3833831587630958 76 84 87 0.584683447523907 6 331 7 259 2 332
1203 -1.4355760769042094 1.2337466523539535 2.882292533597032 96 98 95 0.78081027120484114 49 604 50 380 51 405
94 -1.5893072654849851 2.5532611101529477 3.3484566618377127 115 117 120 0.47250773080692715 23 279 21 327 20 282
2451 -1.7223945495770905 1.8629281422764103 2.9094478287952517 67 71 80 0.71748296563548675 6 373 2 339 7 337 4 382
1204 -1.6432710180917014 2.1970332987573169 2.853413229437753 97 100 104 1.3641191109258533 49 311 50 399 51 391
95 -1.1130831475215066 2.5844668004692917 4.1132385713369404 90 91 87 1.0205571728710749 23 280 21 300 20 358
2452 -1.2112755712760639 1.1646117951658852 3.1212575765213102 84 101 145 0.87359714444096792 6 346 2 340 7 361
1205 -1.7430464446955283 2.4592972000100839 3.3976767645733932 37 58 51 0.05288305444774119 44 653 50 417
96 -1.5678344024844877 2.591438822320419 3.4224284608061422 74 76 75 0.2375273145275274 23 281 21 257 20 292
2453 -1.7032253712897862 2.1545447105873241 2.8692608222051166 129 130 135 0.75845234476875045 6 347 7 231 2 345 1 428 8 855 9 729 4 538
1206 -1.6995124437181921 1.8681528853582141 2.8197284644428606 127 132 136 0.80352049937722259 49 559 50 430 51 342
97 -1.4039912033482389 1.867493400009604 3.1023172521452351 105 105 105 0.66581805986760167 23 282 21 287 20 307
2454 -1.2555191693602625 2.6303219521323138 4.0087577206192018 80 84 90 0.29573582579388602 6 462 2 348
1207 -1.6937360936563424 2.4931987198140706 3.3762866294191647 100 104 103 0.6371660016240287 49 589 50 447
98 -1.2355058533467675 2.7018801254951521 4.1967887285745569 125 123 121 0.56509528767317541 23 283 21 314
2455 -1.3834085782275638 1.7546735930224586 3.1729390563819719 88 64 77 1.1448153543877737 6 324 7 369 2 351 4 367
1208 -1.5796292075621898 3.0865019905438147 3.509914807486048 120 103 109 0.69201746163950695 46 417 50 452 51 317
99 -1.6143576369668555 2.8647705995461776 3.5581411574353128 83 83 80 0.55442143345471917 23 285 21 248 20 296
2456 -1.3117899547973209 1.2324992171314659 3.1188660047469563 151 140 148 0.88850399816195869 6 273 7 384 2 357 1 451 5 223
1209 -1.6571730923791217 2.4819096945622485 3.3461385878803198 102 106 105 1.0466648425203771 46 744 49 549 50 463
100 -1.7599283738857452 2.9205157404224793 3.5362273318084236 49 52 55 0.90822452868060943 23 286 21 380 14 331 15 294 12 410
2457 -1.6386376138130201 1.4563931065964979 2.6987187780065973 96 112 164 1.9847028462344445 6 291 2 365
1210 -1.5539467320036686 2.8571588315794614 3.4943358020804056 127 118 123 1.7585860118258754 49 243 50 471 51 310
101 -1.7476375391208898 2.9706241320382096 3.5741004264626652 139 141 143 0.69793693898509646 23 287 21 249 20 298 19 186 22 250 14 244 15 252 12 229 11 222 13 196 17 160 16 199 10 278
2458 -1.3150428944526142 1.1928604713658983 2.9051241381849677 131 131 143 1.0607202006144123 6 372 7 293 2 372 1 379
1211 -1.4680328420310536 1.1862880797289597 2.7917531656959089 119 130 90 0.46091400665635529 49 288 50 510 51 407
102 -1.6891841842422668 3.0287398598001998 3.5618031649394535 122 119 116 0.381483793387216 23 288 21 306 20 314
2459 -1.2921333735326133 1.1299657460922106 2.9779830502106295 142 142 147 0.89540359425648075 6 296 2 373 7 290 1 380 5 244 4 627
1212 -1.7889836436233353 1.7972887047732606 2.8388388351005465 131 132 134 0.576200872615792 49 340 50 533 51 328
103 -1.0643124315113839 4.0281648789537314 2.1764331676323549 142 136 136 1.1093632075389417 23 289 21 384
2460 -1.810787763861905 1.4036937019219802 2.6800520076240781 115 113 147 0.40718615854815621 6 484 2 396
1213 -1.7080494374718374 1.4868869087575907 2.7469781287365707 65 73 87 0.55100088367706912 49 390 50 544 51 486
104 -1.7623558282962077 2.0559839432429987 2.9419724131099949 100 100 102 0.18989780087053171 23 296 21 389
2461 -1.3264299824176211 1.0528858536540942 3.0585712953236182 120 127 133 1.8419532480600254 6 344 7 330 2 412
1214 -1.6080818072309595 2.3698440024827434 3.2954429145722108 85 82 83 0.71327205533138027 49 405 50 631 51 386
105 -1.7330805525821373 2.2965726829420769 3.3641767873726973 126 128 132 1.301811526917418 23 300 21 259 20 233 14 188 15 181 12 142
2462 -1.3872095241344577 1.0034258865572947 3.0194049541042514 157 158 159 0.34407388791843291 7 701 2 417 1 431
106 -1.1663142446349866 2.3614693346125799 3.878193803186615 80 81 86 1.2226111499386147 23 302 21 330 20 284
1216 -1.630669237647691 2.9665381719443067 3.6323596152778967 122 122 122 1.1645163573235227 49 598 50 648
1217 -1.5865439993029156 1.6539953558709146 2.8568439285593676 133 121 129 1.6722207734117589 49 282 50 653 51 408
108 -1.4081937039266104 2.0315768428558805 3.590045058119633 121 122 124 0.33072623437419418 23 307 21 749 20 457
2465 -1.2761299522536536 2.3137886466647841 3.8729751964162062 148 150 149 0.51233954961701911 6 391 2 437 1 354 9 291
1218 -1.804905401173202 2.3123935309290782 3.3808665037120154 35 36 36 0.37070178648265867 49 542 50 658 51 300
109 -1.3683154475702597 2.0343351930137525 3.7013989496511801 38 39 43 0.46609527604154449 23 308 21 392 20 460
2466 -1.3149161861248937 1.6186833392511153 3.4436765581205218 132 132 139 0.63262568185483403 6 333 2 441 1 456
1219 -1.6756513160811239 2.4937298503792946 3.356276102363529 98 102 101 1.4939735877965996 44 559 50 670 45 495 51 558
110 -1.1666933106017439 2.0860080410122683 3.6484136472099662 51 55 54 0.86125825605165096 23 311 21 395 20 338
2467 -1.7881933214814543 3.043630614007661 3.609502620197536 132 119 126 1.1246127548172835 6 522 2 450 1 279 8 239 9 285
1220 -2.5049540705178939 2.6300735730536751 1.6918349356106015 69 75 71 0.80701240998875712 14 542 50 674 15 550
111 -1.0936916087530666 2.1081867950242597 3.7416957663701096 123 124 119 0.33001061662296705 23 313 21 397
1221 -1.4560486054293329 1.1160389479126636 2.8494316165056053 112 115 115 0.63703485938304116 46 523 44 593 50 504 48 465 49 466 51 399
112 -1.6862020604287118 2.1634179351875797 3.303981800166504 46 47 52 0.084400672011073999 23 314 21 394 20 333
1222 -1.1262349439542794 2.5844346630797603 4.0004967150712458 124 125 128 1.0759786898278911 46 335 44 342 50 375 47 324 48 188 45 237 49 239
113 -1.7636424022467416 2.0140572945815158 2.948421061998991 128 129 133 1.0015232627771413 23 317 21 370 20 304 26 295 19 255 25 145 22 186 24 177 27 292 14 289 15 290 12 349 11 227 18 158 16 222
2470 -1.4201914316012947 1.9343151879690277 3.1978608002914513 99 87 101 1.4576837480526117 6 14 7 13 1 16 5 45
1223 -1.712871384525104 2.3963325585800894 3.3495924858497581 30 69 55 1.4372629339540426 49 23 51 24 53 11 52 30
114 -1.2273839054075488 1.9148955132649546 3.2716670835377935 118 118 118 0.45721298502432189 23 318 21 288 20 340
2471 -1.1824144748549186 1.704712376174381 3.65321870037923 117 120 127 0.99419256108503162 2 51 1 37 5 44
1224 -1.6023219822119845 2.3166333553105516 3.2538475586180615 112 116 114 1.5543916338169286 49 50 50 39 51 45
115 -1.7804672560177504 2.722941662115181 3.5525717988550864 139 143 144 0.85669328584416693 26 242 25 116 22 95 24 63 23 326
2472 -1.2898061157799214 2.3642693815702223 3.9076176945938079 100 106 104 0.91466844762471344 2 54 1 48 5 50
1225 -1.2418052464093199 0.96114612829923662 3.1149055000031556 57 58 104 0.27331708073560984 51 68 53 5
116 -1.2952357207799159 1.3189287758599315 2.9054190601887573 31 39 64 1.0074949588781279 23 328 21 331 20 277 26 182 25 103 22 61 27 351 28 342 29 281 31 309
2473 -1.0083304165954652 2.9978883884977816 4.0555706999667542 122 122 120 1.1894528171215073 7 34 1 51 5 64
1226 -1.4484903188022986 1.1507935484705132 2.8473211476753484 37 38 43 0.84983804463079926 49 100 51 105 53 27 52 43
117 -1.0520402538473568 4.0289362719135333 2.3292045762329749 137 131 131 1.252835460321805 23 329 20 361 22 256 24 253
1227 -1.7898810511302721 2.4316330531128143 3.5119325076288201 137 137 135 0.27356982121658557 49 80 51 109
118 -1.821239313202148 2.8891194571647034 3.5890844170671814 40 45 45 1.0621466232293235 23 333 21 303 20 357 19 470 16 255
2475 -1.2118706294128534 1.4397711748150481 3.5249575974686431 39 39 47 1.1323256505125565 2 47 1 61 5 53
1228 -1.6878219019137968 2.9210443009426048 3.5176540505619771 38 38 38 0.88043889752531779 49 147 51 133 53 248
119 -1.5930263587463553 2.5158892722821906 3.3328554472851439 49 52 57 0.53968809665519157 23 342 21 372 20 433 26 345 27 400
1229 -1.0709979832284557 0.890642500147521 3.5377375945607357 127 133 133 2.0274141816359879 49 230 51 186
120 -1.3284745225119778 2.5210147406887629 4.0790113275875557 104 104 106 0.61380648005230409 23 343 21 301
2477 -1.1468692407065952 3.0148407090267693 4.0066130407751457 113 109 108 0.63672765963245825 1 64 5 104
1230 -1.2804289284310131 1.8412972896141078 3.152694547576699 64 42 47 0.14928379034537301 49 188 50 203 51 200
121 -1.7542936585143567 2.4603982279886258 3.4340110239635329 132 138 138 1.4138681937232727 23 344 21 403 20 430 19 325 11 182 14 248 15 183 13 153
2478 -1.2543473815762198 2.6776900485309385 4.0595776888498438 116 115 118 0.66338269944452366 2 60 1 65 5 102 7 100 9 145
1231 -1.4584389054288549 1.0840036642976063 2.8565578226229404 152 153 158 2.0828978156556173 49 293 51 215 53 57 52 62
1232 -1.3757488708798171 3.2347741031636144 3.5776763104881968 120 119 114 0.17731674510717313 49 141 51 221
123 -1.450468600023201 2.2707852232249137 3.3242665290505218 159 160 163 0.39388553337251614 23 347 21 504 20 469
1233 -1.4810760170339972 1.1010150893733075 2.8649535165174056 91 91 95 1.1823250319576217 49 295 51 274 53 222
124 -1.5518378296306745 1.6499081078346216 2.8168117857092381 43 44 46 0.5546550439728698 23 350 21 408 20 321
2481 -1.1955989878656417 1.1644799765678244 3.2768505449163663 26 45 90 0.92546301237187223 6 75 1 77 5 116
1234 -1.4961382324619885 1.1628244811548405 2.8692147466939515 61 75 75 0.26812199004254073 49 446 50 244 51 275
125 -1.6036648012990531 1.8667352697445481 3.1108648359474245 87 87 89 0.70298008202027995 23 377 21 429 20 332
1235 -1.4117648105872547 1.1807759169265104 2.8560871437251198 36 36 25 0.43002646153978291 49 225 51 288 53 191
126 -1.3862599405938958 1.8457516444842827 3.0496387949975192 50 50 50 0.46776246175758951 23 392 21 428 20 493
2483 -1.4308301901741738 1.0588977197728544 2.9637876717173777 149 150 153 1.4865859130303312 2 63 1 88 5 129
1236 -1.2726039985590287 1.2188530324410138 2.8475323965398984 143 144 138 0.090697370078678979 49 447 51 289
127 -1.4368499658945926 1.0844524485777236 2.8807870243819966 170 169 174 1.1841528601356059 23 400 21 565
2484 -1.6965344123410837 3.228789523574727 3.3911004060203838 119 117 118 0.46179607333366812 7 73 1 97 5 100
260 -1.6251479299107232 3.0079728210508372 3.6946190213090011 129 124 126 1.0405048673995432 21 307 20 225 19 142
2617 -1.6395438003518077 2.257316298991177 2.9491018348651843 165 168 170 1.5154510888485144 6 354 7 221 2 138 1 115 8 616 5 78 8 303 4 297 3 307
261 -1.1578031814683414 2.8980396427484458 4.1802770697406819 124 118 118 1.5606607203553973 21 309 20 228 22 92 24 164
2618 -1.352058943373756 2.5061440919820788 4.0520732666232382 49 52 52 0.83320494899154218 2 160 1 283 9 229 6 119 7 155 8 240
262 -1.8221743211426591 3.0964796780527668 3.6082232973924784 65 38 45 1.5889852974059426 21 250 14 242 15 251
2619 -1.7270006041108239 1.9791218526557044 2.8957801324955024 133 134 136 0.87841221047196349 6 454 4 235 3 324
263 -1.0513558569202606 2.8105977706740672 4.2724146988338347 141 135 135 1.3196697353567379 21 379 20 294 26 160 19 190 25 120
2620 -1.6527979797945058 2.2792224699301 2.8892208668608306 146 146 144 1.3965585494590398 6 450 4 295 3 237
264 -1.2299809121058443 1.8110605706060601 3.2315975981830904 74 45 57 2.3277792314748349 21 879 23 830 20 496
2621 -1.3350096076736173 1.7383188334608741 3.2042008618097406 95 51 64 0.70645510091697716 1 424 4 365 3 334
265 -1.2889332577544537 1.2767190679856413 2.8948763457189135 63 74 111 0.92515273401000064 21 519 23 511 20 537
2622 -1.6743870548899991 2.2565510009243464 2.8461823395443626 142 143 138 1.3030468361774921 6 351 4 437 3 345
267 -1.799306223033776 1.9392401018550154 3.0171619658213493 125 125 125 1.6880365839768157 21 633 20 588 26 434
2624 -1.7051299361978562 1.983125241336825 2.9452658202974433 64 65 69 0.5303549368200049 6 560 4 640 7 476 3 470
268 -1.6813542024890165 1.8789686991732593 2.8452749760823859 38 49 51 1.2733182677320289 21 642 23 575 20 605 19 588 14 780 15 447 12 496
2625 -1.3136237236365729 1.8291109138991506 3.1953204035215217 121 57 72 0.37667474305697179 4 66 3 64
269 -1.5434448263290177 2.2474401422688257 3.2552338035044666 51 52 56 1.1740913623413676 21 505 23 927 20 647
2626 -1.800582194631178 3.2115495378378207 3.529593089314393 169 168 169 0.01203816871492731 4 111 3 104
270 -1.740515062615239 2.9022594675051736 3.4551024296355726 132 134 133 1.0699850138781981 21 534 23 947 20 702
271 -1.4430075447739854 2.6145593939031047 4.476254813495661 114 92 95 0.49919482122249031 21 737 23 542 20 706
2628 -1.018695527687203 0.99550284703073366 3.4722509663900749 60 74 120 1.6200022839603867 31 344 3 642
273 -1.6276333849088604 2.3706072944864935 3.2803452423507564 119 135 131 0.75135908636118776 21 814 20 729 12 737
2630 -1.8318674032857469 3.0608326518630347 3.6592332911259002 0 0 0 0.38495764947181954 3 103 4 109
274 -1.2904703477263422 1.4290802343742433 2.8935186240792601 118 122 126 0.75837622142747441 21 927 23 782 20 799 14 638 15 641 12 542
275 -1.4913716343484591 1.1192876861178442 2.9242392202617116 113 112 118 2.4105781301779152 21 932 20 800 12 723
276 -1.3997615214854608 1.1047301295667176 2.813203802534467 112 116 119 1.770573340226768 21 959 23 801 20 803
277 -1.5787536474605111 2.425171304706673 3.3093900290467335 103 115 111 1.2237548656547277 21 1093 23 885 20 869
2634 -1.0696882238966279 1.2157168819203901 3.293534274657735 150 152 159 2.4075567298852216 23 268 26 184 25 175 22 200 24 72
278 -1.1976866263138743 1.8739325886306959 3.3371065892078566 121 115 120 1.9088861586438384 21 662 23 775 20 883
279 -1.1074913505278481 2.1982293387230385 3.7895664739460231 62 62 61 0.35877032398283926 21 601 20 922
280 -1.7596955113103132 1.9692480629144966 2.9357180558801717 70 71 73 0.77592467010344957 21 892 20 935 14 610
281 -1.692665625350267 1.8910708613696892 2.8532350446896979 116 120 123 0.59640301489155079 21 643 20 943 14 776
282 -2.0810154944026635 2.9860998915411687 3.8778898149070393 127 119 117 0.00077734515220587489 21 757 20 956
283 -1.5777514609998806 2.1670453854475031 3.2529513658516636 85 86 91 0.35423245283734411 21 1060 23 648 20 972
284 -1.6162434859413424 2.5299093910906691 3.3950809622556792 121 122 124 2.046721343838946 21 540 23 741 20 707
285 -7.1271457633027051 -10.386820416582358 29.753029251502817 53 43 35 0.86368583822433864 20 32 23 28 26 14 21 34
286 -4.853527588867431 -9.9959958459712119 30.901702610779157 139 135 126 0.33185510428093873 20 66 23 60 26 29
287 -8.2840968727774982 -5.3813936538851772 25.441939630905438 61 56 53 1.1279808385338179 23 75 26 30 20 52 27 44
288 -10.910667661410219 -13.310220660897635 36.337065515540878 93 93 91 0.97865288648513582 23 92 26 52 20 83 21 167
289 1.6837066241676675 -10.5897282795975 29.519227855887056 29 29 31 2.2500445020470363 20 89 23 122 26 57
290 -6.2200152435200993 -11.121640477680923 32.142484852089673 145 139 135 0.60551091734820961 20 67 23 64 26 58 21 122
291 -11.178249845081831 -12.717752181076811 34.34698634943863 44 38 26 2.1922012074564483 21 168 23 115 26 63 27 111
292 -3.9670423398782222 -10.218811338526349 32.232690266054135 66 61 58 2.1996112776319285 20 157 23 158 26 77
293 -7.4944921438034644 -10.552313323384894 28.93674556581561 44 34 27 1.8667179778728265 21 217 23 123 26 80 20 116 27 168
294 -11.857592058863956 -15.129815244783849 38.877768172859646 76 72 71 1.5852213093720999 21 218 23 186 26 86 20 192
295 -7.4005814046413461 -6.7295867714972291 26.695557764603361 26 24 25 1.0469129124463672 20 145 26 90 21 161 27 119
296 -1.6935106148543406 1.8368034756220994 2.8405613646108323 60 73 66 0.46224823645396057 23 107 26 97 20 97 25 43 19 55 22 36 27 140
297 -4.1103194282243694 -8.5413664682888033 30.311307966949631 71 60 58 0.97333615024299158 20 162 23 157 26 103
298 -7.3822816385011221 -11.858274975597251 29.332951261126055 103 99 98 1.0643772501949709 20 160 23 192 26 126 21 213
299 -6.1728166248303946 -11.976131332591711 32.678790408543392 99 99 96 0.87264057891448177 20 173 21 235 23 191 26 132
300 -6.4540125911883726 -11.575118233446918 32.150471202713319 81 64 56 0.94063207208388644 20 153 21 234 23 216 26 134
301 -6.8796352997375729 -11.637565325462454 32.138711458950212 107 75 60 0.67928236970425415 20 152 21 216 23 189 26 138
302 -1.6242900132295965 1.7645618214234169 2.8111138789307195 113 116 121 0.54261321454858558 23 148 26 144 20 132 25 48 22 47
303 -1.5615650089804458 1.5959061544492268 2.7919062275831852 92 92 100 0.68008787709126306 20 149 26 146 23 124 19 83 25 47 22 50
304 -1.2866938076151855 2.263584480268245 3.8006522566666208 106 106 106 1.3970174540880507 23 169 26 154 20 235
305 -1.2065761950753155 2.6712327462707304 4.0435612036565178 119 115 116 1.9136877800456353 20 130 23 131 26 157 25 58 19 88 22 89
306 -1.7757021493657774 2.8371151849602398 3.5119428443897869 119 119 119 1.1642464697689463 20 135 23 137 26 162 19 108 25 78 22 98 24 97 14 109 15 99 12 119 11 108 16 62
307 -0.9133937139221342 1.5432222030642804 3.3540269683761976 148 149 144 0.82363435351681491 20 251 26 176 25 94 22 168 19 218
309 -1.5260856322663519 2.1448967031783495 3.2630682364367036 47 47 47 1.0517595661747321 20 182 26 204 23 168 25 161
310 -1.6914869983049916 1.9159810203604657 2.8590937929129248 116 122 122 1.472815632165847 20 197 23 231 26 206 19 126 25 82 22 88 24 90 27 229
311 -1.6825344929346959 1.7067184943103972 2.8469579760969057 146 147 149 1.5311496828125644 20 348 23 485 26 210 25 139
312 -1.5829440604247864 1.6764733293309813 2.7883399437024408 118 119 123 0.88584918374262711 20 242 23 244 26 211 25 140 27 254 19 164 22 146
313 -1.5902601568278576 1.7189712709293541 2.8075173258931549 40 43 48 0.72741001104316494 23 197 26 224 20 264 25 141 22 137 27 208
314 -1.6549052451310724 1.9478826769085977 2.8518297167586506 98 102 103 1.522582006650433 23 327 26 229 20 590
315 -1.7306109895543844 2.0326177442445474 2.9709665963830343 60 60 62 0.84865716927804746 20 339 26 230 23 306 25 228 22 183
316 -0.93900654600492717 1.5751571882528852 3.3539135725726301 88 89 84 0.91501663579460002 20 203 23 195 26 236 19 125 25 99 24 55 16 54
317 -1.0637070308866601 2.7235512994745616 4.2334944603757876 130 126 127 1.333471185642142 26 243 22 331 25 70 27 572
318 -2.0660472031621744 2.9364566063970043 3.8604216570484922 142 132 135 1.3963204918547287 20 349 23 430 26 259 25 115 22 129 14 292
319 -1.2460559289077442 1.3403742683646005 2.9078133321884869 131 135 146 1.1035755522757826 20 279 23 371 26 264 22 159
320 -1.2505132988102388 1.2630198980041192 2.9221762880009856 155 166 188 1.3602664418930306 20 422 23 410 26 267 25 190 22 165 24 151
321 -1.7971425116473558 2.0441174703067841 2.9847163467857749 58 58 60 0.86824343616875266 20 305 23 295 26 294 19 198 25 229 22 185 27 375
322 -1.7411962454314382 1.8625703866645176 2.8707857900143026 114 118 118 0.60204798167183438 20 342 23 391 26 297 19 267 25 222 22 271 27 502
323 -1.2611743322123921 1.2434106702464678 2.9318626114394677 56 62 94 1.1410041434536138 20 540 23 509 26 330 25 252 24 152 27 458
324 -1.5665059627317623 2.4363495195343199 3.2455758920057387 86 92 92 0.55580237625110851 21 302 26 349 27 298
325 -1.4924077802343592 2.3115042279782267 3.2688513651869271 105 105 107 1.6246212327639338 20 602 23 436 26 355 25 149 22 130
326 -1.6372936036911558 1.8332106335809428 2.8074880171420777 121 122 124 0.74668187670936526 20 452 23 388 26 368 19 375 25 302 22 371 27 503 12 373 14 349 15 358 11 282 13 511 18 236 17 185
328 -1.6558816066068032 1.7158476387335924 2.844206999208863 50 51 55 0.70227227180790863 20 347 23 248 26 373 19 257 25 237 22 147 27 432
329 -1.5644556425344553 2.3879367953424184 3.2289396529616203 113 122 121 1.7842974752440321 20 728 26 399 14 841 23 897
330 -1.596464075739753 2.2118000613700768 3.2702747030397878 66 67 69 0.96065008512162686 23 337 26 403 22 330
331 -1.8071283809285563 2.0668699265250128 2.9891408232628165 104 104 106 1.0054090022647277 23 641 26 405 20 923 22 462 12 666 14 518 15 571
332 -1.6427655806597452 1.8005349955581762 2.8226086227187386 113 117 120 1.3051840810011379 23 492 26 407 19 584 22 447 24 456
333 -1.6774204248466471 2.2997955763277185 3.2944527595924824 102 103 105 1.0872489320811429 23 579 26 428 20 601 19 450 25 276 27 735
334 -1.688917132892148 1.4375547958527686 2.5924746721493244 36 50 89 1.5019859851841562 26 32 19 23 25 14 22 14 48 8 47 7 45 14
337 -1.7141340771425553 2.2224672144094 3.2281656598645023 109 112 117 1.328848634588109 26 112 19 87 25 80
338 -1.6261953193879937 2.4526590240704054 3.2942749195388954 34 62 53 0.66126410895856225 26 156 19 89 25 75
339 -1.4761169809469445 1.1362716354700502 2.8842495252168066 53 62 67 0.52326710364509921 26 185 19 97 25 64 22 68 24 42
340 -1.2147202589783674 1.6284722296018479 3.2228920609734995 41 43 48 1.3991050393565008 26 109 25 125 22 22
341 -1.2969667555153961 1.7758459744789399 3.1055482583395899 111 109 110 0.55684289547357424 26 172 19 157 25 90 22 83 24 43
342 -1.0677177146039518 0.91086386640241013 3.4451488532421792 73 82 113 1.0601235117982077 26 376 19 165 25 267 24 69
343 -1.6101216099036728 2.1460485902447934 3.1888327944776709 96 97 101 1.0384303903666887 26 231 19 197 25 225 22 278
344 -1.2782113105722446 1.204261741410005 2.9910892178667785 32 36 63 1.3506315015805987 26 271 19 222 25 209 22 236 24 76
345 -1.622160151682299 1.5749981699511084 2.7387281372819432 55 56 78 0.54383160155553212 26 303 19 238 25 217
346 -1.1132808812332053 2.571689923217181 4.0926910428134899 73 75 74 0.44565512270807112 26 257 19 242 25 223 22 275
1698 -1.0920677460057013 1.2707994041839585 3.2887506526294197 21 27 51 1.146784894019456 35 470 37 577 36 708
1700 -1.140404803999123 1.2914774295525155 3.1404245567478224 39 53 82 0.59409374869087428 35 382 37 585 36 445
1701 -1.1995058796961806 1.3266472959496016 3.014735345947086 167 169 166 0.79907480448926593 35 275 37 587 36 448
592 -1.751956146605629 2.3101838318410812 3.3701372428316261 124 129 130 0.68130496570900001 14 393 15 594 12 550 13 530
1702 -1.1928338224419424 1.314492156406039 2.9748023490771303 134 134 136 0.82133124218524522 35 276 37 590 36 454 57 453 55 411
593 -1.8757778802925007 2.8544524938205154 3.7138730940198839 126 127 131 0.99371362264298269 14 870 12 559 15 769
1703 -1.187300165985369 1.2558282021299705 3.0596838378395339 9 19 60 2.0747072304820451 35 519 37 592 36 584 36 692
594 -1.6479281200997762 3.1403347500699699 3.6287801012091632 121 101 106 1.1140826091957228 15 781 12 560 16 202
1704 -1.6088107208241642 2.7711450991803948 3.6090207491741388 100 100 97 1.0486238747490182 35 529 37 595 36 387
1707 -1.1319717278037238 2.0652624480337725 3.7548740321975447 94 99 93 0.9620246725033732 35 536 37 611 36 485 39 507 56 458 58 281 60 335
1708 -1.1923977722800143 2.6628467470213875 4.2866371006057351 74 28 38 0.76535879746853464 35 550 37 617 36 516
1709 -1.1911819514870816 2.6383546449822446 4.2823361113496867 122 77 84 0.34243095682715513 35 551 37 618 36 617
1710 -1.2624109682265297 2.4712479734616184 4.2000817796192758 119 118 114 1.7556040229545307 35 1143 37 627 36 770
1713 -1.2036102806601026 1.8556968169483012 3.2737684797700002 55 54 52 0.27595023702513277 35 577 37 637 36 662
1716 -1.5398352113497518 2.3340943753984447 3.2533782514581291 100 100 92 0.44306590660867678 35 433 37 656 36 356
1722 -1.1212685554934883 2.0572131402404357 3.7745245054016037 101 105 103 0.55808811659963486 35 946 37 687 36 929
1723 -1.1636847272265278 1.8052670405107625 3.3028400499810311 77 78 73 0.72601288726960822 35 738 37 708 36 640
1725 -1.204552839873414 1.8219317588072967 3.3391988093320455 48 49 44 0.17587854864273192 35 776 37 712 36 945
1726 -1.762587965234508 2.1131970149062242 3.0686930375337904 75 74 72 1.667247486389015 35 567 37 725 36 440
1727 -1.1954431013729985 1.8681342644522279 3.3682829855228564 73 74 69 0.90044338425515369 35 582 37 731 36 949
1729 -1.1523860640530881 2.3371626753185586 3.883469099261653 94 94 92 0.45627088281233563 35 885 37 744 36 782
1730 -1.7153160605798243 2.7272113469376733 3.6529645589020419 119 118 116 0.57096055193176609 35 732 37 745 36 624
1733 -1.1645245854101791 1.2896414844774176 3.4483647821501795 102 104 103 1.4458982301013734 35 642 37 801 36 422
1734 -1.1348100825943279 1.6261226109404019 3.783296701512906 134 134 132 0.50559175351833519 35 767 37 831 36 660
1735 -1.7884676518429312 2.136667279597376 3.1494297722319224 50 50 47 0.14290080087476006 35 877 37 832 36 730
1736 -1.24300583483437 1.2632933953427248 3.0082550414356781 34 54 86 0.84809788455232227 35 672 37 865 36 689
1737 -1.2179765523184851 1.1842404128480395 3.0371369031769349 27 39 68 1.3536764780963952 35 667 37 866 36 798
1741 -1.1938958351116773 2.6703874690811622 4.2685397046326328 108 71 78 0.65767781102108591 35 716 37 896 36 776
1742 -1.7730637235399869 3.0645296081246665 3.58025580239743 121 116 110 0.36301667561681739 35 1206 37 897
1743 -1.7128486044523947 2.9965869276687709 3.6238053494018541 88 86 83 0.69703737854958026 35 1140 37 898
1744 -1.180473102533167 2.471179415354916 4.1036809987031519 97 96 92 1.7867340047735041 35 911 37 899 39 572 54 548 55 983
1745 -1.6494363181496323 2.8236701809358697 3.6318895821863459 73 72 70 1.0586187397016904 35 713 37 906 36 767
1747 -1.7268613788712732 3.0532493335367854 3.5823915108321871 67 53 50 0.76320180409159522 35 922 37 918 36 620
1751 -1.5646587162077528 2.463920927707957 3.533804620657683 64 66 58 0.75617881639695816 35 1115 37 975 36 931
1752 -1.1320817659763904 1.7069149041365035 3.3751913806860929 96 97 96 0.7965245199669283 35 872 37 993 36 752
1755 -1.4421938564721195 2.2597762951442131 3.2864940187883462 31 34 33 0.39779365334076405 35 261 37 171 36 153
1760 -1.1572278719863054 2.4402150385233869 4.0784354626258956 140 142 141 0.93161368294800961 35 419 36 334 39 299
1761 -1.4167527026855291 2.5963373626941668 4.4971022356221901 129 126 119 1.0529134465786703 37 391 36 342 55 463 57 487
1763 -1.6652744285234096 2.8796549858782559 3.5477557747976745 122 122 122 0.79647081610541148 37 477 36 370 39 469 35 448
1764 -1.3737217355373554 1.1406881279263057 3.0776117043339917 21 29 35 0.29919539596539846 35 300 37 412 36 378 55 316
1765 -1.3117888918823868 1.3298069891856148 2.9237157953268031 29 34 60 0.46534047884858976 35 545 37 406 36 408
1766 -1.5190636954451646 2.469235804322043 3.4772097742324788 78 78 76 0.25127884957572488 35 696 37 594 36 467
1767 -1.6895500011361311 2.8427457268063137 3.5340505303636016 101 101 101 0.47686749812631773 35 728 37 480 36 473
1776 -1.2057558772428105 1.9677169589364729 3.6781174891837272 42 44 47 0.59371441914892908 37 657 36 611 57 510
1777 -1.6193931881660313 2.535892465871588 3.5260287962071226 100 101 96 1.9681117250130784 35 1121 37 733 36 626
1778 -1.1225195901943037 1.680848975123689 3.3897801341024061 102 103 102 0.37456777992343432 35 563 37 652 36 639
1779 -1.2596539134081406 1.8879525928630014 3.7143526947964296 125 125 125 1.1724628205151109 35 542 36 651 39 495 55 604 57 613
1780 -1.2417927219412401 1.2032984949867707 3.0679143077605646 43 61 109 0.27940719833581179 37 555 36 688 39 376
1781 -1.1802051462275147 1.3434263239943063 3.0092406199391895 80 84 86 1.2076843374039714 37 781 36 702 39 516 55 684
1782 -1.202610930699092 1.8195825747418566 3.2461287745693266 61 62 57 0.18835532429121035 35 873 38 598 36 716
1783 -1.0530402533537655 1.4724323544841402 3.6339254814282795 124 137 131 1.4927691357893214 35 865 36 731 57 740
1784 -1.0732873258799456 1.5647919784367796 3.3806368445911041 93 95 91 1.2579742228368802 37 785 36 737
1786 -1.1140449230665612 2.2153080244783436 3.8579295061849144 98 103 99 1.3588070531450327 35 735 36 759 39 571
1788 -1.2157067176874554 1.3078672804353928 3.0084963925725048 88 91 97 1.8498118701205539 35 883 36 858 39 583
1789 -1.3774486462690361 1.1480929597451823 3.0897960611897162 29 33 42 0.3231934091924788 35 969 36 874 57 712
1792 -1.1277659823228965 2.228386540396007 3.9100081344761355 73 73 73 1.7726153311011257 35 734 37 732 36 936 39 532
1793 -1.1704428734835868 1.7102328733565504 3.9384593764022839 133 134 130 1.0845918445881573 35 1154 36 958
1796 -1.1248721051763204 2.5312300206846992 4.1001282184718351 76 78 75 1.2245968708587618 35 1088 38 583 36 993
1797 -1.2118510230652437 1.327720526531734 3.0449567443568641 82 83 85 0.42733867069921677 35 953 38 684 36 1020
1798 -1.9604718801421135 1.850020401776723 3.841364851904467 102 104 103 0.92837567307285651 37 142 36 101
1799 -32.989516989712122 -0.10486630908390474 0.18860364068133603 122 120 131 1.364726656820922 36 25 37 29 39 28 57 26 55 26
1802 -34.229216084618791 0.0059750072258687595 -1.0160736251316218 159 157 168 1.6652958863011089 36 59 37 75 39 76 57 60 55 52
1803 -33.18368295252165 -0.86966431962854007 -0.059361414021552053 152 150 161 1.0894958914808006 36 95 37 83 39 78 55 57
1809 -30.680539440214417 4.6854495721634715 0.41160347247345019 114 118 121 0.99226827758146996 35 147 36 116 37 202 39 120 57 141 55 130 54 143
1810 -31.494259936514037 4.4556105364128777 0.099759852670732937 161 162 164 1.8703754339681093 35 149 36 133 37 108 39 122 57 146 55 84 54 101
1811 -32.145983407879584 4.3095506368307852 1.2445027288718455 118 117 122 1.2890901809384874 35 199 37 205 39 168 36 125 57 145 55 131 54 145
1813 -1.1414465555014004 2.7946489308958427 4.1110685314149915 117 107 106 0.85504085031809185 35 417 39 303 58 418
1815 -1.1797771540323216 1.3319612822038724 2.9457515942957548 165 168 174 1.7398167564480866 35 1062 39 514
1819 -31.163413627869449 5.0539340375348356 0.70299143292698496 144 145 146 1.8526187216760071 35 203 37 111 57 92 55 75 54 97
1825 -32.004866663588963 11.425673104878966 -11.526089809653218 101 98 89 0.88052847132657874 39 89 57 63 55 61 54 64
1826 -31.738566113207053 11.266952978311455 -10.177260552191283 82 51 32 0.73990789943255797 39 87 57 64 55 62 54 65
1831 -1.2096723208347946 1.9188126269594536 3.7150438945999373 110 113 111 1.3060513589108982 39 150 57 112 55 118 54 130 56 175
1837 -1.1675138648509953 2.0167814662777954 3.7100770357834278 126 127 130 0.83841505750648626 36 291 57 236 55 219
1841 -1.2640687947501303 1.9379032707424091 3.807296380935695 107 105 108 0.95128500246416114 39 312 57 307 55 362 54 448 56 293 58 231
1842 -1.1801968326230685 2.2420026502164361 3.954251244095687 108 110 107 0.86737540187233986 39 391 57 404 55 455 54 417
1843 -1.3090383024062884 1.0919189881870339 3.0453088133586954 61 65 68 0.77953227696717919 35 499 39 369 57 405 55 416 54 319 56 480
1846 -1.2290436064493919 2.6370710593126883 4.2691870494426949 37 27 30 0.57515717128034283 39 420 57 485 55 682
1849 -2.2466677177903112 2.6254208403952863 3.4945896150971048 22 22 20 1.1417666252997032 35 708 57 535
1851 -1.1877583312054907 1.7023825860175497 3.4733712317706305 49 49 51 0.32704583764033635 39 444 57 592 54 438
1853 -1.2016095471970416 2.427859034954392 4.1254730735790801 122 123 120 0.98709383998330547 35 721 39 467 57 669
1855 -1.1317195566854508 2.105151191660581 3.8286590412303498 37 53 50 1.6128876160761749 35 881 57 751 55 847
1856 -1.2007288493419299 1.6892519457550828 3.2140428792773204 61 16 31 1.5589562603992795 39 293 57 781 55 377 54 530 56 391
1857 -1.0895164558086206 1.5618358512560695 3.7245978468323697 70 75 71 0.24667276442029915 36 714 57 825 55 924
1858 -1.1942022993182728 2.6928873461675815 4.3342353068039134 86 38 50 1.4502854679468551 57 10 55 14 54 12 56 7 60 21
1859 -1.7272624550192821 3.014630065470016 3.7716189829877864 66 29 42 0.39944511484406614 57 15 55 15 54 32
1860 -1.0903689109301082 2.7458492571610909 4.5637831356820744 124 125 119 2.1340695233041393 57 14 55 19 54 16
1861 -1.2116580490763593 2.1332983951214977 3.8888822455586922 26 53 46 0.80458855403172402 57 34 54 41 55 39 8 35 9 47
1862 -1.1766141309287714 2.7388943248447259 4.0865111803857941 116 115 113 0.51854488531877652 57 22 55 40
1863 -1.0850897564084339 2.0663333724601221 3.7450249221344039 120 122 125 0.41389602629147593 57 52 55 42 54 54
1864 -1.6264373783229005 3.2127994482146898 3.6607272588604962 132 133 128 0.85427710647978383 57 57 55 72 54 58
1865 -1.8896647474513932 2.9756543550924341 3.8734226372518914 77 36 50 0.90895698778522116 55 81 54 107
1866 -1.0766102382528675 1.3090744790504365 3.2956900710740951 89 92 99 0.3952228170686593 57 123 55 89 54 119
1869 -1.4777224635702344 2.3265949043766083 3.3938531942227272 105 105 107 0.63078171003678296 57 110 55 95 54 111
1870 -1.127798202710192 2.1286466377466162 3.6588634346406788 129 131 135 0.78814428892457988 57 108 55 97 54 109
1875 -1.279317025579074 1.7322578198452696 3.1709100003680901 78 32 42 0.46587087324043175 57 173 55 108 54 115
1877 -1.1496247052167019 1.7024069981303933 3.4284027055947135 39 42 49 0.26313367490000816 57 115 55 113 54 125
1878 -1.5964122755558405 2.306401666285836 3.3220427307356233 47 47 49 0.38484948985800765 57 143 55 115 54 129
1884 -1.7404143890620971 2.9298056100712464 3.7177141796750677 31 31 33 0.20925317166717461 57 129 55 145 54 178
1885 -1.6259144282671816 2.2541587215224976 3.2600897971131748 146 147 148 0.60881949263833979 57 157 55 162 54 187
1886 -1.3842031624397304 2.3568452197568615 3.366739824293139 48 48 50 0.86847873552986521 57 297 55 175 54 184
1887 -1.1811565347905562 1.8932773201898785 3.639082532516297 115 115 115 0.58264498155830469 57 200 55 178 54 215 39 315
1888 -1.1982773164030769 1.8006296815039056 3.3870727997656722 92 93 95 0.93841589200249187 57 270 55 182 54 357
1889 -1.2233904216628257 1.5871884971907251 3.4574439551842229 41 42 46 0.27307561916407286 57 194 55 185 54 197 39 210 56 138 58 130
1890 -1.1911657330122691 1.2181340366265263 3.0932948549716914 12 25 66 1.2841158563983639 57 207 55 195 54 291
1891 -1.7128310322097338 3.0720513177362387 3.6575208952991787 117 111 113 0.17676955506145489 57 229 55 200 54 225
1892 -1.286042347888974 2.6529334118246108 4.3232594452719129 81 48 59 0.99054791632141381 57 174 55 202 54 262
1893 -1.1711675606844643 2.6724768808536128 4.2091695890552874 121 123 120 0.20601120073009618 57 218 55 204 54 220
1894 -1.2466401913009122 2.6121921661859049 4.2754795283456239 127 127 129 0.12140445350782357 57 221 55 205 54 214
1895 -1.2051965674296996 2.5706866410469869 4.1942500321415617 107 107 109 0.33094384326040244 57 224 55 207 54 221
1896 -1.70424557052968 3.0335289890530479 3.7049846866336966 67 38 47 0.58897438494665433 57 228 55 212 54 224
1897 -1.6814131861373425 2.8837528462739805 3.610783789473464 43 43 45 0.76001581057071033 57 367 55 216 54 226
1898 -1.7532298069480929 3.0020574859866653 3.6910913151647367 87 86 87 0.66912193658308838 57 363 55 217 54 232
1899 -1.7267450255118844 2.7298159637511463 3.6112748499263607 47 46 51 0.50386882040790526 57 233 55 220 54 235 39 262
1901 -1.5917011545923512 1.7817753041943087 2.9603661352946169 93 96 101 0.2256360911053327 57 250 55 235 54 292
1902 -1.0647864321964591 1.4281285766106429 3.5102941790467668 31 32 36 0.50682169754909956 57 266 55 237 54 249 39 211
1903 -1.1444087511109018 1.3261632087183433 3.044954023666425 136 140 139 0.068247694384832275 57 361 55 257
1904 -1.1654871988654376 2.7734175780899513 4.1853897546128938 121 116 110 0.51840983370191829 57 288 55 262 54 218
1905 -1.42026413870576 2.3404166622714486 3.3993015893959666 113 113 115 1.3497157527832073 57 308 55 264 54 236
1906 -1.262808292126165 1.8653195469443771 3.3707441317392064 31 32 34 0.49280674744028335 57 256 55 280 54 355
1907 -1.2000943541056002 1.7339879359626722 3.4614881343822699 121 120 128 0.61131044031181447 57 294 55 282 54 356
1908 -1.2035458289660788 1.8143648425558287 3.2258010462714153 119 111 112 0.82605721788103448 57 385 55 307 54 435 56 397 39 354 58 552 60 392
1909 -1.3465818883403273 1.1086558144021628 2.9156238578620073 33 32 37 0.34840804468401876 57 347 55 309 54 314
1910 -1.2292778162242637 1.3160364290559312 3.0448375758193693 102 114 114 0.30190903880966174 57 360 55 323 54 321
1911 -1.1976233910964242 2.0922735509992387 4.0013506525534908 109 109 109 1.0396503166487081 55 330 54 414
1912 -1.1250511930673954 2.299122373008947 3.8600471721225293 120 120 120 0.58021567214835967 57 403 55 334 54 271
1913 -1.6640508380036727 2.7613112571615019 3.649567317364129 76 76 78 1.0229996515702604 57 374 55 336 54 416
1914 -1.1608708683902194 2.4265356677366605 4.0427982967119664 120 120 120 0.47370300551152394 57 375 8 382 55 342
1915 -1.2570800768554713 2.9046004737231415 4.1290044557361654 117 112 109 0.69563080384958342 57 490 55 348 54 344
1916 -1.5432272244338221 2.1806900517931038 3.3380161775812582 92 92 92 1.3260519562596358 57 498 55 356 54 441
1917 -1.2892177954356372 2.0246340106512544 3.7557671195734064 122 123 127 0.47928763810376096 57 513 55 363
1918 -1.5558974953194538 2.525876591662223 3.4747995213449197 43 43 45 0.25405052176015952 57 517 55 369 54 494
1919 -1.0906882351839269 1.506900588611616 3.5364975794368494 43 42 47 0.43213847065753774 57 429 55 372 54 365
1920 -1.3194374112924039 1.7535773537640893 3.122251578523179 75 49 61 0.65790868335589492 57 420 55 381 54 251
1921 -1.2257497448857488 1.6135951254559839 3.3801142500646892 30 29 35 0.78359383522732207 57 648 55 399 54 440
1922 -1.3070386414591129 1.7937545662251715 3.1252262090794929 138 127 131 0.69882476989052811 57 442 55 405 54 339 39 294
1924 -1.4101941838819783 1.1523667825847796 2.8792500712876534 139 140 145 0.8703565651982611 57 349 55 420 54 385
1925 -1.2456576826285528 1.4992307441503185 3.0968159810718023 64 69 73 1.014705807523032 35 827 57 411 55 434
1926 -1.2616843125569297 2.5740367704892662 4.2580568850197729 119 120 122 0.55102999067628522 57 661 55 465 54 340
1927 -1.8007763735367941 3.2301116466095885 3.583312962578574 123 117 117 0.76145917936478302 39 389 57 672 55 475
1928 -1.2599145596178585 2.4561350934676902 4.1683231696647187 113 113 113 0.81567740781320752 57 376 55 476 54 423
1929 -1.0870340887702803 2.1369773295736407 3.8077768470990669 24 34 32 0.15808762672663676 57 399 55 497 54 333
1930 -1.5413900421071469 2.5452305903032753 3.4732024571121869 153 154 156 0.51616512657595293 57 477 55 498 54 419
1931 -1.3046459915397064 2.4640815729830359 4.1853667677608151 37 37 37 0.30782383973741734 57 670 55 529 54 338
1932 -1.3039648133509449 1.8083618349361972 3.1413261863863093 82 46 56 0.4898845107517123 57 427 55 534 54 386
1933 -1.3470158282173639 1.7964547919797653 3.1023889867213703 77 78 77 0.4574619511865759 57 777 55 542 54 453
1934 -1.3463718099397453 1.1578193108493646 3.0563673553021435 97 106 113 2.004502632780591 37 858 57 522 55 554
1935 -1.1504636670624968 2.5362476395073479 4.09666209154729 102 102 102 0.62652081642718238 57 867 55 562 54 552
1936 -1.0905801525115861 1.1096114616165014 3.275180576203077 77 96 136 0.50527347847077464 57 455 55 580 54 295
1937 -1.2202278294903242 1.1624017205421824 3.1528550457178643 19 36 85 1.9791188468130414 57 452 55 583 54 289
1939 -1.2760789216358555 1.8959564953346841 3.7719039344816214 106 109 112 0.65026408399808222 57 690 55 587 54 501
1940 -1.2128310210403437 2.0415095723680867 3.8365269301494989 105 106 108 1.1806625236346067 57 577 55 588 54 492
1941 -1.1578754188763116 2.0659579309902818 3.7841998500421834 103 102 104 1.0615306388937251 39 504 57 812 55 589 58 434 60 438
1942 -1.5402040694940689 2.1982794040414144 3.4248270866404265 25 29 32 0.65127457056183313 57 491 55 603 54 442
1944 -1.2619265582703219 2.162878602048186 3.9360350022276882 34 45 45 0.67833277420422666 57 467 55 618 54 570
1945 -1.2359549349756314 2.0486437744931569 3.9211918447795249 41 41 43 0.5308850513359652 57 573 55 622 54 412
1946 -1.585569153572546 3.0014199112447684 3.6317369984279297 120 108 112 0.039668877199560665 57 470 55 635
1947 -1.1350976767788379 1.5289755498989044 3.8293238888282946 105 110 106 0.8339427956646176 57 492 55 659 54 353
1948 -1.272691276676154 2.4632148878964464 4.1990733254422352 134 134 134 0.52319416392380758 57 552 55 670 54 468
1949 -1.1700368672957331 2.7921272291778787 4.1513709339501155 111 102 102 0.394704299253888 57 896 55 683 54 557
1950 -1.1776793237193621 1.3677021282602584 3.0784861139792983 32 40 46 0.62906453545652286 39 348 58 244
1951 -1.7076694019512488 2.9272629928243896 3.6289234738238383 168 168 170 1.2771313960138537 57 897 55 736 54 511
1952 -1.444671978006639 2.6371231648964208 4.4266540609288159 80 59 63 1.0723610731113571 57 900 55 767 54 428
1953 -1.0680264105965029 1.4093499859062324 3.5237509244461398 104 107 112 0.73192909555964436 39 622 57 772 55 774
1954 -1.5946999904727182 2.6635655762796215 3.4881621312672184 107 107 107 0.79399067946087554 57 401 55 838
1955 -1.0967839836559863 1.5387511466631678 3.7710230474516515 116 116 124 1.4448345035335184 36 633 37 841 39 557 55 875
1956 -1.2627940311377361 2.5245870986267698 4.0970219435400175 115 115 115 0.91222819901990904 57 673 8 658 55 907 9 513
1958 -1.0466044216823622 2.6742206065831771 4.1546931499995434 64 64 63 0.12313772546396731 57 899 55 933
1959 -1.0948289479052946 2.1616120369910452 3.9542683177292997 94 100 102 0.53244020954769278 57 911 55 938 8 925
1960 -1.7405827998180778 2.9275194422560125 3.4950829906860923 164 164 162 1.4127616329094037 57 932 55 946 54 517 55 945
1964 -40.234549013776018 11.186941892620371 -13.766349087282164 128 125 118 1.5211231107898531 39 21 55 25 57 27 54 20
1966 -29.006224216890221 4.4069966020330362 1.4751955173341613 128 128 130 1.9895516633195049 39 36 54 30
1967 -1.3982036278120764 2.6638647592343432 4.4670714360580295 74 36 47 1.7369115433733888 55 54 57 54 54 55 56 56 58 47
1968 -22.764633125378428 5.2106262956728822 2.6100511124689465 35 40 43 0.95809909574941365 55 68 57 70 54 71
1969 -29.903249023267517 5.8959589431552288 0.6597405648191127 164 158 158 0.90387997530992836 39 81 57 86 54 93 55 78
1970 -1.0706649545361533 1.383979920356871 3.5477601953274815 113 115 119 0.7719961791870722 39 138 54 123 56 81 58 59 60 38
1971 -1.1959627344212878 1.9339600627875795 3.2444767917078252 78 78 78 2.4380475171145854 55 166 57 113 54 126
1972 -1.0489874681210196 1.1490947477494404 3.4059406013355455 77 88 94 0.53016927737279651 39 220 55 133 54 160
1973 -1.0825890218769831 1.3298957367770521 3.4600874860803734 110 113 118 0.72607362518110941 39 209 54 201 56 177 58 96 60 143
1974 -1.1552191641412359 1.6582107606761465 3.9708240035383562 144 144 142 0.98889321345717118 39 413 54 229 56 373
1975 -1.2057899556393403 1.9940477521502371 3.7057757626067462 39 42 47 0.66059099718438408 39 232 54 230 56 214 58 228
1976 -1.1872472082928558 2.0978996153726901 3.6764226162498219 32 37 41 0.40400238448044606 39 151 55 375 54 233
1977 -1.1605155807379328 1.7122338373630512 3.9216574384442136 139 139 139 1.1100812217928571 55 376 57 384 54 237
1978 -1.2071859056918484 1.6296884866044683 3.9817009529417371 140 140 140 0.11846306117484155 55 373 57 281 54 239
1979 -1.799278659406816 3.1800394672103676 3.5576535959963231 129 125 126 0.97483077507263427 55 453 57 471 54 267
1980 -1.2038018962823622 1.3336143705602796 3.0766421350537927 79 86 97 0.82655956868067548 39 429 54 296 56 247 58 236 60 250
1981 -1.3407222773661318 1.8392779097385372 2.8563912726574263 153 155 154 0.43212520144969213 57 332 54 307 56 200
1984 -1.2654717452461424 1.8737271012796826 3.1475299325478447 75 50 56 0.68781708385972029 55 634 57 739 54 361
1985 -1.2947645844385363 1.8948380133112299 3.7297603533493167 74 74 76 1.319337511722352 39 408 57 507 54 362
1986 -1.2165676880278764 2.1005676693615372 3.9273114161374822 34 43 42 1.5351470232115043 39 547 54 413 58 521
1987 -1.7624904516216289 3.1086848814854782 3.5672956871960193 130 127 126 0.23268415641914453 55 912 54 567
1988 -1.169207238166905 2.6041615719148026 4.2280711940536539 53 47 46 1.6530407213246427 38 185 35 196 37 237 36 205 39 160 54 135 57 105 55 102 58 88 56 107
1989 -1.1016496407023264 1.3414292046746172 3.4219137973351192 21 23 25 0.97068131929691825 39 296 55 436 57 260 55 233 54 308
1990 -1.2105129226862863 1.6211583732682961 3.882316687176397 53 53 53 1.361809491048241 39 49 56 35 58 22 60 7
1992 -1.1012791351058207 1.3507442855343137 3.3006846702481623 80 83 88 0.50176664987834008 39 109 56 70 58 57
1994 -1.2071928696510574 1.7225687717100284 3.241623514985045 112 111 112 1.421750094567372 39 165 56 87 58 58 60 72
1995 -1.0860197432358105 1.2564977451803718 3.3991580146087461 92 94 93 0.86919059580991131 39 141 56 88 58 65 60 71
1996 -1.0993338590042987 1.2401011015231267 3.3220431416533018 29 36 62 1.2237279076914711 39 98 56 89 58 56 60 65
1997 -1.2246633818701012 1.3321829375821943 3.1173266431768716 26 39 73 1.5551946838792869 39 142 56 92 58 55 60 30
2149 -1.3934064817821354 1.1631580066506508 3.1183291663432855 29 34 58 0.83865053478851515 39 456 58 507 60 366
2150 -1.7497696017940212 1.4134201060766638 2.5464901787589964 49 58 74 0.523101077041914 56 628 60 578
2156 -1.1236585811642525 2.1087898791612933 3.7982849333989237 129 134 129 0.77839249241310215 40 152 38 190 35 161 37 244 36 157 57 139 55 161 54 190 39 163 60 131 56 129 58 122
1872 -1.0350925144985954 2.2304856194856248 3.9181307815882804 109 111 110 1.045035117316349 57 107 55 100 54 74
2413 -1.3156074989243247 1.2189061515852269 2.9406842899093575 132 135 144 1.0948860065801436 6 172 7 179 2 179
1304 -28.688113075901299 -12.915861570503887 35.05544544224864 113 117 120 1.4878747735662818 27 104 28 228 29 131
2157 -1.8080915216493925 1.7070411218883721 2.6454988178385332 123 126 141 0.94682306907961999 56 493 60 581
2414 -1.6511637107682111 1.6611138525329274 2.8852762977289372 136 146 146 0.54287653892394727 6 259 7 177 2 180
1305 -32.916334951873317 -15.575103712624301 35.455579701692763 123 125 136 0.79039600836924251 27 102 28 231 29 169
2207 -1.2841669582765376 2.5059303980246566 4.0100429713165378 119 119 125 2.242199387190444 47 490 46 446 44 630 23 745 21 800 20 750
1923 -1.1731666526884623 1.6717852786809018 3.2444463152769507 167 159 162 0.95978310945695977 57 264 55 408 54 250
2464 -1.2474895801092998 2.6041306944221039 4.0446559622427944 104 107 112 0.26168657443243554 6 580 2 432 1 347
1355 -1.1598562957939773 1.8388592276283682 3.2351041796855977 75 76 71 0.33391666348892618 28 486 31 487 29 608
2211 -1.1168673814925105 0.95451168697228717 3.4072464181262574 81 87 132 1.3878709521513037 27 224 31 72 32 38 33 89 40 127 26 247
2213 -1.9325143013148256 1.3965897033920791 3.0590419024278317 138 137 135 0.79784465763109591 6 1 7 1 2 2
2224 -1.1073677143320719 2.9532824607751431 4.1045180979518525 90 46 56 1.7635038903742379 6 11 7 16 2 25 1 26 5 40 8 59 9 63
1699 -1.1212147178666405 1.4218433977924658 2.9733567219161698 106 107 109 1.012836365603959 34 464 35 423 37 578 36 591 57 547 55 695
2240 -1.4939641464689901 1.0537504031481864 2.9352516304252365 90 94 96 0.39689894111880097 6 40 7 36 2 62 1 156
1714 -1.0905632786960358 1.6927588926842723 3.3212094145608888 30 31 26 0.18983330369966142 35 366 37 654 36 502
2255 -1.2924107770811961 1.7935589141015185 3.4381945684882687 116 117 119 0.45777409575467143 6 80 7 67 2 82 1 70 5 79 8 136
1998 -1.4542272175310931 1.0210858822806546 3.043973440802799 56 56 64 1.5726641897813673 39 234 56 121 60 55
1715 -1.223386096109043 1.844117878886558 3.6882083511582766 116 117 112 0.99643946719830334 35 1155 37 655 36 652
2256 -1.1635265977031786 2.8643598021381012 4.0712230430322398 131 136 139 1.1238656587370195 6 60 7 68 2 74 1 52 5 66 8 144 9 222
1999 -1.0799634101385143 1.3737581729495076 3.4938867188098595 31 30 35 1.3238072737490105 39 178 56 136 58 129 60 142
1719 -1.1767017763602894 1.6873858342847743 3.9568242597530543 135 134 129 0.50042558843191465 35 762 37 666 36 654
2260 -1.2350490687012348 2.6119391334413833 3.980189296068168 46 49 54 1.2176992804138416 6 87 2 75 4 87 7 72 1 95 3 107 5 101
2003 -1.1429410921937073 1.6478280160271679 3.9349454954776948 75 75 75 1.2401469385301012 39 205 56 172 58 123 60 133
1724 -1.1668049188939944 1.8244189919604255 3.2996889604666024 96 97 92 0.7652039957956579 35 777 37 711 36 664 57 591 55 629
2265 -1.3642274550492268 1.6503917417209422 3.423439872520138 91 91 101 0.5706327007181492 6 130 2 123 1 122 5 133 9 201 7 82 8 201
1728 -1.1756155119675809 2.2172446115176601 3.9316772057775116 103 108 105 1.3463140283250803 35 888 37 737 36 953
2269 -1.5664908313090384 1.2847627316296295 3.2571792613760615 40 54 99 0.68137947459185433 6 100 7 91 5 122
2012 -1.0948499621226975 1.3740415619217115 3.6218730512816375 108 109 111 0.32937841732316014 54 431 56 300 58 318 60 236
1731 -1.3606113618814235 1.1057417661922679 2.8959126451568524 77 77 77 0.78811855670246955 35 905 37 770 36 1002 55 729
2272 -1.1715602360421509 2.9413739479005319 4.0605387520200722 81 56 59 1.3355598122053476 6 243 2 151 1 134 5 109 7 97 8 229 9 221
2015 -1.2563800432661767 2.0857138147337992 3.9191836424510638 79 81 80 0.99378751374696228 39 478 56 361 58 410 60 347
1732 -1.1870774842753129 1.6642869264772082 3.2184020467342664 23 24 24 0.49839751951541955 35 803 37 786 36 558
2273 -1.2663063635441716 2.6911282486000632 4.1575955603656807 52 35 38 0.88688273514239369 6 92 7 99 2 108 5 67 8 119 9 118
2016 -1.1657978550728674 2.2425681250995151 3.948626339137443 101 101 101 1.1987894035180502 54 408 56 380 58 216 60 343
2152 -1.6970664569373022 1.3893902251653154 2.6969735232611654 77 93 136 1.103777201316386 58 114 6 115 2 102 1 158 5 130 56 163 60 56 7 62
1868 -1.2001000295602327 1.985223429523413 3.6689795904408129 52 53 57 0.10372689948798192 57 111 55 94 54 110
2409 -1.6997566333816332 1.9961684378833162 2.9842993150900066 122 123 127 1.5592323852891645 7 90 2 168 1 124
1300 -28.07036344679755 -11.932829901334589 31.357978060335594 119 117 118 0.61164283775563044 27 103 28 191 29 132 30 182
1738 -1.0434424606978046 1.3959108079351559 3.5772621948784731 134 136 135 0.56171154024066727 40 700 37 872 36 685
2279 -1.2811599979564365 1.6348171934598057 3.4998578638862372 69 70 75 1.9180204605397484 6 126 7 110 2 148 1 226
2153 -1.48818261348506 1.5483883252774526 2.7909512645512251 143 144 154 1.1313624706515752 54 324 60 206 56 346 58 428 39 292
1739 -1.138262620612293 1.4280905073315242 3.0453489194934198 83 84 86 0.26257113975962637 35 469 37 885 36 529
2280 -1.3076052068462944 1.6886322036919719 3.3876114177400929 112 113 118 1.1430305649816808 6 127 7 111 2 124
2023 -1.0516687580123971 1.3968869806548554 3.5945012880780824 44 53 54 1.3959829597638547 40 699 57 641 54 359 56 220 39 556 56 614 58 322 60 257 60 420
1748 -1.3186442992609426 2.6138938715109101 4.3947730099792039 97 63 67 0.99633063205207451 35 910 37 926 39 485
2289 -1.6203503912915949 1.3075773762166316 3.2996985228469278 102 110 113 0.72321301703035867 6 103 7 134 2 214
2032 -1.1959925808103757 1.6704417220564118 3.0617197427758058 129 131 130 1.5542035562615384 56 41 58 38 60 14
1749 -1.3227067365933685 1.7119140460885569 3.9036067888357322 44 47 39 1.780406162081265 35 834 37 961 36 955
2290 -1.5044337808426995 1.1733813566722646 3.1693331347219296 35 46 81 0.50852584724022709 6 93 7 138 2 217 1 382
2033 -1.4401769672907228 1.112233646249793 2.9108161706372404 145 147 153 0.72915641050522628 56 66 58 45 60 11
1750 -1.1042128754287113 2.1383966092312914 3.7961684117425953 25 36 30 0.1903800811437866 35 693 37 972 36 627
2291 -1.4674847171020935 1.0956310720494677 3.1546935762059811 128 131 136 1.7859692714014872 6 108 7 139 1 150 5 105
1757 -1.2284153388390535 1.2665883104313775 3.126780736070899 11 23 49 0.63651066494666497 35 210 37 219 36 189
2298 -1.3038455001525924 2.0613651843108332 3.6887861583300938 29 30 34 0.30817659169310668 6 186 7 161 2 135 1 146 5 187
2041 -1.3882391472516549 1.0897677974681228 3.0631852184288539 61 68 76 0.18842441395854181 56 95 58 77 60 52
1758 -1.1882958494079108 2.6118230186443432 3.9945862785164126 125 120 117 1.8669936431965224 35 556 37 375 36 269
2299 -1.32184546272083 1.6489709152344401 3.3870225840024459 30 35 44 0.84212174845230237 6 203 7 164 2 247 1 250 5 235 8 337
2042 -1.1512071842458187 1.999903061168641 3.7137649460954449 107 108 110 0.77910870062827309 56 99 58 83 60 42
1759 -1.2700624039072017 1.9328390199953314 3.2133704659495388 55 55 54 0.12477394744157179 35 332 37 325 36 276
2300 -1.302388742996565 1.737482701864596 3.4159716812088563 35 36 41 0.95507591487763654 6 199 7 168 2 127 1 117 5 146 8 153 9 166 4 98 3 143
2043 -1.1901038535110655 2.4030107081659215 4.0490918264557498 58 58 58 0.93111465508464397 56 124 58 85 60 90
2176 -1.8137553547881806 1.4749808532087227 2.5595188857722002 58 67 96 1.0195109946754697 6 267 7 147 2 222 60 150
1762 -2.0226268900114075 2.907109998996904 3.8847679916883386 131 132 121 1.3737751249663337 35 445 37 476 36 343
2303 -1.720210485531414 1.3784790518232046 2.7218570482980984 78 92 141 0.78207270502669279 6 264 7 173 1 388
2046 -1.1559464272351385 1.5616616837823507 3.4366362263412515 102 103 107 1.9787421572296406 56 84 58 92 60 76
1768 -1.6068147200658107 2.5143764216831253 3.5804645405815108 72 73 68 1.0489341203990374 35 531 37 734 36 479
2309 -1.7709953843817225 1.3391018002003068 2.6242017584877395 140 141 144 0.17305463300545204 6 268 7 198
2052 -1.4338161373668452 1.1978952341703968 3.3489019650334106 46 55 80 0.50484758585571565 56 151 58 103 60 103
1769 -1.2453986928163345 1.8496343162600546 3.3729430090312755 27 27 27 0.73680270219647515 35 759 37 828 36 494
2310 -1.3877520598018274 2.5553442735686884 4.114825689068093 112 112 112 0.84285118348231947 6 250 7 200 9 284
2053 -1.5748651146437258 1.2831346454542254 3.3579359737242789 140 138 97 0.63349105468998157 56 116 58 104 60 112
1771 -1.0981402367164588 1.5632727317245336 3.7981767635402668 129 131 126 1.0752877886239851 37 509 36 511 39 280 57 257 54 352 56 217
2312 -1.2532443766746799 2.2606141545289824 3.7785963348058185 109 110 112 0.95141037425500063 6 389 7 204 2 237 1 273
1772 -1.835862317250039 2.9262295877410924 3.7902823022330034 84 59 63 0.57954187065225982 35 534 37 630 36 527
2313 -1.2733039364817107 2.2400306727794259 3.8255005099900576 75 81 81 1.4679580125402332 6 251 7 205 2 238 1 201 8 310 9 292
2056 -1.359002081574139 1.1697461175397192 2.9156241968893428 134 133 141 0.8484391129773966 56 159 58 109 60 53
1773 -1.0983330561616609 1.3522371580899968 3.4728653517622901 25 27 26 0.29174568952976454 37 521 36 534 57 414 55 385
2314 -1.133184183307502 1.6989529930879057 3.7429609669887252 36 37 41 1.2444098367019554 6 249 7 206 8 247 9 135 5 93
2057 -1.4460914189597889 1.2942286138593881 2.8884140140797014 41 53 95 0.57263388342006061 56 158 58 110 60 54
1774 -1.4042286043570207 1.0933615883011321 3.070083828276454 33 45 48 0.8275078635297799 35 349 37 750 36 574
2315 -1.2723815050151226 2.0044025047011922 3.6366047477853853 100 101 105 0.92981130070574058 6 226 7 207 2 289 1 300 5 183
1775 -1.1924115842786132 2.0887378831419259 3.6283371923920207 89 91 90 0.9072959350887978 35 705 37 945 36 607
2316 -1.2622353657323679 2.0562923862199924 3.563537782942733 112 113 118 1.4156669592030768 6 173 7 208 2 116 1 147
1785 -1.5631101594744421 2.4929917506945181 3.5514860035110205 110 111 106 0.63400106974803705 35 694 37 966 36 757
2326 -1.3785541965986829 1.2142647089550185 3.1397886903119625 33 42 75 1.8000645121545744 6 295 7 246 2 361
2069 -1.0750900749105439 2.1512668007225648 3.7515615159084095 42 43 45 0.18889955522010227 56 170 58 157 60 186
1787 -1.2248963129223005 1.2906775224460856 2.9760325753581851 26 29 34 0.75714009482166178 35 944 36 855 57 719
2328 -1.2275184423765557 1.4172780609894593 3.5488960102485225 29 33 42 0.54957658830715317 6 213 7 255 2 310 5 185
2071 -1.740981458913101 1.3808183896813004 2.5938199108025137 87 103 148 0.30033679992305373 56 230 58 168 60 125
1840 -1.2673167287488785 1.9178629019502684 3.7784106932614812 35 33 34 0.4805288500400699 39 313 57 306 55 272 54 242
2381 -1.3241145364620346 1.7335564694904582 3.3384646528924971 158 158 166 0.71681720828918805 6 51 7 46 2 49 1 68 5 52 8 112 9 136
1720 -1.797979409193315 2.180538197350105 3.0979712446191998 138 135 131 0.1817356654725866 35 575 37 670 36 492
2261 -1.33981710403664 2.0465196542906727 3.532331961987246 29 31 43 1.1377716906377304 6 84 7 76 2 52 1 50 5 92 8 137 9 186
2004 -1.1480861290041222 1.2770926699423208 3.4818526850120377 100 104 109 1.9275028338319202 39 265 56 190 58 255
1847 -1.2060163258950296 1.5132928979927063 3.8697311158124363 145 144 140 2.2693522163704274 35 874 39 283 57 505
2388 -1.3885301556213727 1.502206078106274 2.8879668522171 161 163 141 1.0952975002352883 6 96 7 121 2 86
2131 -1.0874418533361199 1.3576830159156419 3.488887523936115 37 36 41 0.20583848422422021 56 607 58 551 60 520
1770 -1.4159616707242777 2.588978000730386 4.446602961803845 129 125 119 1.3236530991853244 37 469 36 509 35 719
2311 -1.5603749781262954 2.9032104740591911 4.2014013039059908 107 109 106 1.0052682674529219 6 395 7 203
2054 -1.3126571915544789 1.2148734202241758 3.0177866390249184 26 38 62 0.63498339398014392 39 191 58 105
2051 -1.1905226828573146 1.2955764220671089 3.167419914459773 54 66 108 1.1952360546711924 56 110 58 99 60 96
1721 -1.4129698102985204 2.2524318993763583 3.3057254835466052 82 83 78 2.2527120819418998 35 1173 37 683 36 1010
2262 -1.2910162126707634 1.8668762047265361 3.4302378033557059 41 43 55 0.80277756353965535 6 81 7 79 2 81 1 107 5 154 8 187 9 176
2005 -1.2107022003408412 2.5754807734610896 4.2638176805423473 104 105 104 0.46245879357383224 39 251 56 209 58 212
1848 -1.334427872646087 1.0662959072002294 3.0429938899343987 69 72 77 0.78944452748810068 39 368 57 528 55 417 58 430 56 266 60 205 40 316
2389 -1.2484530504180233 1.3090649195328581 3.0585930537082784 162 167 172 0.2817487731853312 6 62 7 58 2 88 1 78
2132 -1.1280902945704849 1.3039445923538882 3.5420866971372615 141 140 145 1.9546698356882215 56 602 58 553 60 635
2154 -1.0949692153080339 1.2801721911807706 3.454746212714018 75 79 78 1.1210139597972217 34 260 40 225 60 316 39 297 58 307
1740 -1.1878107846260129 1.337926919038525 3.0610655024602651 68 70 65 1.2975456230034039 38 760 37 891 36 906 55 687
2281 -1.726235151574131 1.3789033991529529 2.820125531459861 43 57 106 0.70831052380814075 6 114 7 114 2 175
2565 -1.4268695971026479 3.2025070893536949 3.6602259361316021 147 146 142 1.8309122473263735 5 14 8 46 9 49
1456 -1.3631937881916378 1.0591371735297024 2.925055091064213 160 162 163 1.2838099827910805 34 132 40 69 38 180
347 -1.2202200422481426 2.6071803217419345 4.0441276127013976 53 53 55 0.88811669122883941 26 244 19 245 25 148 22 261
2024 -1.2687650840588103 1.3390345005825022 3.2158007621202032 40 52 90 0.56207264901706766 56 1 58 1
1867 -1.0278751153912487 1.5500793910063126 3.386139599794824 28 26 37 0.59064424430493079 57 117 55 91 54 117
2408 -1.7469498508005992 2.9462496655897272 3.5209955605455416 152 161 164 0.89032370552353568 6 229 2 163 1 202 5 141
1299 -25.206982451564741 -9.7556205799985989 31.306750369556688 88 88 90 0.64827851338983133 27 166 28 190 29 163
2155 -1.120873293753641 2.1009936996589076 3.8292793861130887 21 42 35 1.7954707775539689 35 532 37 460 36 606 39 308 60 345 38 574 56 377
1871 -1.0794141225536058 2.1637856528773503 3.7337867768256396 55 56 60 0.56346256201767753 57 101 55 98 54 131
2412 -1.4518996738954921 1.1647866050121733 2.996919717257549 66 66 74 1.47076094667758 7 95 2 177 60 122
1717 -1.3306244357017896 1.9250025192964215 3.8093204411814177 119 118 113 0.13199612584398074 35 431 37 660 36 487
2258 -1.3648375070708449 2.7523938285484788 4.2870225989706849 77 44 52 1.5704366120969422 6 88 7 70 2 44 1 94 8 231 9 223
2001 -1.3645297000599121 1.8442668430428082 2.7798691286474444 140 141 135 1.2770528550938247 39 224 56 150 58 101
1844 -1.2356570765752504 1.3199022846905082 3.072102648181553 33 42 73 1.5158726996531418 39 379 57 456 54 294 56 512
2385 -1.7203328977065855 2.0131457151120618 2.9002572968818892 152 156 160 0.50234720768423458 6 63 7 59 2 76 1 59 4 93 3 70
2128 -1.3069468094264742 2.1263381178448824 3.9645294819560761 111 111 113 0.52993310653963899 39 549 58 520 60 436
1746 -1.1655427115369963 1.6610354816680273 3.8354046962804214 129 132 121 0.97886237403634813 35 1161 37 914 36 952
2287 -1.2449542465035293 1.1096126006400455 3.3656066643748273 70 91 148 2.0450972497608984 6 118 7 126 1 80 5 86
2030 -1.2129618661915296 2.1363012234017518 3.8879933028619025 39 66 59 0.38262564195642562 56 36 58 36 60 19
1814 -1.3924681943421926 1.1470907810148592 3.104840062246748 100 108 116 0.54706199481300877 38 652 39 371 60 300
2355 -1.227280410038873 2.0669349836518016 3.758285631005013 80 88 90 0.89854543852818114 6 598 7 377 1 462
2098 -1.9098182024329196 1.4889266750484393 2.6693194463802277 153 154 160 0.82782234121241316 56 231 58 259 60 217
1718 -1.2600879037669175 1.9137177692728939 3.7672685378629973 69 70 64 0.29426128163995935 35 430 37 662 36 612
2259 -1.295419851111453 2.6086597495323498 4.1518358693462556 110 111 113 0.93621973624271637 6 53 7 71 2 56 5 68 8 118 9 144
2002 -1.1946989192443747 2.4310791817472719 4.1608183105786134 81 81 81 0.65562416256858225 39 255 56 169 58 160
1845 -1.1325146871234424 2.530212393629697 4.0811164344840014 38 38 38 0.22063218740153676 39 529 57 475 55 474
2386 -1.6587241710373575 3.1351126499255857 3.6617198528981705 129 127 128 1.6464040351933784 2 77 1 66
2129 -1.2406979931794559 1.5648012954983364 3.8926132709397341 110 114 115 0.95279741425075992 56 418 58 536 60 423
1874 -1.0342161795209321 1.4776959245243793 3.6776080783106249 123 123 123 0.92221282613225886 57 156 55 105 54 127 39 146
2415 -1.3361642573989183 1.359592599473356 2.9301321842312138 171 179 179 0.22832109882973767 6 98 7 148 2 185 1 149
1306 -26.076050271903135 -10.625078151004509 33.07598154514141 124 125 126 0.30308820594769781 27 176 28 247 30 205
1852 -1.2091296314447761 1.8926958118521937 3.6863455109388368 128 130 129 0.59438583791554844 35 712 57 612 55 605
2393 -1.3824737608189039 1.3317348993667151 2.9145322736086037 165 154 129 0.32019047583321675 6 102 2 97 7 92
2136 -1.0813220447306549 2.7338894041820194 4.2292410475629687 82 36 49 0.28555230120072306 58 34 60 23
2159 -1.0692500366555933 1.0419716769887863 3.4608651341233023 55 71 114 1.7902714608048045 60 15 6 30 7 27
1712 -1.1764689544115816 2.4336061154641571 4.0925233764245199 138 137 132 1.2122592830732821 35 558 37 633 36 526 39 393 57 472 55 477 54 421 56 383 58 413 60 341
2253 -1.6971282243845431 1.3263370348758714 2.678549605673779 57 70 117 1.9886310592936922 6 73 7 64 2 105 1 89 5 131
1839 -1.1924767798017764 1.4252650244406095 3.0804966032513805 75 77 76 0.33459989448387722 35 272 57 278 55 251
2380 -1.5229536711979641 1.9813094566451717 3.2369842043984476 124 57 74 0.046694389088197848 6 76 1 63
1812 -1.0815546749241784 1.0145607953721636 3.5162695567264031 154 156 159 1.4298268883881988 38 214 39 227 60 189
2353 -1.4616293944975847 1.213452289231864 3.1138418169858508 24 35 41 0.99306956214634445 6 260 7 373 2 369
2096 -1.2748571560394686 1.1868874513205427 3.1087608494153947 24 38 73 1.4401473796830244 56 445 58 241 60 155
1711 -1.2513337646865426 2.4483941373739602 4.1943938607316591 152 152 144 0.58897448264440766 35 404 36 753
2252 -1.4284465539229718 1.0229169494617476 3.0675646977170481 137 138 140 0.9483042522222741 2 64 1 160 7 61 5 128 6 70
1838 -1.1222750422519878 1.6576621452084903 3.3905247540693808 106 106 108 0.85310185413851869 39 276 57 262 55 283 54 247 58 314 56 446
2379 -1.759208398064958 2.1850433789642079 3.0031757962131902 167 167 167 2.0790751388154169 7 56 1 74 5 82 8 154 9 194 2 45
2122 -1.0013710946930505 0.76523943861220445 2.6797980516765589 65 76 108 1.1080396549970286 56 547 58 419
2233 -1.2771883813381253 2.1263322389759867 3.7428742378253603 97 98 102 0.32036646115336931 6 34 7 25
2614 -1.2923533939707217 2.0812318194445392 3.6976344214570913 113 114 118 1.0015369739540796 6 590 8 637 9 898
1505 -1.2617223735111824 1.6759507993934952 3.2338868103762621 35 32 39 1.3108538666328176 34 412 40 469 38 414
396 -1.879729201889955 2.7529686020275879 3.6114603554899167 122 123 125 0.81273998861902985 19 188 25 77 22 94
2100 -1.5272350039869476 1.0523040876800316 2.951256947380243 105 106 101 0.72188338969589572 56 338 58 266 60 339
1753 -1.1809360974063341 1.8713602702363499 3.5973002206042075 72 73 70 2.7545888243132555 35 120 37 102 34 193 40 104 38 162 36 100
2294 -1.0810673042583336 2.8632961858061421 4.0515290677685787 119 70 81 0.55448734522626042 6 176 7 149 2 225
2037 -1.1907629556234176 1.0789083262415577 3.3375848355272324 75 91 142 1.4289609638304763 56 91 58 67 60 47 7 43 2 71
1880 -1.1631806080910194 2.3043830432291483 3.8238314023529085 35 36 38 0.25484906243676431 57 180 55 122 54 181
2421 -1.3260621592826336 1.47893293711473 2.9142498284550316 167 163 124 0.29433595259713335 6 160 7 124 2 195
1312 -1.2061022056573334 2.7516573495672318 4.4730664370986082 142 133 134 1.6973649320403446 31 174 28 309 29 196 30 201
2616 -1.701295397721875 2.231365018139825 2.8402582201149036 160 163 163 1.7100115353513941 6 214 7 125 2 143 1 166 5 111 8 344 9 219 6 551 2 424 9 483 4 289 7 481
1507 -1.275397562031684 1.3104716176144553 2.9333262951222925 122 123 127 1.2267162174935355 31 464 40 592 38 553
398 -1.1827842198785996 2.2915844308804081 3.778563470897947 46 48 47 1.3076452713452724 19 117 26 95 25 81
1818 -1.3051936109121318 1.1991559150420767 3.0643526980727782 60 70 105 0.97604617350654788 38 550 39 592 56 474
2359 -1.2955228755832608 2.0698324488834547 3.6708164778809387 44 45 49 1.0606226126877665 6 480 7 469 2 426
2102 -1.2248725850997713 1.5536957986084121 3.8464383923071837 108 110 109 0.52389416708823211 56 304 58 282 60 421
1821 -36.076794724704804 5.2886175991580533 -4.0438497225811645 62 66 78 0.85089129726873802 39 3 57 4 54 3
2362 -1.3098707931904543 1.8652004887156219 3.470046035581094 105 108 115 0.7739150827045842 6 537 7 768 1 315
2105 -1.0858983114004925 2.1296826833129527 3.7340196565879222 120 121 123 0.75241172024261183 56 457 58 294 60 439
1938 -1.2207560595173494 1.2000032098020375 3.0711283161674672 60 72 112 0.37932754296929216 57 519 55 585 54 404
2479 -1.5983736677695328 2.3222863497288526 3.3469475272503169 95 98 103 0.79376144848236663 6 58 7 69 1 69
1879 -1.7187972468075721 2.847049975384643 3.6788482314401056 96 96 98 0.35129997277717823 57 128 55 121 54 139
2420 -1.3656360777263641 1.5537132294039082 2.9111732095913743 135 122 131 1.3212616561814523 7 187 2 194 6 343
1311 -1.5340601304016268 1.5772124737421127 2.8242728956216232 45 54 64 1.5291044883545557 31 398 28 303 29 553 30 635
1817 -1.1546190010203661 2.6383112277247829 4.2276229884807339 83 56 63 1.4166340146265748 35 1093 39 569 57 659 55 906
2358 -1.3461432855771835 2.0939561741807813 3.5577736878261135 40 43 53 1.4524743866864931 6 513 7 463 2 460
2361 -1.3051523310401869 1.7087862650149523 3.4416841898385822 91 92 97 0.89046227393764243 6 444 7 607 2 443 1 488 9 481 8 343 4 540 3 454
2104 -1.1534454277954493 1.6817696848623822 3.8742577263085307 84 85 87 1.4147266992017338 56 291 58 289 60 351
1850 -1.2295741671653575 2.0454700017453775 3.8693469530296705 87 91 94 1.0733566564273227 39 531 57 576 55 982 56 374 58 519
2391 -1.4587414375916219 1.8428224917437728 3.1459157695536923 85 88 93 0.44574467799813844 6 136 7 86 2 91
2134 -1.6799264812436117 1.3500505572001733 2.7746540374950621 61 76 120 1.1463735879342243 56 60 58 53 60 29
1791 -1.2697794834148985 2.0866223680423817 3.6410392857457912 88 90 88 1.297489070899148 35 1185 37 946 36 923
2332 -1.1324947144782018 1.1769433978029209 3.1933073943079209 12 21 36 0.98295010529291649 6 137 7 266 2 186
1754 -1.1877844063184129 2.2335659962475911 3.7341967973362666 41 46 49 1.1366165485960615 35 39 36 47
2295 -1.4175567644945204 2.6133774021020635 4.1905579904033532 74 77 78 0.8491438944137355 6 316 7 154 2 159 1 286
2038 -1.0920136771693985 1.0309781323964664 3.3224747285285758 35 52 95 0.22456188245264505 56 137 58 70 60 44
1881 -1.195476053899506 1.4526732488012917 3.0908457106591563 78 83 81 0.98814008063209513 57 114 55 134 54 159 39 225
2422 -1.602336520697679 2.0224443276578365 2.9664604078615087 166 166 170 1.0977204854964484 6 350 7 270 1 175
1313 -1.2062904934244774 1.5650271958700746 3.4697534213664931 48 52 49 0.56648825251963841 31 150 28 360 29 261 32 139
2236 -1.6459455766466662 1.2647836786545299 3.2474523000922995 119 123 128 0.93448501318614596 6 28 7 30 2 42
1822 -35.950035954476775 0.15264417488211693 -2.8393124828903966 129 127 132 0.40664166737273721 39 7 55 5
2363 -1.7365465718160298 3.0950395284796652 3.9470958763183517 113 113 111 0.24757501229487133 7 5 5 24
2106 -1.0934521477490764 2.1393923491743969 3.8064950022041861 32 41 40 0.54744868588706053 39 307 56 287 58 295
2210 -1.7206392741168883 2.7007747962904038 3.4900494317930937 60 62 67 1.4392333533694226 48 132 47 162 45 177 46 206 44 301 49 106 50 113 51 134 53 82 23 219 21 315 20 231 26 196 19 145 25 89 22 96 24 95 14 246 15 186 12 189 11 137 13 112 18 83 17 58 16 66 10 168 52 66
1805 -32.307228552206958 -0.9429533893576616 1.7742276868903701 79 119 105 0.75290101519275388 36 93 37 128 39 91 57 99
2346 -1.2559934586156987 2.0145996559197115 3.6123012055781238 34 35 39 1.3909416141319635 6 427 7 342 2 420 1 343
2089 -1.146168084902226 2.2573316422704259 4.0174585710151609 114 114 114 1.3133168276845149 56 275 58 215 60 342
1854 -1.0518509242983802 1.4148336658939134 3.6088342087563876 29 44 39 1.1997256841192072 35 985 57 730 55 642
2395 -1.4150582681900026 1.8671330537026678 3.1512649553533953 159 166 169 0.41054146577305373 6 156 7 171 2 107 1 205
2138 -1.2710645779874636 1.0809858159865466 3.3225016236407017 27 39 81 1.0570454137015082 58 73 60 49 6 44 7 40 2 57 1 83
2209 -1.6458104409550347 2.5517138261406846 3.3527838330225412 117 120 124 1.6802872652319121 47 55 45 51 46 70 23 138 21 152 20 137 26 159 25 76 22 93 24 94
1795 -1.1377887006916163 2.4691789862596742 4.0788845395780085 127 129 128 0.67747441660373675 36 974 39 601
2336 -1.1262104130054975 1.7370908945522372 3.6904581915699612 84 88 91 0.57390488640143278 6 419 7 282 2 322 1 496 9 366 8 405
2079 -1.3934730097863455 1.287328867260356 2.9325985257864939 32 41 84 0.94335578435823464 56 157 58 179 60 115
1756 -1.2267518598271838 2.1274407076923003 3.4923721865375916 80 81 75 0.78579482282047375 35 154 37 245 36 155
2297 -1.2352784392509428 2.21066879286805 3.7829927226200968 49 50 52 1.1084331474561628 6 252 7 158 2 224 1 272 8 316 9 360
2040 -1.1762817079535171 1.301863684404875 3.0302205465225476 99 103 103 0.13341734234078434 56 69 60 35
1883 -1.618278922135344 1.8965430925287208 2.9562884845716195 31 33 37 0.79604717026529792 57 187 55 143 54 202
2424 -1.6855576502769321 2.114967323520295 2.9604071922610764 80 81 86 0.84115306733786754 6 278 2 199 1 245 4 285
1315 -1.5123995862270974 2.0942248607667073 3.2885611095578184 90 90 92 1.6050157909923848 31 367 28 385 29 485 30 345
2238 -0.97277414035640675 2.9225443286633235 4.1369634889698199 105 104 102 0.34881290105129681 1 49 5 33
1824 -32.646347594488482 3.6148399950520873 -0.067746400214048569 110 86 102 0.47123941027354094 39 38 57 33 55 28 54 27
2365 -1.3197160268360453 1.3933771054527073 3.241911312507785 58 68 102 2.8387104311165503 6 0 2 0 7 0 1 1 5 2
2169 -1.114856497766884 1.013262785805281 3.4819049602066396 102 121 177 1.0445335292836442 6 135 7 85 60 84
1882 -1.1474337102850947 2.6080026825881388 4.1382020284415129 118 118 116 0.49954862307109976 57 130 55 135 54 134
2423 -0.95244727080132097 0.99421894780765407 3.3763656900407053 69 77 113 2.1811862687662944 7 81 60 145 6 174
1314 -1.6274317146818966 1.6453785724041963 2.8198743749513873 91 92 97 0.8303385015024114 31 223 28 366 29 333
2237 -1.1393125172845826 1.7904693905215658 3.6762016585638277 49 50 55 1.4286729616674692 6 55 2 80 1 104 5 144 8 185 9 187
1823 -33.6795461702593 -1.2639840009096448 -1.9267048474350028 142 140 145 1.1160447804575713 39 26 57 24 55 27
2364 -1.2583067063886706 2.6059356506850451 4.073029946667039 72 73 75 0.48909527276546044 6 616 7 375 2 300 1 287 5 178
2107 -1.1989328549702136 2.6737111569463936 4.0355740415505554 85 84 85 0.96836207158530196 56 279 58 298 60 221
1836 -1.2044275918871177 2.5521404557400356 4.2324531283833462 55 55 57 1.4528001706635612 39 304 57 223 56 386
2377 -1.346002557828712 1.2980300307979473 3.006904426087909 72 84 128 1.4047531488980924 6 23 2 35 1 43 5 47
2120 -1.1962448668953687 1.7357435210218273 3.4595514695575362 95 94 99 0.43114284647223289 39 356 56 429 58 395
1835 -1.7676189899005315 3.1644730195178776 3.608997487845091 82 43 52 0.86021931809971053 39 145 57 176 55 165 54 177
2376 -1.3482456130481772 1.1303002462947986 2.9067672451135893 174 174 178 0.91823880266562874 2 34 1 41 6 17 7 17 5 51
2119 -1.122215538655462 1.3261065652620361 3.5232609091712548 113 114 118 1.2286788570703986 56 398 58 388 60 314
2115 -1.1766655811612712 1.5030973245323274 3.7913963416320708 120 121 121 0.86734876384398685 56 412 58 371 60 354
1834 -1.078566991323141 1.2686014769758913 3.3449675298314854 26 26 61 1.0238587035919109 39 219 57 163 55 146 54 161
2375 -1.2463316163822014 1.4167910819221545 3.0412131049111135 48 75 95 1.3074930368784079 6 21 7 20 2 31 5 32 1 35
2118 -1.0959262741377347 1.3448486470801231 3.4465325206958601 109 114 118 0.34067861867496818 56 396 58 386 60 460
1706 -1.4792068535247029 2.3772566350192452 3.44918027819392 71 72 67 0.3119565594990627 35 824 37 610 36 598
2247 -1.3684378531086014 1.6374592436715523 3.472920377861239 28 31 38 0.93141331122583471 6 78 7 55 2 150 1 178 5 147 9 198 8 200
1833 -1.2323447366580982 1.6317437604408942 3.4193689463633286 122 121 126 1.0872404492271426 39 185 57 153 55 169 54 136 56 188
2374 -1.6843736557499589 3.2507526528053217 3.4888603371156308 139 66 85 1.2674779845159319 6 18 7 21 2 30 1 30 5 39 8 68 9 85 4 35 3 35
2117 -1.1325556145931368 1.4141453885388968 3.4317215145098823 92 92 100 0.36385207810128312 56 433 58 385 60 239
1705 -1.6335588250079263 2.5174030731586776 3.6053816459010695 135 136 128 0.39559256129657117 35 893 37 604 36 477
2246 -1.178769884615916 1.6075932139525018 3.6020109572878054 41 44 51 0.51198335893513403 6 83 7 53 5 152 1 108 8 227 9 195
2373 -1.7210610995135422 3.0428342673995652 3.4804548544290506 160 164 167 0.84567223287280258 6 19 7 22 2 29 1 29 5 37 4 39 3 37
2116 -1.1784759527442077 1.5141723387393735 3.8149668009991222 46 47 49 0.51168664092087768 56 308 58 374 60 356
1957 -1.2166195527616601 1.9007891852952363 3.6707008468799072 64 64 66 0.5737472989006438 57 610 55 921 54 478
2498 -1.2657769190352752 2.4178189270884243 3.8602263751040065 37 41 43 0.47887172262187033 1 204 5 179 2 299
1389 -1.092942365145203 1.4346000182172529 3.4985221612508397 58 63 69 1.3799837675299516 31 27 32 29 33 35 34 88 40 49
1830 -32.96386401669529 2.6589569575622147 -0.50256650341378128 147 145 148 2.1083639213560028 39 126 57 95 54 61
2371 -1.5996480128233781 1.6030529620904721 2.8025705133707883 171 169 170 2.2169187848966914 7 18 2 26 6 29 1 24 5 58
2114 -1.2014981588221532 1.661420646026097 3.8947714145454881 48 49 51 0.26186695068223459 56 586 58 364
1829 -30.974785623547586 6.1572797945030242 -0.44881228149830743 100 90 88 0.23017184574850283 39 85 57 90 54 67
2370 -1.3443006832347011 2.8405928040605843 4.2639401859710322 116 65 76 1.4333813876386092 2 21 1 28 5 21 8 23 9 19
2113 -1.3310063339036318 1.4325546610305049 3.0379549856747818 95 102 118 0.18720502394381894 56 317 58 362
2623 -1.3437239698936738 1.7426365337239056 3.2384418987521366 45 43 55 1.2926866485010737 1 483 6 357 4 635
1514 -21.842704654548911 6.0577440410694399 4.9647983115701475 15 19 20 1.0460725602015168 34 48 39 68
405 -1.5377033213833007 2.4956461977356654 3.3884851323987886 33 34 36 1.3386099816414954 19 205 25 119 22 178
2109 -1.0896476397634667 1.3287366544135975 3.4198160008890111 42 42 50 0.472972433081495 56 395 58 308 60 185
1828 -31.104251944715479 5.7715820039010328 0.23094007757621435 77 76 73 0.45202688627122944 39 108 57 89 55 77 54 95
2369 -1.8032609658738485 3.0825165594194388 3.6817460444873817 103 66 78 1.7204725787974087 6 15 7 12 2 20 1 18 5 22 8 28 9 28
2112 -1.225902346150147 1.1531333434947191 3.1081731632818128 51 66 100 0.4349006277047649 56 319 58 358 60 197
1827 -22.567729477044942 5.5721079605553605 3.0153007918129036 69 69 69 0.84497835523720455 39 93 57 80 55 69 54 82
2368 -1.6971220994916194 2.5554829552844729 3.4633654992526943 111 112 114 2.1653458081578236 6 20 2 19 1 17
2111 -1.1633692866152865 1.5961078399843931 3.109351104828646 142 123 127 0.52690802132460068 56 328 58 344
2232 -1.2696263021849168 2.1502914407179974 3.8359994686298013 29 62 55 1.8624001543872468 6 35 7 24 2 28 1 20
2231 -1.6049517137913338 3.3013679780579301 3.5492983147462258 118 117 115 1.926113807166935 6 36 7 23 2 37 1 33 5 41 8 90
1807 -22.213377185575872 5.6700515725744856 4.0556412029278821 26 30 33 0.17326014979189253 39 114 54 85
2348 -1.3006395967201514 1.5514037668447291 3.4953001773189665 94 97 104 0.85306152051819351 6 445 7 354
2091 -1.2028346082940276 1.8879470005926711 3.1701645367726838 149 139 142 1.9711495785802757 56 198 58 219 60 78
2220 -1.2165994208939499 2.804486975331792 4.0695137175302243 118 119 121 0.81294830146238284 6 16 7 10 2 22 1 27 5 31
1806 -32.06061272948584 1.4271563266168614 2.9934239218586396 99 97 108 0.7442369248247751 37 123 39 110 35 106 57 94
2347 -1.2000043769569952 1.4476309857064713 3.6227363726318327 108 118 119 0.85991002477405643 6 198 7 348 2 314 1 484 5 236 8 451 9 535
2090 -1.274708374326406 2.0684353228487518 3.9213015655731045 46 46 46 0.44722628773459533 56 249 58 218 60 229
2218 -1.5257256003632089 2.5783983179884706 4.230649511942028 123 124 119 1.7752474286586857 6 9 7 7 2 4
1804 -31.503067081777367 4.8096738346945163 1.7383772409312384 121 120 116 1.7733040962370084 37 114 39 84 54 94
2345 -1.1270628868634505 1.7095333373042587 3.6876576313971436 29 30 32 0.92370003822022961 6 286 7 341 2 323 5 192
2629 -1.6320991092476345 1.712915130744034 2.928002983936361 97 98 112 2.9671408465900528 32 81 41 85
1520 -1.291712833385664 2.5946565417869629 4.3294179414692966 144 143 141 1.064133703958102 34 143 38 120 35 111 37 134 36 140
411 -1.3872422447085302 1.7317000827689761 3.1235512923264501 25 28 33 0.30602384526229071 26 173 25 133 22 81
2088 -1.2520169193763433 1.2767061986175476 3.0022321692488356 47 57 79 0.58727359711607197 56 153 58 208 60 198
2215 -1.3692181161023471 3.2041423088180321 3.6321755400919988 123 122 120 1.1621975484010272 6 6 7 4 2 6 1 6
2055 -1.4210099550253463 1.4235128829421102 2.8608868402070531 66 75 114 0.27051621572181245 56 156 58 107 60 101
2596 -1.2588885851298628 2.0646720369064098 3.5442128510397102 143 145 147 0.099134312293305285 5 95 8 183 9 185
1487 -1.2343549938974656 2.2125742875587378 3.6245602998683668 100 101 96 1.5478286358272417 34 293 40 200 38 395 36 391 37 609
378 -1.0025860444114496 1.251807106668934 3.3708467276810778 139 139 141 1.5311417059369703 26 44 25 16 22 4
1801 -33.737952243874865 3.9883106646569635 0.81448016157266778 161 156 162 1.4223788513978839 35 68 36 84 37 89 39 64 57 65 55 63 54 45
2342 -1.3972160845753505 1.1978853589399903 3.1025937483732311 96 104 112 0.10785823961859857 6 302 7 333 2 375
2085 -1.3933177118898479 1.2981094493301648 2.8987512537092432 65 77 127 0.62957972663339101 56 267 58 202 60 116
2214 -1.4131864713425195 1.2022252701428047 3.1919623743721712 23 37 70 1.4322582457476871 6 3 7 3 2 14 1 11
1800 -33.558265399371699 -0.93175583610262225 -0.77701447521855194 79 82 86 1.7271656237492097 36 61 37 103 39 58 55 53
2341 -1.4942499197121977 1.1122975702392592 2.9141693353411884 95 95 95 0.75746771558269066 6 290 7 318 2 276
2084 -1.6003273933401549 1.2681509847527928 3.2317549456419097 65 65 93 0.69568863016741833 56 263 58 200 60 151
2208 -1.7374926431141691 1.6697578148839143 2.8284697543682884 130 132 128 1.1569839862340099 26 33 25 13 27 39 19 24
1794 -1.2417733937147981 1.5963540633185602 3.978424037907653 67 69 66 1.4434318753329833 37 938 36 972 55 180 57 199 54 240 39 318 56 305 58 379
2335 -1.2707655012205596 2.2067805226049209 3.7708527608416911 107 108 110 0.98312122392614132 6 320 7 279 2 294
2078 -1.3468982395564486 1.105460027931064 3.0688664871293683 41 47 60 0.99526511221922587 56 239 58 178 60 166
1790 -1.1770404875051856 1.3700551498259859 3.0341003944624378 38 42 45 0.59612234891562532 35 480 36 910 57 546 55 691
2331 -1.4426629354737508 1.1982327452930304 3.1255999445864986 94 100 116 0.88772354764201633 6 297 7 262 1 376
2615 -1.3038857269192801 2.3211520837866009 3.9325479350202941 108 114 113 0.98122574756524639 2 287 1 141 8 254 9 181 6 181 7 103
1506 -1.1176903516522705 1.3384951816339286 3.3904463557138294 109 110 115 0.75528553518506847 34 409 40 523 38 448 31 451
397 -1.6793170971337947 2.8509830147739295 3.4896116317436627 49 48 53 0.79530907152884223 26 195 25 79 22 100 24 98 27 198
2074 -1.3480692051522125 1.0792449069345602 2.9382466731540262 126 130 133 0.59819173115191293 56 235 58 172 60 119
2147 -1.2755929674382505 1.0704899720422176 3.2543371648650528 76 90 125 0.51543302801455992 58 359 60 306 7 777
2146 -1.2268110303872577 1.3537025031585124 2.9227497925608601 137 138 142 0.29035173620694948 58 503 60 302
2145 -1.3356822296118158 1.1044536069568835 2.9345263657945142 50 56 60 0.075669209608827503 40 270 56 488 60 272
2144 -1.8757992098194245 1.4736585317322257 2.6226207128159835 67 73 112 0.2336740184914089 58 258 60 219
2143 -1.1626865315648292 1.3761345085201255 3.017491762872333 89 93 94 0.99560206921826533 56 202 58 235 60 195
2141 -1.8175074045230826 1.4154499241579743 2.5845212145807017 72 82 128 1.267894888407765 58 167 60 126 6 116 7 116 2 172 1 194
2140 -1.4595818039663702 1.31251348219077 2.8456377447547756 55 69 104 2.1550572317623877 56 233 58 181 60 106
2139 -1.344320328262395 2.5552043168263743 4.3602778228938064 117 118 116 1.38348189698173 56 103 60 91
2137 -1.147441799067664 1.2031240875364588 3.2176346709854209 35 49 84 0.062400621820072791 58 116 60 46
2133 -1.228536847246263 1.824978459100431 3.1815909211609021 87 40 50 0.9362185788646783 39 139 56 72 58 42 57 154 55 111 54 114 60 28
2130 -1.0997447483644023 1.3665288418677 3.5153814391808291 17 17 19 0.10692046057203852 56 402 58 550 60 313
2127 -1.2745265467104223 2.0046868984842954 3.8158228687446867 80 80 82 0.7099469297325095 39 550 58 517 60 602
2126 -1.3781432044283695 1.8327493594938862 2.8563717060391012 140 139 141 1.0472714660831592 56 313 58 458 60 334
2125 -1.1454002692988554 1.4153565239873556 2.9862452551062448 110 114 117 1.9631071393840325 56 312 58 450 60 534
2121 -1.8533095799859813 1.5099499530242297 2.5532613964359481 59 65 93 1.2238468079240932 56 166 58 398 60 218
2103 -1.2326510819136607 1.8893428841594142 3.7425738118436094 105 106 108 0.88399854303363612 56 207 58 287 60 551 38 728
2097 -1.2311143126067816 1.6584684785906996 3.2667452431592645 123 124 133 0.4145760623285743 56 297 58 254 60 242
2095 -1.1986491559656922 1.3444209196734682 3.0965551310713222 39 45 60 0.35866631223257744 56 245 58 233 60 248
2094 -1.0690662844073209 1.3985754731065871 3.5217465891093451 111 112 115 0.26426813688321354 56 222 58 232 60 183
2093 -1.6502789418030772 3.086119075933877 3.5959107023497419 127 116 120 0.83301515816471416 56 171 58 229 60 137
2092 -1.0798582560183165 1.4693633838972904 3.525559858303815 38 39 41 0.65145481595288068 56 299 58 223 60 140
2087 -1.1883815477052142 1.8259319837233585 3.2279803034978736 113 99 106 0.33134625258231593 56 223 58 207 60 144
2086 -1.3794416949359545 1.1374645908181771 2.9117553344499001 62 65 74 0.20441467495845969 56 272 58 204 60 147
2083 -1.2581120463164439 1.3529517591703049 2.9465552008089277 151 153 158 0.28297053680522616 56 252 58 196 60 154
2081 -1.545719962706366 1.493070378707918 2.808555846841378 58 70 111 0.88062040857046797 56 271 58 182 60 121
2080 -1.509072595794674 1.5300871108823135 2.7820896667885733 47 51 80 1.0683538559969614 56 237 58 180 60 208
2077 -1.3008884835031009 1.3033993654872331 2.9252307130668553 148 153 173 0.22909042693652262 56 154 58 177 60 111
2076 -1.5007940407160216 1.4729667248374476 2.7523168234025763 147 149 148 0.38783243516912386 56 142 58 174 60 170
2072 -1.6773752475184316 1.2980601355417027 2.8131653724805599 151 150 155 1.3570192568556128 56 274 58 170 60 173 7 196 1 191 5 134
2070 -1.3440205114535693 1.3352180618396927 2.9665191117491574 46 59 94 1.2798867289870945 56 243 58 162 60 160 58 278
2068 -1.6825612201605409 3.0582701926604878 3.5993948802361011 70 54 60 0.45306181142289015 56 174 58 155 60 139
2067 -1.6766238139664311 2.9680830457858116 3.5381363541925976 123 122 122 1.0106725059447592 56 126 58 151 60 182
2066 -1.2691822720665693 1.1234163472539296 3.1631241570772985 56 74 112 1.8031465237853179 56 216 58 146 60 107
2065 -1.2859503608493801 1.6597443913144059 3.1272701316667861 32 32 40 1.0058463636220996 56 145 58 142 60 247
2064 -1.3102196326639013 2.205211902895071 3.3135711769231824 76 76 78 1.0719944099034715 56 183 58 135 60 75
2063 -1.6064736645523703 2.8896606866516379 3.6334134800106201 129 120 123 0.60218036168359135 56 128 58 133 60 138
2061 -1.1301614860922495 2.2578190596366787 3.9250720172401374 107 111 110 0.41937314239971474 56 131 58 121 60 89
2060 -1.1289642102498794 1.4185791965937278 3.0064066049644143 48 51 56 0.70534233942180491 56 109 58 115 60 45
2050 -1.1777150803157519 1.0178654945829295 3.4187140356863712 61 67 103 1.2440638058683917 56 148 58 98 6 48 7 44 2 87 1 151 60 41
2049 -1.1522086225542378 1.2551105752920013 3.1963031013107428 23 36 68 0.30508994398824235 56 189 58 97 60 82
2047 -1.1029836579296417 1.518390035827534 3.2836357737584518 34 37 44 1.7668851706876103 56 141 58 93 60 36
2045 -1.2598804035600064 1.568935507575665 3.8357306941041625 68 68 68 0.17530800877353148 56 127 58 91 60 69
2044 -1.1488442507675349 2.490530133477852 4.1605665117255102 114 112 113 0.65081792812043682 56 106 58 87 60 93
2039 -1.1501889409942954 2.0428779527167902 3.658873852401253 41 42 46 0.16149839693376522 56 98 58 71
2036 -1.5270734699488713 1.2411007380594026 3.2947006962660836 51 64 99 0.45065250617483671 56 94 58 66 60 51
2035 -1.0843948995273676 1.5021151696479469 3.5929226727233869 106 110 113 1.9460518475362989 56 80 58 60 60 39
2031 -1.5767213856886197 3.1586266905777496 3.6696242633937053 128 130 125 1.3852234871273092 39 106 58 37 60 17
2029 -1.5236030816429513 1.5148899365381638 2.7165258254238394 146 145 143 1.498651824845971 56 52 58 27 60 12
2028 -1.2826939338039858 1.4289972466251315 2.963555591708154 102 106 107 0.37897540988834444 56 32 58 26 60 6
2027 -1.2920577970944205 2.5128975070226747 4.2756933161430126 112 112 112 1.5597561408074465 56 38 58 23 60 20
2026 -1.1261705090880041 1.0820921223693625 3.4354460128891611 36 54 92 0.84495566222043195 56 33 58 20 2 12 1 13
2021 -1.4702973720743562 1.5672584609664217 2.8044393181843943 98 101 92 1.0403990013465665 39 461 56 567 60 417
2020 -1.2873557969814611 1.326535301263726 3.0367544636507495 64 78 118 1.0625938577389273 39 515 56 517 58 360 60 290
2019 -1.3717332763347472 1.1687320694350418 3.1676291378058288 28 39 69 0.56732608719034239 39 509 56 475 58 352 60 291
2018 -1.0843220216573688 1.4709325606132571 3.6671908586535591 33 45 42 0.35137850116645303 39 446 56 422 60 362
2017 -1.093366370928408 1.3436922020939222 3.4961474280604778 107 106 111 0.14862789786410235 39 353 56 399 58 391 60 462
2013 -1.2310112396186594 1.2876263059046678 2.9802327922146841 94 94 94 1.2504741913849684 54 405 56 320 58 239 60 164
2011 -1.1044528900867283 1.2893913058457784 3.2868425701197785 29 38 67 1.993197651515739 39 434 56 284 58 454 60 307
2010 -1.3087931684856451 2.4568312129634835 4.1785643363578604 50 52 49 0.62979418005388932 39 477 56 283 58 296 60 213
2009 -1.4347977992660557 1.1145878438049441 3.1070255090177423 113 114 118 1.0455607435582306 39 454 56 268 58 271 60 169
2007 -1.7775050585071901 1.3840582568422437 2.5374502772510912 145 148 140 1.0551723370380126 56 227 58 455 60 220 39 300
2006 -1.2797666955726623 1.3674698930036664 2.9199627506716825 144 144 148 0.3223766486731055 54 479 56 224 58 175
2000 -1.3426403425414632 1.8490104701401153 2.8209878033201714 79 84 80 0.53599725891780725 39 186 54 204 56 149 58 100 60 104
1697 -1.1355067168352133 1.4645172754948264 3.0003318605776492 73 73 71 0.5705792918839746 35 608 37 576 36 546
1696 -1.0462722401136582 1.4577226980610507 3.6444070940765401 13 39 30 1.1629974356323145 35 755 37 531 36 554 57 408 55 394
1695 -1.0931562621498092 1.2887637779594889 3.4540182746923476 52 52 50 0.8007414015325961 35 371 37 528 36 428
1694 -1.1782332962694004 1.8508075723351505 3.3156421509005267 106 107 102 0.63366566692752901 35 580 37 511 36 495
1693 -1.2115502148892223 1.2771405352986489 3.0676149758553164 64 78 117 0.99030598407069048 35 389 37 508 55 579
1692 -1.4978566726924081 2.3127895096658651 3.3051581748634802 96 97 92 1.2803611550566003 35 710 38 294 37 503 36 608
1691 -1.6263744263146855 2.2247431377148184 3.2944018841454707 137 138 133 0.84270576124951335 38 347 37 501 36 313
1690 -1.2283450046630435 1.7413026717053559 3.9143903763234014 139 140 132 2.1464005374303059 35 837 37 495 36 308
1689 -1.1757218197808743 1.6792330508086166 3.4432531911885706 102 103 97 0.69317568075728087 35 565 37 488 36 327
1688 -1.2212942021109563 1.7659518586980767 3.2046535621623931 63 23 31 0.37998015859267348 35 552 37 486 36 314
579 -2.0130430552133265 2.9320338137321027 3.8567456921680772 102 68 74 0.52311319539005041 15 488 12 414 14 615
1687 -1.1574632992214922 2.1022974960411296 3.6691764607767516 109 112 105 2.0780451198960335 35 700 37 484 36 602
1686 -1.7055292067995642 2.7288605672974353 3.6804168878678567 86 85 81 0.32277952730564002 35 315 37 482 36 368
1685 -1.7987220050518462 2.9349245990334296 3.7415351947381721 37 35 30 0.77458274426864626 35 397 37 474 36 265
1684 -1.6851564185548473 3.0671964994205285 3.5540074977917646 124 117 111 0.59137241538369922 35 405 37 473 36 339
575 -1.4696630655110936 2.6100058583211934 4.5634344046142363 139 139 137 1.6058967356711522 14 297 12 334 15 255
1683 -1.658678915336512 3.0090290946580245 3.6957543242823765 67 44 46 1.5097735253811362 35 406 37 470 36 340
574 -1.1702722428327448 2.7668616682182687 4.1892491214437326 117 110 111 0.68060216729215417 14 325 12 331 15 397
1682 -1.1758061100784014 2.7420010297001345 4.1645221605581382 36 37 32 1.0217394790289578 35 549 37 466 36 345
573 -1.1136802281983547 2.7707350983149515 4.2215184978285842 79 61 67 0.53646259473062452 14 324 15 348 12 282
1680 -1.1958014736815177 1.4079322217575092 3.1139231177240885 51 58 65 0.7826995529510492 35 377 37 458 36 460 55 328
1679 -1.1187664757244891 1.2269626772667026 3.435569788389718 42 42 50 0.33411128624053527 35 271 37 457 36 438
570 -1.0666391350248874 2.8269953158096093 4.2855759638368935 136 129 129 0.55669652680560289 14 383 15 395 12 270 11 262
1678 -1.3025936731054049 1.1753672492148981 2.9940854819678546 79 79 81 0.60865605641087506 35 350 37 413 57 445
569 -1.8165250250827611 1.9600501761056137 2.9472855302299066 127 127 134 1.2826133685631358 14 319 12 247 15 335 11 186 13 159 18 79 17 77 16 70
1677 -1.3364835543441738 1.1655422705688863 3.0707915466485249 81 89 91 0.19066030602800169 35 232 37 409 36 375
1676 -1.2307675905861994 1.4168423711926283 3.2218363625660453 19 22 34 1.5984180434706701 35 214 37 398 36 237
1675 -1.2891121642004917 1.1294146281123503 3.0187669552092911 83 91 94 0.51763040711102049 35 299 37 397 36 380
1674 -1.642111380036378 2.8354551109050807 3.5853740039971869 97 96 94 0.92231458135162836 35 446 37 379 36 369 39 470
565 -1.7903319302694434 2.0413757529529413 2.9872832950519213 48 49 54 0.72952860424209831 14 255 12 237 11 173 13 155 18 121 17 78 16 69
1673 -1.7918302281710268 2.1580404425535811 3.1505114684343862 141 138 130 0.82105636056072773 35 779 38 540 37 373 36 741
564 -1.2935351042771617 2.221294574751802 3.3221150679406959 84 84 82 0.79051681179153388 14 308 15 303 12 236 11 134 13 120 18 77 17 74 16 74
1672 -1.2873756119396174 1.9611916026701945 3.8139680034216608 120 121 117 0.3785533101765462 35 325 37 368 36 355
563 -1.8132703876030221 2.7308941493067209 3.5605826943275178 133 134 136 0.84461614990032319 14 295 12 232 15 297
1671 -1.516867441661051 2.2962453496070538 3.4531146764596676 78 79 74 0.68096616430857837 35 264 37 363 36 358
562 -1.6739423117855958 3.1842215776386604 3.6068037052312687 118 116 115 1.1648281671745673 14 291 15 250 12 228 11 178 13 107 17 83 16 132 10 363
1670 -1.4504158593972902 2.3455161313062112 3.3927124620198836 105 105 106 0.57085004651757232 35 310 37 362 36 484
561 -1.5832059036738955 1.6766569803762195 2.7858214340774281 118 118 126 0.1276389213731898 14 275 15 301 12 212
1669 -1.5356694036825456 2.497511554853062 3.4803281054432711 43 43 41 0.14607163832708214 35 439 37 360 36 352
560 -1.6139355206705626 1.8304332014743194 2.808208153692465 117 120 125 0.21081616861863647 14 239 15 231 12 195
1668 -1.5559975723112878 2.5294962711960256 3.4527497332379533 37 37 37 0.13649239127563867 35 441 37 359 36 363
559 3.7785335980429067 -0.50446440616357568 10.894324677018336 136 141 145 0.58841231296027885 19 136 12 170 11 131 13 69 10 106
1667 -1.6123218588748551 2.8048297975101169 3.4910008754421091 60 61 56 1.7080997710802526 35 317 37 358 36 262
1666 -1.6815221250456525 2.6827535056357932 3.6249784590646787 61 62 56 0.61899051697896101 35 254 37 356 36 260
557 -1.6295627792140475 1.7613735007038673 2.806066802219493 120 123 130 0.18609885134311421 14 179 12 140 15 167
1665 -1.2573126320534997 1.9968591543747678 3.7903426237160218 128 127 127 1.1030171180691808 35 435 37 353 39 415 55 505 54 331 58 290 60 361
1664 -1.2259378085277262 1.6519973631650471 3.2566442632025931 22 23 25 1.4087686569146718 38 452 37 343 36 507 35 804
555 -1.2293637074632962 2.8148899770461266 4.1634024418374 79 43 55 0.37717051752123881 14 76 15 71 12 122
1663 -1.7858443312856638 2.1572682798745557 3.1190600458129434 37 37 38 0.38705861045822543 35 330 38 311 37 342 36 303
554 -2.0695548894139808 3.0620813866847651 3.7851340562400733 124 118 118 1.276575575976342 14 152 15 140 12 117 13 42
1662 -1.7144084442709213 2.8633554592510251 3.4846314094165192 127 128 122 1.5013750754017214 38 487 37 337 36 263
1661 -1.3312696199127607 1.8494415565690316 3.2217937854064078 72 25 35 1.2602551480588871 35 562 37 336 36 231
1660 -1.2425839345537688 1.8454130765491539 3.4008672461723708 52 53 48 0.65912047254472661 35 353 37 331
1659 -1.6569239269904419 1.8981540112626307 2.9933600673147494 28 27 32 0.35504718573363797 35 355 37 330 36 320
1658 -1.1156039299733873 1.6184073363930271 3.7995050759503335 32 33 28 0.63955514846750716 35 333 37 327 36 278
1657 -1.1524119168138085 1.7799975572961928 3.3035617199128997 112 111 109 1.176583690521378 35 328 37 319 36 298
548 -1.7190474557773405 2.3380186301890928 3.3553619047250298 31 41 43 1.225029224844534 19 568 14 849 12 475
1656 -1.1952253165658799 1.6744027635912115 3.2412787284459887 115 114 115 0.40401076748584375 35 220 37 313 36 223 39 441
1655 -1.1494871898873673 2.6552973815275549 4.2096121730250422 135 129 127 1.1290048245327766 35 242 37 308 36 185 39 250 56 167 58 166
546 -1.7538060071770323 3.0027604723809591 3.5763281148995212 87 51 63 0.24755902647693065 23 956 14 799 15 761
1654 -1.1284222315056094 2.6641088414028307 4.1537465726817491 88 89 84 0.60160335829113254 35 243 37 307 36 206
545 -1.8086784233783302 2.0486705991778402 2.9956464577121111 41 45 48 0.19184645434234163 19 596 14 717 12 664
1653 -1.2418392775487159 2.6063937722525092 4.2841939806656537 134 138 132 0.87366722219470105 35 321 37 304 36 333
1652 -1.6844438709132166 2.9635274326045362 3.5823770431698181 83 83 78 0.370829249959296 35 290 37 293 36 390
543 -1.6354135054940317 2.3847791527943221 3.2762790273710376 39 55 52 1.0563927928640116 20 983 14 611 15 405
1651 -1.7167187416203893 1.9968903789101879 3.0595852684480973 86 88 85 0.46075526541411183 35 177 37 249 36 201
542 -1.6321495846728391 2.5023302268258631 3.3532517414854115 105 115 114 0.31766722011888809 20 744 14 546 23 744
1650 -1.1980397255331978 2.3323894867926178 3.7431801453547942 133 133 125 0.86644706110315417 35 253 37 242 36 258
541 -1.6844669524597609 1.7974590023592998 2.8472418205027972 43 54 56 0.33557178276215843 21 621 14 486 15 443
1649 -1.7226970457100221 2.8950635779730511 3.6306557296554498 27 26 24 1.0439924878676197 35 250 37 241 36 168
1648 -1.1619190326012718 2.4859623717477648 4.1603182701461847 143 144 139 0.84067532843363491 35 160 37 240 36 161
539 -1.6868046290092691 2.5487706750729662 3.3620183788772451 62 66 69 0.4094167557340026 20 878 23 866 14 435 12 750
1647 -1.18735222796798 2.6283271913053916 4.0376045667129272 63 64 59 0.6551254219650251 35 239 37 239 36 208
538 -1.6076673476802852 1.7021231933764231 2.8013433032373589 118 121 126 0.66821480737245931 21 622 14 425 15 592
1646 -1.1232778339470963 2.7228787644843662 4.1892888266914969 114 116 110 1.0524614543058841 35 197 37 236 36 204 39 249
537 -1.6226963870333777 2.3406786943482816 3.2787234935507592 46 52 52 0.40737471048533935 20 569 14 404 23 587 15 325
1645 -31.380418218063259 1.6737122206448931 3.319838401201181 104 107 111 0.73534373515151363 38 152 37 234 39 166 57 172
536 -1.1403054956838228 2.9076465216574876 4.2416639711456874 124 123 119 1.4263530352206688 19 112 14 294 15 296 11 183
1644 -1.6231019276704495 2.8783068134111751 3.6524913331720894 123 123 118 0.36776706838429729 35 193 37 230 36 211
1643 -1.1605214372979338 1.2654507190919422 3.16294333699889 34 47 91 0.40467931268463869 35 207 40 81 37 217 36 177
534 5.6017589627862057 -9.9426172682862397 30.671986086249976 75 75 75 0.80599470169807419 20 215 14 278 21 225 23 212 15 278
1642 -1.0928579597917065 1.2049961637870177 3.3526377060270129 16 24 46 0.78047481345657532 35 184 37 216 36 192
533 5.5988352990087638 -9.8062720932852443 31.196239327880999 60 60 58 1.0664408751525931 14 233 21 226 23 211 15 235 20 214
1641 -25.269538699409942 -0.97906436830154786 11.326791561155128 112 111 93 0.97955607463523342 34 78 38 67 37 206 36 117 35 146
532 -1.566826335548624 3.1371289113799854 3.6953194379020209 134 133 129 1.7942590269676248 19 60 14 154 15 141 12 118
1640 -24.810346547030733 -2.4834027943797801 12.837826435655742 71 74 68 0.85008665923493132 34 82 38 76 37 203
531 -1.2397198528111075 1.4416380597965321 2.8752130089453787 67 72 76 0.55814155828797174 23 602 27 658 20 844
1639 -23.597999278291166 -2.949077169754645 13.793199655744132 72 66 66 1.4130964406208035 34 81 38 107 37 195
1638 -32.123776604052338 2.047393668359609 3.1284950342421349 94 93 96 1.3208273919822546 38 150 37 192 39 167 57 126 55 129
1637 -1.1091255576132222 2.5802346521809771 4.1448555658103636 137 138 132 0.18753583952217992 35 158 37 175 36 163
528 -1.0640560009126603 2.8063349116207776 4.265400430601435 140 136 135 0.54898274784915158 22 262 23 335 27 288
1636 -1.1870079651381373 2.6003898380893595 4.1172380074615287 37 37 37 0.14117011437951191 35 194 37 174 36 162
527 -1.1635338175377987 2.1411631027617668 3.6553297217443368 119 123 127 1.0799600709609147 26 140 27 144 31 66 28 171 29 142 30 151 33 74
1635 -1.1508515265691477 1.740764632605831 3.4637017585492491 115 115 113 0.88502365697355412 35 166 37 167 36 151
526 -7.4158468190097464 -6.0129068196068864 27.170339123624981 31 28 23 0.52870804994783549 23 133 27 133 20 151
1634 -1.2074805211240767 1.7855739207968124 3.3612670573352394 90 91 87 1.0434463418016928 35 167 37 166 36 145
525 -7.9871710585589959 -6.1311826114692094 25.947600746113356 26 24 27 0.1300679113798118 27 87 20 109
1633 -1.098626290944791 1.4023631026977728 3.0039921589248464 34 39 43 0.89135084205254478 35 135 37 158 36 118
524 -7.3748030529957447 -6.3514986182873203 26.912546537507964 80 72 69 0.27119822948297573 23 66 27 46 20 63
1632 -1.2643512672019583 1.827045566888015 3.1833708635682236 77 37 40 0.85739700442317568 35 123 37 143 36 147
523 -1.6607694385962695 1.1996330880995549 2.7824551682319845 163 164 159 0.84186355043093652 26 17 31 4
1630 -1.1920749029302371 1.6943534048595079 3.8968627146581496 28 33 36 0.83850270737747445 35 164 37 141 36 144 57 201 55 177 54 228
521 -1.1262546236785589 1.7024705775355944 3.122603790255265 118 118 118 2.5374016129973316 22 15 24 17
1629 -1.1837342183590962 2.0285945741372453 3.7330804881698874 123 125 122 0.5614385003962209 35 117 37 140 36 142
520 -1.6201357259608336 2.3110405916294048 3.2548993555627916 78 88 87 0.26930201179111574 25 316 24 424 27 737
1628 -1.4557185467435183 2.3229031334580483 3.3966304674267258 97 98 93 0.28451667944062359 35 118 37 139 36 141
519 -1.0595585381837693 0.88779130325879807 3.4439627048012182 138 137 144 0.96869318405680771 22 473 26 377 24 254
1627 -1.1404850350351678 2.2861279159967332 3.9073442761762962 108 109 104 0.43431980027010603 35 115 37 137 36 112
518 -1.1876409037414528 1.3496660603063984 2.9506521817109315 137 139 143 0.32642245550383453 25 249 24 214
1626 -1.1582080650175592 2.4372275385466109 3.9482267009123779 94 94 89 0.99330070036779416 35 113 37 136 36 115
517 -1.0204385159312963 0.93886760050808316 3.4618726004137392 42 55 90 1.2501105094685676 22 305 26 189 24 194 48 166 47 277
1625 -29.674906855370569 1.036718730644079 4.4575489240196307 123 123 125 0.23776657477554386 38 110 37 122
516 -1.7067335454887127 1.346738187054582 2.689561571634437 44 56 89 1.8559627714639095 22 205 24 142 48 294 47 465
1624 -26.508335291412891 -2.5408041500502492 12.419810755296913 94 97 90 0.69466927480934226 34 83 38 79 37 120
1619 -22.629300800012697 -2.3103910799486256 13.150527963954746 58 48 49 1.0441265492824086 34 101 38 105 37 110
510 -1.4743691605117146 1.2012889049367361 2.9452297941764605 51 56 60 1.4780133493179295 19 552 22 640 12 385 11 336 18 229 16 305 20 646 10 341
1618 -25.099311056668725 -1.9802036961760012 11.368851009289877 86 83 75 2.3299988833537486 38 77 37 107 34 95 36 85 35 103
509 -1.6977008407869083 2.8384303865446174 3.4794502057307546 89 90 92 1.1617590257198251 20 945 23 716 22 608 27 716
1615 -24.083778273073175 -0.95490671551383888 11.396983993899264 36 31 28 0.94250831484153486 34 77 38 71 37 93
506 -1.6852522347704857 2.2716045124859683 3.3249399973548668 114 115 120 1.0402521807123417 20 739 22 582 23 622 14 613
1614 -23.291838038071074 -2.4010884014190688 12.875184051534216 133 133 133 1.7305638680786626 34 34 38 34 37 92
505 -1.4411089397383026 1.175235351336877 2.8684335809312316 84 88 98 0.98222953273055702 23 500 25 334 22 551 14 372 20 371 15 369 12 316
1613 -1.7191218668805701 3.0300740016383867 3.532323592357137 120 123 113 1.2218220268783342 37 86 36 70 39 134
504 -1.3752256648682175 1.117695412373382 2.8469459154867112 56 60 70 0.57189635281634654 25 364 26 390 22 463 24 398
1612 -1.2168805325689993 1.995982839837005 3.6510803461102768 35 39 42 0.99056111604704877 35 57 37 81 36 46
503 -1.7315261670149449 1.8000125167143133 2.8575407351839974 115 121 119 0.50752469168104508 23 494 22 444 20 690
1611 -32.423543829524952 2.3408886140050109 2.5612106501001559 131 130 133 1.2828692803024688 35 45 38 29 37 71 39 65 57 43 55 51
502 -1.7145338086517874 2.7739447792216163 3.4564156121164431 85 86 90 1.3879035760835869 19 422 22 434 24 619 16 404 17 261
1610 -1.7611819036142253 2.0838566303594712 3.0981391578885806 35 38 41 0.34296755023777464 35 60 37 64 36 71
501 -1.1993925456286947 2.6502737729032479 4.0628795463906622 90 88 89 1.5895595949799173 19 566 22 419 27 566
1609 -31.758383479598695 3.9902589517953011 1.9316039062234531 128 129 131 1.4758578100869906 35 66 38 64 37 58 39 86 57 73 55 48 54 47
500 -0.95214025354716147 1.5616513939135241 3.4654760716337667 98 98 98 1.728485444135788 25 318 22 417 24 203
1608 -24.438582117987735 -1.7376944943012291 11.639579674478767 135 133 134 0.91604305817599574 34 27 38 36 37 55
499 -1.4603175741494878 1.2393161758486457 2.9440428132779188 31 40 56 1.1324678465573901 19 478 25 346 22 401
1607 -1.4873646873624673 2.1518296472151648 3.1624628600621296 137 139 128 0.025078853379070423 35 16 37 35
498 -1.5925689255404309 1.7294441702322745 2.8061015791793973 32 33 38 1.6867997570922195 19 460 22 390 11 415 14 684 15 679
1606 -1.2836462971567852 1.7441066334555024 3.7762261197686611 137 137 129 1.7305931030599673 35 30 37 23 57 50 55 43 54 76
497 -1.6065010796258388 1.7014800550672688 2.8133395689762666 116 117 121 0.20767065944988916 19 611 22 388
1605 -1.5125378554836573 2.4578468251812646 3.3986598487602864 48 48 50 0.41277454295112354 35 29 37 22 36 23
496 -1.6166033730974843 1.7163034250651237 2.8114725078837441 38 39 44 0.93799416834905491 19 372 22 359 11 414 12 677 13 278 18 301 17 193 16 376
1604 -1.2810359242800384 2.7824942509089183 4.3308465935387304 97 41 50 1.3001364351496145 35 8 37 14 36 13
495 -1.1430992377395048 2.7301535563344896 4.1562314317533451 57 36 43 0.95989132177801595 26 346 28 378 29 298 30 323 34 334 22 334 27 394 31 265 40 372
1603 -1.7482853444557702 3.0337940576918494 3.7329296931510685 85 46 51 0.66546875479238465 35 10 37 8 36 10
1602 -1.1365744293501452 1.5381511100659189 3.8130007685008391 82 86 87 1.1739096749811113 38 747 35 1171 37 838 60 550
493 -1.090994890787409 1.0176033861603402 3.3206707174912902 46 65 105 1.2102984353174191 25 263 22 308 24 195
1601 -1.1285160716905691 2.2425148216365058 3.8545892227659557 94 94 94 1.3161310231770003 38 802 35 1126 36 761
492 -1.2885981250023066 1.4431720177101353 2.8643872087510349 54 59 63 1.2582271237902767 19 530 22 297 27 660
1600 -1.1389031882571277 1.5768989775983322 3.8496407843203784 58 59 61 0.41704958079389759 38 755 35 782 39 603 60 431
491 -1.3957088210548203 1.2495859037327819 2.8953147839375655 19 30 50 1.9362626365248199 19 542 22 291 24 105
1599 -1.0660757462404011 1.397184445783741 3.5313724796366595 104 105 109 0.77569434791929104 38 543 35 626 37 514 36 562
490 -1.5672179418084844 1.2827386858536005 2.8918776909411585 72 89 132 0.78742148209424201 25 343 22 287 24 150
1598 -1.1239416283414101 2.2053410329011283 3.8737596132602494 42 59 53 1.9901391366724253 38 494 35 530 36 364
489 -1.6851484899245754 2.5027324206884609 3.3318760742549194 112 117 120 0.69287698105478002 25 272 22 245 24 246
1597 -1.2430527399246039 1.2766656185858138 2.946354737556431 48 47 52 1.4041995681714965 40 489 35 524 37 563 36 583 57 449 39 511 55 560 54 477
488 -1.5962233228584191 2.4301786312845683 3.2698934471856616 45 56 52 0.32205496857969967 19 202 22 243 24 244
1596 -1.1069395218682538 1.2846714580474388 3.3603843795187589 82 85 102 1.5298660840411382 38 641 35 467 37 448 36 254
487 -1.4638574933600605 1.1697077411277128 2.8640786050678382 43 47 56 1.2672493892060912 19 472 25 210 22 237 12 453 20 811 15 651
1595 -1.2301453635905666 2.1626659146404461 3.6107912190205114 99 99 97 1.0754896077756726 38 457 35 437 37 361 36 359
486 -1.2117063101037595 1.2255613555761602 3.0972891400415454 24 40 74 0.54421416932477762 19 454 22 235 24 161
1594 -1.0402567580002378 1.4469157438396909 3.6145039044647427 42 52 51 1.4829022820982165 38 592 35 418 37 784 36 557 39 277 58 327 56 423
485 -0.91374926721229965 1.7328994785445728 4.1199555102541456 156 157 151 0.31744752218483463 25 248 22 231
1593 -1.2866210051604985 2.0052761926222336 3.5763502600203596 159 158 156 1.0555508912980365 38 327 35 336 37 329 36 275
484 -1.6702774615953679 1.478578691310924 2.5620293679792736 35 45 81 2.7075225002550742 19 179 25 295 22 214
1592 -1.5501829911464409 2.5426337089885629 3.4828217467989959 110 110 112 0.54470121971714291 38 527 35 312 37 283 36 257
483 -1.4282352204565305 1.5573751070439754 2.8248038420757871 54 37 55 2.3940241883171454 25 192 22 213 24 594
1591 -1.2673171030209431 1.9701333148430251 3.7824998380376762 41 43 42 0.92533384359822157 38 400 35 308 37 367 36 289 39 263 54 231
1590 -1.0401965105260584 1.4234109098404524 3.5972662148112904 138 144 144 0.82819126207201377 38 422 35 285 36 482 37 392 39 403 57 339 55 303 54 360 56 410 58 326 60 355
481 -1.13824898868277 1.206344465531396 3.2052912309990411 56 71 102 0.71680779709614739 25 211 22 195 24 202
1589 -1.2599340098622462 2.6246853237061143 4.3406973075510589 110 58 70 0.6462939126041316 38 315 35 244 36 271 37 395
480 -1.1944648938459843 1.2119642415848106 3.1411836022486241 65 80 109 0.17309280006455074 25 177 22 191 24 115
1588 -1.1638060374647619 2.8974442343631552 4.1575263986607665 118 114 111 2.0134469375063291 40 128 35 198 37 178
479 -1.7238762767943261 1.3568425118897924 2.6082879496157574 68 80 122 0.70132926268743512 48 84 24 37 47 125
1586 -1.2077178221896083 1.9253222859167916 3.7100369999101228 128 130 127 0.47180954992902269 38 235 35 163 37 170 36 143
477 -1.4526044453495381 1.2826875979314543 2.8556557981629047 30 45 86 0.48567790280479423 26 312 22 118 24 66
1585 -32.345706984907821 2.8387802093309564 1.5693076151496401 149 149 148 0.61864127778714306 38 111 35 153 37 191 39 123 57 124 55 127 54 140
476 -1.1817314488795672 1.105085230836826 3.2161433593168689 89 109 161 0.92560714101396402 25 112 22 117 48 121 47 151 45 159
1584 -31.132862073906082 1.1867175593334423 5.0314605567120934 112 111 119 1.0675986753772817 38 148 35 151 37 179
475 -1.2640822921240837 1.3729474597584581 2.9175903730930632 133 134 139 0.59788179062908109 25 92 22 112 24 67
1583 -32.354372071718124 1.4942395229834471 5.5453757054956734 151 150 156 1.4606284845717017 38 109 35 150 37 194
474 -1.1935204012281206 1.4572118974522281 2.8701134570515991 54 55 60 0.42958731582251697 25 166 22 111 24 83
1582 -31.475586938888529 2.0412887160819353 5.3745454840789568 143 142 150 0.97890604718141982 38 108 35 148 37 204
473 -1.3122138755599897 1.0334780858715875 3.03261075055942 46 48 86 0.73436117408815049 19 234 25 215 22 106
1581 -20.324421226914957 0.75579033563750264 9.6778280816713647 86 86 86 1.5154525197586761 38 35 37 97 36 111
472 -1.543371463300462 1.3902614971605511 2.9531918681212961 71 88 142 1.0375766905930872 25 91 47 65 48 53
1580 -26.078331726208887 -0.91323245191488045 9.5637329669327169 73 102 116 1.4174011125369375 34 64 38 78 35 102 37 90 36 132
471 -1.5393495167388311 1.3649003796938113 2.7117326794207997 27 44 90 0.93561239413356212 19 124 25 93 22 74 24 59
1579 -25.037685704658124 -0.66348585751709299 9.8673344918127466 77 82 85 1.1391445098281254 34 80 38 75 35 101 37 91
470 -1.1018564870868541 1.4309302044101804 3.2934694628341905 157 157 161 2.1164144095038715 22 63 24 32
1578 -32.543061429901002 3.2726403998417695 2.0282890367329727 110 128 112 1.058432421643263 38 63 35 67 37 70 39 63 57 44 55 49 54 46
469 -1.6400412803193054 3.0210120220919641 3.5646450131638803 88 57 65 1.6621563677136493 25 55 22 57 24 122
1577 -26.292245535837669 -0.1333983405364231 9.4069283447275218 55 59 70 1.434790564667872 34 65 38 74 35 65 37 109
468 -1.2217290422501503 1.0536063927521868 3.318616901106898 58 80 122 0.99526830918663156 25 61 22 55
1575 -1.2451921095924368 2.637558073965991 4.5276203585502763 139 134 131 0.63902041412437383 38 58 35 53 37 68 36 73
466 -1.641929697486826 1.3622818785677748 2.6794550890505859 88 105 159 1.3364262778785088 25 86 22 42 24 36 48 52 47 66 45 74
1574 -25.637483930341183 0.20149637570889664 9.8503537644513184 103 100 85 1.1336473912917366 34 15 38 22 35 36 37 25
465 -2.0830902801796811 3.0615455019148166 3.8121460164864249 129 130 125 1.0442950096421688 23 136 22 32 24 96
1570 -1.143564942328422 1.5799197905895115 3.8704854746565611 49 50 44 0.52655494725516938 40 657 38 756 37 830 36 725 35 596
461 -1.2582256765603943 2.7695830236451613 4.1397861550881219 65 38 44 2.5688170138120809 23 17 21 20 20 16 25 9 19 25 26 12
1569 -1.1594910659304791 1.5760071479213318 3.8892873479815604 120 121 115 1.1021944534266614 40 708 38 754 37 677 39 491 60 548 58 547
460 -1.6524105269705496 1.6956219893095943 2.8364131263607408 108 113 116 1.0153929798935628 20 681 25 377 23 852 22 641
1568 -1.1575604213545168 1.5452984343308354 3.8602887089539224 104 107 100 1.4842378441774355 40 654 38 749 35 773 37 834 39 555 57 831 55 867 58 532 60 601
459 -1.7322734310061898 1.8793615287530725 2.870880065081967 49 53 56 1.3489147360120322 20 967 25 374 22 449 27 519 12 660
1567 -1.1289498423344522 1.6321703012707078 3.3820950155566467 63 61 62 1.1148894024435001 40 346 38 741 37 696 36 745
1566 -1.2423381980723152 1.7392970134329491 3.2102850686920652 64 32 39 1.2986791649061888 40 511 38 738 35 990
457 -1.3195382880547366 1.3590444251447555 2.947368127842958 65 79 108 1.2838266563965841 19 528 25 341 22 416 24 342
1565 -1.2578807888008057 1.9941291439719242 3.8182343194734694 99 98 94 1.1626910527105594 40 540 38 732 36 924
456 -1.4289712660757554 1.201939177358627 2.8941564199657193 50 53 62 0.6560277571920059 19 482 26 332 25 339 22 400 11 338 18 173 12 255
1564 -1.3209344625278321 1.1004757753340733 2.9415301046328151 118 120 116 0.51190442397400227 40 627 38 646 35 960 37 849
455 -1.651798031695711 1.8885254834622394 2.848843208912649 94 99 102 0.89321240751952435 20 760 25 306 23 837
1563 -1.3170357860568569 1.0779655991733512 2.9582540542821887 62 62 62 0.4458611167828565 34 450 40 570 38 645 37 769
454 -1.5976116821162112 1.7917703719132565 2.8069333182280114 73 75 78 0.42635667579147829 26 406 25 301 22 366
1562 -1.5258254168918117 1.0635366469975163 2.864777029678359 107 104 97 0.60389759016237654 34 363 38 621 39 598
453 -1.6629986925110958 1.777218870975324 2.8102341940493432 90 97 100 0.69426643142688649 20 405 23 489 26 369 25 299
1561 -1.1613077279469401 1.3557621427130904 3.0657293511037449 52 56 57 1.1187712077316141 40 231 38 610 35 977
452 -1.6232370511276801 2.341917933639174 3.2671013281134811 36 48 48 0.71891542274850562 19 320 26 395 25 275 22 425 24 412 11 273 13 259 16 195
1560 -1.0833745838156732 1.4797766786065558 3.6981324659860357 62 65 58 0.59056965414501672 40 655 60 427 56 362
451 -1.5843048718293589 2.4577899690179561 3.2652674527854897 73 74 78 1.243205619203849 19 326 25 273 22 339
1559 -1.1377556704803424 2.2968363035768689 3.8637860419731984 106 108 107 0.36585238927337915 40 652 38 578 37 421
450 -1.6638605012581269 2.919901823768313 3.5020429667598529 102 99 100 1.3339605255085185 19 335 25 271 27 391 16 185
1558 -1.1568226694352592 1.3625389226781135 3.032861798050805 56 58 59 0.78167850598608035 34 468 38 564 39 579
449 -1.0279655170546991 0.89319823083268013 3.4111940379151382 141 144 148 1.0325002853143885 26 281 25 266 22 489 24 300 47 153 48 165
1557 -1.1928427332496467 1.2900372430051255 3.0594219210951912 35 49 71 1.8315647989999551 40 237 38 559 35 387 36 450 55 581 57 723
448 -1.422479080019492 1.0076395111528176 3.0446030494649547 89 90 92 1.6728450817395337 26 393 25 261 22 310
1556 -1.1301868262394945 2.4999097230433915 4.0760632275966611 124 123 121 0.83878653000340964 40 451 38 500 35 557 36 470 37 383
447 -1.2916289356675252 1.052982191678862 2.9251772627592816 76 79 85 0.86959024272021646 19 293 25 259 22 197
1555 -1.1232743092908675 2.2568486851496043 3.8537946179834219 53 55 54 0.35675167978030692 34 382 40 651 38 496 35 444 37 438 36 367 39 475
446 -1.2785734022246569 1.2975245076185788 2.908108176672243 124 132 150 0.45174883634827401 19 305 25 251 22 534
1554 -1.145532139767057 2.0754283534010805 3.7963344561680783 55 68 59 0.79356178239601982 40 445 38 485 35 525 39 419 57 575 55 819 56 290 58 399 60 226
1553 -1.2246532656527795 1.2973978238581998 3.0562371116090379 29 43 69 1.3504677865315069 40 397 38 468 37 451
444 -1.2210089506329032 1.3338579960795129 2.9521389429561649 141 142 146 0.72870654847139837 19 274 25 245 22 209 24 148
1552 -1.3905548665894885 1.1383886447132814 2.8593877622457544 84 84 84 0.87181907360147626 40 573 38 466 35 942
443 -1.47984669769002 1.6443266897874143 2.9285459659064452 69 69 76 0.68335691796542586 26 310 25 242 22 216
1551 -1.1528653370561575 1.528132947956796 3.8212137559514905 149 150 144 0.96419203477589011 34 351 40 210 38 427 35 422 39 284 56 178 58 149 60 136
442 -1.5917008180201662 1.6434519898572015 2.7768295383123101 68 69 70 0.83043018779904287 26 360 25 240 22 356 19 371 27 547 23 376 20 396 11 451 12 465 13 435 18 289
1550 -1.1939789452131522 2.238675458158629 3.6446458353268034 130 132 121 0.57600695073521779 34 296 37 298 36 239
441 -1.8322455159598006 2.0453341931532165 2.9601428677077939 104 106 106 2.3582144865690795 20 583 26 361 22 181 25 227
1549 -1.1560378996666216 2.2629163603082398 3.975215239226304 78 78 72 1.4115506268290401 38 391 35 252 37 354 36 274 39 201 57 178 55 173 54 179
440 -1.8058858523077468 2.1109034293121862 3.011837891909424 80 80 80 0.59061739456581008 19 243 25 224 22 333
1548 -1.2027167662048075 1.3035809972883465 3.0414582729080042 95 104 114 1.3721143331554801 40 265 38 384 35 388 37 588 36 451 39 457
439 -1.6398561069384099 2.3976510979498622 3.2740468723028324 23 56 47 1.7484334693761105 19 323 25 216 22 326 24 243 27 741
1547 -1.5350278767710828 1.6374080634531951 2.8323812188968929 100 100 98 1.488432783375476 34 236 40 383 38 383
438 -1.0605104466220714 0.94642046780694467 3.3840822871582126 93 104 149 0.74091000112507988 26 280 25 203 22 306
1546 -1.2609960265830997 1.0485009495599895 3.3207261202282257 139 145 147 1.4017833264772723 31 210 38 373
437 -0.96469401026571566 1.5866073240228522 3.3410053260034269 142 142 142 0.82851131614731688 26 412 25 199 24 215
1545 -1.3594338564856132 1.1326018583394077 2.8919311547118629 124 126 121 1.4978337496782856 40 315 38 366 37 569 35 653 36 575
436 -1.7923586301023167 1.4411230643168753 2.5445481014837132 132 138 139 0.76275926414260908 26 220 25 198 27 352
1543 -1.710326692466327 3.0499232169901429 3.6073480591483054 116 105 103 1.1825550110674621 34 267 38 312 35 403 37 385 36 338 39 473 54 497
434 -1.3157413687069537 1.2684027894755436 2.8854712980159918 92 103 133 0.73966047493624876 26 328 25 189 22 164
1542 -1.2052346858788845 1.7356179048506439 3.21483569838025 124 120 116 0.62972313382398415 40 259 38 307 35 286 37 340 36 362
433 -1.1939782312347333 1.3165052645956687 2.9843058294672109 138 140 145 0.93327047893532344 19 315 26 265 25 186 22 161 24 104
1541 -1.6574845914400576 2.8507362653016122 3.6320502357345861 40 40 38 0.74527695260311766 34 297 40 246 38 305
432 -1.4592867407043031 1.3075176526211878 2.8328263861415861 53 72 108 1.5749228239114239 26 266 25 185 22 113 24 57
1540 -1.1269510597196519 2.1515461050907079 3.6554220062192671 117 117 115 1.5113764848451026 40 446 38 291
431 -1.7284042235216197 1.3359123563233621 2.6153535819287552 132 139 147 0.8639148888968603 26 179 25 184 27 148
1539 -1.2753532565597341 1.2366587713091559 3.1209253924724374 8 24 50 1.4344843621182868 40 125 38 285 37 450 36 405 35 391
430 -1.0998226755857592 1.5181910579026734 2.9841723956688191 135 137 134 0.8099589608050719 19 216 25 182
1538 -1.2644215478820811 1.3403567294173662 2.9351570178553814 144 146 145 1.8286943625697958 34 239 38 284 35 665
429 -1.4057756943949886 1.2111836215372513 2.8565556574341979 83 87 98 0.76600107330487999 19 120 26 251 25 180 22 169
1537 -1.1898320338525596 1.3320397006493467 3.0937343153643631 32 39 51 0.80811248006976533 40 250 38 279 36 371
428 -1.1616968054871035 1.2277004771141342 3.2054922428908719 27 36 65 1.257969439148626 26 270 25 176 22 192 19 227 27 204
1536 -1.0246611416431219 1.4693315057158314 3.6118523422207884 143 144 139 0.73869655997341899 40 207 38 255 35 326 37 341 36 222
427 -1.3232829394514105 1.098938163371421 2.903830679469749 39 42 47 0.77232502738528619 19 228 26 249 25 173 22 196 24 138
1535 -1.141109463239941 1.7919490604570443 3.1976125715020891 119 108 108 2.0633213281236698 34 263 38 253 37 648
426 -1.362860348466421 1.0914359040761947 2.8786147490354468 111 115 118 0.44271811988609094 19 229 25 172 22 116 26 277
1534 -1.1100702065169492 1.5685722673411495 3.796929579573443 138 140 134 0.82979760169945127 34 223 40 256 38 252
425 -1.5520359270536956 1.0671226915506991 2.9918046669275196 137 138 142 1.7706437426227577 19 160 26 339 25 171 12 309 27 438
1533 -1.2987133862045754 2.05599519076647 3.6245899273740099 135 136 130 0.88422804180345937 34 344 38 249 37 252 36 288
1532 -1.1220504452109623 2.2925400858599638 3.8712122084648044 110 110 108 0.47276502557247968 40 236 38 241 35 251 37 255 36 167
423 -1.2800820768644328 1.4282940407353886 2.8954467273909907 92 95 100 0.58434554817712725 19 217 20 331 25 164 22 158 24 131 11 157 13 179 18 142 17 124 16 79 10 197
1531 -1.6729385345302485 3.0256778916194249 3.6630910863262458 106 107 99 0.3514547580542382 34 269 38 240 35 246 37 254
422 -1.1246439965575419 2.1983742741120524 3.7065325618099427 63 65 64 0.62806367048668255 19 376 26 202 25 162
1530 -1.2115258785983287 2.71141613163002 4.4322969951944602 120 113 105 0.3750456822463355 40 114 38 237 35 241 37 310
421 -1.6903396536195512 3.0194213004329398 3.5615670640869137 99 88 92 0.3703752544283026 26 239 25 159 22 172 27 233
1529 -1.2247439254016252 1.3387068494142791 3.1577243231904393 24 29 59 1.4828925030230167 40 209 37 257 36 252 35 273
420 -1.9698941579674933 2.9365693299084428 3.7851423308810683 124 114 120 1.2144363365160653 23 555 25 156 22 176 14 481 15 338
1528 -1.1622376370008829 1.3703027646567241 3.0128802164111868 128 129 130 1.1759113017703415 34 308 38 208 35 381 37 454 39 342 54 366
419 -1.7235660788854843 2.7568550699453924 3.431935914455269 77 75 76 1.2108683305357781 26 288 22 175 24 169
1527 -1.1471655876585367 1.6167189719329751 3.3503348637977064 37 39 38 1.1977930746022618 34 198 40 83 38 197 37 231
418 -1.7058565772497651 2.7445447251270547 3.46574451995453 101 104 105 1.7881955070885986 23 336 26 161 25 154 22 97 24 170 27 237
1525 -1.3641378241685038 1.0273470635862441 3.0057857143340101 166 168 164 1.7470682140426104 34 212 38 181 39 192 56 120
416 -1.6788572270779205 2.1848568005549032 3.2987485846036839 27 27 29 0.64729439024691537 26 233 25 147 22 187
1523 -1.153363386033085 2.2234979887715896 3.6923758886343201 52 52 54 0.51612293070949289 34 187 40 229 38 155
414 -1.2282253137901882 1.8930406612361386 3.2263190609197889 97 88 93 0.46576716259819478 26 208 25 143 22 148
1522 -1.5073178667736806 2.3481755073189281 3.3149753865655245 98 100 97 0.71181504841460153 34 137 38 154 37 173 36 156
413 -1.4987710665481855 1.7786647416703723 3.1006041916713576 79 80 83 0.37651075251709126 26 225 25 138 22 145
1521 -1.3019724071640877 1.0888638054011572 3.3108863940646032 58 76 121 0.13301375193165005 34 167 38 140
412 -1.211470223535825 1.6941162526241869 3.266562818839799 24 31 37 0.12994090979216474 26 305 25 137 22 140
1519 -1.3652565409128872 1.04405486916334 3.0865821856368489 142 139 136 2.0227556004607425 34 55 38 117
410 -1.4554940755368622 1.7986138211205192 3.0659922414843863 29 30 34 0.38969816036892313 19 156 26 226 25 132
1518 -11.374744614603756 2.827911993205277 10.664659588200532 49 49 51 1.5063062054515186 34 54 40 33 38 95
409 -1.5683345843332106 1.794176204525793 2.8514418698768087 38 41 46 0.37556286241038417 26 209 25 131 22 134
1517 -1.2866946154859575 1.9069605167095356 3.5114821429592613 74 72 73 1.8017652617584781 34 113 38 88 37 101 35 79 36 67
408 -1.1632510764028656 2.2202703342442183 3.7602947826602842 100 102 101 1.816925517238527 19 296 25 129 22 265
1516 -1.155401553307746 2.8294061499842882 4.2287083701005885 86 43 50 2.0525732944957666 34 59 38 60 35 37 37 54 36 36 39 53 57 55 55 41
407 -1.7632252149034768 1.9928803568943398 3.0322800609156997 50 51 55 1.5934641295101006 19 151 25 128 22 85
1515 -21.91013874589089 5.934952489222133 4.197954537367127 63 64 58 1.03824384607508 34 47 38 46 39 66 54 72
406 -1.6090957560015886 2.3830791785238885 3.2694482067766355 102 105 109 0.48697237044785191 19 148 25 121 22 91 11 140 13 154 18 80 17 79 16 92
1513 -16.049828519810998 2.4904208712351923 9.3423764258557114 60 57 51 1.1860529966117122 34 49 40 37 38 43
404 -1.5447824572899422 1.1534020815214747 3.0220789994960842 135 139 141 0.68011652186740346 19 72 26 151 25 114
1512 -16.886219465614868 2.8264940349547882 9.1714582853350013 17 17 19 1.3717565002227969 34 37 40 23 38 37
1511 -1.743953065553999 1.2587320043103807 2.790466841026932 143 143 135 1.921842948835826 34 13 38 13 39 24
402 -1.1633142038424999 1.2648731680396912 3.1658402148739584 77 86 119 0.33959153447296558 19 172 26 252 25 108 22 122
1510 -1.3019792372258687 0.96615652913209737 3.2585875462079592 141 141 133 0.40869875192897354 34 12 39 15
401 -1.6194470433309474 1.3864513563237408 2.613948173562811 20 40 77 1.7158912610175217 26 255 25 97 22 77 48 75 47 98 45 168
1509 -1.4324592394674398 2.937224726274303 4.0334292714362538 125 122 115 1.6638350154935211 40 11 35 11
400 -1.3451378874987336 1.24272303615355 2.9184933235965791 23 29 51 1.6017885145388091 19 173 26 183 22 65 24 77
1508 -1.2727949641249094 1.3967549744331833 3.2209648847603574 38 45 62 1.1060228308236315 34 0 38 2
399 -1.5308987358270234 1.7827194783580376 2.9463711012466542 85 86 90 1.0682492970122834 26 192 25 85
1504 -1.2516521068785365 1.2754058014192666 3.0249829830971691 79 92 134 1.2299061148655979 34 420 40 392 38 556
395 -1.3112994892567587 1.5833753525489944 3.0472571913674109 53 57 75 0.8838556104977392 19 122 25 73 22 80
1503 -1.063742074023788 1.1902055804702325 3.3497087746603276 46 53 72 2.2946149985690583 31 466 40 368 38 273 60 338
394 -1.3074825735433204 1.1493179412203549 2.9314684470509924 103 104 109 1.6763224668827643 19 99 26 150 25 65 22 67 24 75
1502 -1.1236173025389764 1.3502119398883521 3.5420291386206935 43 46 47 1.5659259217975954 34 395 40 360 38 346 35 344 39 267 54 199 56 187 58 137 60 184
393 -1.3471352992408221 1.0641177371697699 2.9669172236390877 138 138 136 1.8001832025631046 19 101 25 63 22 39 24 15
1501 -1.1220490966643966 1.3638176213509292 3.3951640366513591 47 48 50 0.37905858916128871 34 301 40 357 38 267
1500 -1.0575772196870077 1.4325330914644587 3.5182467620059321 44 47 54 0.42322845003666265 34 276 40 350 38 516 35 479
391 -1.7193730053507488 2.9585008725749957 3.5612898237239956 94 99 99 0.80981649177500203 19 90 26 119 25 54 22 46 13 44 18 55 17 21 16 20
1499 -1.6767242790139987 1.3203012776499574 2.8029271834762048 147 154 164 1.0544693732048702 31 205 34 213 40 285 38 230
390 -1.612150240555366 2.9001771986199496 3.5179300412629604 102 102 100 1.5251304482563441 26 163 25 53 22 99
1498 -1.1906356907388145 2.4304372184446517 4.0523303723565416 138 138 138 1.8339435828813322 40 283 35 401 36 622 34 338
389 -1.5181262614540587 1.5211634962516676 2.746132592728888 30 36 62 1.0693062648730827 19 77 26 108 25 46 22 30
1497 -1.1556181609984657 2.5109846877004185 4.1296747166056562 113 115 112 1.3663127475104737 34 337 40 275 38 314
388 -1.2835866555080435 1.3903473963270472 2.8820632685239818 99 103 106 0.43412306553906022 19 74 25 45 22 37 24 35
1496 -1.6819128043609104 3.0099765900521138 3.6206128407609861 69 63 61 0.37716432538952854 34 268 40 271 38 390 35 402 36 469 39 474
387 -1.2817693517991786 1.2150553276795786 2.9381263754049871 36 51 81 0.81711631864295542 26 106 25 44 22 38 27 99
1495 -1.3198281914389869 1.2887086234056351 2.9144793753380029 43 55 105 1.119597402419253 34 243 40 264 38 472
386 -1.3209836925297251 2.7501690774764476 4.2292240956649696 64 32 43 1.4422897148329901 19 41 25 41 22 26
1494 -1.2272173710363501 1.2928686752156204 2.9987549580979609 120 123 131 1.4624824861532835 34 365 40 239 38 429 35 520 37 751 36 691
385 -1.8132476148849384 1.8920844329968032 2.9353917132978746 127 127 125 1.3595094898632916 26 96 25 40 27 141
1493 -1.1987990632394465 1.3265968616531312 3.072651097565323 94 104 112 1.5438805559577697 34 391 40 233 38 372 35 385 37 573 36 590 39 381 57 679
384 -1.211204811855858 1.7984637649235564 3.1575747862736239 71 33 48 0.69029550948558471 19 86 26 98 25 38 22 23 24 24
1492 -1.1078612525716161 1.4023549617383924 2.9832611453717397 58 64 64 0.80328958406436968 34 262 40 227 38 263
383 -1.5367708659964103 3.2039498833185305 3.7514286733621769 116 117 111 2.0429782696529064 26 35 25 34 22 17
1490 -1.0867293335253982 2.1731584160189965 3.7939119049477457 103 105 104 1.2251753168288879 34 339 40 223 38 232 36 214
381 -1.8018043388393366 2.0632010197226984 3.0503437517021563 41 42 46 1.230817417706588 26 72 25 31 22 29
1489 -1.1776200047926295 1.3518359087333107 3.0502099600116606 131 135 139 0.56659174258603739 34 233 40 221 38 276 37 402 36 250 39 230 55 245 56 201 58 234 60 109
380 -1.6164538792538941 1.9362199808377967 2.9607562698408145 96 100 103 1.8587485919833768 25 30 22 25
1488 -1.0848373844479087 1.3705883256073892 3.5011671313017452 49 54 57 0.65631966039830714 34 253 40 213 38 260
379 -1.2076697527679054 1.3733980338027825 2.9805415836751279 128 129 134 0.88156084256256606 19 38 26 45 25 21 22 12 24 10
1486 -1.1521974707987939 2.269022323909502 3.937292399664885 148 150 147 0.8701310796094891 34 218 40 199 38 243
377 -1.0986722367289523 1.0738477067210792 3.4570284289994255 41 56 102 2.0380091901404058 25 10 22 2 24 6
1485 -1.2609168162515538 2.4336146417835658 4.1375809259127765 154 153 151 2.069544150773857 34 270 40 198 38 239 37 301 35 247
1484 -1.2097799926016568 2.4561079689186935 4.1747528037922343 128 127 124 1.0579076831468239 34 272 40 197 38 320
375 -1.4682770779763499 2.8991438607873432 4.0143506238247388 113 114 109 0.63251801708556088 19 26 25 8
1483 -1.149963571133265 1.5688709150441413 3.8573610614067864 66 68 67 0.73025682216998156 34 224 40 194 38 254 35 256 37 323 39 213 56 176 58 125 60 135
374 -1.7724628897767651 1.9983442866145733 2.9572164728966293 47 48 52 1.0702661360673136 21 1067 19 641 22 574 24 414 12 502
1482 -1.3404996173227368 1.0400256228454083 3.032207539612799 79 81 78 0.58559538897942032 34 359 40 186 38 364
373 -1.8421979022081831 2.8304713345393111 3.5865674491692343 117 118 120 1.4764932635432937 23 717 19 624 12 406
1481 -1.2928637458449799 1.1421267677282634 3.0248854657147954 102 106 118 1.0057260152884619 34 207 40 183 38 219
372 -1.8141574998270882 2.7479495058240371 3.533454497868755 121 122 124 1.1246473041451606 23 695 19 617 20 471 22 431
1480 -1.2859707722285221 1.2817153335735572 2.923843587876843 167 179 191 1.1304474206069437 31 158 34 204 40 166 38 374 39 335
371 -1.4419869297177976 1.8155110011056115 3.0338933026382984 83 86 91 1.6264335591735288 23 680 19 608 20 970 12 687
1479 -1.6477527677393653 2.7907270239551072 3.4752598090764524 93 88 86 1.0220328358322692 34 295 40 164 38 292
370 -1.8492574052357138 2.8616531694535454 3.6664109591095593 48 49 51 1.3123183229785973 20 696 19 607 23 423 14 477 15 479
1478 -1.0986281092421804 1.4960026241465294 3.7480110449628898 81 86 82 1.1362136423383478 34 251 40 159 60 66 56 125
369 -1.6493102736201775 1.8087844661810633 2.8069443723957321 32 47 46 0.90710857553478219 20 691 23 679 19 585 22 601
1477 -1.115948347206499 1.6134991746362204 3.2946061837066938 130 131 135 0.58178199119472385 34 225 40 158 38 256 35 221 37 321 36 219
368 -1.6270471966245079 2.4791510048984384 3.2989333750215346 29 50 43 0.82371668871551351 20 553 19 573 14 378 15 506 12 472 11 460 16 367
1476 -1.0942743693162489 1.4182561296416298 3.6985205350440182 141 146 142 1.0647413814482374 34 227 40 156 38 257 39 214 54 358 57 430
367 -1.5950902235233595 2.3468404913493504 3.2597971552003457 117 116 121 1.3396984874199904 20 697 23 754 19 569 12 620
1475 -1.7014058634563409 3.1750435056941071 3.6092005585181659 117 114 109 1.7523309549303037 34 183 40 150 38 188 35 245 37 305 36 207 39 202 55 211 57 227 54 223
366 -1.6513810401594797 2.2864386971202642 3.3237954119347424 74 75 80 1.8882351109893432 20 862 19 564 23 911
1474 -1.1027062923096012 2.1577956383872219 3.8312344744140834 63 75 68 1.1108641028680704 34 186 40 148 38 156
365 -0.99979161748291256 1.4463760928325111 3.3507753618644132 87 87 87 0.6343689843670387 26 315 19 556
1473 -1.1953922339724175 2.4139657222375677 4.0698403516646957 76 74 75 1.834212464384064 34 271 40 146 38 238 35 249 37 300 36 264 39 198 57 177 55 214 54 176
364 -1.2252518361856055 1.4351727020033549 2.8849899330187383 100 105 109 0.60055736022852546 20 810 19 535 14 633 12 543
1472 -1.1427301714690339 2.5761480411864066 4.1144069144070103 58 60 55 0.42827494555832485 34 181 40 145 38 186
363 -1.480923661295853 1.5479565650826002 2.7832961525510811 79 84 103 0.44540447660083671 20 393 19 513
1471 -1.1376360122082119 1.4258989587876134 3.4322467200537021 140 141 144 0.45173757062185405 34 192 40 142 38 164
362 -1.3883184381657963 1.1090079116967495 2.81942627214953 123 127 130 1.6584420495290184 26 416 25 365 27 597 19 495
1470 -1.5023699740248615 1.4356753306506149 2.8468090114493911 25 37 56 0.82138958634413639 34 206 40 133 38 172
361 -1.0272320414499492 1.1435635954536738 3.4116058782715641 128 133 153 0.41648379934843172 26 337 24 516
1469 -1.2378380071874069 1.0193843919790697 3.3156088285954066 147 149 143 0.83177585073476257 34 169 40 131 38 163
360 -1.0120800768150651 0.97302844095702357 3.3741581044741404 135 137 137 1.6001690350807749 23 804 19 464 16 324
1468 -1.1777430292780176 2.9481584898565019 4.2209568355785025 122 111 112 0.51025161855099743 34 145 38 159
359 -1.0965010884931488 2.7459468466638648 4.2554404081653425 58 52 52 1.3727920199046835 26 348 19 451 12 470
1467 -1.0660408165295086 1.3130199277674865 3.450800761246811 133 133 135 0.54417551089783622 34 228 40 116 38 165
358 -1.136497501165344 2.6015864974161356 4.1252372480229056 108 110 109 0.90151219324005005 20 548 26 400 19 444 23 543 22 455
1466 -1.1107193498006398 2.5901470777332558 4.1569409052404449 145 142 142 0.26076486227941881 34 179 40 111 38 153
357 -1.7359175389510444 2.3781999095217303 3.3664235874424313 41 48 48 0.83859348916501797 26 354 19 416 13 256 10 598
1465 -1.3896393717143645 2.6118932374933319 4.531152402283305 136 139 130 1.383936675605081 34 182 40 108 38 187 35 195 57 489 55 349 54 260
356 -1.2401670809198153 1.4065158791412062 2.9072181564358339 117 118 122 1.7151923749021936 21 446 23 600 20 798 25 385 19 392
1464 -1.2091663395907848 1.8868507996889918 3.4078934358221087 133 134 126 0.89969007229847342 40 102 38 193
355 -1.2773031025182158 1.7057523377199411 3.0202716433926606 55 33 37 0.64677029447885315 26 207 22 353
1463 -1.4614059215788995 1.2943249621316091 2.8442167055679088 51 70 120 0.22222226297650308 34 170 40 97 38 176
354 -1.1542793846985056 2.622266974099666 4.1040927477014097 81 83 82 0.40744961788111039 26 352 19 360 25 194
1462 -1.0777529599443842 1.4227191713241467 3.6449589625990035 50 80 72 0.75513312931214649 34 135 40 82 39 102 56 54 58 46 60 25
353 -1.885662996718777 2.9588636467520235 3.6439169134969673 67 50 57 1.3155544570150086 26 342 19 336 25 158 22 267 12 276 14 243 15 292 11 220 13 161 16 103 10 164
1461 -1.1542272777265519 2.0067690360303536 3.7173477432176698 136 136 144 0.65329189937565246 34 138 40 80 38 122
352 -1.6025090552887677 2.8713548867337231 3.6099667996529474 75 78 76 1.0631442484685463 26 241 19 331 25 157 22 346 24 338
1460 -1.4419086977686149 2.6429328952721023 4.4884703357738083 125 61 77 1.0703876354439601 34 184 40 79 38 158 35 159 37 176 36 165
351 -1.3193604655766473 1.1271747256592612 2.8939545120442278 107 110 119 0.89445470925551385 26 335 19 308 25 213
1459 -1.154243230076057 2.4623969791138638 4.0557173658421508 135 138 136 0.50818843714833162 34 142 40 78 38 121 35 112 37 135 36 137
350 -0.91947020752448549 1.6130351601400386 3.3348645625592321 136 138 135 0.95871991168484338 26 287 19 278 25 322 20 478
1458 -1.0177598030234407 1.1500895816712553 3.4245485519678605 145 145 143 1.7943158252135678 34 111 40 73 38 126
349 -1.3241923526685784 1.9466779344847178 3.1886949899101014 59 64 68 0.22599407785061859 20 243 19 259
1457 -1.6497425959950653 1.3821559583077219 2.7507458137988672 88 103 150 1.0726062121009563 40 70 38 179
348 -1.8426763786100933 2.9297186014373158 3.6262599529013091 115 114 117 0.92036024722273746 20 297 23 332 19 253 22 437 14 293 15 293 12 230 11 180 13 157 18 118 17 161 16 198 10 220
1455 -1.5568606748328675 2.5074640564126489 3.4163045155821505 73 75 74 1.2543167283911336 34 92 40 62 38 86
1454 -1.2139062831550165 1.7929300837562689 3.1700122043163641 87 38 46 0.46856758579804825 34 90 40 61 38 89
1453 -1.2099364831231583 2.6735067526615777 4.3462520332944727 115 58 71 1.7932269345391039 34 96 38 59 37 53 36 22 35 26
1452 -1.1755729816951068 2.0665607412711364 3.8464473049281387 48 86 71 0.94155096831600704 34 114 40 58 35 80 37 138 36 139
1451 -1.2123193210958709 1.2593217390669715 3.0142382057768087 46 58 101 1.1639767290575436 34 119 38 128 39 243 54 209 57 167
1450 -23.180540698397053 8.1936892107149024 5.1958093954004481 24 22 23 1.2715063406125688 34 50 40 53
1449 -1.2524886909673807 2.0431542572777985 3.5514523051477473 131 128 123 0.92942580563251675 34 91 40 52 38 54 35 58 37 65 36 68
1448 -1.1183123545732971 1.2443012883281377 3.3026576649724722 31 45 81 2.2055487756450698 34 86 40 51 38 53
1447 -1.1495471925286738 1.9751090097981778 3.6102179361652311 47 52 57 1.1719369512852411 34 57 40 46 38 56
1445 -1.112144045721956 2.0921403978147679 3.7296068379020495 133 134 136 1.1064193419826605 34 93 40 41 38 85 35 81 37 104 36 69
1444 -1.0496062227634571 2.9088088910419549 4.1904304794823108 133 130 125 1.8232046874399552 34 60 40 36 38 61 35 52 37 69 36 74
1443 -1.0514138020580686 1.2334093215015933 3.5042716280929418 143 146 139 1.8044272614739023 34 42 40 21 38 15
1442 -1.2210877709113761 1.3803127974489289 2.974974140956947 154 158 161 1.3122897055157412 34 22 40 14 38 17 39 48
1441 -1.4835187490851542 2.0055283967687481 3.0639521404079404 135 134 129 0.48587728142743847 34 21 40 13
1440 -1.2591281282105091 1.5930099067341286 3.256027454554324 57 44 53 0.1036456085426693 34 11 40 6
1439 -1.2410965432669592 1.2776100903090415 2.9985197971588051 50 58 79 0.78777770201056629 31 307 34 367 40 299 38 379 35 297 37 407 36 407
1438 -1.2814281355259041 1.2453131009480145 2.9188720789810181 49 62 108 1.4254894362175572 33 149 34 321 39 374 58 347
1437 -1.1224494878436417 1.307012305746875 3.3487590621699783 53 57 80 0.21470723848765502 31 220 34 305 38 349
1436 -1.1122366921300391 2.6254173494423538 4.0909235603061207 127 127 129 1.067878283733243 31 203 34 277 38 317 35 322
1435 -1.1367654237779734 2.5511699125666558 4.0635909213320156 117 119 118 0.97072241434840745 31 507 34 265 40 273 38 792 35 396 39 481
1434 -1.297024410301153 1.1069149686206896 2.9892236160325307 82 85 90 1.3681663746401584 31 238 34 244 38 207 39 238
1433 -1.1952475831420797 1.5938721130883702 3.3910661227084198 116 116 125 1.6839161644192675 33 106 34 196 40 141 38 258
1432 -1.2189842533426059 1.6538844121590075 3.2939473520520619 35 39 46 1.9935838803899779 31 137 34 195 40 87 38 139
1431 -1.6499444414638311 1.4029598592691694 2.6895829856917937 49 65 117 0.82872184220504952 31 48 34 129 40 71
1430 -1.4438593507501816 1.2595129938846907 2.8874633291444254 51 57 79 0.78357289081096171 33 44 40 68 38 129
1429 -1.5514743107438793 3.1755152746207393 3.6659221956684505 141 140 136 1.2471144557733191 34 44 38 39 35 54 37 67 36 72 33 18
1428 -1.2835910643012942 1.093197096478181 3.2829066108136193 55 72 131 0.8405153934377273 31 54 33 63 3 128
1427 -1.0435688541294914 1.4904458891712464 3.603158202593717 108 110 107 1.1103656734989202 32 213 33 148 41 104
1426 -1.2365335897565684 1.336890613866492 2.9987489403665801 145 146 151 1.0245023347493349 31 154 33 140 34 235 40 177 38 283
1425 -1.1238866811118888 1.1260959045609682 3.2555856311672806 64 81 128 1.5161610729739685 32 116 33 136 34 237
1424 -1.204876294736424 2.6116471108673811 4.0246323267674242 86 88 85 0.93971311829929782 31 125 33 131 34 273 38 387 32 133 40 276
1423 -1.6054971615040894 2.2874704082273412 3.3039178147157338 96 99 100 0.86603666371174715 31 102 32 90 33 129
1422 -1.5116709419026402 1.7725585125718708 3.1100877508191829 85 85 95 1.3264502773430795 31 106 32 75 33 125
1421 -1.7632101807455625 1.3775250928627807 2.6545564119634246 55 71 126 1.6522482202977933 33 91 40 86 38 204 39 195 41 32 32 64
1420 -1.2596033266854263 1.1862767136539432 3.2610468461590716 34 42 54 2.1474026146736276 31 78 32 35 33 83
1418 -1.104228237421051 2.0644329703688511 3.6859941240611009 126 130 133 0.63129947849455192 32 25 33 51 41 27
1416 -1.1561325053784328 1.5045203969499825 3.1769048033969005 46 47 52 1.4429546889832743 31 17 32 16 33 27 41 26
1415 -1.4157890761798697 1.7103525278093252 3.0811123484363852 35 36 46 1.6435172711417039 32 15 33 26
1413 -1.3914848357474179 1.0629374938324856 3.3995421600157818 143 144 139 1.9869845130136186 31 6 33 7 40 7
1412 -1.566011835125861 1.4366304231081015 2.8336282118837093 41 57 97 1.3894582476098229 33 4 34 6 38 7
1411 -1.3716162047136031 2.2868207703128776 4.4985324791226438 138 139 134 2.4749788907127748 31 3 33 3
1410 -1.2027788355831734 1.4617769709756738 2.8918667713390365 65 70 74 1.29263289485462 31 432 32 451 33 161
1408 -1.0910257805561427 1.3464508095896051 3.4645139938806411 124 129 135 1.7683659429531862 31 318 32 283 33 155
1406 -1.4641135568379382 1.0420405641529857 3.0693722326191772 79 80 82 1.2197070558722722 31 206 32 170 33 119
1405 -1.1023337724168412 1.3778795621749227 3.3156274651752295 74 76 77 0.81099948772629993 31 228 32 140 33 138
1404 -1.1609978753138925 2.6668130847189446 4.0709351621576291 124 125 124 0.70264403470581838 31 98 32 129 33 95
1403 -1.1410045244343552 1.1085029244369931 3.2567320110513989 33 50 97 1.0348628174630283 31 243 32 117 33 150
1402 -1.0766415692388105 1.3889354966409027 3.5547664923388664 154 158 161 1.0337932596835369 31 108 32 110 33 94 34 125 40 85 38 145
1401 -1.5293534170383181 1.0848923652718347 2.9956856847082656 76 75 81 0.73684315312083648 31 122 32 103 33 93
1400 -1.1694993986830751 2.0714247629731366 3.8220049649351129 53 106 88 0.97701112194568918 31 104 32 89 33 109
1399 -1.2984277735712002 1.1986010602217401 3.02585010864528 18 31 54 0.86945762309525831 31 81 32 84 33 121 34 166 40 129 38 183
1398 -1.0879649211628162 1.1932211610831207 3.3555339421368209 54 65 94 1.3697567465982983 31 61 32 73 34 154 41 87
1397 -1.1596170537326858 1.3042079486915428 3.1868156706696129 42 58 96 0.55730324129340103 31 84 32 66 33 81
1396 -1.5086454504605393 1.3389391903716952 2.9001746911773743 71 80 139 1.4916425968789475 31 80 32 56 33 85 41 42
1395 -1.502346988697326 1.5151004861251796 2.8238851516819898 26 37 82 0.90998187442794587 31 64 32 46 33 58
1394 -1.2138709708687669 1.332684717188388 3.1303922764745646 40 60 109 0.25144957684948072 31 63 32 45 33 57
1393 -1.1210547526169021 1.2677106256411328 3.266930911579466 35 49 88 0.78789597310006687 31 37 32 44 33 55
1392 -1.5959956479378399 1.5267766855550293 2.7478813284036527 39 50 82 0.53092969168861659 31 69 32 42 33 82 34 168
1391 -1.6455350524165768 1.3220561765678644 2.8590423836362655 49 72 139 1.5261237349612689 31 55 32 36 33 42 34 131 38 138 3 108
1390 -1.3750389485265786 1.1476243641266959 3.2193038737956621 50 61 104 0.6607660548041272 31 46 32 31 33 43
1388 -1.5811200447461526 1.8956233707475745 2.9622101567631511 132 132 132 0.68331916365205336 31 43 32 28 33 67
1387 -1.0469257974381636 1.2541817199440219 3.4413443380688906 145 147 142 2.1926828012227557 31 16 32 9 33 25
1386 -1.3571873479382985 1.0275288233083766 2.8989231427225004 162 162 170 1.0556304768117104 32 5 33 14 31 7
1385 -1.0535137084136477 0.99932855234964457 3.3813331601837402 54 69 126 1.4284173270263605 31 11 33 10 34 23 40 15 60 5 32 4 6 4
1384 -1.2255614228164513 1.4012190558953548 2.9809714110414491 157 158 162 1.6297550932730178 31 12 32 3 33 12 41 8
1383 -1.7144358187025615 1.4395337974716231 2.640786264889659 46 62 111 1.0319179987398497 31 9 32 2 33 13 34 24 40 18 38 18 41 5
1382 -1.8664648920462745 2.7126935984330789 3.6032849541955603 107 108 102 2.8809955820784383 28 653 30 908
1381 -1.3647308233343094 1.1450234703034006 3.2771217363225027 37 48 68 1.5089904621725152 30 858 32 502
1380 -1.5945113395278701 2.5526346568470775 3.3709777459138404 92 96 99 0.44571390957975759 28 544 29 378 30 398
1379 -1.1397933171928893 2.2594636058808333 3.8998115128689688 123 124 125 0.42844941615969934 29 374 30 397
1359 -1.3653731402878995 1.2846763905433645 2.8954169988140941 37 50 84 0.74207534058971658 28 526 31 615 29 705
1358 -1.3592104548564308 1.0786348353262167 2.9403704258026888 82 83 82 1.3641226457801068 28 646 29 683 30 712
1357 -1.3636393112920249 1.1314845526803188 2.9489761843900153 111 113 112 0.81934559401788964 28 389 29 662 30 488
1356 -1.524820797693303 2.3150658010388647 3.281546472796721 101 103 102 0.94722035566508822 28 609 31 678 29 619
1354 -1.562635737075375 1.6321296484699994 2.8521911793604797 78 78 76 0.97586531862632075 28 414 31 536 29 513
1353 -1.1192031044710431 2.1189802910097577 3.7993587212143796 128 140 126 0.3456580090191595 28 541 29 496 30 537
1352 -1.3651517650576996 1.0730373079602138 2.9119906225138288 82 82 80 0.58501869560891973 28 514 29 457 30 494
1351 -1.5056843079481936 1.0090812929293815 2.9677907914113035 14 14 16 0.83116876730827194 28 394 29 452 30 774
1350 -1.2660029308678191 1.3487836310972587 2.9186221445079181 136 141 144 1.6427640632905984 31 152 32 143 41 84
1349 -1.567472013012144 1.8024267165057573 3.0966174252669343 132 134 129 1.1212787394354411 28 356 31 193 29 398
1348 -1.5587005386420245 2.8383268986306289 3.5863528083781526 136 138 131 1.621316952386614 28 550 29 388 30 559
1347 -1.1994182458618439 2.3504100714518708 3.7931509004002373 88 90 89 1.3034979618640035 28 459 29 377 30 399
1346 -1.0861638821733572 2.0526555948752763 3.6976922202295959 60 61 55 1.6869487562700944 28 605 29 371 30 394
1345 -1.2060642870123872 1.2802691027392608 2.9677732634289309 16 22 44 1.1174415307522627 27 459 28 333 29 365
1344 -1.116600893555076 2.1395951897982961 3.8266230095192335 58 96 73 0.11325556699946436 28 446 29 314 30 265
1343 -1.5813249778533036 2.8168172560455655 3.5710578248357221 69 66 61 1.8005239531233734 28 461 29 295 30 223
1342 -1.6302787290534084 2.8370438803066169 3.5720601736423387 104 100 97 0.32505885506424709 28 376 29 294 30 259
1341 -1.6729498125794675 2.8474960362204551 3.5443010515325759 108 107 105 0.55836877614036928 28 312 29 293 30 260
1340 -1.1454361836794003 2.5615811779437112 4.0699721506941717 117 116 112 0.33892978069158491 28 374 29 292 30 261
1339 -1.7203286429554696 2.9836678635814979 3.5975819834335852 87 84 80 0.95517419051376817 28 368 29 288 30 408
1338 -1.1850639161569017 1.2890273829250598 3.2609123245563021 125 128 133 1.4024847525424509 28 445 31 217 29 270 32 114
1337 -1.1659747205462592 2.7677432824060437 4.1531875278376091 103 105 99 0.82344485800804601 28 306 31 266 29 247 30 256 34 333 40 352 38 319 35 416 37 465 36 346
1336 -1.2139794284260841 2.1702224780988244 3.590969469217673 83 88 81 0.7687063589657892 28 315 31 178 29 243 30 266
1335 -1.6069689603587181 2.4228882323720491 3.2713194214204018 58 90 74 0.66617419018463575 28 314 29 242 30 341
1334 -1.6776690203218467 2.8875448739017764 3.5974211137648324 37 35 36 1.6593244224030144 28 311 29 237 30 221
1333 -1.2042738071633574 2.1088969740602912 3.615205480941821 36 40 39 0.73929723952398818 27 365 29 227 30 267
1332 -1.1595801594221857 2.6786618305721444 4.3087482401126316 103 58 65 0.59758169271142592 28 259 31 172 29 200
1331 -1.1449071653888783 2.7351328935780459 4.2320000430122411 116 110 104 0.42862750825845758 28 308 29 197 30 220
1330 -1.1328747745027059 2.5875836629854314 4.1016106299027006 45 43 44 0.44728906828346665 28 261 29 193 30 162
1329 -1.717802669567994 2.8952026908104518 3.575033460058866 39 38 36 1.3470111176970816 28 206 29 160 30 171
1328 -1.2226872730680405 1.8041042161844616 3.1729081900499603 76 25 33 1.3946578581954872 28 126 31 42 29 109 33 49
1327 -1.5174091432190568 2.5365642429887432 3.5530352271385781 151 150 148 0.11109060182332214 27 154 28 90
1326 -1.2219586134924096 2.1289927639378377 3.6363690387123757 48 49 54 0.95556982355053943 31 362 28 667 32 566
1325 -1.7014709332945923 2.8094681646844304 3.4963037568888882 116 117 120 0.78998575361165246 28 661 30 525 29 385 27 715
1324 -1.0985241088273365 1.2953105510241691 3.4323373853219357 93 98 102 2.3707465837739834 31 448 28 612 29 443 3 743
1323 -1.7485532082090844 2.0576142501905976 3.0228777814054943 95 97 96 0.79226789771598971 31 665 28 571 29 488
1322 -1.1225736906398924 2.475119598002534 4.0896371396552604 118 121 114 0.70575918102503998 27 476 28 545 30 391
1321 -1.7555270527553952 2.0389310470308373 3.0076523780614552 49 52 50 0.970889958722576 31 285 28 478 29 401
1320 -1.6763751831850284 3.030215002166154 3.7193573002614966 86 62 68 0.95430766936435241 31 169 28 463 30 412
1319 -1.2206958660219256 2.1335649554940708 3.4933652818213425 86 88 84 0.77518363272111224 31 179 28 452 29 319 30 336
1318 -1.327475723637717 1.3968626418526897 2.9069048667106769 101 112 123 0.74566421861030208 31 316 28 443 32 203
1317 -1.559821216324788 1.5537689023511077 2.7992279911696887 77 87 99 1.5473280170758905 31 597 28 407 27 336
1316 -1.1934152239064815 1.798909259215316 3.4803631023571535 83 84 86 1.6636035173092292 31 276 28 396 29 312
1310 -1.1563692222737545 2.0685005897781328 3.6618443922455111 50 51 59 0.57845409764912703 31 131 28 266 29 208 30 226
1309 -1.518394684837018 2.2863694953817237 3.2740815403397732 47 50 56 0.87277422181775977 27 240 28 264 30 273
1308 -24.071475481541199 -11.836100668816089 33.324207852939288 90 91 94 1.1745064674825421 27 160 28 250 29 171 30 187
1307 -22.834094015532695 -11.448719838536041 34.054618682509769 44 45 50 0.88719018912041303 27 175 28 249 30 204
1302 -1.2157560933548115 1.9414000347793106 3.2998304512597261 156 156 155 1.4325429538361547 31 65 28 205 29 158 30 227
1301 -1.6928252965955868 1.829877037204509 2.9065669342504745 113 116 121 1.9820272387182232 31 88 28 201 32 97 33 112
1298 -25.187412738967232 -10.299338308673997 33.984488108296411 126 125 126 0.3139680864115616 27 114 28 184 29 154
1297 -1.4363021780900211 2.1717950321757211 3.3402977256535471 152 152 150 1.6900767476293996 28 172 32 26 27 94
1296 -23.990293719964914 -11.379252046455447 34.94544797646077 123 125 130 0.71854557088887716 27 112 28 165 29 125 30 126
1295 -26.906932853792419 -11.359921466646062 32.615069610201957 156 156 156 0.82412166740216408 27 108 28 146 29 97 30 104
1294 -24.758367535859243 -10.233495444643257 28.809779633065705 104 98 98 0.64800164924208337 27 157 28 144 29 91
1293 -24.630931728469523 -9.2235884342319885 33.054825634902201 80 73 65 0.50651274997267337 27 43 28 131 29 114
1292 -1.6990724736693565 1.7019707488787434 2.8593417791909466 156 158 153 1.6022745921886334 31 109 28 127 29 148
1291 -27.232746614044533 -12.266026132169758 32.020601653216204 141 143 140 0.66310279778103354 27 68 28 107 29 96 30 86
572 -1.7324022868944668 3.0208959136196225 3.5711274685672674 79 43 53 0.75638994325056252 14 330 15 291 19 184 12 275 11 207 13 169 16 201
522 -1.6932088471794109 3.1063155909756839 3.6515338895999858 86 36 48 1.0000143283775966 34 58 38 57 35 38 37 66 36 37 33 38 31 33 27 63 28 58 29 60 30 39 26 74
514 -1.7159211312429949 1.426211870175166 2.5086376390219658 27 42 81 1.3155519366884265 22 103 24 39 48 77 47 97
511 -1.1435116935723375 0.90313880424189208 2.3360266821637592 150 152 161 1.3044493189143032 19 461 22 648
508 -1.7591337634630264 2.7492357289202554 3.4919490912530504 77 78 82 0.37930829702108687 19 618 22 603 24 442 15 809
507 -1.2605048244843879 1.870007139464791 3.1839462717239386 78 71 72 0.54109786515004732 25 298 24 359
478 -1.0905109254996466 1.2497804785491555 3.2688605840571254 36 48 83 0.1768465371201301 25 178 22 123 24 74
467 -1.6344078284400343 1.3122880481600521 3.0636834107168083 42 58 94 0.49964144155634077 25 107 22 53 24 31
463 -1.882814151682662 2.851698927719712 3.7074436113721214 138 139 140 1.415936806553878 25 24 22 9 24 11
462 -1.2119363065881992 1.3562718263388092 2.9252887223700887 154 155 160 1.2124425921880986 23 597 22 292 24 382
435 -1.5139736900533904 1.2684623536257966 2.8988109303511846 30 42 74 1.2436409352166968 26 329 25 191 22 121 19 269 24 54
417 -1.1431285342732449 2.6438541269789724 4.0596968009282675 107 98 101 0.42432800877388765 26 350 25 150 22 180
415 -1.6942278648072244 2.0718847989945419 3.041337462054833 105 105 105 0.39901710957387837 26 203 25 146 22 182
382 -1.5259273104952966 2.2009404372835402 3.2184538067856452 33 34 37 1.7490948139047446 19 57 25 32 22 27
