# 3D point list with one line of data per point:
#   POINT3D_ID, X, Y, Z, R, G, B, ERROR, TRACK[] as (IMAGE_ID, POINT2D_IDX)
# Number of points: 3076, mean track length: 3.6485695708712615
2875 0.79986523134817034 2.5580445641901566 2.6474275220114376 117 117 119 0.76590041422648814 5 378 32 441 31 388 1 287 29 272 2 366 4 338 30 355 3 376 28 716 27 962
2874 0.71780051566358738 0.016257271707721937 0.96800209452659747 159 128 108 0.55976433608986942 5 363 32 439 31 606 1 343
2873 0.8361725582391285 -0.13529459892272572 1.1544395410514361 142 102 77 0.78175530293578011 5 366 32 436 31 460 1 347 29 344
2872 0.83183001258347 0.0771598396229871 0.68442868160706949 98 81 63 1.5591285010858698 5 274 32 431 31 339 1 322 29 213 2 460
2840 0.90960128811919749 2.3491585084616586 2.5029467619970371 32 34 33 1.5108463429725507 5 391 34 931 32 254 31 424 2 230 30 358
2835 0.83543252269862101 2.2698846586377259 2.5484927934998884 35 37 36 1.1733154891034514 5 230 32 243 31 269 1 200 29 188 4 179 30 243 3 134 28 376
2833 0.58569103466288919 0.73649064790547447 0.86100297255503 173 168 164 0.49066193438387018 5 214 32 237 31 173 1 164 29 152
2832 1.7067356580770399 2.4144078023876965 0.039389820488488853 121 110 104 1.1875827930540988 5 268 32 226 1 221
2831 1.2073800671666899 2.2337461218480303 0.98889653356757878 97 75 77 1.1802375930339608 5 134 32 224 1 210
2830 -0.35751852397925832 2.1883715646826172 1.503112444828089 190 112 118 1.4183005147960037 5 198 32 221 31 393
2829 0.73506436565715061 2.279589619737608 2.6685791122050748 116 116 115 0.92259484287888671 5 188 32 217 29 112 2 148 4 221 30 245 3 244
2828 1.0868058960072406 2.4191674572966591 2.330745689067824 56 52 50 1.0164862427720915 5 195 32 214 31 142 1 150 29 108 2 106 4 161 30 125 3 81
2827 2.7211235132508489 2.6671864058803538 0.74434104766101117 136 138 137 0.74514158202476022 5 235 34 533 32 211
2825 0.84515907319919747 2.8291295913044938 2.6485282838027073 17 19 17 0.82244258017404215 5 175 34 877 32 195 31 150 1 191 29 130 2 138 4 139 3 167
2824 0.74383565942644991 2.6903380247347437 2.7201495929341317 111 113 112 1.6383020038891312 5 176 32 193 31 147 1 147 29 134 2 141 4 152 30 164 3 169
2823 0.88191279836797243 2.611700964626559 2.5707597868897536 114 116 114 1.1012882746304589 5 180 32 189 31 144 1 149 29 137 2 164 4 207 30 219 3 174 28 364 27 619 26 561
2822 2.495289560808132 4.0195335254697273 1.1999832586088384 101 101 101 0.56634977674656073 5 183 32 186 31 108
2820 0.79655124453968307 -0.20181190621736625 1.2027902569212645 129 93 69 0.80995565693791638 5 247 32 175 31 199 1 174 29 166
2819 1.0389114115639884 -0.614523736156253 0.94265753566273136 230 222 206 0.77699154171665752 5 168 32 173 31 191 1 244
2818 0.74520425199450768 2.5962844303403614 2.7071763911088063 109 112 115 1.3064741632585697 5 170 32 166 31 242 1 192 29 179 2 215 4 206 30 216 3 253 28 323
2811 0.28286090629895294 2.2550652667395217 3.173468562392161 48 52 45 0.61826742192530393 5 100 31 105
2810 0.74411996818242176 0.076754700081910404 0.77597614955014338 100 78 66 1.4940406403555819 5 114 6 79 32 119 31 95 1 134 29 63 2 79 4 77 3 93
2809 1.0006226223796759 -0.079522563399363422 1.0951224772083206 109 89 78 1.0692251624574269 5 112 32 116 1 129 31 72
2808 0.45487236423399735 2.228929012686482 2.9244312461859887 53 52 50 0.83890419757730206 5 104 32 102 31 90 29 87
2806 -0.27660618294906658 2.0391924364299441 1.148677163254469 201 171 160 0.74641756759196209 5 84 32 96 1 133
2791 0.9635161076287535 2.6181173884907296 2.5087887527947124 24 26 24 0.88790659556337714 5 35 32 34
2783 0.42214820268643566 2.2266872096992256 1.4127499677319495 210 126 133 0.90867873391764231 34 563 5 478 32 536
2782 1.3360102650382113 2.1160101829129956 1.7978080198313688 90 85 75 1.9879920351763565 34 624 5 472 32 490 2 505 30 551 4 1217
2778 0.41388509564619569 0.07816652865535742 0.75441991935359132 187 142 109 1.8163040269857529 5 253 31 205 1 270 29 162
2773 10.723286947878513 1.3504711366620887 -12.092782355274016 205 153 93 1.5938371744582378 6 107 34 79 5 72
2772 0.28543797045258634 0.97224992059614557 1.3986737400106375 151 120 99 1.4734795789718567 5 71 32 54 31 61 1 64
2771 0.55076426282800861 0.39282380332438638 0.92764098369322301 137 125 112 1.0961657787794155 5 50 32 42 31 27 1 56 29 27
2770 0.79002673051882955 1.7428631401258012 1.2540769996296286 204 214 216 0.19237429834985031 34 102 1 51
2769 12.726559873446066 13.037312036858886 -43.025776427380812 67 67 57 2.0483999652886351 33 17 7 10
2768 -0.8830589332460046 1.9669420101169548 2.0536590388811642 101 87 88 0.98174662481974573 35 1089 7 718
2767 5.0064684155779524 -15.028327192546815 -65.619438904640489 116 106 79 1.0019131914800681 33 813 34 813 7 564 31 573
2766 9.0269178562226546 -4.7379618763583569 -65.988915400406981 175 169 140 0.95189397824485678 33 714 7 445 34 727 35 381 31 435 1 318
2763 4.1577325189187473 -21.012905573966705 -65.850051498281886 154 106 70 0.74759459754157431 6 291 33 268 34 383 7 336 32 322
2759 4.8714999242653843 -16.785231665662977 -66.035920756766842 158 132 105 0.44778372132499272 6 264 34 278 7 188 33 191 31 306
2751 48.279132207428553 -42.715904547517852 -71.01226472904483 122 124 110 0.60152997204998548 8 338 6 509 7 429
2750 0.31793712191121765 2.215857683137862 1.3885067176956407 210 119 133 0.98751446287838374 34 388 6 479 5 398
2742 10.717057775383825 0.28284853246214603 -12.096282670912339 203 156 102 0.69171418392214479 34 445 6 279 5 288
2727 17.184968662727794 -2.9230819258147132 -13.67323481810938 73 113 144 0.66518081711811206 9 56 6 62 8 41
2725 60.073474636772744 -35.955640514381194 -65.599625042129915 178 181 164 1.3930722109353415 8 37 9 57 6 57
2724 -0.48687142965449143 2.0401814982867621 1.8994955910485065 168 180 192 0.29427418924479998 34 70 6 45
2723 -0.44823204845785652 1.9672544139357162 3.1760113026735652 190 213 239 0.96751571518810631 33 11 34 6 6 8
2719 0.70744253778747213 2.1468057084532126 1.818003833209562 162 146 147 1.5795220547841822 33 1013 34 1284 6 635 5 562 31 847 1 402 2 674 4 581 30 460
2711 0.44235967634388329 2.1705082120484955 1.7590495549669936 167 111 115 1.669918479018891 35 288 34 525 6 394
2705 -1.1061717039538441 2.1596821602386491 1.5324470638964651 161 151 145 1.3218560305595595 35 857 33 1599 7 737
2703 -1.1844314753633673 2.104115980195548 2.3817358874430923 157 166 181 0.56934755737744924 35 914 33 1561 7 665
2702 -1.1675727477362321 2.0947793426364658 2.4048755754652142 217 225 236 0.42663594234684671 35 913 33 1559 7 666
2701 -0.042163965118565308 0.52806556081136158 0.32668781118721174 211 198 180 0.38958758285895179 35 933 34 1481
2700 -1.1748086833191014 2.1033854353908974 2.3805346877428319 216 224 237 0.59049368988298312 35 795 33 1397 7 664
2699 -0.8933969296576636 2.0574245104430768 2.618762008300866 205 217 231 1.3547706993156872 35 654 33 1362 7 580
2698 2.2048484830150432 2.4631339111645922 -0.20299262415879407 96 90 78 1.1475067661611591 35 713 33 1336 34 1325
2696 -0.81539205052946151 2.3832022623880973 0.34375844287346036 185 180 174 0.67456411959420659 35 741 33 1330 6 830 36 895
2694 -0.7455535681433324 2.0456120200859984 2.7822771897595384 138 152 165 0.89598947933695106 35 783 33 1213 6 467 34 921
2693 -0.76110271172609756 2.0464046380027705 2.800228012676663 199 213 224 0.89149845713733167 35 489 33 1209 6 429 34 1431 7 487
2692 -0.75010053874387572 2.05026697539037 2.8214329624361008 123 137 150 0.39324287383836148 35 491 33 1205 7 454
2691 -0.44650900836995527 2.0327907486821415 2.4657995544044429 72 67 64 0.92954790844045621 35 798 33 1180 34 1631
2690 -1.1764950178949189 2.1035915431492938 2.3951499505286495 108 116 127 0.39014481606482204 35 650 33 1178 34 1035 7 595
2689 -1.1905515487349927 2.09808834231487 2.3947867445628073 213 223 233 0.1773423377776128 35 651 33 1177 34 1034
2688 -0.88676310477373887 2.0619819860712481 2.6342764413109792 161 173 187 0.69934261601788728 35 656 33 1168 34 1355 6 612 7 674
2687 -0.89332271610662928 2.0627609867434344 2.6430538076424921 202 214 228 0.48005944706921072 35 641 33 1165 7 574
2686 0.94117217565323785 2.1992359169202582 1.3742851540096104 76 69 63 1.7089460685657807 34 531 5 300 31 533 32 219 1 222 29 350
2685 0.96735698831419314 2.2185014626745723 1.4623413290679563 144 137 129 1.2848957458464856 35 454 33 1041 34 889
2684 -0.78392960066080464 2.2535987862385833 1.2989190166666951 188 169 172 2.4875239353434448 35 697 33 1037 7 632
2683 -0.96185659365906495 2.1873839245284614 1.486565572688983 159 149 151 0.51584751119465488 35 832 33 1031 34 1476 7 710
2682 1.8985866589556726 2.2953278268445279 0.74532070832644082 97 81 79 1.2319891970981423 35 677 33 988 34 1096 5 571
2681 -0.87440893587758306 2.0615949300052905 2.6946705364529655 116 128 140 0.54604427309127557 35 483 33 979 34 929 6 469
2680 -1.047725094413223 2.0991263172564469 2.5417798682102712 211 223 235 0.46469387821591468 35 409 33 947 34 938
2679 -0.90676784495931717 2.0633825883363244 2.6200506807359636 122 134 148 0.18782832214873565 35 480 33 945 7 486
2678 -0.1405567317818085 0.81020104269362514 0.5747597907986749 210 197 181 1.9517264158188619 35 586 33 824 34 1343
2677 0.72421375062388382 2.1425143242912323 1.4746777292127455 136 98 99 0.069498136575964486 35 702 34 738
2676 0.80666109913364581 2.2056291705387783 1.5297906969937092 166 155 154 1.656366204873589 35 322 33 782 6 332 34 500
2675 0.58519129987691987 2.16477092721335 1.7184492744953095 190 171 190 0.50994093579988276 35 700 33 777 34 991 6 633 5 565 32 605 31 840 29 431 2 1038
2674 0.66572933010748203 2.1533642879936834 1.7594203912557731 167 150 169 0.87196398729159552 35 459 33 776 34 790 6 609 5 420 32 533 31 769 1 394 29 413 2 965
2673 0.73398162824797164 2.1409953107377757 1.8553995818572879 77 69 61 0.83918489164169363 35 506 33 773 34 986 6 732
2672 -0.064633914245253721 1.745642453351002 0.72558000910517928 225 201 153 1.2448522033645721 35 471 33 742 34 1090
2670 0.2542475399370201 2.2164541141149878 1.4703475947598248 186 96 105 0.58446909429310978 35 458 33 664 34 746 6 607 32 592 31 570
2669 -0.79247963114152764 2.2154899469101879 1.4234086934050489 108 100 105 0.19586698248688569 35 503 33 661 7 588
2667 -1.0800668429007931 2.1688221088038429 1.5536968500265407 196 187 184 0.89947162219248944 35 403 33 656 34 562 7 476
2666 0.45322745384473584 0.049273334789785996 0.78238504562931432 135 103 71 1.1932945637668817 35 559 33 613 6 352
2665 1.8292396411458556 2.314376375999101 0.68978244905488006 132 113 109 0.69306642813099162 35 445 33 573 34 1092
2664 0.1104018897131121 0.90582062265270058 0.56101825869543553 194 154 120 1.2847573524758693 35 463 33 553 34 844
2663 -0.76858470301625326 2.3484026560264177 0.38763103339831045 88 83 77 1.4480634068386784 35 327 33 523 7 416
2662 0.66194739414073012 2.1182409601527143 1.8488116967110968 112 97 102 2.0037438800834129 35 500 33 516 34 788
2659 1.9771774984957298 2.3127816776937218 0.72379257932296504 90 74 74 0.82235077007986801 35 316 33 502 34 511
2658 -0.78194733411689799 2.3971993556224631 0.23716276282347268 128 121 115 0.75142026578059173 35 232 33 417 34 408
2657 0.56695622299672155 2.1649072413855999 1.7716538091867273 123 100 108 1.2144643324446445 35 321 33 348 34 526 6 396 5 404 32 380 31 517 1 395 29 348 2 502
2656 0.079931503633396322 2.1233847515820239 2.0402664201648539 188 108 127 0.49871864107638958 35 226 33 344 34 375 6 241
2654 0.12133410711010442 2.2408445790748956 1.2417762116578615 221 104 120 0.42019810131369267 35 142 33 216 6 145
2653 0.53138688515344989 2.1764276204277846 1.7289297494865807 138 101 117 1.7173084554753364 35 135 33 212 34 221 5 200 32 208 1 208 29 241
2646 -0.96917039397873561 1.9729045501066331 2.2690938074787015 229 241 239 0.93859697818696952 35 81 33 115 34 111 7 75
2637 -0.85455582168041899 2.4243121108013721 0.33230702802168094 86 81 77 1.7246329399597851 35 971 33 989 34 1458
2630 34.606593430187473 -4.9235489523016733 -39.32003356985372 73 90 54 0.25322854741582218 36 483 33 597 37 554
2615 32.117941904374106 -4.4859102561587427 -38.559545479864838 203 199 170 0.65016859327842302 36 484 35 339 33 468
2612 34.124688137394536 -5.3227471108828208 -38.870499207954005 248 245 207 0.22149019550135587 36 370 37 393 35 275 33 295
2611 15.711060919458996 -2.5820164550170879 -13.567066186263286 191 193 175 0.30352782216430846 36 823 35 902 33 1296
2610 22.776237005256156 -7.3435549950535428 -22.216321942758089 209 197 171 0.39071329699897833 36 815 35 759 33 804
2609 15.575718740475999 -2.5920448756114904 -13.128101653391344 91 144 175 0.52131498065139981 36 717 35 747 33 1051
2608 16.135004215589721 -2.5519287273334439 -13.619389940681289 46 97 128 0.31223871142818233 36 810 35 746 33 1049
2607 15.434128939345984 -2.7299303945523827 -13.292643771169992 220 216 191 0.10604895045068075 36 714 35 628 33 800
2606 17.068880305057085 -3.182749375923537 -17.188616546031792 79 69 44 0.43263224575878317 36 609 35 624 33 885
2605 33.659236753501972 -4.9901781167298518 -39.013036694426397 174 184 150 0.23172365328156069 37 805 35 623 36 708 33 1043
2604 22.83468433954744 -7.1794938675380333 -21.825024470742623 226 214 188 0.27405008776503048 36 574 35 616 33 1067
2603 15.657476775256418 -2.2411779192998735 -13.372510150494572 213 217 197 0.49877643291624246 36 660 35 577 33 847
2602 15.80528118531681 -1.9655478629114036 -14.434502838677593 161 165 157 0.07411162868736916 36 664 35 573 33 593
2601 16.608250497220293 -2.8229042898892005 -13.699298762975774 151 166 165 1.3410014250781861 36 616 35 528 33 983
2600 11.615320859240507 -0.6652484331620766 -11.04226607101338 213 165 116 1.3833539691415691 36 347 35 353 33 459
2599 15.278865838659984 -1.8628944323358811 -13.269744116203936 222 218 183 1.4058384916229281 36 315 35 332 33 843
2598 16.577817638027181 -2.0225909915139471 -13.524276678128984 226 233 215 1.8777753137501978 36 213 35 284 33 294
2596 24.401936428254444 -7.7423549488951338 -22.242913491902527 152 140 115 0.31699970265922139 36 221 35 121
2595 17.816833762176735 -3.9228603510452951 -13.262114240354743 145 117 77 1.9570141186451533 36 135 35 105
2594 15.403591535547971 -2.6275686241395615 -13.319261403775892 115 113 93 0.55040195183266905 37 713 35 901 33 1286
2592 0.72551815978935918 2.1497067575419204 1.8748870862565881 201 188 179 0.57467746126175978 36 598 8 390 33 771 34 985 35 501
2591 0.41745449617320035 -0.38248745685375146 0.8389357198687003 98 62 30 2.1241423987937789 9 675 8 327
2590 17.942541627569643 -3.7674760104209022 -17.342729973863438 187 157 119 1.3799878618040169 9 243 36 371 8 322 37 358
2589 15.945492809634386 -3.6672107316942602 -13.671493054699292 247 238 209 1.7035639989047464 9 21 36 32 8 30
2588 2.2101165658572963 -1.2106324247306073 -1.4699445831982429 215 211 186 1.4031339611437843 9 7 8 5
2585 15.251012301375757 -2.3091845889403722 -13.127624781458213 159 157 144 0.96611833954885873 37 718 36 828 33 1046
2584 15.373743045156262 -2.4742093077765244 -13.296853200630691 141 137 128 0.85042608225359317 37 716 36 824 35 944 33 1050
2583 14.876993649405522 -3.1448903610828549 -12.764731726767002 230 236 215 1.3635400495222842 37 558 36 709 33 1062
2582 16.265150063609024 -2.1508682398778238 -13.089135877492447 86 170 211 0.75153074691862776 37 426 36 687 35 572
2581 16.324632376210321 -2.4471596412426102 -13.218590439097417 51 101 118 0.57937807200957503 39 590 36 648 35 579
2580 16.712982864039667 -2.7257715170005499 -12.704324004919878 67 88 96 1.0612999717849283 37 717 39 592 36 620 35 531 6 374
2579 15.534452789370496 -3.0226274319696014 -13.124980237827756 96 165 202 1.4823074606943307 9 416 36 492 35 338 7 657
2578 15.842851842898542 -3.3694980802244054 -14.733499133352625 201 196 167 0.78911205486215064 9 465 36 479 33 701
2577 12.969097812154347 -0.76355648473056281 -12.467269664683949 252 204 155 0.69656812914984889 37 445 36 448
2576 15.878542981970243 -2.1925779224194568 -13.214673389867665 62 171 237 1.0227052492906277 37 427 36 437 35 348 33 287
2574 15.56455852867292 -1.9377571327866663 -13.864621702870943 94 152 195 0.78883172251906086 37 436 36 340 35 349 33 462
2572 21.726880863039305 -3.5311440950352098 -11.73373563333864 202 201 167 0.82389166463442143 37 254 36 279 39 247
2571 11.136524789042536 0.48575756319637814 -11.953263658961056 205 151 89 1.387116891819129 9 247 36 269 6 281 34 298 5 213
2570 18.804882146240868 8.8307349568720266 -14.829544156700898 232 191 157 1.3895937505107545 37 314 36 254 35 174 33 226
2569 24.639539468159342 -7.9822261628862003 -18.79921962102388 174 160 134 0.73158396282248606 9 310 36 223 11 191 8 221
2567 17.29214355130572 -2.8060194307658981 -13.916762852308535 84 154 196 0.68255692422514469 37 67 36 62 35 55
2566 55.723500176358854 -41.122003780279051 -8.3590598307602182 121 124 93 2.0830991419802709 12 391 9 334
2565 15.470952728805546 -3.0881091303700376 -13.252540635897191 175 197 190 1.3483242882572442 11 567 37 560 9 703 36 611 35 667 33 793 6 545
2551 17.553843314808926 -3.0423444589859958 -17.708031632522456 122 110 97 0.81639521779580682 37 463 9 411 36 489
2550 15.472872349591087 -2.9691546875423858 -13.822594121258449 165 182 190 1.3544739329586282 37 467 9 410 7 555 6 645
2547 54.820057934769657 -22.587062177695817 -7.7083119224639844 191 189 161 0.86468704482471581 12 397 9 379 10 336
2546 55.246130551147502 -11.057635108034207 -5.2216408058769046 184 178 152 1.141803281868399 12 382 9 365 10 397
2545 26.155259284143025 16.33951948189647 -31.252858984139497 106 145 101 1.9053700928732777 37 542 9 357 36 527
2544 52.48763279841458 -19.401888336736285 -6.8946252173949354 185 214 191 0.64263477471911468 10 386 12 401 9 353
2542 17.868533402112902 -3.4529168919825568 -18.133841731999944 156 140 112 2.0245177159550432 37 390 9 331 36 486 35 344 33 791 6 536
2541 17.723329900712393 -3.0999042787582614 -11.065659958881794 148 153 148 1.097320392190908 11 297 37 419 9 326 7 325
2540 16.233926661688997 -2.8843578661679801 -13.177757379463449 84 103 107 0.32120989785586346 37 423 9 321 36 478 8 261 35 336 6 377
2539 56.670856916131143 -28.407835666093682 -4.2652796178110615 165 160 131 0.77249237243775026 11 275 12 395 9 301 10 329
2537 53.723473496661569 -36.923263476430996 -5.4541720014010711 165 163 138 0.84407769673867816 11 324 12 392 9 297
2536 51.102567647608751 -37.396041274085313 -10.508922643819657 157 153 128 0.80578599443359433 11 322 12 390 9 296
2535 51.058365208495921 -38.603005453389493 -10.695918910838079 170 146 115 0.81410234555604699 11 320 12 389 9 293
2534 15.782321150270217 -2.9869211608121864 -14.43391131407656 217 213 188 1.5488679802212606 37 284 9 258 36 329 35 204 33 293
2533 15.599111154936574 -2.8750856836830514 -13.515357611867671 230 228 210 0.59469432839626335 37 248 9 256 36 278 8 236 35 151 33 188 6 219
2531 54.760812548298389 -38.93703327479281 -5.8102129374870701 158 160 136 0.82686513396405348 11 283 12 335 9 200
2530 53.975571155576077 -39.111283192433547 -7.2008513167712476 62 65 46 1.0506185582738417 11 184 12 214 9 198
2529 54.064465783671231 -40.190294529756798 -9.7106727570355424 65 68 51 0.88977072880680763 11 181 12 336 9 196
2528 15.870717103776997 -2.5676165294858087 -13.491360011739193 115 150 171 0.62708592800431084 11 172 9 183 8 250 6 157
2527 -0.52941844083534662 2.3647373292716964 0.55255745442203685 117 78 78 0.43033459611203539 11 147 9 154
2525 53.876103732912121 -31.393779634479003 -7.8632821530051134 170 203 176 0.64389196870297993 11 177 12 333 9 146
2523 0.39304049009824427 0.051481319992449488 0.43029686136669265 208 165 133 0.91274737774820602 11 122 9 109 8 116
2521 51.107252820250714 -28.474834653968625 -7.3817979125046023 142 137 133 0.4331366934820986 11 77 12 78 9 60
2520 14.390632626383596 -2.3653770692447482 -14.068033147009157 92 82 70 1.1560991769023319 9 58 8 40 35 26
2519 -0.85670665088748021 2.11413959212235 2.736773609107646 71 95 129 0.4140237174775363 39 1151 11 831 9 940
2518 -0.92943797261897443 2.2269195994328141 1.4295750962340807 203 195 216 1.6522423771758266 39 630 11 809 9 766
2517 -0.9562810012372791 2.2210689494035392 1.4646076979622997 168 160 183 1.0722360502549577 39 961 11 795 9 760
2516 -0.6083624549509169 2.3529896492707021 0.61496702235648215 137 120 141 1.4030532184278173 12 692 11 688 9 589
2512 -0.8720970003157984 2.1088326664669643 2.6520579207518282 195 217 254 0.82064296624958144 39 624 11 525 9 478
2507 51.51682052729987 -29.047250952321757 -9.3109488806009555 128 104 81 0.29628359469231436 10 378 12 507 11 431 9 342
2505 53.688909400717257 -29.990002066258043 -9.147457803515131 189 191 178 0.51866021493242365 10 380 12 505 11 416 9 343
2491 0.31236187326034792 -0.37580190493471832 0.44089204875944937 175 135 110 1.3214907653148822 12 223 11 176 9 188 8 160
2490 16.558611146036018 -3.0122077931900937 -12.864945563956981 71 108 124 0.46150624936949841 39 250 11 173 9 254
2487 -0.74402850604055448 2.0873820308460966 2.9085978012509219 187 207 232 0.90359144821582826 39 76 11 89
2485 -0.41461263322765213 2.0808280810429065 2.4630464327890471 23 26 42 1.7456117906574593 39 633 37 840
2483 16.708894406139777 -3.2159739401422631 -12.797594850646485 105 134 152 1.1018489708073982 39 794 37 661 36 604 35 524
2482 15.717044671973721 -1.7557604531287507 -6.1552846549199147 200 141 75 1.6141893450481717 39 420 37 537 36 451
2481 22.201232804131443 -2.9575510578456368 -8.5649601985651227 110 143 52 2.4529615483768885 39 313 37 435 36 346
2479 15.187639850134291 -1.2971477265061329 -8.883410206548028 221 172 122 0.32083704946123404 39 316 37 408
2478 18.701515659513372 -2.6647591327615712 -10.45217215552224 132 165 75 0.10388585675135135 39 219 37 258 36 209
2477 -0.62772500076761317 2.3539099438316309 0.48634239243628241 67 60 57 0.19434222856619274 39 202 37 213 36 199
2476 -0.80023868716610025 2.3949039469861177 0.38404666775637253 178 171 153 0.67285428050069596 39 265 37 212 36 233
2475 17.431813656529442 -2.5865775675521019 -12.020513440642274 152 129 97 1.5035548107278085 39 167 37 183 35 150
2474 17.125611071825354 -2.2705527466998174 -11.101953006573368 60 57 48 1.0374555647462667 39 170 37 179
2473 18.867312907297713 -2.5788333146667641 -9.3691148357101532 89 123 26 0.53972541607473923 39 152 37 177 36 273
2472 16.193173165309208 -0.99600991969723229 -7.0006691827524445 162 109 57 0.073471621294675438 39 208 37 175 36 147
2470 79.419547640405014 -21.961324403919395 -26.169987213084585 137 113 19 0.25996078325813882 12 155 39 104 37 104
2469 -0.57729757796361347 2.0196440984737039 1.1353080776890574 167 186 203 0.39729743246043636 12 1560 39 1596 37 908
2468 0.32328240993905211 -0.2488054664146164 0.46730651088467939 156 108 84 0.60447223236083236 38 758 39 1048 37 816 11 872
2461 51.334719061536809 -13.61072766724744 -11.224175448236144 244 253 232 0.73912046602475989 12 522 39 574 37 454
2460 33.943160877100034 -6.3066759024028753 2.1188811893166224 222 216 200 0.26047773883058678 38 456 39 531
2459 54.112160066935402 -13.948025472902101 -14.77908342877441 108 105 97 0.35881215435621394 12 747 39 434 37 455
2458 53.465652592136429 -14.459332355484246 -13.011686297056798 173 174 158 0.89375542893499349 12 525 39 433 37 452
2457 45.089159564853198 -6.6477128766996154 -5.0700875872711428 102 86 71 0.29646915926782252 38 384 39 409 37 413
2452 -0.75723242369861754 2.3814764056272169 0.35413704375216287 77 82 88 0.71684820501669355 12 275 39 336 37 304 36 296
2448 21.312030489382 -3.4252699350161038 -7.2469039187681945 162 178 133 0.51238639145705311 38 181 39 220 37 259
2447 40.087007847295936 -5.824996712509197 -2.0875139133425304 124 117 101 0.75847617150410629 38 220 39 184 37 253
2446 20.87287449640441 -2.9890875851143388 -7.3695458535344862 101 127 27 1.3359473680201894 38 158 39 181 37 260
2445 30.964078507425437 -5.0674635060396014 -6.6622967106533926 213 207 207 2.1823297520467038 38 129 39 173 37 92
2444 54.623671873109501 -14.168866494007748 -13.694501055796581 100 110 98 1.1105210245965158 12 228 39 160 37 132
2443 -0.74984412779920084 2.3773542504443022 0.47029888969429612 123 125 137 1.7641905640916855 38 75 39 107 37 82 36 97
2442 1.0637485367714661 2.6396276031760797 -0.17665252076512497 196 198 184 1.8805757168697124 43 27 42 17
2441 1.0800540539194492 2.5287674612433277 -0.78534795273724567 160 145 119 1.1495072181376715 14 985 10 799 12 1376 40 653 38 791 41 400 42 437 19 1482 18 1687 17 998 20 682 43 750 44 644
2440 1.2626390569401005 2.4887378528288489 -0.54651433021291651 83 75 62 0.95923382598684737 40 671 38 789 41 460 42 441 20 675 43 600 44 661
2439 0.54570062132565578 -0.12730667388311265 0.27429628284051089 150 117 97 0.66077015348111889 41 548 43 912 42 487
2438 1.0396487734806277 2.3900830460438147 -0.069661070268836098 119 112 104 0.67922912412439673 41 454 43 439 42 348
2437 0.82366430003866919 2.2518308717146081 -0.10764661137658443 170 166 147 1.1389423139226491 43 344 42 347
2433 1.4036437210409352 2.5284455647347137 -0.86856228418121595 169 166 159 0.30350880214200543 40 860 41 651 42 505
2432 1.3675573980163056 2.5243800477912708 -0.86621542650799921 196 195 177 0.60956175234812926 40 858 41 650 42 504
2431 1.355328166553498 2.5372185737414914 -0.8839402372783669 193 190 174 0.45253794264577496 40 803 41 649 42 509
2427 1.045547059033463 2.549388545974197 -0.81050245576015056 202 204 199 0.66060511084769713 40 840 41 568 42 457
2426 -0.31093623134832266 2.9546370290125323 -0.78592041366116139 33 34 29 0.45480333016972263 40 834 41 482
2425 0.15380617535867003 2.5460288899360521 -0.56707875126552332 188 154 145 0.73901600840479797 40 557 41 439 42 387
2424 1.0327111134982794 -0.74672943208067744 0.47414363763018991 166 123 81 0.08108366174573356 40 428 42 247
2423 1.2230245206328207 2.4929780934779378 -0.57192176399720951 211 212 197 0.33280242452335623 40 463 41 262 42 290
2422 1.7479402093557368 2.4920652531531524 -0.60090661182336358 222 224 203 0.21275281393746046 40 298 41 174 42 189
2421 1.0972979965347036 2.5527241826282014 -0.95265193645916169 106 99 93 1.2813078652567438 40 218 41 167 42 135
2420 0.0031204557223036954 2.5356289918239563 -0.69698399271851053 113 109 97 0.51219649238183218 40 278 41 160 42 204
2419 0.47664880086571326 -0.29469170696732272 0.17187511154500199 204 168 130 0.5483607444189138 40 188 41 154
2411 0.3069188692192219 -0.26133448541673182 0.51774579789181241 134 84 55 0.74489956850040262 12 1271 38 841 39 1417
2407 -0.94361097351350842 2.2713935621825923 1.4761566821002132 128 130 146 0.78586195420336902 40 746 38 778 41 560
2404 0.32476125277486262 -0.28872686841097467 0.48479049597201529 88 50 29 0.69440303313506491 12 758 40 536 38 665 41 496 39 913
2403 -0.86153950830395454 2.3853394726644779 0.3595453784903665 78 87 93 1.5285124935166365 10 681 38 640 39 1224
2401 0.75325745196877925 2.5242879259049049 -0.66974191712645659 82 68 65 1.5628424022880318 40 547 38 627 41 432 39 873
2399 1.0149000898610223 2.5404483945797618 -0.93043328838542516 100 87 85 0.65146737243782793 40 435 38 601 41 271 42 267
2398 0.0043062242782764184 2.440803421775426 -0.6698254505818898 62 55 54 1.2940294943366937 40 344 38 570 39 762
2396 38.526218543266722 -7.4108558935953583 1.3224191488216357 212 156 113 0.14620867273582108 10 455 38 554 39 541
2393 0.87213211934750989 2.5728827640212795 -1.1237776532350356 104 92 91 2.0584919327132565 40 312 38 499 41 224
2392 1.7176212380836191 2.3407477697647177 -0.15160763878064451 77 63 50 1.9142113365221938 40 346 38 490 41 257 42 295
2391 53.270266149110284 -11.466518021378022 -6.2975423823378565 233 179 161 0.76293003790468072 10 488 12 471 38 442 39 449 37 469 9 498
2390 0.3551099553309135 -0.32379486455542361 0.31532104627783425 166 107 65 0.60127568334663817 40 387 41 332
2389 31.998878784623525 3.1546850575852168 -0.40562149907402983 23 17 1 0.81927868224500722 10 302 38 415 39 559
2388 0.32425150312876871 -0.45409257922548657 0.38107178869243941 167 117 68 1.6874659506618837 40 358 38 402 41 289
2387 39.020667927353919 -9.2520239812997751 3.5964151497258015 210 185 147 0.17901806670164128 10 362 38 387
2386 0.0089019853745003468 2.5354900776922564 -0.70385307522466833 132 124 121 1.1141342743192653 12 573 38 366 39 365 37 478
2384 -0.88595021481680802 2.3700086805203848 0.46375136656046706 104 114 116 0.91283147509127238 40 272 38 358 41 278 39 385 37 363 36 396
2379 34.799001584526437 -7.7342172641436271 2.9932809530525777 237 113 46 1.9495882828676996 10 346 38 128 13 250
2377 0.75218642388639689 3.3004747163006334 1.4096517909869866 223 230 206 1.5256910293028954 40 1 38 0
2376 1.0243341190096698 2.5363578065717296 -0.78494349633840665 109 99 94 0.6942892646267057 10 872 40 777 41 429
2375 0.11856364771346392 2.5183295751785981 -0.57506737476984227 137 92 83 0.88531555968912334 10 787 40 744 41 575
2374 1.0115878441737569 2.5338151331919616 -0.74104130744600405 176 169 154 0.58268496373595979 10 798 40 673 41 563
2364 -61.332905797938182 1.490235205390156 81.43351297900395 195 168 138 0.67739470532513835 46 499 25 459 54 335
2363 -35.21458204969921 -3.1212368317815278 23.986074454044687 122 124 119 1.0742842773589103 46 715 25 369 26 367
2362 -31.027344433537291 0.19838650724055215 19.449441432785061 138 135 126 1.0192510800251153 46 289 25 341 45 271 26 222
2357 -38.287355222641096 -1.8165213285542481 25.214706504699308 138 135 128 1.95700330098673 46 168 25 135 26 147
2356 0.17131639531608053 2.6063996888966443 -1.2702717538336554 120 107 118 1.5744408567300685 44 262 45 337 54 508 60 353 55 462 56 379 57 557
2355 0.090176701411892074 2.5267870004326123 -0.77106254676603869 83 67 66 0.59183919776429694 55 832 60 542 58 718
2354 0.084379521355683371 2.4921603787267363 -0.69139860546471366 159 123 125 0.76361696143018865 45 1238 60 514
2353 0.20284425790498467 2.399112489029823 -0.55951579304942367 99 76 72 0.58556518432671745 45 324 57 649
2351 0.24958650438773225 2.5306970407539171 -0.77422232701333515 108 71 73 0.65646575282510145 45 689 55 713 56 802 44 663 46 1203 53 989 60 539 58 889 59 777 57 949
2350 0.59404028812215548 2.5138130441954312 -0.6515338327819018 88 70 69 0.64680252613661804 44 516 45 548 46 727 55 707 56 568 53 830 57 947
2344 0.14331621299088471 2.6146806700979823 -1.3056358367873104 38 39 33 1.5480332091051452 56 1458 60 406 57 1075
2342 0.094980397928921767 2.5074784302794018 -0.71237589329637641 163 125 132 2.1527023594134871 53 851 55 719 60 543 57 912
2339 -17.639299709286984 -0.04107427185105831 43.279144157001262 123 133 135 2.4080593131444519 22 108 45 97 23 130
2338 -26.250837770159293 -17.214240108226154 61.068258097990409 171 182 174 0.34692438445849599 19 851 21 826 23 765
2337 -29.080268103001043 1.477014258113039 15.954955121408483 150 146 138 0.75734977363279787 22 798 46 538 23 720 26 464
2336 -14.265414804277043 -26.292998975200774 42.058078983579342 116 133 143 1.5056374178814151 21 991 23 678
2335 -20.742218357499858 -24.652193581425571 57.298703180316942 160 170 175 2.4322930246826742 19 462 21 459 22 548 23 646
2334 -21.190832188627908 -25.270122871673362 57.30737657727277 145 151 151 0.97030913833630239 18 781 19 601 21 837 22 720 23 645
2333 -30.166872833983032 1.6052462664745399 16.997664697363337 181 179 172 0.26017159760531433 22 670 46 642 23 553
2332 -28.308659870625956 -28.030749127033211 55.927032341665601 177 188 190 0.55936308422668068 19 465 20 348 21 588 23 509 22 382
2331 -21.247855766434132 -39.615750155256571 50.458124644874168 152 159 167 0.30787496227432309 20 639 22 763 23 493 19 1057 21 1004
2330 -23.20723151794779 -40.808638723324862 51.296577220727833 129 138 145 0.84222749182780687 20 468 22 586 23 492
2329 -63.952882105565664 -37.561481690430469 91.563344217362925 252 254 252 2.5080060180415056 20 342 21 462 23 463
2328 -21.407906644402871 -1.5620219660658552 55.04285880473418 135 148 154 0.88771513748826669 22 398 45 436 23 416
2327 -19.403458536178984 -23.339432599460014 55.272941334775538 119 131 144 0.92554315152268818 18 554 19 599 21 460 23 381
2326 -17.375201033688793 -37.091654295882797 46.13276808012661 120 130 139 2.640129804501901 19 186 20 217 22 414 23 364
2325 -30.04291181640945 1.1889391644690774 16.962887327625761 123 125 115 1.2553768833444254 22 392 46 344 23 354 26 376 25 347
2324 -20.244612506757168 -25.56892908739708 55.559382301031533 121 133 144 0.8623185100663221 19 350 21 342 23 325
2323 -33.260839532443775 -26.702563326583874 64.563240410470598 135 150 157 0.82098606630575643 19 240 21 216 23 211
2321 -41.024111238009887 -56.792248735254553 68.669431155631443 197 199 195 0.62778543557941247 19 183 23 153 20 153 21 170
2320 -45.347431659239689 -56.436865840100204 72.069704143599424 189 187 174 0.45723418984885489 20 157 21 169 23 152 19 187
2318 -24.286422765202094 -44.068088982360287 51.811890799220997 141 151 155 0.48434672338851242 19 46 20 79 23 67
2317 -22.49104099507279 -42.072178715451074 51.952786392464525 177 179 176 1.4849404973357523 20 101 21 112 23 66 19 113 22 137
2316 -31.773149071767214 -26.88419293730535 63.020594355846519 134 148 157 0.50751430294858979 20 69 21 66 23 54 19 71
2315 -10.509919473795888 -29.520281912580668 36.720366428309148 116 107 90 3.0976433883425143 21 250 22 351
2314 -22.626024014245122 -46.922532945633364 51.43913147287914 165 159 134 0.32809210022387325 19 1617 20 1553 21 1544 22 1476
2313 -21.789169879736534 -46.396678883054449 49.853122726941734 161 153 132 0.45962795168134774 20 1034 21 1545 22 1340 19 1616
2312 -23.931380078161993 -51.813947214644081 54.438826770231621 209 200 171 2.4868793443619528 19 461 20 507 22 1080 23 745
2311 -27.324339293638953 -14.27077168673579 62.580394599413644 173 173 157 0.41866650834798858 19 850 21 823 22 930
2310 -37.587183554322827 -2.1188827638830698 81.440560597491071 196 197 166 0.61257121638433709 45 524 22 920 23 728
2309 -18.435650609688402 -38.072183106018478 47.1290769332306 100 96 88 0.49000587318075989 19 1051 20 596 21 1127 22 914 23 499
2308 -18.66623060338955 -37.636055279901299 46.641914757634112 171 165 144 0.12038054059723467 19 1621 20 1022 22 913
2307 -10.807769476504939 -22.953628950821894 37.858967806799669 92 88 76 0.66424865465320171 18 1164 19 1197 22 905
2306 -11.621129943807142 -0.65749793011199897 48.366589098002585 91 81 71 1.6956060139250573 44 617 22 829 43 582
2305 -20.505244304775733 -20.753459694598565 54.141525989564457 113 115 110 0.45867297573282967 18 773 19 860 20 621 21 833 22 827 23 516
2304 -27.448143268163346 -13.592208828005894 62.808160114613813 154 155 141 0.42097676461266187 21 822 22 820 19 628
2303 -4.0515132493292674 -24.664699344491066 41.745732427039272 57 52 49 0.49896758171893202 18 1171 19 1151 22 786 17 637
2302 -13.73426843800126 -27.28648637611354 41.025075795079452 142 124 100 0.27595709753253883 18 1160 19 1062 20 759 21 1132 22 784 23 675
2301 -9.0302980183138519 -31.344701209411873 35.786921996793254 104 98 82 0.5294021678618851 19 643 20 510 21 673 22 757
2300 -9.8529810610794275 -28.998624450300525 36.229011139937825 146 139 120 0.51478900748452716 18 752 19 1052 21 968 22 755
2299 -20.363860088917441 -39.587957868586088 49.831394962546689 171 163 147 0.40464291318085649 19 1055 20 598 21 1010 22 754 23 495
2298 -12.596053036227975 -24.170470261401601 40.845474872396075 93 95 82 0.28488764356670676 18 1167 19 1043 21 1139 22 729
2297 -10.480185197225845 -24.531920322840477 48.400084407729956 61 61 53 0.43662913380810159 19 827 21 1100 22 725
2296 -19.398368496461828 -24.488040432292944 56.685205121342392 144 145 139 0.42083520091031323 18 778 19 600 21 836 22 719 23 511
2295 -19.824736262935392 -21.802232952391051 53.173252845222748 113 116 109 0.46767676117096685 18 776 21 835 22 714
2294 -36.797514591305436 -1.1991116133227737 80.942322105679054 216 216 189 0.18021646938125294 45 308 22 678
2293 -3.1083147133561644 -23.105141303481627 39.604212618285274 53 48 43 0.57989309554486002 18 488 19 670 22 617
2292 -12.835567960475377 -25.045707772131205 40.035626904929067 132 121 102 0.95876235541873511 18 745 21 1002 22 612 19 1046 23 494
2291 -13.659320558803364 -25.772832171983286 40.845127274498239 190 176 154 1.0805982650842989 19 678 22 610 23 486
2290 -12.147395948652813 -25.406615987138956 42.540211295775407 151 137 124 1.111537061742639 18 739 19 674 21 662 22 609 23 334
2289 -12.855101597696811 -23.925121691850197 39.673024965522494 99 90 83 1.3399172156465857 18 740 19 1044 21 651 22 608
2288 -26.417407120099227 -30.094893544955724 65.604306507527156 195 189 165 0.3291392625718837 19 605 20 529 21 582 22 607 23 510
2287 -7.6533253475409664 -23.429760061836951 42.848690848873197 128 119 107 0.31265779887148182 18 1181 19 1037 21 992 22 606
2286 -15.577737367113965 -23.409007317962583 53.73810642447792 76 72 67 1.3515890630937282 18 553 19 470 21 458 22 598 23 361
2285 -20.164239193956888 -25.858905619006297 57.487045927067889 145 146 140 0.73387918481485193 19 602 21 581 22 597 18 551
2284 -20.822816749734748 -45.68063973621441 49.198942934597923 189 182 156 0.48969774439848035 19 546 20 384 21 416 22 595 23 502
2283 -22.413342520499668 -47.25708164349534 51.321406365440907 124 116 93 0.86391466843635401 19 634 20 508 21 636 22 594
2282 -16.922421640398611 -36.088568589123 44.169041733563787 202 197 178 0.57004088609647774 19 1182 21 670 22 591
2281 -14.009235599103402 -31.840332787616791 40.668741352247899 138 126 102 0.27785006064163253 19 640 21 667 22 590
2280 -20.958324460423203 -40.134097327646053 51.170045610733325 93 93 81 0.78210825964516251 20 640 21 668 22 587 19 1056 23 485
2279 -9.0102019773732156 -33.532452978032019 36.325465006683594 96 90 76 1.0809131453345373 19 647 21 625 22 581
2278 -14.644393846830509 -29.064068600782203 41.449509610151281 96 98 86 2.4372026052020721 19 648 22 579 23 747
2277 -2.8969887422671738 -23.751708808684558 39.894611984059161 142 135 125 0.92527954177291694 18 799 19 661 22 576
2276 -28.742387403621528 -13.07621667880597 65.233316895854983 127 128 111 0.28398077661256982 21 451 22 561 19 425 23 454
2275 -22.559120608663875 -22.885060445445479 57.250836319108181 178 179 163 0.97425707372584147 18 343 19 473 21 461 22 544 23 514
2274 -24.691100553064025 -23.700945974358248 59.627463616068255 185 182 164 0.2681479286908382 19 597 20 666 21 580 22 543 23 515
2273 -24.985653605726593 -22.484122532813412 59.596653774857657 190 184 170 0.53635127454251541 19 595 20 515 21 576 22 539
2272 -18.326259532792452 -17.88630406374579 52.558939654929567 131 133 128 0.61572117798808046 18 786 22 533 23 464
2271 -23.321293760899859 -17.267273443276903 56.240604375145622 182 188 178 0.75773495915532241 19 478 21 448 22 531 23 459
2270 -14.102735229710262 -33.855771498295411 39.516697894370388 166 150 124 0.58625132683662162 19 641 20 512 21 672 22 518
2269 -14.097644198793105 -29.400848688537497 40.472078337883119 194 186 160 0.58532614647016024 19 480 20 402 21 472 22 440 23 489
2268 -9.1270470456859965 -24.621899890920332 45.394441389752551 71 68 59 1.2958521234900959 18 386 21 446 22 436
2267 -10.597633776292795 -25.402159553550092 40.252184597773201 105 105 96 0.46452592479827681 18 521 19 679 21 654 22 435
2266 -12.002920055871254 -24.242124548006625 40.00724256892557 102 99 92 0.54252853047101912 19 489 21 568 22 433
2265 -7.4358552175507562 -23.922928922666873 43.064333086626334 146 140 126 0.62126548469750931 18 795 19 1038 21 594 22 432
2264 -11.415352829379554 -23.485307288956342 40.104358450383216 85 77 74 1.8082987734678058 18 380 19 491 21 579 22 431
2263 -7.2445243241506683 -23.319677317994866 43.212693558235706 142 134 120 0.89560325932980556 19 667 22 428 21 995
2262 -13.858455682948287 -27.479967564725911 40.574744603289894 193 177 152 0.40464983716679831 19 360 21 537 22 427 23 371
2261 -24.942759240935683 -53.148515021302586 56.675465139309338 119 113 91 1.263811458505343 19 182 20 194 21 245 22 423
2260 -23.058904727683093 -41.499489522694262 53.197518560951487 90 90 80 1.3731206465693331 19 441 22 418 21 235 23 491
2259 -13.421789324031113 -34.020073225753215 39.353128292454805 178 167 139 0.42514994103235537 19 434 20 390 21 420 22 417
2257 -12.047288403553827 -29.549636976239334 37.89299059332992 122 114 91 1.095114882966715 19 639 20 396 21 665 22 412 18 751
2256 -12.137072145653423 -30.129188879651899 40.782477773252658 112 109 94 1.3187475999726868 18 372 19 637 21 660 22 410
2255 -18.600499973125796 -16.510822617705163 52.863022970651798 141 146 140 0.86334315286695185 18 643 19 476 22 400 21 457 23 385
2254 -10.007747933226476 -25.192354355981347 47.787988266865334 143 138 127 0.38170457109660888 18 496 19 665 21 591 22 388
2253 -15.257366890017181 -22.246097448783875 46.93264226535404 176 167 157 0.27850234080163916 19 863 21 840 22 383 18 1226 23 374
2252 -24.37567102820266 -26.896396762036161 57.055755355153174 165 161 136 0.87169795657036886 19 466 21 454 22 378 20 279 23 376
2251 -23.614742678585497 -28.157013985965389 62.349117469189636 194 179 156 0.33875741454676933 19 348 20 346 21 402 22 376 23 377
2250 -28.886902085674318 -26.525594918406451 56.883889742484548 162 160 146 0.48878727770272129 19 578 20 347 21 583 22 375 23 380
2249 -3.0365644411286752 -22.998509599752801 38.02338851316599 123 113 101 0.81653149875223796 19 676 22 367 18 754
2248 -11.986909761875681 -29.262429875832602 39.005073620752533 174 169 139 0.72673474811711136 18 276 19 362 20 374 21 470 22 364 23 322
2247 -17.489853900193541 -36.848852441033408 44.853613550516407 197 190 165 1.6418511907871558 20 188 22 363 23 321
2246 -12.991031566677346 -33.848909213520749 41.452735629139973 145 136 119 0.7602174919148259 19 437 21 396 22 361 18 513
2245 -11.674145165072209 -33.887417970358861 38.616408278424288 128 121 93 0.43839451645409755 19 367 21 327 22 357 18 313
2243 -22.718704473569364 -20.389309455279886 58.219003268706786 97 103 103 1.5935753646041162 19 317 21 344 22 305 23 328
2242 -24.349927009544214 -29.140693316303299 62.251516051497809 92 93 85 0.65791989607197598 19 271 20 280 21 341 22 302 23 208
2241 -10.019622904827381 -24.378026492671072 47.765949510228538 65 69 63 0.93014513216107308 18 393 19 463 21 453 22 296
2240 -10.712506225515883 -24.452615425063925 47.479430174468717 162 156 140 0.36441236303053193 18 287 19 351 21 339 22 295
2239 -8.1082576081117246 -23.467125334830083 43.63034055810305 195 187 168 0.15388766804585111 19 495 21 447 22 294
2238 -11.080733576835147 -26.373351072638936 45.268738056601663 123 114 105 0.25176028466871297 18 381 19 492 21 484 22 292
2237 -15.926560551159957 -23.358438392302325 50.402044722871459 83 84 79 0.95432860544079501 18 395 19 467 21 444 22 290 23 205
2236 -6.6125191170795388 -23.424316146131204 40.749260544838066 140 132 119 0.57236283727658455 18 489 19 669 21 595 22 289
2235 -3.8213401943703662 -23.420536279879062 38.678520420143407 181 174 162 0.88479191747350838 19 479 22 282 18 283 17 230
2234 -3.7556046246569657 0.0395995144776616 30.726483107246722 189 170 143 0.77351513622371071 18 258 22 279 17 173
2233 -4.0123868341806368 -0.84002011570154234 30.171997253909741 193 167 108 1.2858804207470242 18 256 22 275 17 236
2232 -22.516592625805849 -21.315943153633235 57.348760696611762 195 189 160 0.51318799029134388 19 167 21 217 22 231 23 212
2231 -39.497529216884153 -30.761367564615028 78.288806260188025 226 208 168 0.98894531656729057 19 238 21 236 22 230 20 192 23 214
2230 -7.4369101601806671 -23.235742734161747 40.984501532478788 65 64 59 0.39196987329364374 18 383 19 353 21 336 22 224
2229 -8.9790280827240654 -26.923411746403723 35.023279803347876 84 81 74 0.92337071325664333 18 188 21 252 22 221
2228 -7.7905347629811388 -29.3711003571925 37.043496013245047 111 108 91 0.62437914543248829 21 328 22 220 18 371 19 364 20 340
2226 -2.4046402970854288 -25.257208304784001 38.528273332925693 112 108 99 1.5473945461017509 18 279 19 483 22 211 17 256
2225 -29.980596117957855 -28.591747464938077 65.252043442490617 156 144 118 0.6635480075086545 21 151 22 157 19 166 20 155 23 146
2224 -26.931589236751652 -28.069879122412278 62.771893610940616 98 102 94 0.49334545595686963 19 165 20 163 21 149 22 156 23 122
2223 -12.684978608681599 -30.496678835461562 38.845836033480062 128 122 98 2.4136946415686875 19 188 22 144
2222 -9.1596160397237334 -0.46081133296417609 44.12771673805792 77 73 64 1.2142258347882433 44 73 45 99 22 106
2221 -16.934593172411251 -23.927338603331293 54.697030852592178 161 158 143 0.34345069277728907 18 79 19 117 21 136 22 103
2220 -7.3231459268197963 -24.044361415809231 46.093168983502466 61 60 55 1.6579075595566934 18 130 19 162 22 102
2219 -22.173259464351649 -25.478556905837305 64.690364975246368 83 86 80 1.5026821470008114 19 51 21 48 22 62
2218 -4.6794508988808294 -23.323691668713444 39.897398186578506 57 56 52 1.2918456251579595 18 93 19 119 22 59
2217 -15.828919624126616 -27.721229085097246 53.220694942336117 77 72 70 0.76037981283379141 18 16 19 15 22 21
2216 -42.622274292695565 -54.968150500936765 66.13050446333439 221 223 210 0.23326514010818303 20 597 21 970 24 785
2215 -36.685132296563673 6.3151971058581493 64.258846861508445 145 145 145 0.37229987331414582 19 660 21 646 24 737
2214 -36.869739368737697 6.131550929811767 60.739084204917738 141 145 146 0.60419534839489475 45 818 46 640 24 694 44 521 54 460
2213 -46.533926006853854 -55.628633299006708 71.940447658703903 225 223 208 0.58452634496794509 19 443 20 513 21 663 24 517
2212 -63.107280718474676 5.4642425325131532 79.15210021270947 207 176 151 0.68670870424948893 20 497 24 508 25 534
2211 -53.912065068889547 5.1284006212036761 79.463020088806331 199 160 128 0.29977775752058389 20 469 21 509 24 506
2210 -30.734888241477648 7.5107525128240509 58.824618695030658 147 147 146 0.57990975619221707 19 507 21 523 24 455
2209 -44.532663487944845 5.4282155746043079 67.199541562803176 133 134 129 0.97746721200392972 20 442 21 512 45 270 46 252 24 454 44 217
2208 -60.173661333753991 8.8604001766642035 60.246445329504581 211 213 200 0.44099687279914507 20 246 24 448 25 417
2207 -46.719801618683285 -56.085945632485597 70.629802869671792 232 231 211 0.22253609277836281 20 401 21 469 24 382 23 372
2206 -48.651031564793158 5.3463193744244562 68.910657253633119 189 169 169 0.17596261183178055 20 441 24 348 21 511
2205 -59.996073067247536 -57.721648169007835 82.690205711861637 173 178 181 0.86762291147456072 20 276 21 474 24 322 23 505
2204 -28.675159040857242 8.3725831244346267 61.785972709243055 157 160 153 2.2981127570102728 45 281 24 319
2203 -72.560231563143546 -2.7726193961224781 69.663500546535104 209 243 244 0.55122815391151359 46 437 24 275 25 276
2202 -60.575498530032725 -56.028345749971933 81.960610299951583 249 251 248 0.6051521312563245 20 277 21 333 24 208
2201 -61.806445274323188 0.98095471698961678 81.601217329447678 239 213 187 2.1882163983621776 20 206 45 98 46 98 24 191
2200 -67.503398315989372 -0.73268889614705357 85.139326096700344 157 155 143 1.882319584978916 46 99 24 185 45 183
2199 -55.408008340759565 -55.461334255284449 77.619746002201481 228 230 216 0.24100373391257079 20 222 21 253 24 156 23 181
2198 -51.246280278041567 5.0678084165195401 91.032317372087576 110 109 105 0.30496723538641235 21 191 24 147 19 216 20 190
2197 -56.175170496949306 -58.630201756682496 81.937616985940508 146 151 155 0.30796505293871218 21 165 24 134 23 150
2196 -78.144311376376848 -0.46752666154236838 76.144739744817514 165 164 144 1.6751755457991357 45 58 46 48 24 107
2195 -55.205820504421574 -1.8424854246862177 82.268479340250551 141 138 131 0.69421712703125804 20 109 24 87 21 115 23 134
2194 1.9610266026220182 2.2962523270000923 0.74479570122415406 123 88 106 1.1590091599781327 43 272 44 278 45 245 46 227 54 509 55 430 53 513 19 1220 20 571
2192 1.8938449480222344 2.3646994444773353 -0.093181323456222098 166 158 139 0.679804725631731 54 1024 53 1306
2189 1.6595422806019153 2.5026613727732143 -0.76241266999483792 61 53 42 1.3781918126624739 46 1146 53 987 60 632 57 1531
2188 0.067549163664588616 2.5190612074405339 -0.62160861199707174 152 112 116 0.66840938457275401 56 733 53 840 60 545
2186 0.0011821011018818342 2.5234486738448929 -0.70554061220964359 128 123 117 1.1453576070706373 46 736 53 620 51 408
2185 -0.79965307686399301 2.3295015315553562 0.32971546287419601 177 178 173 0.7247240327342559 54 881 53 591
2184 0.87524608152645034 2.5820387319103761 -1.1220818897489349 107 92 95 0.59849595416020407 46 308 53 517 56 476
2183 -32.632698835080767 8.3112901547383284 54.69485378646457 111 115 114 0.75650657844439051 54 700 55 429 53 433
2182 -34.781820769617639 6.6691548814371613 63.903486736202353 196 206 207 0.49557420167263122 54 712 53 315 46 670 55 281 44 879 43 498
2181 -31.523435753239561 8.8219821395848044 56.47295739700796 127 131 134 0.85454120119171773 54 531 55 419 53 309
2180 0.79968287131115234 2.5398225970828703 -0.97409170506139942 87 72 71 0.65470232926033511 46 140 53 271
2179 0.87929189413310571 2.6093994393006334 -1.2873973682489934 97 82 89 0.58114616942767416 46 219 53 238 51 205
2178 8.1519907915120484 6.1451259758492096 1.1210789469066433 163 146 129 0.21903919810750641 56 172 53 104
2177 -0.8112922531862381 2.182508715394663 1.454245858148326 109 101 116 2.5861835557003996 55 124 53 82
2176 2.0162098929055281 2.3720818812207498 0.24014250804066387 127 117 123 1.7451441077202372 43 475 44 362 45 422 56 750 46 425 54 658 53 607 25 229
2175 1.2735833421898084 2.4930998615683357 -0.57246347051894431 137 121 98 0.88643583609458088 45 1013 56 1461 22 1574
2174 1.6647537465531046 2.4957414614827798 -0.61872056857378621 162 146 120 0.56209242048125507 45 1085 56 1452 22 1115
2173 1.9820977137802807 2.327419214764062 0.63750731436459385 131 115 116 1.9287279119021137 54 1286 55 840 56 1188 53 1344
2172 1.2401910878965299 2.5430094109462233 -0.9114512536858419 146 125 94 0.080330002356330449 45 1205 56 1163
2171 2.1154865367377225 2.3297914096549839 0.36538256369692784 0 0 0 0.036721033738348154 45 836 46 915
2170 1.7493883146994891 2.4841264276907751 -0.65458562081300919 74 58 42 0.1140003014734082 44 992 56 1158
2169 -0.85880456317203613 2.4373559174753985 -0.17282001329901708 104 97 89 0.43655396870479579 44 1440 56 1153
2168 0.21235960337855117 2.5071851450369911 -0.61828852765735443 111 75 59 0.61972156118428634 45 908 56 1138 57 1153 60 552
2167 1.9222123759337331 2.3233440900611839 0.49263387222449151 130 116 115 1.1188242737795377 46 1127 56 1134 53 1358
2165 2.34412124767629 2.2658533204182816 0.73411739134176468 129 115 115 1.8416866851943714 44 1335 56 1119
2164 2.0706188601746276 2.3561609104321333 0.52450195285214751 130 112 112 0.32386872502494329 46 913 56 955 53 1077
2163 1.6474683534791532 2.5574776005601709 -0.92366768272826594 62 52 42 0.41244452336324589 55 676 56 951 57 1301
2162 1.8159999464360441 2.3521461358681708 0.17420575129262375 0 0 0 1.5254841671082588 45 766 46 909
2161 0.86063570656974708 2.4892470511936007 -0.59519779449367693 119 100 93 1.7888176191312657 44 779 54 1098 55 722 56 928 53 793
2160 1.5742176433452979 2.5216401725653257 -0.86260934279393831 61 49 33 1.9691027480878684 55 670 56 816 60 371 58 559
2158 0.93094899171568857 2.4075643668189302 -0.42209768531385428 148 133 114 0.5346827382290974 54 824 56 749
2157 -0.51169345448705073 8.5776342072535758 29.547244740347963 186 168 144 0.30258659727416531 55 760 56 540 53 717
2156 1.8565318907827242 2.3579350581832088 0.41600752232466731 142 127 124 1.2585280638798133 46 246 55 357 56 462 53 358
2155 -1.0185481692730423 9.2866174504492029 30.296731393186001 192 172 142 0.40837612147201269 55 584 56 447 53 577
2154 -1.2769519346066616 9.3900104199266377 29.771783606424389 168 128 92 1.4767931477827065 55 583 56 446 53 574
2153 -1.8979399968538009 7.1755427550995732 30.562482742597179 178 162 129 0.31515697901663514 55 604 56 442 53 761
2151 2.2261760176234202 2.3883030479625269 0.22210439922837136 78 64 61 1.1237200795600248 45 242 55 348 56 374
2150 -0.76257889788493305 8.7084540015118357 29.541639500004692 145 134 116 0.38461629071780407 55 477 56 363 53 431
2149 -0.46597647078653237 8.7962302099066179 29.449190762564722 192 173 141 0.12282664178543994 55 582 56 355 53 578
2148 -2.4639292966102952 7.4990848848723184 31.134413408882661 167 152 121 0.61947945440908303 54 569 56 306 45 489 44 690
2147 -1.3860684088100537 9.4853142680347435 30.715102366774705 201 181 146 0.39428723772991825 55 456 56 301 53 327
2146 0.78066357559576516 2.5552056846030462 -0.97802979620569686 84 64 55 1.2185801193061556 45 103 56 232 60 286 58 288 59 343 57 376
2145 -3.2776390020633532 7.3279068771038753 32.137027067800368 132 132 91 1.069051030361893 55 332 56 211 53 324
2144 -0.37877778056206896 2.4472514499678732 -0.2438925288990812 128 114 103 1.3362381099617882 55 174 56 164
2143 1.2311593070848992 2.5121400838328047 -0.44563935525934245 56 45 43 2.0943933329160163 54 143 55 86 56 110 53 149
2142 0.57104699809285575 1.7947220174341991 0.076234498335842713 121 107 70 1.7584910030119578 54 832 55 515 44 277 45 360 46 452 53 621
2141 1.733704235879006 2.3849231947100313 0.37173475549021495 115 98 89 1.0250466654560495 46 1182 55 1040 56 995 53 965
2140 1.1784840259622202 2.4885981713621157 -0.53586992953735146 67 53 50 0.58874160846306867 45 1212 55 1032 56 1464
2139 1.5912459701681412 2.3438795925850333 0.3437573662989189 82 65 55 1.1503306661722683 46 901 55 999 53 1109
2138 1.6291526910067722 2.5109812911360336 -0.69847782350348486 158 146 130 0.78528877591951129 45 797 55 990 56 1162 22 973
2137 1.0742219590638049 2.5344513941998525 -0.78210849784871583 118 105 89 0.88096622844665395 45 712 54 1104 55 880 56 1125 60 654 58 1058 59 1260 57 1308
2136 0.56229003977775482 0.43524364944005589 0.066298045305552097 138 131 115 1.5085236520375052 54 1339 55 866 56 761
2135 0.55493167747284655 0.44194281615675512 0.032412965996834416 173 162 147 0.51187208974681375 54 1338 55 865 56 762
2134 1.9602235908799461 2.2676197458297178 0.85151309772202444 138 113 114 0.94312911435614621 45 865 55 859 53 1114
2133 0.83129216320931165 2.4298088843605155 -0.72434127764885203 71 51 62 0.92889200441368835 46 902 55 841
2132 -0.66730057166649392 2.1659813283080753 0.22842380927792688 182 181 176 0.26958635151316235 44 1108 55 824
2131 1.3815593819304599 2.5534630111888657 -0.93590814651175058 92 82 70 0.42822699440209711 54 1021 55 804 56 957 45 567 57 1540
2130 1.3749942367556078 2.537333992902949 -0.89289804042478937 72 60 46 0.73330181769240921 45 566 55 803 56 959 54 1022 60 480 57 1118
2129 1.2895837404010437 2.5603056197946468 -0.91787109368998887 171 156 137 2.0324007033699929 45 795 55 802 56 1469
2128 1.2656011072918352 2.4960969224266321 -0.53772067470233176 67 50 40 1.1177764443615026 54 1026 55 798 56 933 57 1647
2127 1.1888580372854936 2.4931746325402591 -0.55542605672057688 131 117 111 0.27211710910249626 45 806 55 796 56 922
2126 -1.4201774528408575 7.0722803417184661 29.827182434825179 145 133 107 0.98645160047990743 54 1010 55 759 53 760 56 537
2125 0.31410805951392684 2.5448171588496229 -0.88092090595282668 123 86 88 1.600176213090635 45 552 55 741 56 468
2124 0.65128225804825235 2.5874122996725957 -1.1867899066716341 85 69 70 1.4986418825287158 46 762 55 737 56 582 53 595 51 702 57 876
2123 1.8043989035617318 2.3925870193852012 0.22630211481787935 88 71 64 0.39830838835888577 46 549 55 734 56 934
2122 2.1411002762398788 2.3657556489271765 0.38876682286712294 111 98 103 0.43734389437834909 54 1025 55 728 56 1159 53 949
2121 1.8671778586377066 2.4052103524132371 0.097273875120617109 111 95 82 0.99754006312890997 45 418 55 726 56 805 53 953 46 603
2120 2.1857228607082866 2.3763416545692158 0.35087304005503861 80 67 74 1.3520194216775743 46 607 55 724 56 932
2119 0.22185869339475378 2.4987905277054523 -0.57244243167997544 137 108 100 0.49305799289230395 45 758 55 720 56 736
2118 0.21881420271154828 2.516228773908824 -0.70738363983098373 93 63 58 1.0012548653499052 45 754 54 652 55 717 56 741 44 518 57 955
2116 0.54061018352214063 2.5140300786589287 -0.64947004686388232 120 102 100 1.1989034843533297 45 421 54 827 55 711 56 467 53 628 60 407 57 948
2114 0.16022345878177469 2.4985416577728605 -0.51218878127630441 118 90 86 0.20573275609489491 54 990 55 689 56 731
2112 1.4492098240486886 2.5784218777262735 -1.1261588009377417 65 55 46 0.23429890220510441 45 572 55 674 56 949
2111 1.4383245816735653 2.5870466339968998 -1.1625338868695159 130 121 114 0.51377372076509431 45 741 55 672 56 821
2110 -2.822553281011996 8.5066286625164356 31.455514014678702 165 151 125 0.254433177102528 54 1009 55 605 56 441 53 763
2109 -27.870831587328659 10.594925302188875 56.722738587814881 170 168 157 0.79493436086710689 46 1026 54 1073 55 594
2108 1.7330421993464009 2.3645975678525359 -0.12228359106728663 70 57 40 2.2727578523138954 54 815 55 577 56 470
2107 1.7560427681981057 2.4154339454213654 -0.0042066523929067939 161 148 131 0.18826601046661784 54 682 55 546 56 572
2106 1.2247353991616488 2.4965846538962286 -0.5743552933620093 154 141 123 0.98251255445681573 45 414 55 543 56 574
2105 1.3387408104823417 2.5467910060560648 -0.93003663165039574 162 148 135 0.22742561358292557 45 407 55 540 56 586
2104 1.6697857743618212 2.5030638826715546 -0.65479737989350595 71 56 40 1.5601900894978313 54 855 55 539 56 583 57 935
2103 1.6265704683317956 2.5183603160709573 -0.75136919907538979 151 142 125 0.31719400262666303 45 565 55 538 56 815
2100 0.16552427698039482 2.5080477546937692 -0.5530983869260756 74 47 40 0.61536343442169372 54 639 55 511 56 609
2099 0.74202145070018999 2.4897969498043575 -0.47504495820186393 94 81 75 0.50862297883004715 54 814 55 502 53 798 51 878
2098 2.4460783931650525 2.2705940016447332 0.92500915980227105 52 42 34 0.73967381294205514 54 844 55 499 56 988
2097 0.201352664519789 2.5204777350083187 -0.66529450511548038 155 118 109 0.97791972530825888 45 594 55 498 56 461 60 410 58 546 57 614
2096 0.12165667293018899 2.4826521668378834 -0.48290890513277618 67 43 39 0.23912203249029071 54 502 55 488 56 588
2095 0.85705441246139247 2.2064684080030239 -0.14896919064920075 129 116 100 2.3752073533937952 44 271 54 651 55 482
2094 0.74684062958897357 2.522122289638066 -0.74014666362059922 109 95 94 1.1836635654936631 54 505 55 463 53 362 46 430
2093 1.6732409813216833 2.4307023118876221 -0.098967808195625048 156 143 126 0.52554440571192673 54 512 55 460 56 410
2092 1.0323960840204858 2.5252019141679978 -0.73397532817862476 143 125 121 1.0346119168172141 45 336 54 478 55 457 56 472 60 368 58 432 59 529 57 422
2091 1.9196252318511913 2.4116799552071373 -0.011707890590406488 82 71 60 0.19776000503152005 45 248 54 537 55 455 56 469 53 508
2090 -32.296100587617161 8.5676457115509148 57.632461288868981 179 184 187 0.19442022698425832 46 855 54 600 55 423
2089 -3.5830921110013336 7.9435750582789391 32.692554713079709 173 167 143 0.79829098292449407 54 572 55 380 45 491 44 388 56 212 53 440
2088 -28.234022275282662 9.1193943044481305 55.137713945029596 157 156 151 0.99780503701703904 54 858 55 377 44 868 43 828
2087 -27.820528740624706 11.005404271209766 57.25871917148956 146 139 120 0.89834199581627661 46 1012 55 366 44 867 43 830 24 631
2086 -3.2289154418870463 8.0137709396207395 32.034095682532502 150 144 122 0.39810682514215645 54 571 55 360 56 297 53 325
2084 -3.1712007546636536 8.5134692749601939 32.195759326259015 173 161 135 0.21740717404834392 54 408 55 251 56 216 53 229
2083 1.1169712478776737 2.505348636504098 -0.56617323083982085 63 49 46 1.2863927958916739 45 240 55 227 56 376
2082 1.8157523223905512 2.4142320765479774 0.017456450332795245 164 149 126 0.37275070433657181 45 113 54 247 55 225 56 292 53 242 46 149
2081 0.88334994371158826 2.5570687950358395 -1.0224149257317312 102 84 84 1.3525117275670708 54 376 55 221 56 289 60 285 58 405 59 421 57 549
2080 0.80385588210498149 2.5924109726057574 -1.2424772819437069 69 54 51 1.3186279011538675 54 378 55 219 56 284 53 236 46 221 51 203 57 383
2079 1.5190554863233228 2.5322227298830136 -0.82447380942168458 169 153 128 0.71076564307414725 45 173 55 216 56 285
2078 -27.347865298288259 10.211493880488131 54.312330764641082 123 119 109 1.1912110724955391 46 385 54 394 55 211 44 366 43 390
2077 0.16788312461879568 2.5283862336043885 -0.80625447474400858 149 99 110 1.1726335810809889 54 273 55 169 60 190 58 222 59 182
2076 1.8677122219539573 2.502121807834023 -0.5868071778624292 50 41 32 1.8256860438505003 54 175 55 163 56 277
2075 1.5831331674057589 2.4840190456711162 -0.5989903121963247 159 147 121 0.70626384620912319 54 142 55 117 56 174
2073 -6.6760421918669106 -0.23098387100912032 32.395733711500228 186 170 146 1.3095984163977936 54 96 55 76
2072 -0.9868772923473913 2.365977564527419 0.80482806227775461 109 111 108 1.8213649673990961 54 88 55 47 56 35
2071 -6.0645589349859614 0.47826522285127987 32.094563833393892 123 107 91 0.34652918706891922 54 71 55 40
2069 1.6404020133063333 2.5081340833956864 -0.64427894552610121 135 122 107 0.41945877642873808 45 799 54 1285 55 989 56 1120
2068 1.6688311823502207 2.3482425801448161 0.58290970183151736 140 125 130 1.1352562763814116 46 1193 54 1195 53 1295 25 577
2067 1.6462178137096453 2.3833892417557832 0.44182553391217599 92 81 75 0.47574291684223113 45 782 54 1194 24 1492
2066 -0.70398690160903654 2.2542168463930841 0.20213898006795508 144 144 142 1.1066003433146006 44 1094 55 825
2065 1.7847032503441844 2.3290379979215574 0.5080707703215197 136 125 131 0.48562530640592272 46 765 54 1001 56 1189 53 1115
2064 1.9220580254557207 2.2725726804940289 0.926678966453786 130 120 119 1.159324459783124 45 580 54 997 55 716 53 782
2063 1.8982076046745147 2.28491108184833 0.64889178921603397 99 88 92 1.6150436950622857 45 606 46 545 54 991 53 1117
2062 0.28336778163645954 2.0018630828871804 0.32383353552575972 132 114 92 1.2458634694652861 44 700 45 462 54 835 55 517
2061 0.48511208921539034 2.5146201753155113 -0.65529152525259693 95 74 73 0.6348929695366875 45 597 54 828 56 748
2060 2.4185649127642264 2.3071252968463876 0.78000764661610245 73 65 68 1.1099627133617689 46 311 54 820 56 740 53 799
2059 -43.028360145311126 8.8121626734134715 49.332579107363507 179 185 181 0.88500338581386218 46 664 54 726 44 873 45 499
2057 1.7358902295562471 2.4062927509685008 0.042334871576244659 85 76 68 0.43316654245938263 45 420 54 656 55 730 46 553 56 791 53 815
2055 -0.00069435295831191699 2.518619572254702 -0.70157917540684311 125 120 117 0.40136059622478665 45 592 54 649 55 487 56 508
2054 -10.750023554270937 -0.22638230272289037 46.718276787650915 125 121 119 1.1820369396597827 45 663 54 608 44 812 22 834 23 717
2053 1.5789004273498093 2.3330200394919602 0.5816183872398627 96 85 81 1.2954307606893891 46 231 54 511 55 354 53 365
2052 -13.764830807851734 -0.90625377512882943 48.161582913889369 102 99 96 0.83863596536074869 45 526 54 447 55 267 22 683 19 616 23 552
2051 -33.005729759298305 10.008295755083262 51.359657295780949 161 163 161 1.2170927990254445 44 545 46 623 54 434 45 494 55 265 24 604
2048 -33.049623731179722 15.140580421271528 26.716741250404677 113 115 110 0.84969498987044789 46 776 54 396 53 295
2047 -0.46882589203928415 2.5581159981553978 -0.1650357722332095 128 129 123 0.60577848341224672 44 508 54 390
2046 2.1305286444647309 2.4225281288666034 -0.21533069845794081 158 152 137 0.12102807704051566 46 143 54 382 55 344
2045 1.7498547307486285 2.4904879703670031 -0.60738058812410589 157 149 130 1.2707914179663933 45 223 54 381 56 384 55 342
2044 2.3752768325634102 2.3565595003751847 0.33567965203403344 78 68 67 0.50829771571003202 45 155 46 215 54 379 55 347 56 392 53 379
2043 0.60746265483780248 2.5925269107165385 -1.2479301629370176 84 72 76 1.0859152033039763 45 233 54 375 55 223 56 288 44 201 60 356 58 403 59 528 57 505
2042 1.1256313491826901 2.5124849333179431 -0.65032734863167307 163 152 131 0.3789026470908885 45 236 46 307 54 359 55 359 56 377 53 369
2041 -42.287750321466312 6.0750929255834709 64.306005029036157 198 207 210 1.0507357147253924 46 529 54 344 53 163
2040 -56.50558623158134 6.75614375039767 60.500681984029391 187 186 170 0.64175438923641892 46 530 54 336 45 543 44 565
2039 -37.238876940636338 9.7102100330781589 48.563059893858409 158 164 162 0.70372818027009099 45 496 46 515 54 314 44 657 25 558
2038 0.97565153274098748 2.4775101635662695 -0.54780210494934234 103 92 96 0.81063619848028656 45 188 54 280 55 229 56 291
2037 2.0976892282246382 2.2905394628679483 0.84572437980024107 81 76 73 1.06636263341728 45 125 46 119 54 278 55 233 53 240
2036 1.6039687713213819 2.3222855277803487 0.69881803269293452 143 129 133 0.52727203517573618 46 157 54 274 53 269
2035 1.2052339525513431 2.3570811958517983 0.70549073301532361 110 94 87 1.0311589041353004 46 160 54 271
2034 1.3582293913688319 4.2342355446654691 7.7307628646814033 85 81 74 0.69555767527254131 45 133 54 267
2033 1.8652305642246221 2.3813934516549233 0.18856713008425821 99 88 82 0.91932418655494397 45 114 46 109 54 256 55 165 56 228 53 168
2032 1.4081744378160321 2.5690838456055332 -1.046269560773708 62 54 51 1.3549422920002412 46 145 54 255 55 205 56 280 53 247
2031 1.2992495259217298 2.5614147167890486 -1.0485972979661189 171 159 137 0.78493286231822224 45 171 54 253 55 218 56 282
2030 1.0886154960696415 2.5536228366952818 -0.96130638589123063 89 73 73 1.2694395048174312 54 251 55 220 60 357 59 397 57 375
2029 2.4258957570645374 2.3676858904493789 0.46343104693066167 104 93 99 1.1400150798427393 46 106 54 249 56 295
2028 1.6274536503309454 2.5306649535535852 -0.82479420706954054 40 36 34 0.88806184945574207 46 144 54 246 55 188 56 283 53 249
2027 0.91151821742908135 2.0108006741024282 -0.056162883596236002 122 104 84 1.9306262619058632 44 183 55 121 53 174
2026 -52.375311707073706 5.1237042996054907 58.923313393269716 189 182 154 0.6879933682038275 45 483 46 341 54 166 44 431
2025 -49.451629674269761 10.323163269063306 52.296705356133742 133 138 134 0.33482697408282042 46 266 54 119 45 286 44 231 25 310
2024 -40.79149164204879 6.6104161142881148 54.173843941960321 114 118 117 0.61032823954258397 46 161 54 90 45 214 44 171 25 179
2023 0.26789344956930428 2.0744737216249827 -0.29431436633967528 134 127 117 1.1632254558775816 45 46 56 73 53 70
2022 0.84163200905570168 2.0559722245090133 -0.09722968101681205 112 94 69 2.2689169758316927 45 1079 46 1247
2020 1.7717871262459446 2.3417831918992005 0.40545260796762245 45 33 32 1.1334578401782944 46 1393 55 1028 56 1373 53 1383
2019 0.58959045634754781 2.4988899995654354 -0.57660255895830659 73 59 59 0.71943597519060587 45 763 46 1368 56 1160 55 856
2018 1.7889181485339294 2.3409819495653177 0.54671747080763011 86 74 86 0.62976347902148577 45 1035 46 1362 56 1193 25 892
2017 1.8325638006493323 2.3252049842237446 0.6167053110706836 67 44 64 1.7862771387085201 44 1048 46 1352 25 1264
2016 2.1014808737098565 2.3276651574170839 0.37748408156673185 60 49 55 0.54972923293084619 44 1436 46 1322 56 1368
2015 0.58250456501844239 2.4519269128720618 -0.56665848119081053 112 101 99 1.438783560593637 45 748 46 839 53 486
2014 0.53394057537673811 2.497047947158435 -0.55193813519227697 61 39 46 2.2067627326991377 45 768 46 838 55 833
2013 1.9683965954913916 2.3580846708442822 0.3461001472000298 75 62 70 1.115623328182151 45 753 46 759 54 1100 55 843 56 936 53 957
2012 1.850701724665561 2.2771286369495303 0.9933058807033357 126 108 114 1.0650037117126967 45 740 46 730 54 999 55 718 44 716 53 783
2011 0.89930851607564088 2.4882682362511659 -0.52940425309547468 63 53 51 0.58241949534662951 45 705 46 723 55 723 53 792
2010 0.3634430931143916 2.5105656915417187 -0.63377903484187137 80 44 54 0.79850160718780416 45 596 46 721 55 412 56 612 44 452 53 624 60 409 51 693 57 954
2009 0.62222288781113277 1.8229902081444305 0.068966415661835589 136 107 65 0.84802640952900621 45 382 46 576 54 648 55 690 56 595
2008 1.9430681514541359 2.3748662438819759 0.26062182398382638 69 58 56 0.48847341141068329 45 423 46 557 56 567
2007 0.69009849421389624 2.5538919471710639 -0.96045581224023435 99 84 89 1.1960690047913829 45 413 46 547 55 461 56 460 53 633 57 1078
2006 0.72965429665198078 2.6413336041322175 -1.4051944546686299 68 60 68 1.5676767682888757 45 229 46 424 55 343
2005 0.67956955541978226 2.571949483476577 -1.0642079187489522 63 44 46 1.8183029789112251 45 338 46 422 54 504 55 349 56 381 44 203 60 402 58 556 59 527 57 581
2004 0.42586480536201493 2.5904021243184912 -1.2737371488936142 42 36 38 1.3567668773888168 45 234 46 418 54 372 55 224 56 313 60 201 57 370
2003 1.8252146951297699 2.3266730710115495 0.71129667318290279 144 125 128 0.55215279942119255 45 320 46 317 55 441 53 598
2002 0.68060805947144398 2.5898800700470623 -1.4382230296102279 31 29 32 1.6981287562585985 45 230 46 310 55 541
2001 1.97469987567809 2.2847527506542522 0.84395127479749144 104 84 86 0.28258401459692101 45 351 46 301 55 410
2000 0.75466657631285727 2.5721236857642302 -1.0567575287487616 88 75 75 1.6906306279424188 45 339 46 294 60 478 57 647
1999 1.3619852974667581 2.1531610248853608 1.865272761913098 122 117 113 0.4107595280530621 45 189 46 237 54 360
1998 1.7254020406952191 2.3700530055310813 0.42327594658310075 64 50 49 0.89512470540535305 45 153 46 226 54 368 53 371
1997 0.69004246306083339 2.6165610855266186 -1.2620424147410174 87 75 85 1.6427758795627319 45 175 46 223 54 377 56 286 60 284
1996 1.2029672607116526 2.5380320298558088 -0.85859679508610043 153 141 119 1.2738995477078214 45 34 46 54 55 44 54 43
1995 1.0503200046956853 2.2632815413363128 -0.35524000167242303 138 130 119 2.0051276114936032 45 24 46 25 56 74 53 67 55 49
1994 0.27451376223170393 2.5481274175696482 -0.93767351153631029 67 50 58 1.3149369755455258 44 1221 45 1242 55 1023 56 931 58 1138 59 975 57 1513
1993 2.0650167398644661 2.3728859807912048 0.58502622993951459 107 95 109 0.75061540401780324 45 1235 46 1464
1991 0.74587164795435701 2.4880484105230236 -0.43646621463261814 86 77 68 0.15265674914526994 44 1097 56 938
1989 1.8009293022875412 2.4761079931311438 -0.61907371084571794 32 26 14 1.3538422047688132 44 996 45 957 55 992 57 1071
1987 1.9088030486509053 2.2646643573030589 1.0150955801856365 112 113 108 0.46384448764634201 44 1061 45 890 46 1196 54 1327
1986 1.5878627582689591 2.298790260747483 0.78485995232998851 122 103 104 0.82676640841610582 44 1110 45 889 46 1384
1985 2.0223533541230605 2.2840143523524388 0.88359509461514074 140 125 126 0.7131895683443833 44 1059 45 866 46 1186 54 1292 55 1016 53 1118
1984 -40.387857643148685 4.5398862799123334 81.663348371615669 190 186 157 0.44218600937053065 19 884 44 825 45 848 43 766
1983 -59.897496161028002 4.198862990542505 79.697683858234058 206 164 132 0.37649136627313773 20 494 21 853 45 845
1982 -26.452596906767113 10.251371748270371 57.051540407572574 172 173 167 0.7065073144745474 43 829 44 872 45 820 54 837 55 365 24 709
1981 1.7840000746665783 2.399819539858604 0.074629734893064362 85 69 69 1.0330999351735093 44 1073 45 813 56 1364
1980 -52.47249016533393 0.35563773750092148 87.628179481586855 174 173 145 0.55545460401731239 19 886 21 606 44 804 45 787 46 704 54 669 24 645
1979 2.4822471747733257 2.2867994774176386 0.80427186215151414 79 80 74 0.38592429493600933 44 1142 45 772 46 869
1978 1.8011094419511495 2.3594068756439324 0.40151650367599834 140 129 137 0.69333402958428536 44 634 45 761 46 893 55 886 53 964 25 438
1977 2.0554684720017344 2.3343919792980028 0.47410056879011364 92 79 89 1.2442522208817004 44 635 45 757 54 1029 55 842 56 743
1976 0.74127393571290512 2.4826257573420389 -0.48617369134431709 88 78 78 1.2329502697512613 44 620 45 751 56 747
1975 1.9476050534190354 2.2548135485321783 0.87598022858966851 67 55 55 0.68713384977114467 44 786 45 739 54 995 55 705
1974 1.9769368258926305 2.3065200757774251 0.70801417111658493 103 75 90 0.59018375667445599 43 701 44 1143 45 732 46 689 54 1128 55 982 56 1005 53 963
1973 0.7426859045064953 2.5093916190275527 -0.67025910094776031 61 46 49 0.92818200074721213 44 449 45 702 46 726 55 706 56 806 53 1022 51 681 57 1089
1971 -65.698321152927278 4.910852674894751 80.923260302338576 176 158 127 0.89141030073447169 20 496 45 670 24 513 25 462 46 710 54 469
1970 -47.548712082630679 -0.68045815219962813 93.178437848240662 211 187 161 1.1886154515060907 20 486 21 607 45 660 19 615 22 674 23 358
1969 -13.875319654369473 -0.47233419865688075 48.436374742309013 169 166 149 0.58346250043537107 43 756 44 811 45 651 22 831 18 1215 19 890 23 712
1968 1.3015176146245038 2.153787769427117 1.9074156964958975 102 99 90 1.1246704558925613 44 721 45 635 46 573
1967 -41.419936284910634 5.6705857278871798 53.710399577014869 187 198 194 0.46131289120937335 21 739 44 566 45 600 46 635 54 709
1966 2.1477037914510819 2.3285982666786236 0.46812093720719072 120 109 118 1.1738109223118582 44 512 45 595 46 755 56 937
1964 1.5366474262615055 2.3824171249334927 0.33543165933199004 52 34 30 0.19885821036117182 43 666 45 589
1963 0.77627990942313729 2.5393880527351191 -0.64371837864711046 97 83 83 0.97220198653807277 44 448 45 553 46 543
1961 -48.860880983611757 8.1594586167789291 53.066586542319591 155 158 151 1.6997884075545071 20 562 45 546 46 523
1960 -56.951524257187408 6.7944974334224826 59.786582824976463 174 175 161 0.85023509742160408 20 559 45 542 46 531 54 288 24 504 25 581
1959 -55.050958961368806 5.7715753083793233 60.167576495653272 165 168 159 0.58434814724657091 20 444 45 539 46 537 54 297
1958 -55.049989757901798 3.6241103364596929 80.842451096134894 242 173 89 0.6401212150710941 20 492 21 600 45 533 19 762 24 516 46 492 54 345 23 581
1957 -64.662527253190305 2.3614835357411392 81.086230139238509 227 206 175 0.8802776517929497 20 489 44 442 45 530 46 701 54 331 25 466
1956 -63.292967386088428 2.6459871000231487 78.040760249939098 169 164 136 0.5347977208804261 20 490 44 441 45 516 46 497 54 332 24 477 25 465
1955 -31.008278590213383 8.51744228215939 62.644149455042765 183 188 184 0.33450347973345956 43 369 44 391 45 500 46 399 54 312 55 253 53 216
1954 -31.945348945442806 9.1904880409537864 55.763758540274985 169 173 172 0.54730701238787915 43 384 44 552 45 498 46 516 54 324 55 263 53 385 24 606
1953 -21.195365159052489 7.2153219866994416 47.485401345866492 188 194 191 0.91715210796865954 43 364 44 387 45 497 46 514
1952 -27.174143384272792 10.079091751312623 55.852458412488794 180 185 181 0.29837952169517917 43 391 44 383 45 495 46 406 54 395 55 210 24 459
1951 -64.73156962267106 3.8458502669807704 80.862019310999955 243 199 150 0.76588322236989681 20 264 44 322 45 484 46 291 24 355 25 263
1950 -54.441471474460066 1.1146672844287699 83.345531823681924 175 163 141 0.83835683568065333 19 417 20 367 21 538 45 477 24 252 46 206 54 300 23 404
1949 -50.242844783429348 4.1589656593745428 79.129915019895151 166 169 141 1.2176279798733252 19 761 20 632 21 852 44 542 45 460 46 250 24 510 23 688
1948 -57.202124126464142 -4.6373185523425846 89.499129753042752 165 173 152 1.111471339236487 19 333 20 364 21 304 45 442 24 338
1947 -40.886732912401669 -1.7907048735155084 83.850452700613261 220 220 190 0.61053348918041606 21 544 44 310 45 437 19 527 22 394 23 355
1946 -49.77830548395287 0.29932796903072806 89.009205014603836 172 166 144 0.41324397379769523 19 547 45 434 24 365
1945 2.1321970026109431 2.3621412676085543 0.43256630917096711 90 78 78 0.67219125092466347 44 511 45 425 56 565 46 592
1944 2.3574152577675935 2.2906762520378017 0.54132413389786915 48 44 45 1.7349556268722557 44 482 45 424 46 428 55 409 54 539 56 296
1943 0.57267286961987307 2.5920511820541665 -1.196524369433432 86 74 88 1.0752139170674808 45 410 46 421 55 542 56 581 53 586 60 366 58 777 57 969
1942 0.23813360153373905 2.5542606265374221 -0.96152641162352925 46 47 49 1.2266051059553245 44 370 45 401 54 480 55 437 56 293 53 625 57 619
1941 -30.859258697356335 9.1714655130955283 58.989828110577655 184 190 188 0.96699763396498062 19 500 43 303 44 297 45 399 55 148 46 402 54 363 24 460
1940 0.42976967037888503 1.8796367397936733 0.28084322208567813 224 207 181 1.2439929895511361 44 492 45 361 54 647 55 350 53 405
1938 0.53715849476786559 2.6007679366228396 -1.2926183014203954 69 51 67 0.92385210535723361 44 265 60 358 56 385 57 503
1936 1.8798706072397189 2.3624723576849256 0.283953761230471 120 109 117 0.37932638888929193 45 328 56 465
1935 2.4425634325321965 2.2915132572118257 0.71979616857525119 114 107 122 0.74965092199691108 44 356 45 326 46 313 54 816 55 548 56 575 53 609
1934 1.871260895046942 2.3144970286910178 0.57530563909244603 149 136 153 0.54382848037529741 43 337 45 323 54 655
1933 -55.393317940979323 2.3520641353404366 83.495359381922924 233 229 132 0.36820717722253055 20 262 21 312 44 244 45 315 19 245 46 204 24 255 23 258
1932 -59.56444484947842 1.187804165454641 81.435531539638603 240 225 207 0.75086186616492101 20 260 21 310 44 243 45 314 46 287 24 251
1931 -73.277691952696898 -0.98932578986312003 75.306106944887247 250 254 249 1.1909546662246153 20 330 45 311 46 285 24 183 25 271
1930 -50.75857415655954 -0.33582532558441358 93.595344881100516 210 207 176 1.2339715279267458 19 243 20 257 21 232 44 232 45 309 23 240 24 192
1929 -49.962255503425354 -4.5458212991450058 82.332178210157096 154 151 136 1.6307836729996419 19 233 45 305 20 254 21 227
1928 -53.199410943290957 3.9180642280686873 80.658783194131217 208 162 87 0.78954162037513353 20 436 21 315 44 246 45 274 19 339 46 248 54 155 24 352 23 424
1927 -29.268598564087466 4.9770587672143503 63.084409390535463 207 210 203 0.73473350348153277 43 209 44 219 45 269
1926 -61.045556450359172 3.90353857153577 79.167193192641818 237 196 152 0.96050954630863949 20 343 21 314 44 247 45 263 46 292 24 354 25 262
1925 -50.138490655690212 -2.8111636829819759 84.249885062799876 163 155 135 0.65502744071137808 21 230 45 260 23 196
1924 0.81665300668078566 2.4995524390455079 -0.58057081974977531 94 83 79 1.2717483825447464 44 207 45 251 55 215 46 300 56 294 60 352 57 538
1923 0.74385483027365851 2.5185607971109309 -0.74866128620316819 105 91 90 1.0391542118261594 44 257 45 239 56 375
1922 -7.0673171425185846 0.19276507435638787 34.436877765854518 186 178 159 0.013664135388778743 43 138 45 185
1921 1.6062944993189698 2.3238366813761289 0.70005251061693319 145 133 145 0.16866554953557159 44 103 45 158 55 236
1920 2.3741593420893623 2.2906432102872678 0.86833030110736276 149 147 150 0.95469829196089273 44 102 45 122 46 150 54 282 55 230 53 245
1919 0.74464836573235049 2.542770110938799 -0.85447888906461966 96 82 82 1.5785253592712385 44 90 45 111 54 188 55 118 56 179 60 148 58 224 59 178 57 251
1918 1.9167503691160188 2.3525307061615006 0.40229068201338863 150 144 148 0.8913021386893748 44 97 45 105 46 110 54 371 55 167 56 226
1917 -63.722447553907656 -1.1280238609442013 86.535487943609979 158 153 141 1.7016284153807066 20 203 45 100 46 100 24 186
1915 -50.21962260538772 5.8031909924017029 68.468925796054137 208 214 216 1.8967579778030186 20 268 44 66 45 94 21 320 46 93
1914 -53.112464034668996 3.5242557784473507 75.254282722765865 230 102 93 1.2315843593843929 20 111 45 61 21 93 46 63 24 110
1912 1.8932798518054077 2.2977655917133721 0.74153403522391459 77 63 70 0.58177719084903834 43 670 44 695 45 737 46 725 54 993 55 736 56 826 53 1011
1911 1.729060197714944 2.5000315998160958 -0.84403427673872855 26 22 18 1.0371106982268721 43 724 44 1230
1910 1.7676468018892326 2.3227047961041678 0.67655653013383965 159 129 119 0.49329629027186028 43 1318 44 1144 45 919 46 1360 54 1322
1909 2.0102671357979824 2.3103479477570406 0.67283456547587539 128 118 127 1.0309967140541481 43 1444 45 1036 55 1042 56 1376
1908 1.4454768455407707 2.3676662382600147 0.27870457173674151 79 61 57 0.88973046161683167 43 1149 44 1091 45 1034
1907 2.0496712733058975 2.3435013619300871 0.39634139389745082 113 97 95 1.5026784013630599 43 983 44 1079 45 755
1906 1.8813087994265763 2.4601143622559394 0.69391333690110901 162 154 165 2.1505024274320905 43 1325 44 1047 45 765 46 1151
1905 2.0282848620987091 2.3077870237194134 0.53145747256777653 113 106 114 1.372359102178857 43 709 44 1042 46 1386
1904 2.0713733041201023 2.3046117626910645 0.7273308604612726 164 155 164 1.3948028834630646 19 2777 44 1040
1903 0.30741261227036998 2.6075853399392677 -1.2363801358319095 127 121 133 0.96431332192459562 43 959 44 1033 56 1456 53 1372
1902 -4.728403423986844 -2.4023922790346783 31.666525272427403 192 169 129 0.32038207539536462 43 798 44 962 45 839
1901 -51.098036709187483 -1.6257233793507617 85.843380707144675 168 154 122 0.76486412981300922 19 1237 44 956 21 1167 45 841 24 638
1900 -17.044001892358356 1.7420960920432247 41.110771698288147 210 216 196 0.5495986633837483 43 765 44 953 45 850
1899 -1.9958383765714591 0.48234637023939281 28.805552514900771 176 170 152 0.64245995763922337 43 893 44 945 45 849 22 875
1898 -61.433408204334249 2.5125781482686342 78.707720282687859 187 190 172 0.26190638320885062 21 1518 44 944 46 1059 54 775
1897 0.52527558673334651 0.42751043055209714 0.095950104480625215 194 188 175 1.2677695486719653 43 878 44 925 54 1337 55 767 56 976 53 1351
1896 -32.717734152840379 8.6241733981847357 57.384438846020252 137 143 141 0.24684934009798631 19 1199 43 823 44 911 21 1181
1895 -33.838584927986766 9.813892708806133 52.265001827457063 137 142 138 1.1112847194885183 19 810 44 871 46 657 54 453 55 275 53 314
1894 -43.253463557021824 10.272461600869869 64.667014901340607 163 165 161 2.5310561391692898 21 787 44 866 45 493
1893 -32.127503108695826 8.3978141196407883 55.240128567018843 165 170 166 0.74114599105775125 19 882 44 864 21 1180
1892 -34.438541322935002 7.0058186210901825 61.810324929416403 181 190 185 0.49238878182955342 19 871 21 1074 43 773 44 854 46 668
1891 0.26038296053127213 2.5762457162505834 -1.2414810436875519 97 94 102 1.5021673249915211 43 961 45 778 55 882 53 1376
1890 -2.0041462668055776 0.80864092033865098 28.888494543164715 177 165 151 0.65127399747971493 43 879 44 834 22 882
1888 -52.089597641742102 -1.427928919940564 88.823908119918912 213 207 185 0.5240976856867231 19 889 21 859 44 809 45 659 24 484
1887 1.963666160658571 2.3802083205101736 0.31990394883121914 131 120 128 1.2712797475463693 43 687 44 799 45 752 46 758 54 968 56 746 53 945
1886 1.7167091872773141 2.3321309995216493 0.67268180275332101 200 184 188 0.83874348852694791 43 706 44 792 45 842 46 894 54 996 55 715 53 1107
1885 1.9140772094361027 2.3466174805441224 0.69012419594526719 102 87 96 0.97563290050315477 43 696 44 782 45 868 55 836
1884 0.28340567355184998 2.6020452993077297 -1.2390793215706302 54 48 62 2.030513149790381 44 777 55 844 53 1027 43 960 57 1311
1883 0.52772961030654864 0.43381041528192826 0.073792860304672359 104 102 90 1.2422922285754405 43 877 44 718 54 1006 55 835 56 975 42 406
1882 0.54182266691523795 0.45606347900298189 -0.0015073165746382845 105 97 88 1.5421013379772801 43 648 44 709 54 1196 55 823 56 751
1881 0.54885675728004923 0.4490475690025526 0.028931535644612018 162 157 151 0.54390007198630874 43 813 44 707 42 364
1879 1.7356405866444062 2.2942298920932553 0.69262574934447452 143 111 100 0.48234068708666883 43 671 44 681 45 738
1878 1.7091103306232396 2.3465937513847899 0.4344583630127189 79 66 54 1.2025715000692005 43 669 44 639 45 612 46 766
1876 -62.167594934040977 -0.33832797300350065 81.486431760180764 254 238 212 1.283371230950588 21 857 44 612 23 716
1875 -58.860776423953027 0.13842585673887836 79.468320391164042 177 156 137 0.80016476894518895 21 856 44 611 45 610 46 500 54 691
1874 -48.250223840422827 1.657740837087061 82.905414473781704 188 184 157 0.98378837075699477 21 311 44 608 45 529 46 618 54 348
1873 -1.8640436466862706 1.0691804595078442 29.400413919507407 149 137 121 0.54295817415861303 43 567 44 607 45 537
1872 -43.183124641776033 2.2601558859356743 85.262998033730042 208 202 170 0.75074280716251651 19 727 20 599 21 603 44 606 45 666 22 803 23 685
1871 -53.817419862272146 2.9671150152086225 90.981051863688279 133 134 120 1.2766859675271653 19 885 21 601 44 605 45 667 46 494 54 350
1870 -52.664984552866166 3.215638419313974 82.756311717294281 208 203 174 0.79596098444361763 19 924 20 628 21 854 44 602 45 668 46 699 24 649
1869 -18.84813034592058 1.5999320929877949 45.117288513956765 199 208 202 1.3715989584886727 43 752 44 597 45 846
1868 -16.157151884722012 1.3065097576959017 40.621143602312273 129 154 159 0.2937514295200731 43 565 44 596 45 669
1867 -3.1779093328357915 -2.2474233437156848 29.301905815411867 198 190 153 0.90217445125091744 43 543 44 578 45 522
1866 -5.0852437469609963 -2.3549729824811401 31.601480837430877 187 120 95 0.24346804320796911 43 552 44 577 45 656
1865 -52.060752669421049 -2.3603103589234933 86.306199165396833 182 168 148 0.86167664492383544 19 891 44 574 21 611
1864 -7.3545720458512998 -3.7836331791641751 41.851438163301189 128 130 125 0.57540381702096144 43 548 44 568 45 447
1863 -3.674547151707976 2.7199926009005684 30.492173262837021 133 159 163 0.74355272645828807 43 491 44 567 45 532
1862 -39.468677332872474 7.4641205577173633 51.895324538188973 166 172 168 0.39885630114527737 21 791 44 557 46 521 54 433
1861 -5.3699272978337236 3.1595667914559047 33.775076585592927 183 180 149 0.30239155954461117 43 502 44 556 45 676
1860 -33.734261658111059 9.3917998657411701 53.239635054388664 167 173 169 0.59835091543131202 19 744 44 549 46 658 54 449 55 276
1859 -6.9567027503308099 2.3402629733165639 34.920328148557189 166 173 166 0.36767015485428634 43 510 44 532 45 544 55 297
1858 -33.720522534783328 6.3259534027999624 63.972540412103648 152 157 151 1.1125009185213546 19 740 21 744 44 525 46 525 54 451 55 279 53 313 24 537
1857 -50.163418946044246 -1.7446959581004007 87.3005780736313 154 147 129 0.65735536681828888 19 613 20 614 21 597 44 517 45 525 24 485 46 619 54 466 23 711
1856 1.9201373455417554 2.380502893056502 0.15274908496643361 115 105 103 1.5815837799156143 43 494 44 490 45 708
1855 2.1623444912906162 2.3420933973875626 0.5263765918346468 94 84 85 0.71105348159581683 43 674 44 483 45 428 46 756 54 1027 55 732
1854 -59.461454295650022 2.1784569457850158 80.376620137583927 204 172 147 0.79559280188271864 20 369 21 543 44 464 46 371 54 294 24 363 25 265
1853 -12.01062342757948 -0.16704442806009417 47.638670595587861 122 109 100 0.75899397209319563 43 414 44 445 45 473 23 555 19 612
1852 -56.335666709794644 2.2555588349781908 88.086987087855817 133 132 112 0.49955711858295959 21 604 44 443 19 608 20 488 45 480 46 373 54 343 24 360 23 569
1851 -54.052366514781546 4.1200782242672327 87.387263485427226 219 216 186 1.0493477501789663 19 521 20 493 21 599 44 440 45 487 46 249 54 351 24 351 23 426
1850 -42.707240130808437 4.4101814855717842 84.221846804085885 207 206 170 0.63016605681383098 19 523 21 508 44 439 20 495 45 535 24 339
1849 -46.907668087993343 6.58289336171232 73.624521437460913 149 155 151 1.5483211393345939 21 750 44 433 19 341 20 271 45 538 46 351
1848 -48.068291609528181 -1.6252508591335677 88.84532672342317 192 127 105 0.79261623405809833 19 611 20 471 21 609 44 421 24 483 22 679
1847 -50.500719750449683 -2.7887447307666222 88.048924679869558 224 220 191 0.55059703309547092 19 614 20 473 21 612 44 415 45 523 24 487 22 680 23 562
1846 -19.88044115840923 -1.7332339378186299 52.990569266989908 103 113 112 1.2540170788820926 19 617 43 585 44 413 18 522 22 686
1845 -44.454416036209928 5.2537114795262632 85.462885865905406 143 120 98 0.95572795579453473 19 524 20 440 44 396 21 596 45 485 24 428
1844 -32.214686984812651 7.7291835266896305 58.995102942160734 192 202 201 1.4167589514515029 19 498 43 310 44 392 21 525 54 320 46 398 45 278 55 151 53 137 24 438
1843 -35.882952424640379 9.04095069359375 54.315868118137672 126 128 123 0.68439066268649507 19 747 44 386 21 734 46 401 54 385 55 153 53 134 24 611
1842 -45.483273496626488 7.9797210938415626 53.584347810065744 113 120 112 1.2538245528785694 20 453 44 381 45 448 46 358 54 231
1841 -36.358620708585455 6.5619519377228617 55.607696960736661 184 196 196 0.73646814817481698 19 534 21 520 44 368 20 450 45 466 46 357 54 305 53 305
1840 -49.663550285031931 7.5722496765787151 53.954603606573471 179 186 178 0.50447374877010853 20 452 44 367 46 512 25 419
1838 -52.128561722536347 3.8057358620721913 89.713441028826423 193 188 156 0.65811652229996143 19 338 20 372 21 392 44 320 45 482 46 247 54 179 24 258 23 425
1837 -54.689709466773699 2.8789653820596808 88.447071254821111 128 132 118 0.49745714418028242 19 519 20 371 21 504 44 319 45 317 46 290 54 154 24 408 23 423
1836 -4.1818406776209001 0.25268186393146241 29.502885431920166 186 166 134 0.52178693610003668 43 418 44 318 45 273
1835 -54.857811781744033 1.4819191721434732 87.830087575223615 214 206 170 0.83839853665950881 21 526 44 315 20 368 45 479
1834 -57.705842569886755 0.067712338845783787 83.151444427252571 237 222 195 0.3138940332878008 21 308 44 312 20 366 45 312 24 249 23 357
1833 -10.016158295899366 -1.651555786967795 46.167983215208203 120 132 131 0.54516343383009458 43 296 44 309 45 438 22 380 23 349
710 -1.8036257701834588 5.2839810346757785 0.55933944555706505 170 175 169 0.20667975255596782 19 1908 21 1875
3067 0.10253567024915368 2.10663288376485 2.1158741649714261 98 80 85 1.9965824294227541 1 301 29 281 2 657
712 -1.6362254433176529 5.3056427095899945 0.57215464449816744 97 99 94 0.36803690518052923 19 1910 21 2439
3069 0.86168168704100567 2.8845805187264091 2.644699070629339 30 30 32 0.99331930130529789 31 583 32 506 29 361 2 611 4 641 30 540 3 536 27 1244
713 -1.9914862015553552 5.4635266251101715 0.72465986386923387 114 121 114 1.1473392490230461 19 1914 21 1862
3070 0.72544193831872616 2.8644998451583259 2.7781981121108084 13 16 17 0.90302448993693285 31 509 29 362 4 640 3 389
733 -2.233999423615312 5.2824656038677942 0.83828923879824591 167 172 166 0.012716707961021447 19 1968 21 2208
3090 -0.87236938191692104 -5.7703110152826804 -60.980156371052828 151 149 134 0.50978947081840709 6 128 33 145 34 143 2 168
752 -2.0327721541730117 5.3019623066590658 0.68321885935182003 123 128 121 0.51656715434084766 19 2007 21 2700
3109 2.71288219933143 -16.229407330118608 -65.737429945352361 159 132 113 0.41094981270849756 6 409 33 306 34 425 2 453
762 -2.1058998982645498 5.2266719210337946 1.1754044489559545 172 178 176 0.17709096866069243 19 2033 21 2332 18 2020
3119 0.35267498316589657 2.2515686803375075 -59.459890812729483 144 141 135 0.70599677530897864 33 467 34 447 2 558 35 334
793 -1.9837462339459793 5.2429002682598549 0.93610818825453468 176 178 175 0.52437675715989773 19 2100 21 2170 18 2042
3150 0.84664994893325962 2.4888260280260806 2.6157928757720526 38 36 37 2.188834146985851 5 540 2 606 4 711
817 -1.833498096041642 5.3014710044973725 0.52198688015233008 117 124 117 0.046308967651945178 19 2204 21 1855
3174 -0.40410296707111604 2.1939202059070819 1.523186277438985 157 85 93 0.64970095374972126 2 239 4 333 30 260
850 1.1245390768627905 2.5105939762859446 -0.81244134296295756 195 175 152 0.044810076352699776 19 2313 21 1416
3207 1.7239486735811349 3.0334203567987763 1.8039419192927155 59 54 51 0.26345372000152112 2 760 4 799 3 644
861 0.20929864958047595 0.71837785739991666 -0.11023136615726256 217 192 152 1.0097960566462012 19 2347 21 1521 20 1901
865 -1.1244455372419695 2.2169819124282126 1.2301722996734379 165 166 161 0.74468917476787699 19 2364 21 1530
3222 0.8373931296651328 1.5508629601672239 1.2662377433564922 192 187 182 1.6594604291863544 31 803 30 487 3 730
880 -2.6802742747789208 5.2432156455416283 1.6759045062342857 145 155 157 0.28844078613358437 19 2434 21 3447
3237 1.2878103121346722 2.4475940033806558 2.1353584082979631 90 88 89 0.25731995192348717 2 1138 4 1266 3 1180
933 0.99799753374039857 2.5276379455115556 -0.75330260441567765 102 82 83 1.6767828490863379 19 2578 21 3131 20 2353 43 930
3290 1.2549853808821498 2.3911819860576742 0.051604002118465678 121 108 102 1.0627887905494593 4 260 30 225 3 196 28 113
935 1.9102761589372492 2.4643307716493004 -0.70102747365572271 38 29 23 0.55378459020123039 19 2586 21 3580
3292 0.35520181743112067 0.089201866644655306 0.77139453918615564 145 130 111 0.49191289617100598 4 351 30 259 3 280
944 1.3696964024332987 2.5349520488463604 -0.86532034321233464 178 163 142 0.46030418765498937 19 2656 21 2134 20 893 43 1132
3301 1.934482114969545 2.2463231446335956 0.95592097698677481 145 134 150 1.2166213892559175 4 521 30 361 3 413
953 0.31006763435710544 1.8410760881466524 -0.20122101535160497 220 204 179 2.3187825793901755 21 2964 18 1776
3310 -0.74109340236215082 0.41460663040874013 1.4016848019196855 142 131 111 1.0879778738816392 4 873 30 520 3 443
1000 -2.394967830956094 5.0827762604976749 1.2616261566930584 148 160 160 1.017002646801578 19 2936 21 3397
3357 0.72061695582197149 2.3155247827419889 2.6923181858034746 50 44 44 0.6600488181164359 2 744 4 680 3 587
1057 -0.71623698252030688 4.3450521085667706 -0.2410403067783525 53 59 57 1.5407299354487545 19 732 18 416 17 202
3414 -68.934338507620751 7.4383854019991933 9.6752130740501521 175 177 175 0.17913801228112225 24 647 28 553 27 665
2877 0.78205911334148304 2.3306484724843299 2.6263289415978748 119 117 118 0.94711327911508292 5 388 32 446 31 383 29 274 4 523 30 436 28 1059
2878 0.81829560540223401 2.5099702287899426 2.6231557586332825 113 115 112 0.95321446816815836 5 441 32 450 31 499 29 357 2 605 4 697 30 525 3 672 28 1072
521 -3.002130591067937 2.5864694584930179 3.3556741608606395 178 180 174 1.0017972356342595 19 1207 21 1151
2879 0.86428404133763292 2.6395823086612582 2.6009968763549995 27 29 28 1.1353665882736268 5 376 32 452 31 391 1 288 29 271 2 372 4 414 30 350 3 380 28 656 27 969
522 1.8501138395499666 2.2638277239342592 0.98447253119239098 135 108 105 0.37956716661480033 19 1211 21 1148 43 639
2880 0.91409451248569784 2.7471603845904338 2.572321739476354 24 25 25 0.23360131634425738 5 416 32 454
523 -2.1849452604140684 2.301040261277052 1.0256307165681524 218 228 220 0.08407883100997085 19 1213 21 1569
2881 0.78156322759095109 2.7212469527921472 2.6984173979408652 38 41 35 1.1190433440581542 5 409 32 457 31 396 1 291 29 268 2 478 4 487 30 349 3 384 28 652 27 1189
524 2.4086232371622915 2.2789962711617631 0.77054078387265701 81 67 67 1.6000569240876079 19 1216 21 1152 20 775 43 462 44 486
2882 0.78469617176021045 2.1965358000429291 1.5393943121640239 182 173 174 1.0073542820910124 5 402 32 470 31 542 2 631 4 738 30 433
525 -0.77432153446506569 0.47662137964935714 1.3564640422312106 192 184 163 0.28039730241247507 19 1224 21 1365 18 1256
2883 0.78650850223078361 2.1612607754116238 1.6520311196724073 137 124 131 0.31116714050708077 5 475 32 478 1 360
526 0.066751211646617417 1.2774730080526369 0.3287743892155518 212 194 174 0.98896087640424923 19 1232 21 1129
2884 0.77200953854375287 2.4053925087478807 2.6430971690103222 44 43 43 0.90549388738100833 5 430 32 481 31 575 29 345 2 469 4 527 30 357 3 421 28 688 27 823
2885 0.72730804013426587 2.2568369819407694 2.6650405261908525 112 112 110 0.38684405666675875 5 546 32 482 31 554 29 353 2 650 4 689 30 545 3 585 28 1020
2886 0.80927674410929518 2.2645324650381515 2.5827902716490256 113 113 113 0.27884251024659479 5 467 32 483 31 493 29 352 2 524 4 692 30 431 3 539 28 690
2887 0.74393722888951108 2.3852842821477589 2.6733476280663093 86 87 81 0.65789832729215325 5 551 32 494 31 600 29 409 2 750 4 829 30 476 3 593
530 -1.6121835970155249 5.3670359623985791 0.20495095390349846 144 147 140 0.21878769680479446 19 1246 21 1668
2888 0.80008841142666409 2.4628787106451053 2.6314720249734629 57 59 58 1.0298453534814458 5 431 32 497 31 498 29 405 2 610 4 714 30 438 3 559 28 720
531 -1.7462303309418399 5.3509160126049249 0.17884897719155418 145 146 140 0.18240449201804365 19 1260 21 1670
2889 2.6995001386864743 4.5416138334273333 1.0548884580113269 95 96 95 0.91245456723139284 5 435 32 502 31 400
532 -1.3983135899845782 5.3651751827972385 0.20940013924455925 79 79 71 0.27267389833818045 19 1261 21 1186
2890 0.71603899284464634 2.6645574648401715 2.7521660506716734 16 21 20 1.3849617927933426 5 439 32 503 31 586 4 664 3 506
533 -1.3443257119950693 5.310840644189077 0.15303292108626329 130 130 122 0.69345554938292953 19 1262 21 1187
2891 0.90756833815617943 0.091989273045563313 0.73274585271454973 123 96 77 1.1364714538233593 5 357 32 515 31 341 1 254
534 0.16848648664381019 2.5117680093563655 -0.54492693745362031 90 62 54 0.23508954286160705 19 1268 21 810
2892 1.0274927003891117 0.045665757483378887 0.9440165723045516 116 93 77 1.9300471469423615 5 358 32 516 29 289 2 381 4 478 3 816
535 -1.5644841538582326 5.2883734049770057 0.32974299608635638 93 98 91 0.83837712297211087 19 1272 21 1321
2893 0.82766550591661703 0.049340037660193174 0.72593949046318107 136 110 95 1.6422607480163811 5 514 32 517 31 629 1 411
536 -0.46915222057585393 4.5038283702429194 -0.45159270748909658 59 53 51 0.94845504840685757 19 1275 21 1661
2894 0.52543486137603468 0.038330708006667658 0.94842552133857005 149 120 99 0.9790679254425374 5 362 32 519 1 317
537 -0.3462244893723721 3.1458953412502466 -0.77905957584319807 124 125 120 0.83619973543129722 19 1279 21 1069 18 912
2895 1.0905278072463924 -0.58664710608963044 0.91589690338137353 139 114 88 0.7365244518513433 5 519 32 522 31 694
538 -1.728518334810258 5.3357115556871504 0.11408479659935455 113 114 106 0.16785901211691845 19 1282 21 1189
2897 -0.28532748900715305 2.045376241829385 2.1416674503973629 83 73 81 2.1329152926837502 5 524 32 534
540 -1.9204777835701754 5.3249617587991978 0.24966508439892882 109 114 108 0.48613359849174176 19 1288 21 1659
2898 0.96163072029354613 2.1913658352154348 1.5555590049926828 86 81 76 2.839966861523894 5 476 32 535 1 225 29 244 2 229
541 -1.8595349189292794 5.3708137140373982 0.28907112030748383 148 150 145 0.65723729456808011 19 1290 21 1211 20 809
2899 2.0157317992011738 2.495655889676792 -0.44552867382623645 112 112 100 1.0537223337873585 5 576 32 553 1 502
2900 1.7088221413622759 2.2916405970197382 0.71449540668223332 171 151 154 1.6057756602284361 5 501 34 1081 32 555
543 -0.37477691330365454 4.6723098691623255 -0.51337359934336046 48 40 37 0.43536817701854813 19 1323 21 1768
2901 0.74223589138146939 2.3242108836706685 2.6650932605696109 81 82 77 0.63812269477962547 5 610 32 559 31 602 29 410 2 743 4 809 30 561 3 927
544 -1.7713908464160866 5.2877101184926323 -0.011012327581937334 143 144 138 0.68304649363709879 19 1332 21 1371
2902 2.168353170445942 2.421277216111974 -0.24000233312447306 68 66 62 0.6862874070035061 5 631 34 829 32 561 1 484
545 -1.7678916977987873 5.2437701868861577 -0.056191407889015596 114 116 110 0.68076668716493027 19 1333 21 1204
2903 0.76739769208851927 0.035255924002491168 0.91252769178323634 151 124 105 1.3075688961238217 5 455 32 571 31 604 1 441 29 316 2 800
546 -1.7987954561952193 5.3025274366942883 -0.038557095691319064 116 117 109 0.64177403865241223 19 1341 21 1772
2904 0.83652896668193466 2.4896843319085118 2.5995433946712581 97 97 97 0.57509553802593716 5 601 32 584 31 731 29 439 2 753 4 1166 30 644 3 948 28 1074
547 -2.3540475040935998 5.2536409925246295 1.0131402547403485 145 152 150 0.21596292327042207 19 1342 21 1305
2905 0.75566762603227222 2.4542403960898191 2.6743462394881559 60 60 58 0.46602155208393448 5 537 32 585 31 595 29 356 2 754 4 837 30 566 3 676 28 1044
548 -2.3100235681434484 5.3271899998518117 1.2856572910765596 136 142 138 0.10957137420697136 19 1344 21 1826
2906 0.78878920328545621 2.5081016996251488 2.6497090609355145 103 103 101 0.81338524092288633 5 536 32 588 2 775 30 524 28 727
549 -1.4354063575585825 4.3221193571903251 0.49567128931064525 114 112 113 0.47606880458006362 19 1349 21 1505 18 956 16 619
2907 0.80453384508645565 2.5213413484452416 2.6441587917553724 45 45 43 1.2137677588038887 5 535 32 589 31 500 29 358 2 594 4 704 30 440 3 517 28 722
550 -2.0265214444597719 5.3606366578117584 1.2739197206079247 90 97 97 0.87387184646847227 19 1350 21 1311
2908 1.9291094202297088 2.4202908725583194 -0.035335707795545256 113 105 100 0.7679568791898933 5 573 32 598 31 757 1 477 3 615 4 584
551 -2.1989609423251122 5.2426748559113658 1.0611544106049227 139 143 142 0.15385442765450125 19 1351 21 1824
2909 0.76136301574960863 2.3970555269379443 2.6675006948270705 109 108 108 1.0149777652581773 5 552 32 600 31 598 2 471 3 595
2910 0.58133625526830313 2.1409622292157739 1.7304593604573901 173 125 144 1.0052749339570788 5 566 32 604 31 853
553 -2.2638864344086795 5.2269242450927944 0.94849990677545259 132 138 134 0.32437088485849586 19 1354 21 1840
2912 0.76912942040943699 2.3497025767427759 2.6409218077993892 47 48 42 0.69862866287148417 5 421 32 615 31 601 2 646 4 827 30 564 3 589 28 1057
555 -0.99460378326332766 4.5375726332495816 0.088097609970300181 105 105 103 1.5197437422130671 19 1359 21 1785
2913 0.38082477940237797 1.0356975209310639 0.8710249138257079 183 159 125 0.47753561303370307 5 635 32 621 31 654 1 428 29 467
556 -0.4229429267093931 3.9757139162820048 -0.58675559230282426 105 106 107 0.52866340340127271 19 1360 21 2216 17 548 18 1118 16 622 15 533 14 447 13 297 12 1090
2914 0.77391708985762708 2.4188550786883263 2.6498002460018513 74 73 73 0.3237744722737359 5 603 32 645 31 730 2 989 4 931 3 910
557 -2.1637647285572705 5.1578085544553618 1.4243089752949478 80 88 89 0.63136389947603144 19 1368 21 1317
2915 0.77462051748030325 2.2559257525857297 2.6134962554294687 32 32 32 0.62723010518053968 5 543 32 663 31 553 2 572 4 691 3 584
558 -2.2849976227302999 5.2185641052533613 1.4143859006190063 141 150 146 0.21885944911500746 19 1370 21 1343
2916 0.75353318628914956 2.3372395020119865 2.6553147916307522 108 109 104 0.60053994150238155 5 609 32 666 4 826 3 926
559 -2.1084126312812468 5.1622469433833675 1.1844561688511084 136 141 135 0.29323537191459015 19 1376 21 1466
2917 0.77284162031164505 2.5584521021275184 2.6753125331158194 92 94 93 1.2223264160227216 5 532 32 668 2 929 4 790
560 -1.3980061320491675 4.3518386016707362 0.45491067606264812 132 123 121 0.62979996854216647 19 1382 21 1456 18 904 16 434 15 414
700 -1.874851749692483 5.2803826761669228 0.6239686770866949 117 122 116 0.36140720787396075 19 1892 21 1884
3057 -0.6400142506651646 2.0810558350081618 2.1112593522491747 67 65 70 0.32939211436657484 31 32 29 34 30 49
2918 0.78401123264419692 2.5648554393201937 2.6675349272547653 79 80 80 1.570453867321006 5 599 32 669 2 928 4 1141 3 1118
561 -0.42871204002875823 3.7772196808616632 -0.61033352372536964 118 113 109 1.0829645608156944 19 1383 21 1276 18 899 17 496 16 638 15 554 14 393 13 254 10 409 12 860
701 -2.0029568052895552 5.2717063203099706 0.59787219330772057 178 183 177 0.051522295917205849 19 1894 21 2704
3058 0.56351231829821702 0.56382159535913989 0.91641383378478669 136 103 88 1.2717814027435201 31 75 29 65 30 67
2919 0.74244891332896279 2.1668298442378129 1.7085126900359138 169 148 167 0.6164701832426337 5 474 31 746 2 966
562 -2.1294102327764235 5.2194145943077466 1.1958350991133531 133 139 135 0.46997263688755236 19 1384 21 1900 18 1621
702 -2.1834672143497844 5.2753578663623593 0.58304025917006774 163 169 165 0.084646699415824866 19 1895 21 1885
3059 0.68042001403112673 2.5896217275012612 2.691512625533798 21 19 21 1.2252338261370854 29 75 2 78
2920 0.82995264062826879 2.2937928060723034 2.5658893029587748 104 104 102 0.89814040380955684 5 617 32 698 31 725 29 434 2 740 4 813 3 930 28 747
563 -1.8264205098795703 5.2767073508723632 0.56960573667188774 106 113 105 0.36715925624663248 19 1386 21 1286
703 -1.9693053304270121 5.297029524993274 0.61638599127283333 116 121 115 0.087470247250872893 19 1896 21 1903
3060 0.92035922566794581 2.4416304384093959 2.512856659022896 18 20 19 0.70267841900001471 29 107 30 248 28 401
2921 0.4069501592581764 1.0400013778401527 0.87954045877110842 175 151 116 0.66376780018017256 5 634 32 708 31 987
564 -1.9848447526449733 5.3173047084759331 0.58465810373776983 123 125 120 0.22420874213063613 19 1388 21 1914
704 -1.8834192494228856 5.3198830502183867 0.63670051898746571 175 180 174 0.082603440959775634 19 1897 21 1906
3061 0.31914281011657408 1.0030266455405488 1.2689958857868959 208 190 186 0.93405067952744403 31 355 29 153
2922 0.38449590403450434 1.0508315112206057 0.87325394790308686 216 192 144 0.91901456120538427 5 580 32 709 31 1007 2 1415 4 1639 30 816
565 -2.1104079537525218 5.3607714539305213 0.60951253873220745 126 131 125 0.10224317699249227 19 1389 21 1290
705 -1.7122961618941874 5.3148434679724561 0.69943932672535269 103 105 102 0.15731601431277928 19 1901 21 2710
3062 0.47850452043324854 2.5657195440892089 3.0060460300385898 18 16 19 1.4808360422764888 31 151 29 178 2 227
2923 0.59009271982662326 2.1638360328879527 1.741772043415881 158 141 158 0.5087041398015183 5 650 32 714 31 944 29 561
566 -1.7011152782227901 5.2842227457388411 0.51701303554364186 103 108 102 0.696566968503881 19 1390 21 1854
706 -1.9638026351111211 5.3189056444982601 0.61174606087018246 179 183 177 0.14319297041515777 19 1902 21 1910
3063 0.73048484405406722 2.4360176961415982 2.6935776788133063 112 112 110 0.5013688514677922 31 250 29 230 30 294
2924 2.0159509919100698 2.1963567086569245 0.90616892830663542 105 93 106 1.3707497273349452 34 1267 32 718 31 942 1 534
567 -0.28862142584480144 3.161441461338621 -0.84770760055424821 65 67 63 1.1278745571410915 19 1391 21 959 18 910 16 894 15 789
707 -1.7527845522184846 5.322380477931663 0.61221345173001063 101 106 100 0.24388192741435361 19 1905 21 1915
3064 -0.42965327296083472 2.1739628402014124 1.7364460773666694 167 90 98 0.89406456576967752 31 407 29 249 2 438
2925 0.77132008940458707 2.3348758072160667 2.6372211315723821 103 104 98 0.87087568172845764 5 659 32 759 31 727 2 999 4 825 3 1012
568 -2.0521625524591158 5.3049256006138652 0.5215300507936601 171 173 168 0.14013427251049815 19 1392 21 1849
708 -1.6534285322611622 5.3008886271912532 0.59251345324699656 157 163 158 0.1455716564811215 19 1906 21 1864
3065 0.92976352264371853 0.10663506969932009 0.65639991546697984 153 134 114 1.939787363614105 31 485 29 266 2 521 4 396 30 516 3 750 27 407
2926 -4.8706644991356498 -21.438437432948696 -61.954550632754994 130 122 103 0.7039747135770229 6 391 34 431 32 528 33 308 2 798
569 -2.1125032380922208 5.2629555339699063 0.4517105381361623 117 124 121 0.46093336689714348 19 1393 21 1335
709 -1.9376745930286188 5.3178585752491117 0.59437443389868982 109 114 107 0.018793013991592666 19 1907 21 1913
3066 -0.23772224300667069 2.1584975088623035 1.8569502844928416 107 89 85 1.112475433481211 5 226 29 278 4 537 30 493 3 400
2927 0.3861876669138225 -20.886968074310033 -60.679484143994053 170 106 76 0.13746812263212774 34 820 32 644 33 890
570 -1.8372537463584775 5.2868904035663888 0.80921508013112375 111 117 110 0.38538001531427268 19 1407 21 1801
711 -1.7910512595412917 5.3074745299633985 0.58244878835914271 112 117 111 0.64234680676094003 19 1909 21 1865
2929 -0.0065903885742924816 2.1232975520506523 2.0544836021271777 107 96 102 0.33103477374353751 32 98 31 155 29 171
572 -2.0048639813973494 5.2475039333661515 0.66403734982763807 125 130 123 0.33283688099868847 19 1416 21 1896
714 -1.6488760427454572 5.2994195771928059 0.54870550827912501 152 157 151 0.052860650804313611 19 1915 21 3235
3071 -0.67190741331793669 0.45742632286605384 1.4043025385146741 202 176 144 1.086626705195133 31 647 29 380 2 467
2932 -0.25880442816740962 0.92656968006295182 1.348942350558616 212 203 206 1.4212925617106487 32 8 31 8 29 7
575 -1.7493038540718915 5.21772027772941 0.58317303983261204 151 156 149 0.39632079601732129 19 1420 21 1278
715 -2.0487848438633027 5.2323088392878097 0.45344040758087439 166 173 165 0.5681092223576969 19 1916 21 2441
3072 -0.73839961459299508 0.55474732993807541 1.4263029453889626 151 131 106 0.40709271967880706 31 436 29 381 2 526
2933 0.34850032338044107 1.9916781376553963 2.7723581484501874 102 88 113 0.86171006428260066 5 15 31 10 1 14
576 -2.1510916313080157 5.306951301139593 0.66169762172534718 125 132 125 0.14364825208517429 19 1421 21 1367
716 -1.7975349783281418 5.2757806085014272 0.88657424264152529 149 158 155 0.42528399879667794 19 1919 21 2205
3073 0.85519874448724653 2.4890582347500523 2.5838220306351962 91 91 91 0.67995656324038112 31 596 29 404 4 838 2 764 30 534 3 949
2934 -0.50508275763108879 1.7908857981737143 0.49190851414689341 157 147 135 1.9515128323556903 32 43 31 29 1 35
577 -2.0536203727508893 5.3037290861767596 0.65871002097257858 119 126 119 0.23960367487331094 19 1423 21 1277
717 -2.0464210521352051 5.285009349129278 0.86157123476555086 169 174 170 0.094932111799878344 19 1921 21 2211
3074 -0.085977283850341382 2.2011068901283095 1.5183054874608117 226 168 141 0.77166861095393935 31 523 29 416 2 642
2935 0.94442736293469509 1.7161141597944389 1.1306405518816693 158 158 160 1.6634730773883586 2 55 29 68 4 71 3 44 30 48
578 -2.2252622304888918 4.8923397912751803 1.4130897590217977 184 196 194 2.2645056852769656 19 1424 21 1498
718 -2.0869777001156526 5.3022504971635538 0.87041607553579958 158 163 157 0.40151698460120527 19 1922 21 2214
3075 0.82221512416472209 1.8574572297026117 1.3385627251565442 191 199 203 1.9856788653491864 32 307 29 418 2 549
2936 1.2150418275784207 1.8362042302957473 0.86870834676585307 143 133 127 0.43304716929123649 32 95 31 78
579 -0.54268249581255357 3.9162493620382022 -0.482527192135497 84 60 48 2.2411394249745693 19 1442 21 1817 18 901 17 523 16 481 15 266 14 255 12 658
719 -1.9972629976135232 5.2927426111357203 0.85207154146185438 184 186 181 0.05515287640482263 19 1924 21 2221
3076 0.017898218123340651 1.9445267007453806 2.1979801984994429 201 176 181 1.9854201390285529 31 883 29 430
2937 1.004686068724802 1.8955229107721252 1.2086742767701864 125 122 121 1.0989557387293354 32 91 31 79 1 89 2 69 4 68 28 43
580 -1.7660003280021086 5.3855867068682253 0.07798350397767416 138 139 131 0.41405910900051696 19 1447 21 1780
720 -1.9600226608106393 5.3502118060389341 0.91993760648788481 174 179 173 0.60051325013256163 19 1925 21 2222
3077 0.55254395307971349 0.021728007741907109 0.9373889081952077 174 144 128 0.77233477979950704 1 443 31 704 29 451
2938 -0.72005770844787254 0.45405147660918671 1.5030687801692246 236 227 206 1.9242818892196087 32 73 31 89 1 82
581 1.4326321525324632 2.5942446547213298 -1.1548444467460037 60 49 43 0.61936236480447604 19 1452 21 1402 18 1331
721 -2.2313426056205943 5.272945826922558 0.78689575648636489 181 186 182 0.025485438802892384 19 1930 21 2224
3078 -0.10001600944499692 0.75790860212896127 1.4313039086091555 225 208 189 0.61808382349106827 31 642 29 457 4 749
2939 0.5657488190103801 -0.15170296316799706 1.207303189222418 187 143 118 1.0909827138132759 32 115 31 94 1 125
582 0.40944580640755318 2.6685454740553167 -1.0758945703836911 138 125 128 0.71069402294397999 19 1454 21 2097
722 -2.1666992855532503 5.1931637307702152 1.2270242927227204 177 182 175 0.69552441235599904 19 1933 21 2354 18 2060
2940 2.3950856427201055 4.5404104260074138 1.3169580117160902 14 13 11 2.2909160237837889 32 142 31 103 1 74
583 0.60097125688559461 2.6000073864032411 -1.2777692232964484 106 91 96 0.36869472051942087 19 1456 21 3052
723 -2.1970783760161976 5.3197265846491382 0.7835145647696109 135 140 136 0.054205530494058005 19 1939 21 2014
3080 0.032559456853407359 2.1186105554592154 1.9049377299096344 204 134 142 0.26848964294076005 29 558 30 809
2941 -0.42108812380715843 1.4305909450126593 0.86282290608914358 205 199 199 1.6864729624601897 32 126 31 133 1 127
584 -0.29990488636829776 2.8294796313392445 -0.85540429745021229 77 76 73 0.86949406019801156 19 1457 21 2100 18 918 15 769
724 -1.9419298352668535 5.27150348682712 0.65572741097476139 155 162 155 0.603528483959758 19 1947 21 2671 18 1449
3081 0.40045875932082681 1.0664279725287711 0.88443090017318116 218 191 138 0.68130857515984233 5 328 29 314 1 327 32 405 31 443 2 556 30 399
2942 1.1923055109445455 2.4295454438739812 2.2253029300153879 52 50 51 1.132796655341421 32 213 31 141 29 109 2 105 4 118 30 97 3 130 1 143
585 1.2832593976747484 2.6161123229510062 -1.3823990459886175 113 100 109 0.66858911520851461 19 1461 21 2108 18 2263
725 -2.2201129202375269 5.2035112208200065 0.79021740556239439 166 171 167 0.24449039605993464 19 1953 21 2253
3082 -0.49432308146496917 1.4117206701398575 1.6134854964415783 0 0 0 1.0865044160078545 1 6 29 3
2943 0.89178042592366902 3.0249749972997519 2.6424720158980386 35 36 31 1.7546719050067432 32 198 31 157 29 125 30 233 2 202 3 233
586 1.1719318234099521 2.6473266802865645 -0.6528339324107072 194 174 141 2.4339713410271147 19 1476 21 1080
726 -1.9069048265074162 5.2545526228612189 0.85773018058123529 159 164 158 0.011987661082813983 19 1955 21 3193
2944 0.82683783107540265 3.0141171344341324 2.7077635925905859 38 38 38 1.6870201660432171 31 158 29 124 2 200 30 231 4 231 3 157
727 -2.1791512659194083 5.2919656553280152 0.88580838804210849 184 189 185 0.18783349400989771 19 1956 21 2259
3084 -0.3965442573568207 2.1235815559363882 1.8601017353445515 84 75 76 1.4761748724185526 29 47 2 70 4 64 30 64 3 49 28 72
2945 0.86640430087483644 0.1070330957141304 0.72649755369277513 111 88 71 1.1250624234390427 5 161 32 174 31 162 1 160 29 159 2 228
588 1.8242421130056925 2.5223518111803989 -0.77688845248252103 157 147 135 0.38548093507315589 19 1483 21 1436 17 907 43 749 20 738
728 -1.8650523453434755 5.2576691259595014 0.84224259617464947 164 171 163 0.011245644066115917 19 1960 21 2215
3085 0.050041797692499085 -4.1794696278164922 -63.039343508899869 185 187 171 0.64004779981086013 34 122 2 83 33 84
2946 0.77392035762269518 2.5187649461306707 2.6747340242157831 28 26 27 0.92084349777198271 32 245 31 175 1 233 29 184 2 217 30 236 3 249 28 322 27 463
589 0.14830007284645719 2.5457386559996102 -0.90462506600443959 125 120 116 0.27283889268672989 19 1487 21 2472
729 -1.9779222423197229 5.2630753642675154 0.88350019759309495 170 175 169 0.17429794189568276 19 1961 21 2257
3086 -0.033064657831295106 0.75666976550848775 1.226547485530141 157 144 127 1.5902935198347197 31 59 2 88
2947 0.5992254063198027 1.1307785702639672 0.78367815117456974 143 112 92 1.1465057050901779 32 158 31 176 4 255 30 192 3 188 28 258
590 1.7367730425524102 2.5356169090855363 -0.87053579231463252 152 139 130 0.22895741731026742 19 1489 21 1388
730 -2.223125474675137 5.2840621489928115 0.85401153468693669 173 180 173 0.013141586392069377 19 1963 21 3192
3087 1.1335743850738325 -11.285383934445063 -62.871692713597355 175 176 160 0.95475482798773503 6 131 2 116 33 148
2948 -0.094403746467428037 2.2816571025897185 1.7339951928217547 180 159 177 1.610990197900672 5 193 29 284
591 1.3615380734567597 2.5363343713665789 -0.89635090092288527 60 45 22 0.17156702964741022 19 1490 21 1366
731 -2.0571605426891484 5.1987774310845696 0.75410177737901429 167 174 167 0.28095227843150883 19 1964 21 1814
3088 1.4245921467673877 3.1490087307914911 2.1300471694553518 48 49 41 1.7996087380841697 32 244 2 134 4 132 3 109 28 150
2949 7.8197486025247711 -8.0980346240821479 -67.802604844492308 126 92 81 1.1330669823273278 33 200 31 207 1 171
592 1.398779911412642 2.5404113082088835 -0.88263771297437854 68 56 40 0.27120994187645042 19 1491 21 1426
732 -1.9071431636084761 5.3556831767089328 0.94761920570067004 106 113 105 0.4940711771105723 19 1966 21 2219
3089 1.9309490229161563 2.424079361359035 0.061473820888132996 124 113 107 0.66971669473687478 1 198 2 149 31 185
2950 1.2983855513648748 2.4401553402557812 2.1220367487790628 52 50 51 0.66566539040265049 32 259 31 232 29 190 30 124
593 1.3595848141667113 2.5429503699430467 -0.91704081024664996 181 168 149 0.60601507403087218 19 1494 21 1385 20 887 43 719
734 -2.3975562047091752 5.3293537739391663 0.97631214773110919 169 178 177 0.14517257056859584 19 1969 21 2236
3091 0.22146768031987152 -10.226236320295163 -62.926809323242168 150 149 131 0.30468958231056148 6 166 33 147 34 192 2 176
2952 0.89398472928166406 2.7622265806206063 2.5976193334237823 106 108 107 0.9913426252260914 32 270 31 246 1 148 29 177 2 220 4 201 30 223 3 168 28 285
595 -2.4268643484372325 5.1967641723395861 1.5588176086829886 147 158 151 0.095643019395026674 19 1509 21 1993
735 -1.8788701766093572 5.2485879788108987 0.93981033194317887 143 149 145 0.14577828179018548 19 1972 21 2234
3092 -0.37014141475006002 -0.85081988570595501 -60.144390645639348 114 103 99 0.43983646605673438 34 189 2 180 33 142
2953 1.1970109101612783 2.6647302464661027 2.2729465325229148 43 46 40 0.94077492542971886 32 216 31 248 29 182 2 163 4 209 30 161 3 170
596 -2.4281916554075758 5.2360726406139539 1.6032990609008151 171 182 179 0.44928863927880747 19 1510 21 3483
736 -2.0514473851903001 5.2250260785640226 0.90193465980684451 155 160 156 0.018090277786038656 19 1973 21 3336
3093 -0.45051054933184109 2.1799353647850936 1.6163229775900918 160 84 94 0.28600952258637319 29 210 2 238 4 335
2954 0.46862646993997276 2.306926969330334 2.9343313475331043 46 42 43 1.5743787068011326 5 303 31 252 29 232 2 260
597 -2.3284478655334797 5.2357985725461607 1.4833853662821543 165 174 173 0.098160483437842616 19 1520 21 2304
737 -2.0394541893937843 5.2532901811581452 0.93706886906869424 168 173 167 0.14388076477080003 19 1974 21 2189 18 2341
3094 2.1288919414161946 2.3711483286623984 0.38746637287703978 122 111 115 1.3980754949652008 1 211 31 171 2 247
2955 0.79194628352802376 2.4981202647224641 2.6470619105410331 112 111 107 1.8459816581368418 5 222 29 273 2 473 4 707 3 518
598 -2.2676308283152702 5.2269017293454336 1.4634537052478842 162 172 167 0.30529003068955896 19 1521 21 1349
738 -2.06240326940115 5.3127424464908142 0.98966629923138072 124 129 125 0.26221269158847171 19 1976 21 3339
3095 -1.7034116400075638 -6.0539661862077576 -56.325342428538008 182 188 174 1.0668509186208572 34 291 2 277
2956 0.71536891953194826 2.3829267305288253 2.7082950119718849 26 26 26 0.56048130849056388 32 358 31 262 29 231
599 -2.2939117887087686 5.1933773636766523 1.369063296153411 169 177 171 0.09590441114962206 19 1525 21 2311
739 -2.1991415901510951 5.2426536792591536 0.89095898167923271 175 180 174 0.10243181471272306 19 1977 21 3337
3096 -0.75458365344001765 0.57976124696339859 1.5070049545659323 226 204 166 0.67672842508301811 29 204 2 280 4 289 30 262
2957 0.90955130684866348 2.6395328771076736 2.5598686751401551 15 16 18 1.4696537272892947 32 500 31 291 2 475 4 796 3 510
600 -2.3957098026357175 5.2101120850707945 1.3617959409307216 142 153 149 0.063179412309333299 19 1527 21 2316
740 -2.0005635487862623 5.3343752739122108 0.89785777093113994 128 131 126 0.30426829298497726 19 1980 21 3198
3097 -0.41486180952459922 0.59772319669433371 1.5016905852179949 200 162 123 0.5874486805698258 29 201 2 281 4 259 30 263 3 276
2958 0.73912301480404874 2.559149145271935 2.6891577199568681 25 24 28 0.67856507180113035 32 295 31 293 29 228
601 -2.2463330897899647 5.2584599488639245 1.358234901884638 136 143 136 0.66519157854211086 19 1530 21 1475
741 -1.8525392602709925 5.2435840173786517 0.87784895424206344 175 182 175 0.06992205163574422 19 1985 21 2256
2959 -0.68174705086902565 0.56671257491190974 1.4499438943882428 207 205 206 2.1186599413565315 32 344 31 298 1 261 2 694
602 -2.5758938719182662 5.1997930175930049 1.2579144863773379 180 187 189 0.0030446392493011648 19 1531 21 2277
742 -2.0867165449884233 5.2447175970548976 0.86508219255721031 171 176 172 0.52086563719679801 19 1986 21 3342 18 1898
3099 1.7319626808567963 2.7273419697195882 1.7458143542888085 46 48 43 0.73597728141919205 1 229 2 321 4 211 30 153 3 175 28 221
2960 8.0962281066219752 -3.7992738199651939 -67.656154217590085 209 207 172 0.5829618335187845 33 246 34 329 31 299 6 267 35 207 7 292 1 269
603 -2.2064571829943693 5.2794926364843633 1.3872829180970989 159 167 161 0.76073977594227138 19 1532 21 3305
743 -1.9485067406783161 5.2557849856266703 0.88029906684944947 155 159 152 0.11721423210838483 19 1987 21 2255
3100 0.7949220734693665 2.6846577191856982 2.6743944806546969 122 122 121 1.3612840480771129 31 245 2 339 4 291 30 302 3 223
2961 0.53296096877928201 0.29740003981649071 0.94893610216038338 180 179 177 0.5894520125357805 32 241 31 301 1 257 29 211 2 420 4 350 30 257 28 279
604 -2.4758587360572046 5.1873732445957597 1.2343857249669319 138 143 146 0.10380642207104052 19 1534 21 2283
744 -1.9173256892076009 5.2432873099790447 0.86482603650510059 122 127 120 0.38192082732845689 19 1988 21 3185
3101 0.76423812029195304 2.5765603741391847 2.68100056092312 125 126 128 2.0276454338595409 32 453 2 374 4 542
2962 5.9103662313743559 -14.081173043294598 -68.536559196807858 151 149 134 0.33240747126275993 34 345 31 305 33 251
605 -2.2735048878930799 5.2548448517258182 1.3319583046408703 175 181 175 0.24013298269184835 19 1535 21 1473
745 -2.235520356912124 5.3179632994996844 0.77543591929555133 175 180 176 0.040245732358669295 19 1992 21 2018
3102 0.85114456398255756 0.052254273533118553 0.82096448760545015 145 117 97 1.1439033072560647 29 291 2 378 30 288
2963 0.30483891911706268 2.2054774635464542 1.4012701058922925 218 112 124 0.41138441683344729 32 284 31 313 2 440
606 -2.5216296572058168 5.3473165254229347 1.4422433745414922 168 176 178 0.4960088974859107 19 1536 21 2285
746 -1.889970869491751 5.2517226704359006 0.70431318044959945 179 180 172 0.0057721638258474098 19 1993 21 3378
3103 -5.1791820971416254 -8.8646287713256182 -54.933518586730919 71 159 170 1.3913153766933639 6 260 2 380 4 404
2964 0.85254237125911037 2.1858726735185603 1.7089312720526173 95 86 79 1.5706390521338929 5 234 31 319 1 142
607 -2.1346691967263847 5.2229474348189777 1.2881862595409177 132 139 132 0.17320451685078331 19 1538 21 1469
747 -1.8335108131605282 5.3472564619935827 0.81822629946526315 112 117 110 0.14816900738472133 19 1994 21 3180
3104 0.92967083946465179 0.083101805069281415 0.71739579765621686 110 87 71 0.59416223986581618 29 160 2 399
2965 1.4310543001818212 2.0931698745107052 1.8319632032114328 72 71 68 1.1749389985310481 5 315 30 309
608 -2.7283315553242979 5.1179361681080326 1.8291983435889718 151 166 163 0.15363026763636115 19 1542 21 1485
748 -2.06598251588201 5.2373055390882692 0.67069808627899585 126 136 128 0.50933054677820389 19 1996 21 3177
3105 -5.8920321170641961 1.3080216019156563 -54.630909519523946 70 82 90 1.2571112346097986 6 156 2 411 4 347
2966 0.25441845331223362 2.17818149987523 1.941736897986635 216 138 151 1.1232395825054013 32 209 31 335 1 206
609 -2.5475555110315291 5.1341652333180932 1.8099716534643557 145 161 157 0.035522039196119556 19 1545 21 1930
749 -2.0556827371715238 5.2784531168776336 0.71705087934615785 185 191 184 0.19266404576072302 19 1998 21 2086
3106 3.3968390432893836 -12.896180529773634 -64.150859241988513 148 151 136 1.0563995976339642 6 403 33 391 2 444
2967 -0.68591337069970271 0.49089620844489668 1.2637603132309232 201 165 129 1.3919743844846049 32 397 31 340
610 -2.6450271966175287 5.0644964373103214 1.684050862172747 175 190 188 0.448607138936709 19 1547 21 1916
750 -2.1600289921512346 5.3058390166763623 0.76501557018738453 182 189 182 0.038365308491656369 19 2000 21 1921
3107 -2.0449645555229035 -18.951677495663617 -64.407050142654825 184 182 167 1.3260717634265007 34 324 2 450 6 386
2968 9.0639867264904019 -4.5763090938181374 -70.268576002499401 136 135 116 0.38666180596577832 34 448 31 342 35 383
611 -2.593344390765052 5.1296068532247929 1.7294857073866337 146 160 160 0.08913806797128998 19 1553 21 1496
751 -1.8449122318036002 5.2787997049702433 0.68008831330266795 169 174 167 0.48047389119844036 19 2004 21 2675 18 1491
3108 -1.3829328521378215 -16.622857957368943 -62.719102871129124 160 158 143 0.60879636269975823 6 258 33 252 34 325 2 452
2969 -0.76649805900924584 0.63315654066134763 1.4458815955845938 156 143 124 1.4042975558090032 32 239 31 344 1 214 29 202 2 412 4 430
612 -2.706823976817232 5.1502175716607246 1.7382311683074458 179 191 191 0.10056940782617757 19 1555 21 1497
753 -1.8548813241164368 5.2729177813031152 0.82551559750863457 143 150 142 0.11098616412356155 19 2012 21 2227
3110 -0.73932517003313125 -5.4251272959382577 -66.052354955532934 187 188 157 1.3683943640608611 6 361 33 718 34 708 2 462
2971 0.77978828254073873 2.6335394497651667 2.6824500059830245 21 21 19 1.1284764636802802 32 456 31 381 1 289 4 415 30 351 28 709
614 -2.5043087516460214 5.103992366206743 1.5926062410109758 173 189 188 0.082135046331256095 19 1564 21 2759
754 -2.0126052028983041 5.2303057484620092 0.74923428103396261 126 128 125 0.31768540737895423 19 2013 21 3202
3111 0.74117448955704046 2.7081014634032075 2.7411404302969338 30 31 26 1.2027287933535094 32 597 2 479 4 543 3 385
2972 0.75502920849488675 2.3880391018490568 2.6382734365299068 117 115 116 2.0335440252620676 31 384 29 347 2 342 4 513 5 429 3 565
615 -2.409672884427319 5.1202261477287605 1.6008704122747901 137 152 149 0.27313545993074895 19 1565 21 2027
755 -1.8649497876491574 5.2827530222284187 0.80829311486536148 148 155 148 0.083340934703071051 19 2019 21 3156
3112 0.90167865540373071 2.9087094437089638 2.6354810152975032 22 22 22 1.2577457440208772 31 507 2 481 4 638 30 449 3 642 28 641 27 1106
2973 1.821493305396187 2.4298620811841434 -0.17800666206843149 76 69 60 0.42598480908426312 5 266 31 404 2 432
616 -2.7188523554293473 5.1703784899959118 1.5833400454682138 181 192 194 0.035220671152173123 19 1567 21 1507
756 -2.1826408220830977 5.2790818510767039 0.76119779707771917 161 166 162 0.52770790541953638 19 2024 21 2201
3113 0.58322665192985601 2.1276366420727229 1.5694425836515784 214 114 134 0.81520822700043016 29 374 2 494
2974 0.16001115227887969 2.189656686041761 1.6154343827369242 234 158 160 1.265830436872184 5 400 32 205 31 410 29 226 2 232 4 402 30 495 3 264
617 -2.7077569654717637 5.1234153313565773 1.5113609466960132 151 162 164 0.25220176136351963 19 1568 21 1508
757 -2.187634489864418 5.3272136583571941 0.80821425216445353 129 136 129 0.14571215331094778 19 2025 21 3376
3114 2.4571634579596302 4.0440642749559093 1.2394535719911219 104 106 101 0.50253227786210131 31 579 2 518 4 427
2975 1.3187223233599641 2.1003729311839745 1.9151707303315493 84 84 82 1.4805980060277921 31 421 1 285 32 476 29 246
618 -2.6289416766344287 5.1044366644303523 1.4640530779313505 151 161 163 0.13135063351805704 19 1570 21 1983
758 -2.1070008789755184 5.2912170911621397 0.77038722905386348 121 128 121 0.068854065317493857 19 2026 21 2294
3115 -0.73230671975093309 -1.3303760531772582 -59.443347025903144 108 100 86 0.34539230869144982 33 416 34 728 2 529
2976 0.63690471860487907 -0.056641096055799263 1.1526955981728042 144 113 93 2.0600404866777495 5 280 31 426 29 312
619 0.41342542318136516 0.087021926668288965 0.51608591132806736 188 149 120 0.66434637090456516 19 1573 21 832
759 -1.835294783589567 5.2612630642283582 0.73224312575328343 169 175 170 0.26671213718983811 19 2028 21 2129
3116 -1.7378824983025523 -5.2786506243995248 -61.683260039543974 188 190 177 1.4989101043944821 33 436 34 452 2 535 6 253
2977 -0.70079158907064298 0.41992104225041921 1.3746176465373621 242 230 214 1.194188930742522 32 273 31 432 1 255 4 483 2 464 30 379 3 330
620 0.30689453718328996 0.72617122471425988 -0.11285135603690079 196 178 147 0.57582813044311976 19 1583 21 825 18 1517
760 -1.7764095263455297 5.2925186419477868 0.77433640903549916 117 119 114 0.011585030280729481 19 2029 21 3377
3117 -3.7952330177799012 -5.6841069247899929 -59.871221333432359 97 99 85 0.30419102321218544 6 398 34 454 2 536 4 623
2978 -0.77948940166242264 0.45704991853923682 1.5083295359808855 153 143 124 0.65722276516907552 33 753 2 466 29 320
621 0.20979965890752014 1.3153002569447299 0.45117486161118053 214 189 161 0.63480886436610695 19 1594 21 1165
761 -2.0599595338306775 5.2153412013707197 1.1679422716105055 153 160 161 0.01698847378819477 19 2031 21 2318
3118 1.0640484037762636 0.10111839998840128 0.69906381131407691 106 82 70 0.90331271301145688 29 317 2 541 4 626 30 420
2979 4.7725533598335454 -4.5267999711839799 -67.064637668684341 169 165 138 1.0207713834113743 33 444 34 451 31 434 6 275 35 271
622 0.017437594485990346 1.9801944431100831 0.10817701817785066 170 161 144 1.5639001288823087 19 1604 21 2966
763 -2.5685743609831766 5.2603227583357963 1.194541244486957 180 188 186 0.058949266318655283 19 2034 21 2369
3120 2.9800095116409424 -15.461806229373343 -66.736466812837264 149 145 126 0.88268713052731462 33 688 34 766 2 584
2981 0.79600070886970198 1.0707729113149731 0.63589572332476119 167 142 108 0.71683097888568414 5 326 31 444 1 328 2 557 4 435 30 386 3 336 28 433
624 -2.249550085882174 5.2220513125834493 0.77061665430272897 172 177 171 0.14426212210045669 19 1613 21 1790
764 -2.103056411065793 5.2627360786576789 1.2046307991441643 135 142 142 0.18345915335369631 19 2035 21 3282
3121 -2.1016943649608906 -19.911452487030395 -65.419206315079464 140 147 113 0.48166896601411807 6 290 34 695 2 591 33 447
2982 1.0232047952003225 -0.66273928390487091 0.93628107840876884 194 170 140 0.85160286214310554 32 429 31 463 1 339 29 297
765 -2.4219390964030501 5.2365973630920415 1.1528065278820847 176 182 182 0.18418374363092216 19 2036 21 2373
3122 0.91210651016499122 2.900064213995885 2.5962442080622821 24 24 24 1.0333041388091277 5 590 32 504 2 621 4 631
2983 0.95840351905636045 -0.26997312472093732 1.1030452637660042 122 88 69 1.9399796708342185 32 435 31 470 29 327
766 -2.183769814122273 5.2108877525057151 1.123854357988503 175 180 174 0.14706575124773152 19 2037 21 2324
3123 0.72662630194220046 2.3881515660013122 2.6865239105801866 123 123 123 1.2871684727308979 5 602 2 648 4 830 30 565 3 594 28 1056
2984 4.503647994527185 -14.330163221192176 -63.499367913897899 144 143 123 0.60719249299566902 33 687 34 687 31 472
767 -2.2284589596669995 5.2410135507097388 1.1427577995397185 185 191 189 0.11047120685730039 19 2039 21 2329
3124 0.8164002662345774 2.334849056265091 2.5003991708669848 38 36 37 1.6072458451945626 31 492 2 652
2985 7.1673913362225692 -8.8302675684014069 -67.713314146763537 147 115 102 0.73498301014837342 34 682 31 484 33 719
768 -2.2364614270363949 5.2195442553691924 1.0781311086724892 134 138 141 0.080769663523955731 19 2046 21 2338
3125 -1.0617087361799711 -6.0870118640845208 -60.035964417409389 123 125 112 0.22818835438967411 33 437 34 681 2 681
2986 0.73827271465280231 2.2547248935771993 2.6453240721888949 36 30 34 1.4916387633108483 5 544 31 494 1 362 32 366 2 514 4 690 30 441 3 889 28 753
629 0.77248368596614791 -0.31486151728693562 -0.14811891419660336 146 115 86 0.069227408511473632 19 1628 21 1099
769 -2.339961535051462 5.2314135373608153 1.0845660926050751 169 178 177 0.032162929129853239 19 2047 21 2334
3126 1.614601950258949 2.5788087150798931 1.8322078054995585 77 73 70 0.52585358842101171 31 744 2 682 4 946 30 535 3 908 28 969 27 900
2987 0.71316208840146134 2.3169025619691301 2.694112852818535 28 26 27 1.4973456766111812 32 448 31 497 30 435
630 0.1425351309504021 2.5022554182997259 -0.50926873610470935 130 107 103 0.14240989658404138 19 1634 21 1580 18 1832
770 -2.4817549251891813 5.2122298849606068 1.2940491657309405 170 179 181 0.19852280330761102 19 2051 21 3297
3127 -1.7234677864885712 -5.7532723841691844 -61.55791415041211 118 121 103 0.1199341086548729 33 723 34 680 2 688
2988 2.5808600722201569 4.0087688373468433 1.0945108928631793 90 99 100 0.99465661297428787 5 549 31 504 2 365 4 419 3 239
631 -0.97856102494493979 2.4434175267809115 -0.097724680381234913 163 171 162 0.55491415093469332 19 1636 21 1590
771 -2.5005764104777706 5.175406150337257 1.2272068777667773 179 184 187 0.19591346783246527 19 2054 21 3300
3128 -3.6260247015319877 -5.3352008930919137 -60.191053565268945 150 152 138 0.33820624933719184 6 356 33 636 34 679 2 689
2989 1.5845999316098338 2.4383313813145113 -0.19055472462643938 142 132 123 0.52951738755339273 32 417 31 520 1 372
632 1.4250232020329943 2.4886766211316247 -0.39544596225143958 139 126 110 0.20460033270183126 19 1642 21 1578
772 -2.2265901411854894 5.1956812907946475 1.2085712259033681 177 183 176 0.032039429260972807 19 2059 21 2356
3129 -0.58968102222585839 -1.7628529441350629 -62.505222280680407 151 142 125 0.33354128200478889 34 807 2 691 33 1066
2990 -0.27509732009445059 2.1775381720421452 1.6750727404374062 162 82 91 1.324153381219092 32 467 31 522 1 379 29 461 2 620 29 379 4 549 30 408 3 606
633 1.5549648533532299 2.4600716114297496 -0.50730360921694018 144 128 113 0.54035138947654515 19 1644 21 2063
773 -2.0242083536967366 5.2315283443557483 1.087703476077454 116 122 120 0.098349266639184835 19 2060 21 2176
3130 -0.75549248121596502 0.716971958013494 1.4030295291242791 156 147 131 0.31944834255711607 1 457 2 695
2991 1.3964461139615085 2.4793300259609041 2.0328208681490674 63 61 62 0.51693393805456433 32 658 31 551 2 680 4 820 30 530 3 716 28 898
634 1.1883065384534721 2.494774830370845 -0.55340118196516097 172 155 146 0.19888279816086463 19 1653 21 1047 18 1419 20 697
774 -2.1804569766339092 5.16855803899342 1.1493795004460161 140 145 141 0.31676870520608802 19 2062 21 2362
3131 0.76832496911240633 1.0475463984460534 0.64536722043815231 145 114 93 0.72467688282459441 32 512 2 699 4 968 30 483 3 736 28 877 27 998 26 789
2992 0.87458305085835453 2.2814461246805786 2.5129560784029681 37 33 32 1.4032758822953877 32 659 31 552 30 559 3 540 28 832
635 0.13369409596507134 2.5133511095114072 -0.56398866585057061 150 118 109 0.67893309073110586 19 1655 21 1607 18 2305
775 -2.5764892794848002 5.2524916587801771 1.2377076700037215 141 150 147 0.26377884054274903 19 2063 21 2357
3132 0.87132828807069229 2.7519866602681327 2.616621373765148 115 117 112 0.3939609793472707 5 699 2 717 4 1107 30 691
2993 -0.44981485616606709 2.0374814296743575 2.4465777746952733 204 196 194 0.90513881454929679 32 475 31 576 29 415
636 0.10873115499321764 2.4967897281221232 -0.64231844980305175 169 126 119 0.30230099615033268 19 1656 21 2068
776 -2.4326730682791857 5.2113267837824715 1.1877646174577359 177 183 181 0.092683008792597693 19 2064 21 2346
3133 1.7562047336878215 2.3928103173507798 0.031095228153567852 185 175 164 0.95126558835759456 32 564 2 780 4 1042 30 646 3 1070
2994 -0.76309303387134508 0.58467141662152966 1.509256630137062 239 231 209 1.5089064340504814 32 240 31 577 1 262
637 1.6645230563447824 2.4914074797595913 -0.62752304818726656 180 165 135 0.58099525195126756 19 1659 21 1424 20 916
777 -2.3642597962751912 5.3010067489488479 1.2995865734389056 146 152 150 0.37627974931970209 19 2065 21 3271
3134 -2.5343772409498038 -20.261513893008871 -60.890324749840232 154 155 139 1.4478966334071643 6 390 32 526 2 804 34 430
2995 0.79964439429048284 2.3285181425727686 2.6074185612088052 70 68 71 0.61001430199852846 32 613 31 588 4 823 30 563 3 928
638 -0.41556307462999531 2.5328322113250223 -0.58879186152214613 111 118 111 0.31782638447787626 19 1660 21 1606
778 -2.2085928858928434 5.2346771634141129 1.2138530637835634 180 185 181 0.2071746297838325 19 2066 21 2367
3135 -2.2876633692501107 -18.493316692954284 -66.013372517001017 185 184 166 0.078045874625139955 34 692 2 811
2996 0.71834920427356808 2.5893430749432382 2.7302639848811281 23 24 28 1.1401654041294309 32 590 31 589 29 360 2 599 4 797 3 937
639 0.21270533108410425 2.5146056297137074 -0.61376150452797429 120 86 76 1.1666592762472121 19 1661 21 1594 17 941 18 2315 16 1396 43 938
779 -2.4974639849577467 5.2384758850675279 1.1966719684474338 177 183 182 0.12905299108485602 19 2068 21 3270
3136 1.0417204138752356 -0.66387688967894021 0.90270580626916719 247 236 211 0.85612573162646388 31 691 2 876 4 987
2997 0.91645329448553847 2.6046224613740647 2.5445193321122219 15 15 15 1.094597230089833 32 587 31 594 29 359 2 601 4 791 3 723
640 1.9015886417049068 2.2621090108312094 0.93833914220908554 81 64 60 0.60512928736638938 19 1671 21 1622
780 -2.4963616947881437 5.1491481168289459 1.0740817488694061 145 154 151 0.32660375115147466 19 2069 21 2364
3137 -0.37159131126434303 2.3691688375205509 -59.602280242371364 166 162 144 0.34675089959236854 33 798 34 805 2 883
2998 0.79135196222038229 2.4218575913501463 2.6357368332143341 108 108 108 1.2866288073098555 32 480 31 599 2 470 4 528 30 437 3 563 28 708
641 1.945399822775461 2.2667615642189705 0.8895180659841706 74 61 53 0.92562277600760379 19 1674 21 1149 43 636
781 -2.3276787149648865 5.2192217025915326 0.94121879228904237 167 176 175 0.090668855009079036 19 2075 21 3322
3138 -0.22254535290699379 2.0144174163690969 -59.995163961472635 171 162 147 0.32843772331884918 33 794 34 806 2 885 35 519
2999 5.5979583731482672 -11.923960054971886 -66.322743109857043 135 131 119 0.48378095834758317 33 708 34 683 31 608
642 2.1267679615827371 2.3102071041059964 0.4460240686790638 97 83 82 1.0412431136166329 21 1634 18 2249 19 1683
782 -2.1912793940548738 5.2132057066073259 0.93777889967561234 192 195 192 0.011191031948716221 19 2076 21 2153
3139 0.41672840520449822 0.13238134155673958 0.86881985836276998 236 217 200 0.51678915929761449 29 452 2 897 4 1301
3000 5.3850393443542854 -12.695743882614513 -67.163449610014553 110 106 94 0.35640474790937215 33 810 34 812 31 610 35 542
643 -1.272077347112732 2.3655454528670434 0.46850275954048864 139 145 143 0.047846099243627566 19 1685 21 1638 18 1401
783 -2.3724107355824864 5.2263828125244665 0.93958920987191197 181 187 187 0.081303579890631375 19 2079 21 3323
3140 0.17519267196148733 2.1245168965436156 2.0028884320091676 223 137 148 1.6647285731285024 29 422 2 947 4 737
3001 5.4592930179948986 -13.489230564514946 -68.128274962199612 117 113 101 0.58530351799087621 33 811 34 685 31 611 6 566 35 369
644 -1.3080678133268291 2.3644507023228671 0.35235567142853896 147 151 150 0.052512144552445822 19 1686 21 2657
784 -1.9221222449379971 5.270190799320301 1.0072907622086305 139 148 145 0.52273778607328214 19 2081 21 2158
3141 0.87717694830035731 2.3353102465362627 2.5285432142720699 63 61 62 0.36387907798679697 31 857 2 962 4 955 30 632 3 1017
3002 -0.5952708346599126 1.4603434756205622 0.81689125353600855 155 146 134 1.0427889733136153 32 634 31 638 1 333 29 501
645 -1.869218092526113 5.357985312968375 0.43172851538345097 123 126 119 0.41113551118392755 19 1700 21 2388
785 -1.9940867423564892 5.2292044735113494 0.93679197195851227 116 121 117 0.0087911931248541887 19 2084 21 2164
3142 0.90338395235718472 2.311022103213515 2.4938481595356317 33 29 30 1.2887776868216161 32 660 2 970 4 811 30 562
3003 -0.73905824332457537 0.43117475118888676 1.5990350118783589 237 230 212 0.88763776395324057 32 402 31 646 1 253 2 530
646 -1.6182586850605376 5.3352240431049882 0.38849414640236157 161 166 160 0.14020422458827259 19 1704 21 1688
786 -2.2545308143766642 5.2136614669375616 0.90425691020680821 138 144 138 0.05882437208289977 19 2086 21 2157
3143 1.7419403384574992 2.4246409334027574 0.011875379949756886 114 103 96 0.61733580322948067 1 479 2 1021 4 1347 3 1067
3004 6.272905701528944 -4.1533106611169792 -67.581486001206429 164 160 131 1.5818232608515268 33 787 31 650 6 304 7 308 34 449
647 -1.5772756080124051 5.3449825463458831 0.39908057614238429 129 132 125 0.021309307349720356 19 1706 21 1711
787 -2.1332047671067551 5.2434801375049309 0.93861224663972243 167 172 166 0.047162438968200965 19 2087 21 2163
3144 0.10531377633878543 0.18467131631748199 1.055313293886168 168 159 142 1.0941080974134461 2 1084 28 956
3005 -0.38081429926479449 2.227407184706248 0.53843139173718235 241 228 210 0.45783170127276607 32 311 31 669
648 -1.813291989610516 5.285299542855582 0.31643619875665152 143 148 142 0.68335772428158226 19 1707 21 1680
788 -2.3018623959390192 5.250699691461941 0.93098032695569455 162 168 166 0.21555368252806228 19 2088 21 3331
3145 0.7664823756102267 2.4071257667789765 2.6545080059256496 112 111 109 0.65717879136915025 31 861 2 1112 4 941 3 1400
3006 -0.015510480394798413 1.7120098789777438 0.7641544346769692 246 239 197 0.29735052499658265 5 525 31 675 1 418
649 -1.4701391998191737 5.2996700211641912 0.34548569393288614 122 127 121 0.4174840050052907 19 1708 21 2420
789 -1.954260672582393 5.3399424185131403 0.71816818497803692 107 112 106 0.076067267399239441 19 2089 21 3252
3146 -1.674490419645978 -19.450118318639358 -63.451672441542755 175 181 155 0.21740592574157444 34 1077 2 1306 33 817
3007 0.70363005224368602 2.1497079695038694 0.71514279773563882 171 154 144 0.30644216785243245 32 309 31 729
650 -1.7626667077030027 5.2256888470694722 0.23308239944495085 115 120 114 0.38197740368307809 19 1713 21 1709
790 -2.2297930982436811 5.1956522509369387 0.97380168670384037 171 175 174 0.1046237531859617 19 2090 21 3362
3147 1.7288249200583696 2.3017268349801454 0.71145326098368744 134 118 118 0.86355612148831729 31 908 2 1321 4 1782 3 981
3008 0.78983992831727623 2.3962031548143239 2.6287890951849322 62 60 61 0.35622950114328134 5 548 31 739 2 749 4 938 3 915
651 -1.8524241513441244 5.2661034671959728 0.2150179233642921 166 171 165 0.58422388079226473 19 1721 21 1698
791 -2.2065477928787849 5.2122711099017103 1.0513785365380348 184 188 191 0.11101151294289474 19 2092 21 2344
3148 0.14550531291035038 1.989587120017811 2.0710993922548622 185 148 140 2.9289936018809559 29 26 2 39
3009 1.6621320266049919 2.4227403624533674 -0.031204301872880359 116 105 101 0.88581205290242515 32 562 31 752 1 456 2 1023
652 -1.6519063110253021 5.3293025887223369 0.26526243986113346 153 156 149 0.16131666760891666 19 1724 21 1653
792 -2.2078803492001042 5.1766120617516416 0.97835844960790352 169 173 174 0.35931330778316173 19 2096 21 2186
3149 0.7468627379776247 2.9990967545626268 2.771844197453476 39 40 35 1.3438779217131203 2 300 4 424 3 287
3010 0.60519080158602956 2.1324623663500208 1.8343704075223739 163 143 144 0.23998233121560678 32 609 31 767 1 461
653 -1.650752556715722 5.3653408463746795 0.28284393203162217 103 108 102 0.0042889401674281033 19 1726 21 1649
794 -2.3352648664482811 5.2855853877579397 1.0601483544500829 174 181 174 0.13307625089660208 19 2108 21 3428
3012 2.1548182333365893 2.4732162373970339 -0.44125057415877128 91 92 84 0.73876890088185776 32 556 31 783 1 473
655 -2.0260849503528373 5.2679725982733556 0.44139431194620715 160 165 159 0.3345926278513025 19 1736 21 1858
795 -1.5223132385137044 5.3163212630691881 0.012431850462909757 108 111 104 0.6673182875721102 19 2114 21 2559
3152 1.3613935084266344 3.0624496770160388 2.1686532221282997 15 17 16 0.25387229441328157 2 95 3 68
3013 0.40795898328170593 1.0193617713282097 0.88358701708607412 211 184 163 0.60127976667359551 32 569 31 799 2 825
656 -1.633053157420818 5.352010638787867 0.52987736083561332 145 148 141 0.37145110005901144 19 1741 21 1869
796 -1.9052268057417423 5.3264091679213159 0.22488005312768161 157 159 154 0.47197673526933398 19 2129 21 2403
3014 1.9823033405303918 2.273686774623024 0.73212145569303844 141 129 139 0.61975906169898443 32 628 31 839 1 551
657 -1.77891864300825 5.3317563121659219 0.46977400128789981 124 126 121 0.15753753210120541 19 1748 21 2455
797 -1.5690251400744792 5.3349379010972946 0.35767332989836564 148 151 144 0.1290369522646454 19 2131 21 2415
3154 0.71189415755053265 2.1470950783539422 1.7826015506885839 195 180 188 1.7118140527173138 2 151 30 119 28 126
3015 0.84821388998814551 2.2943762029573151 2.5501086426979627 97 97 99 0.65666251969217115 32 653 31 855 29 435 2 738 4 812 30 635 3 895
658 -1.5347468258013568 5.2923291458383632 0.41746115507893611 134 135 127 0.70035491870037925 19 1752 21 2391
798 -2.1691730386475476 5.1789167782528978 0.95557009784244562 178 182 180 0.12939768951710037 19 2149 21 3363
3155 1.2064116781874616 2.9151110304081413 2.3038577617352964 34 33 29 1.5834726123874006 2 142 4 145 3 108
3016 0.77835954385200701 2.3066396959626339 2.6222760229999178 75 74 72 0.56333473223193498 5 613 31 860 29 436 2 984 4 957 30 633 3 951
659 -2.0385346502650319 5.2435798584283146 0.33794766465816606 121 127 121 0.29835622008966417 19 1753 21 1692
799 -1.9493649666008259 5.2349325407268088 1.0035650364111781 171 177 175 0.36381812686411275 19 2150 21 2151
3156 0.045480608732286792 2.3343815042702283 1.5474416078480917 226 138 152 1.3777685815912699 29 223 4 181
3017 -0.072957096786191694 2.2043162149167652 1.4895446433439599 209 126 124 0.68908087273386343 32 601 31 870 29 460 2 840
660 -1.6966155686999911 5.2720864417510596 0.37239691683260867 144 149 143 0.51534146409149584 19 1755 21 2390
800 -2.493702913662204 5.2342093640460492 1.1481411214767379 175 182 182 0.12283030490300806 19 2151 21 3276
3157 0.90681594762816409 2.2038924027472673 1.422928270135547 167 164 159 1.144819319604288 2 99 4 182 30 127 28 124
3018 1.8995422540618327 2.40603265413987 0.041205542285458356 152 142 139 0.76969576820045527 32 631 31 875 1 506 2 1343 4 1792 3 1265
661 -1.8083185807512419 5.3515209946174958 -0.005296946560824866 151 152 144 0.21483884348493548 19 1769 21 1770
801 -2.4637688639892286 5.1599176787978971 1.4251797550109073 134 145 143 0.26298660415808461 19 2155 21 2295
3158 1.9431522715873757 2.5244886282794186 1.4935695876293063 56 50 52 0.62262973789660392 2 152 4 191 3 132
3019 0.3991709006700967 1.0786693568992642 0.87629122579180352 218 188 148 0.57687439103367488 32 636 31 986 2 1033
662 -1.7694168549916105 5.3097667370134563 -0.10992887007177361 155 155 147 0.44780202602246866 19 1778 21 2549
802 -2.5828976231321348 5.1904184074649207 1.4361034916827309 140 150 151 0.15107704172371403 19 2156 21 2296
3159 1.6212106061223293 2.4877293068666764 1.8107641512748944 55 51 52 0.33063946693217888 2 153 4 205 3 128
3020 -0.42172467492917604 2.0824758559499079 1.9274676426616408 132 118 115 2.1553116870188882 5 719 31 1071 2 1019 4 1039
663 -1.7607170242122212 5.3346954760809178 0.12217650442291988 146 148 141 0.30976083577720093 19 1791 21 1761
803 -2.471908965729317 5.2181241233360023 1.2519025607412435 182 188 188 0.089993693051199752 19 2158 21 2288
3160 1.5181152170206809 2.7122092219809137 1.9501024171203292 50 49 47 0.5417192598248558 2 160 4 210 3 171
3021 2.101675450799342 2.3065729664716104 0.71982199249802392 95 83 94 1.7372504661887085 32 748 31 1082 1 553
664 -1.6691029233357375 5.3374517081111152 0.20536283965541935 161 166 159 0.44862662485838511 19 1794 21 2539
804 1.644360388354861 2.4983142616652692 -0.62066162649130885 117 97 70 0.48990783042296132 19 2162 21 2035 20 1916 43 1115 44 1212
3161 2.0546978933593336 2.7723452632426544 1.4095254397074626 53 55 50 1.0128196910448679 2 245 4 213 30 150 3 178
3022 0.58123924229583634 2.165103411978281 1.7794266788848334 144 119 122 0.96988577765102679 33 1231 31 1119 2 1511
665 -1.3839887246417844 5.3508773164332615 0.16252386979175029 115 116 108 0.0053572131535593193 19 1806 21 1758
805 0.71781909236024344 -0.62803974636067728 -0.053294129909488563 177 153 127 0.2584873151794167 19 2176 21 2945
3023 -1.6411141582740982 2.1992636883966425 1.4938494213552405 99 91 102 3.5560574306034822 31 68 1 53 4 128
666 -1.8493219619196883 5.2850953861260406 0.51465545373744903 160 167 160 0.36329930777697744 19 1807 21 2437 18 1468
806 0.94415296235965784 -0.55517164025534549 -0.29943279613247004 221 204 178 0.073191680489094024 19 2177 21 2680
3163 1.3009616973264198 2.6891179614588583 2.1631330050299726 52 48 47 0.91827949881106607 2 325 4 245 30 222 3 250 28 289
3024 -0.43303810731757214 2.1717805435014603 1.8337078489802596 94 83 86 0.6897881266951551 31 64 1 69
667 -1.3422504597923373 5.3123031613551825 0.1139861514345383 88 89 81 0.93675743415998669 19 1809 21 1753
807 -1.7905674835749839 5.3412275163430234 0.3640188803639004 158 163 157 0.12013631375545007 19 2179 21 2387
3164 1.9854740258113355 2.3936429092531215 -0.05724054285021056 182 171 149 0.42414802796478562 2 401 4 261 3 201
3025 7.9584363238770299 -23.644299435929426 -64.089544781149314 96 92 83 1.221467798878535 32 72 34 120 1 77 6 113 33 125
668 -1.8516925560087083 5.3245568994766517 0.10185601564382409 185 186 178 0.39065172989615049 19 1810 21 2530
808 0.19145655171213397 0.21059627264172676 0.75624078824061114 198 177 148 0.94032229459208472 19 2182 21 2714
3165 1.4105182024923764 2.9288131603631005 2.098044870906655 31 32 24 1.1894435726247499 2 334 4 286 3 228
3026 0.36606172469396842 2.7066414135573882 3.081814322850235 25 25 27 0.72509024721449111 32 112 1 91
669 -1.3307726247022238 5.3370941811083439 0.12917841214760245 109 110 101 0.10929305475399177 19 1813 21 1752
809 -1.8469873092440841 5.2889848324518294 0.65929664899907048 145 150 144 0.51763480874721746 19 2186 21 3256 18 2137
3166 1.7405613933394313 2.9649465883741941 1.7819528777633933 57 49 47 0.35662452071123069 2 330 4 292 3 227
3027 0.74456919649253261 2.4572776906848723 2.6798796301380561 102 103 103 0.38590087892743297 29 102 2 94 4 94 30 114 31 104 3 78
670 -2.0739368874007851 5.1766536588676342 0.89045298550716834 132 137 133 0.26009096879963628 19 1828 21 1836
810 -1.9091490842412817 5.3091170721626071 0.59129868320176004 172 176 170 0.13980708586369656 19 2190 21 2688
3167 2.2612664999359091 2.7981138531118246 1.2120980409393731 55 54 49 0.96967823326080438 2 257 4 313 3 177
3028 1.1417302954215323 -0.52815044463055505 0.85585264877383582 0 0 0 0.7574211989220021 31 92 32 129
671 -2.2619707467917074 5.1888844964348149 0.89875178362578501 164 170 168 0.18871527949662226 19 1829 21 1832
811 -1.8870098612143409 5.273392387995866 0.53149423599576173 175 182 175 0.40384592212376114 19 2192 21 3224
3168 1.5151236887614512 2.6283331272514681 1.940892699833779 65 63 64 0.45656648901862851 2 320 4 315 3 255
3029 0.13155218933324966 0.84176854946803392 1.468733370178279 223 197 170 0.31156139860634141 5 120 1 130
672 -2.0786840391733463 5.2236703790557426 0.9488251202381992 159 165 161 0.10759449190398512 19 1830 21 1835
812 -2.0466259800728555 5.206918838218928 0.4474183981418306 122 132 123 0.45974123633661201 19 2193 21 2753
3169 1.9429755248279124 2.7591101209156235 1.5353055103048145 53 52 47 1.0347287672084948 2 318 4 316 3 176 30 152 28 139
3030 0.62523175076971182 0.25409232697812961 0.87336531121055772 217 203 190 0.78016210701047972 34 292 1 136 30 180
673 -2.1996539363703866 5.1988109256190986 0.91016230041251267 141 146 142 0.52328272106357687 19 1831 21 1838
813 -2.1505679554899539 5.3128207937297915 0.56102503019027117 177 184 176 0.18057330805655369 19 2195 21 2681
3170 1.6202147368354087 2.7086635784288955 1.8578406504240481 42 42 42 0.97856553180222083 2 349 4 320 30 227 3 382 28 412
3031 0.83887473109897959 -0.18062074029752406 1.1765874400662804 202 158 129 0.61455387260034833 31 200 32 176 1 173 29 165
674 -2.2865515727328312 5.2878563226699411 0.99157084211689728 184 191 184 0.17356376341927587 19 1835 21 1834
814 -2.0271632313814418 5.2514540995576642 0.52387216488048594 163 169 165 0.42388495734771858 19 2198 21 2692
3032 0.33339955745697819 0.46148760939377798 1.0437202800687622 209 191 175 1.2565987714281805 31 127 1 184 2 114 3 149
675 -2.2239725798748853 5.2455091987482199 0.91606805254826296 136 141 136 0.13587868752674095 19 1836 21 1795
815 -1.8002452447000501 5.2839456349881644 0.52568130265063595 172 178 172 0.13278748349865685 19 2201 21 2438
3172 2.2641548723032918 3.0600227119121524 1.2536469783289348 43 45 40 1.5056298860989126 2 341 4 327 3 229
3033 0.71234923007123985 2.3892737975393401 2.7036780778386476 25 23 24 0.75110219043640369 5 223 2 323
676 -1.9866959360382219 5.2924312680125993 0.98240027442944533 121 126 122 0.20838235703234298 19 1837 21 1793
816 -1.741704816511324 5.3002495011624022 0.53514316249947269 155 160 154 0.24714124090021394 19 2203 21 3553
3173 -0.39189546538758596 1.986759175519978 1.9342819223462882 166 146 140 1.6717508280110074 2 402 4 332 30 362 3 257 28 329 27 400 26 439
3034 0.4839790828710766 2.2275946170905403 1.437817791800571 220 118 136 0.88304450307046434 31 188 1 209 29 237 30 339 3 448
677 -2.1714473100493805 5.2501940959023665 0.91616156056899689 177 182 176 0.11208208721193541 19 1839 21 2173
818 -1.7393265143422829 5.2828897728462234 0.4959877419652442 163 168 162 0.2601997639248213 19 2205 21 3569
3175 0.72696269603194674 2.4375653460105964 2.6936023994178271 127 125 126 0.17226208442746735 2 345 4 339 3 298
3036 1.623139114614403 2.5885997816145183 1.8336594578282208 43 48 41 1.4271393149793044 32 303 1 228 29 192
679 -2.0431911796445226 5.2278545008058055 0.88278385505915047 122 127 123 0.55541715629597876 19 1842 21 2239 18 1889
819 -1.7355744729145084 5.3794444058189574 0.60517846755306737 162 167 161 0.18622336330028272 19 2206 21 1851
3176 1.9397628755513381 2.711583733177799 1.5174017210761181 22 22 21 0.1532970447575969 2 351 4 359 3 295
3037 -0.67718176960923626 0.45823666016176967 1.6699619677798865 162 155 139 2.2287094855627472 32 342 1 259
680 -2.2362356347389576 5.2578763924626593 0.90029381824698207 138 145 138 0.28864070538205439 19 1843 21 1781
820 -2.0993044754402104 5.2877894870349467 0.48557534134702796 127 134 126 0.072412937414460213 19 2207 21 2434
3177 0.71949795668866634 2.4672314232134465 2.7107649553348399 36 37 39 0.49069339111594701 2 346 4 374 3 555
3038 0.86593449055618066 2.7264666113743479 2.6123760437078287 69 70 70 0.97697642319442535 31 395 1 290 29 269 2 369 4 486 30 348 3 383 28 646
681 -2.1377703821501477 5.2478425109892139 0.89444538748771107 129 136 129 0.29366206155434915 19 1844 21 1789
821 -2.1828519186814423 5.2767057814148766 0.61067111341842395 173 180 172 0.2473040014151146 19 2213 21 3254
3178 0.7329730289709826 2.6740879854699457 2.7356905916559295 127 126 122 0.26525140536827724 2 358 4 403 30 301 3 294
3039 1.8503096913370463 2.4174080670541582 0.10766534227085642 118 106 94 0.71825009879727375 31 409 1 303 2 400
682 -2.2289724649928457 5.2203468682314469 0.84314347541597823 167 172 168 0.20933235655401972 19 1847 21 1788
822 -2.1731670520468285 5.3131968625002051 0.64997690315649226 158 168 159 0.10085360191796568 19 2214 21 3255
3179 1.2089004886473076 -0.46005860024327583 0.77174387192175642 149 130 116 0.91868294240608428 2 388 4 411 30 202 3 356 28 183 27 363
3040 0.57345979555236914 0.26329624926272666 1.5389781303908969 173 154 136 1.5196545976018903 31 663 1 324
683 -2.0809092960134206 5.3090002319301348 0.95569476688178523 169 174 170 0.17722865994117318 19 1848 21 2245
823 -1.96648703971253 5.2644781820076387 0.59791623517401149 154 161 154 0.089859631211560959 19 2215 21 2705
3180 1.1921840322943913 1.9654192453077184 1.0492830136589419 142 124 108 1.8377108402934133 2 546 4 428 30 313 28 313 27 308 26 449
3041 2.0015175135647669 2.3288366743774174 0.37673612929361361 102 97 93 0.52984065787229717 32 546 34 544 1 384
684 -1.9075530897501125 5.2521287199683266 0.88455509030793367 167 172 166 0.040829060388498747 19 1850 21 1784
824 -2.1677010795921232 5.2840849317870697 0.60273536346710532 127 132 125 0.10114867809188854 19 2217 21 2708
3181 1.1156127401964271 2.0547144835735334 1.1055136787944544 146 143 138 1.3827261484677107 2 436 4 444 3 345 28 663
3042 1.9572448118551202 2.2438333785277038 0.89628413828434894 136 111 121 1.0595051752120572 31 560 32 537 1 385
685 -2.2118057627604872 5.2610435870233871 0.8743402422724561 171 177 173 0.017880879854263548 19 1851 21 1786
825 -1.7307982510047921 5.2998855984264823 0.62448410663427534 104 109 103 0.17892746268943888 19 2221 21 3214
3182 0.0034944657425194847 2.112803774563889 2.0479261559174895 126 111 106 1.5038328446256433 2 249 4 450 30 327 3 331
3043 0.57201761828637709 0.020493169878401375 0.91348019123338686 138 105 88 1.350354912129087 32 438 1 409 29 315
686 -2.1670591069792557 5.2889352531325899 0.90410519416861357 130 135 129 0.1911058298063199 19 1852 21 2252
826 -1.7748073981525256 5.2443712863955207 0.54835393316540137 151 156 150 0.46069392178509178 19 2223 21 3217
3183 1.7253043928015181 2.4751353924065076 1.7169849921320821 59 58 53 1.3032222463217777 2 352 4 517 30 218
3044 -0.74332969700938645 0.40651056530568325 1.5906484106974292 157 154 137 1.5074133617329726 31 743 1 412 4 960 30 617
687 -2.1945347780153068 5.2355537111866308 1.1214726463946436 145 147 142 0.11091659631259349 19 1854 21 1822
827 -2.127951788931191 5.3309604987707822 0.62643727054409637 129 134 127 0.20445983140656454 19 2226 21 2697
3184 0.7855140220153648 2.275982075310087 2.6137308579890872 136 129 130 0.37129100117739955 2 510 4 518 3 568
3045 0.86471010584028929 0.079950552619445475 0.68855777199347767 139 120 99 0.64018027382228371 31 698 1 438 29 392 2 903 4 753 30 513 3 811
688 -2.2593617591185571 5.2031727575522249 1.1719940616111608 177 183 183 0.45552201369555934 19 1858 21 1285
828 -1.8258937030177014 5.3197353831469938 0.41480422543624818 162 168 161 0.20183608847947476 19 2228 21 1689
3185 1.1790652786104168 2.4112928038130681 2.2410802692007139 57 54 55 0.47149484420493615 2 513 4 519 30 356 28 498
3046 2.0110326566514969 2.4093734222303196 -0.053869317226953067 172 163 147 0.59554917158059151 31 874 34 826 1 478
689 -2.1667296303809658 5.230144510543755 1.2174396995081056 162 167 161 0.38325984258899393 19 1859 21 2365 18 2069
829 -1.4922259823118309 5.25136346724583 0.36898427826689689 99 100 92 1.0903068941407557 19 2232 21 2389
3186 1.2127607634375679 2.4319398417366749 2.2139539065274363 64 60 61 1.1503885006836274 2 512 4 522 28 494
3047 1.9917329174385552 2.4308987419577588 -0.24725600097406333 85 78 68 0.38170659908116117 32 550 1 480 2 707 4 725
690 -2.0893566632265821 5.2952839363314848 1.303023414923266 112 118 118 0.31951033532285422 19 1860 21 2368
830 -1.6728813616341869 5.3209777179848068 0.43747165919444631 157 158 153 0.053942200249636335 19 2235 21 2396
3187 0.9068531650958056 2.7412601400358985 2.5736963299260469 28 30 27 1.3812988929304957 2 713 4 533 3 663
3048 2.2306419514945417 2.4142978370687982 -0.2491371867381813 100 96 91 0.21283214160889349 31 754 32 560 1 503
691 -2.1326114427979816 5.1830900477281805 1.1211893918110896 134 140 136 0.11577621106735687 19 1863 21 1830
831 -1.6115357417383318 5.3316695660884967 0.45175748917306435 159 162 156 0.031834334296116443 19 2236 21 2392
3188 1.3082890893193719 2.7316088143844031 2.1632125638382371 25 24 20 0.41719838612298515 2 472 4 534 30 447
3049 0.81682686507712343 0.087712020284108211 0.70641143044068355 138 121 113 1.4240668045859757 32 771 1 525 2 1297
692 -2.1397718574178892 5.2323583645222707 1.1637782981190528 184 189 183 0.07226356535979081 19 1866 21 2322
832 -1.7806187930209549 5.2837363248777454 0.48742036706141423 106 113 106 0.56566427886078152 19 2250 21 2430
3189 1.8542257797762078 2.3759908500180371 -0.15915533087635703 140 132 121 0.59568570204045657 31 645 4 554 3 607
3050 0.84352887145459998 0.11197493488401594 0.71228786992262638 146 134 122 0.18926063393967904 31 837 1 526 2 1273
693 -2.2265132878663469 5.1827554131538021 1.0623548061570851 164 170 169 0.21998326645633162 19 1869 21 2330
833 -1.7665514165956655 5.2887166289365215 0.47878147045875863 161 167 160 0.47062390834540935 19 2252 21 3565
3190 1.7127643912113679 2.4132864538025474 0.010265907521988183 108 97 89 0.21065168837815104 2 437 4 557 3 452
3051 -0.7622261539423838 0.43875562747738184 1.6017705993041611 161 154 138 1.3561747265299604 31 1118 1 528 2 1279 29 534 4 2193
694 -2.1923016486388196 5.2741875247079024 0.87544073067190675 136 141 137 0.085243529313131755 19 1870 21 2254
834 -1.8275021199496704 5.3154476225520577 0.48516503408610767 159 165 159 0.047332032002318107 19 2256 21 2435
3191 -0.42966782665909709 2.0452197297325969 1.7933989594687245 125 102 108 1.5566055361137709 29 421 4 560 30 403 3 424 28 509
3052 0.60282852718851598 2.1577222590214955 1.7728129488655169 189 170 178 0.70748890044771051 32 608 31 772 1 462 33 774 35 446 34 789 6 713 29 401
695 -2.126163029158882 5.2495989398030556 1.1162235715601005 171 178 171 0.098758096401912937 19 1872 21 2343
835 -2.2017162646397961 5.3391375401562318 0.71903103523916045 181 188 181 0.078603513151170312 19 2258 21 2752
3192 0.14601155635773355 2.1258372266830277 2.0661628929101772 212 132 145 1.5877344944046872 29 282 4 569 30 454
3053 5.9789605866693556 -19.046471856183345 -64.821909233482259 159 160 142 1.0565750754676895 34 279 1 242 6 170 33 253
696 -2.3124767623031901 5.1886485396133315 0.97970767368937939 168 174 172 0.092752762460151766 19 1882 21 2185
836 -1.712774027908976 5.2893561304204884 0.45060587581894951 146 149 143 0.43186782432829862 19 2259 21 2462
3193 1.3220783766204518 2.1614293720141369 0.28811076502900101 104 94 84 1.551724153401814 2 851 4 608
3054 1.6777476870910046 -22.464987999954552 -67.526492748773506 185 95 56 1.4442491967158271 32 321 34 323 1 280 6 256 33 285
697 -1.7710642115600141 5.296501171259945 0.67074276691254375 106 111 105 0.12723398147062992 19 1886 21 1888
837 -1.8295577834399204 5.3486677523133279 0.50303112162244357 110 115 109 0.12513252299688776 19 2261 21 2464
3194 0.88496547512156898 2.8482786366513699 2.6176521525260168 15 19 20 1.5867095315250381 2 623 4 644 30 568 3 686
3055 0.45705981767378301 0.61508180948710645 0.95546697032597738 156 132 120 2.043208485331852 31 14 29 9
698 -2.0607957197228299 5.2704081847490514 0.61149527398305958 154 159 152 0.38644285787513155 19 1888 21 2666
838 0.20193619464374535 2.5099318834216886 -0.52481849767461697 117 87 79 0.14238315125875861 19 2271 21 2064
3195 1.2035428001965225 2.9575833698171836 2.3086082070116434 29 23 23 0.50580176351442896 2 626 4 645 3 645
3056 -0.51687867310626467 1.9382935845645433 1.9688880563682456 201 203 198 2.1825757758674178 31 30 29 33 2 33 4 47 3 50 30 47
699 -1.7331753684115243 5.2767339760231975 0.63160215703358313 137 142 136 0.23318215696949762 19 1891 21 1901
839 1.2459808220572084 2.4867757738837031 -0.55586274013315562 65 53 42 0.21948905936975571 19 2272 21 2069
3196 1.315843250422349 2.5183773133575702 2.130694990416373 33 31 32 0.56706361548506379 2 647 4 677 3 560
840 1.287947906060213 2.492597893668405 -0.55296141703409707 166 150 133 0.80427110611419095 19 2274 21 2073 20 1904 43 1130 44 1291 45 1116 55 998 56 1463 22 1278
3197 1.3824156547973165 2.4572870189194131 2.0393513968769401 29 27 28 0.50259541927186491 2 655 4 683 30 430 3 567 28 671
841 0.1354421704310928 2.5050767374071161 -0.4614899573226493 90 69 66 0.040364276615326072 19 2277 21 2555
3198 1.5164516628446991 3.0058477555598735 1.9992929580542722 23 24 16 1.4890815171065144 2 762 4 719 3 643
842 -0.43931521500994047 2.535177437440765 -0.55497089387942578 116 121 115 0.37354955728440242 19 2278 21 2894
3199 1.7442367784437609 3.0625567162980345 1.7964331961083171 54 52 53 0.31686290434231323 2 920 4 727 3 903 28 782
843 1.5938462796471682 2.5024117508223589 -0.59639823525936153 182 163 131 0.3111705176069931 19 2286 21 2508
3200 0.38450701987078034 2.187745875845347 1.8608610682447508 203 130 143 2.4310084563649914 4 739 30 698
844 1.6961167385462335 2.4767252433724773 -0.36141396112272423 96 84 70 1.7488372755549524 19 2299 21 1581 20 1060
3201 0.82168128036355048 2.276592013680697 2.56826365314393 35 37 36 0.3614936975744249 2 667 4 748 3 586
845 1.684230735440678 2.4809796086799398 -0.38214894051908432 48 39 30 1.4299739420022675 19 2301 21 1579 20 710
3202 0.86340901054960306 1.8730256463450472 1.371397824214718 195 200 204 2.0564776633270117 2 736 4 777 3 743
846 1.651647621012134 2.5399514043943676 -0.88143739432637647 145 136 129 0.067872848352103943 19 2307 21 1386
3203 0.77828373130614414 2.4955855654137191 2.666252223538859 31 32 26 1.0317846499688557 2 604 32 700 4 782 28 725
847 0.99525051280725008 2.5210497563706631 -0.73743438281366702 176 156 159 0.45409053244771275 19 2309 21 2049 20 1913 43 1100 44 1226
3204 1.4995757897340409 2.7330732061852085 1.9686597470928506 52 52 50 0.24907969142842976 2 990 4 784 30 539
848 1.0124764447520338 2.5238933535489569 -0.75417913997447972 178 158 149 0.38226503430095399 19 2310 21 2053 18 2296 20 1888 43 1109 44 1218
3205 1.0966819300935091 2.6460740114588663 2.3704286285046074 81 79 80 0.51023376663624742 2 986 4 789 3 665
849 -0.23889954741870265 2.5349953390631028 -0.77505031155114468 109 114 110 0.076597070824181601 19 2312 21 1421
3206 1.6362001023797028 2.7242348660998026 1.8359126398173571 27 27 25 0.50363833295135307 2 996 4 794 3 666
851 1.6124596808954181 2.5422355435288577 -0.96633979875047193 161 150 144 0.23555852376379965 19 2322 21 1382
3208 1.3989386821859648 2.436942194189478 2.0231016881236545 104 104 104 0.32595721940745659 2 950 4 814 30 527 3 588 28 1011
852 1.4761202893901428 2.5747046326806391 -1.0452436595678376 39 28 24 0.33483997548913025 19 2326 21 3041
3209 1.3158587773080939 2.4632914403921244 2.1000956460805988 40 36 37 1.1022935367053919 2 971 4 818 3 917 30 528
853 1.5812189938313284 2.5011375993686147 -0.63334752944985329 160 139 108 0.25753548751802258 19 2333 21 3142
3210 1.5254739866819382 2.5136181103817403 1.9141467246348094 37 33 34 0.8639639469866176 2 679 4 822 3 597 28 643
854 1.6420594356098375 2.5017179580625237 -0.6432335985451636 171 155 130 0.55606057479258797 19 2334 21 2040 20 920 43 944
3211 1.2945829319257252 2.5796484251527012 2.154850944096832 93 93 92 0.37361040251134459 2 747 4 865 3 944 31 923
855 -0.37487283165173074 2.535465852488068 -0.63571749111173304 111 115 109 0.41918988217303121 19 2335 21 2060
3212 0.71132022201957723 2.3460497470776112 2.6995518241897445 35 37 36 1.2812717660827051 2 748 4 869 3 1003
856 1.6260788783997013 2.4976011961118352 -0.69784931823101515 71 53 29 0.17877013156375487 19 2338 21 1411
3213 1.6216306825047175 3.1140730050829641 1.9271301617072587 53 52 50 1.4279879018468797 2 596 4 893 27 1130 28 659
857 1.6784584981467099 2.5070151107383234 -0.6842655770514452 137 124 108 0.28397461380430877 19 2340 21 3122 20 927 43 1098 44 1205
3214 1.0285508131829502 -0.67256851153465513 0.91286676251655274 197 182 161 0.91292910273628269 2 567 4 902 30 500 3 829
858 -0.36969629488818812 2.5572099252404779 -0.6501428275084018 108 111 106 0.67235168245545407 19 2341 21 3088
3215 0.79987155291319278 2.3975850584878278 2.6186958741224595 137 134 132 0.92021241704148082 2 1114 4 936 3 1399
859 1.8352328092931884 2.5088426900932803 -0.70422460762809924 137 127 118 0.64350241408297504 21 3066 18 2085 19 2342 20 936 43 1106
3216 1.1019831067509585 2.4346517166168886 2.3232623697571313 39 35 36 0.60434703867778228 2 1162 4 950 3 1168
860 1.0170638940473793 2.5180128591981585 -0.71555382373721954 179 158 156 0.61203145178615947 19 2343 21 3117 20 1907 43 934 44 1005
3217 1.3067317047410538 2.4798829091975341 2.1227704323855714 37 34 32 1.0448349896476519 2 968 4 952 3 912
3379 0.7835492715098884 2.1788948641093979 1.6169297969669689 152 132 140 0.95068029859967507 30 703 3 1227 28 944
1022 -2.098883624401235 5.2289011436503419 0.82455864524031219 167 173 169 0.0086718371932305999 19 3001 21 3183
3381 1.3147147937267643 2.6776951869006571 2.1522112845929229 60 60 60 0.27677253335203239 4 1546 3 1241 28 1288
1024 -2.0379810837727734 5.1744464097290672 0.67785336783209149 133 140 133 0.30523545469127261 19 3016 21 3201
3382 1.3211733841232773 2.6903833272216211 2.147899161126249 41 39 40 0.31434049210225246 2 1264 4 1590 3 1247
1025 -2.1372975087264425 5.2534313424457872 0.75762560733226614 172 178 174 0.11406077086995561 19 3018 21 3203
3383 -0.30272870807435864 2.2249243660425151 1.8505450774159167 174 145 129 1.1941513670373358 29 507 30 728 3 1299
1026 -1.8648272520236198 5.2587195717984958 0.75917195770367363 144 149 143 0.12090349933086569 19 3021 21 3162
3385 2.0488134722170996 2.5613200798563214 1.3982635759301354 38 33 29 0.14904476742587489 4 1919 3 1337 27 1541
1028 -2.2083835302653352 5.2413371309833989 0.93108267010890522 171 176 172 0.047702897218292142 19 3027 21 3330
3387 1.6156512391770692 2.5730264571081358 1.8244208518884957 30 32 31 0.70526118781345348 2 1451 4 2180 3 1405
1030 -2.2261015163732409 5.2937828270063694 0.98458766479194781 142 147 143 0.29300714526518695 19 3035 21 3332
3390 1.6091659215654812 2.5973966806564808 1.8472679708329609 66 66 66 0.83100741036007175 4 1598 3 1511 28 1187
1033 0.43599845608630988 2.5099578664727935 -0.80578567630771425 111 81 77 0.40598759244464067 19 3066 21 3116
3405 1.7129332856075516 2.6966155287185041 1.7253532678869385 7 9 7 0.72420329605959144 30 215 28 292
1048 -0.32156820157454696 3.0901154734979022 -0.81729579056254742 72 71 69 1.1639106913577744 19 382 18 298 17 317 15 327 14 279 10 261 12 591
3406 -69.764128552918578 6.7307673743224097 10.281683738672264 155 164 161 0.53048575800138453 24 349 28 345 27 389
3407 -67.760458686448857 10.011114463145434 9.0601229073850007 139 139 131 0.64693329827170898 24 640 28 431 27 707
1050 -0.48622183208630537 3.9181961325998671 -0.53234390507494 164 137 120 0.61778129947732774 19 388 18 309 17 199
3408 -64.389516322409122 7.8834374795089586 7.7533433822048048 116 117 112 1.2164898876712003 24 505 28 432
1051 -1.0656866103202669 4.5426063785920743 0.16468540067637694 69 71 67 1.0973406577852858 21 949 18 311 17 285 16 177 15 111
3409 -67.346929635954723 6.4043077906576311 9.2133161260404357 175 181 181 1.0059304714674662 24 507 28 434 27 487
1052 0.25940766483508099 3.4800037722493204 -1.3502857954347915 165 117 70 1.7396054615909489 19 554 18 312 17 324 16 366 15 329
3410 -48.329633997479107 -15.675517555880015 1.9842906285245365 136 144 129 1.0374017624314871 25 675 28 451
1053 0.33586348470610905 -0.012346882577675808 0.44707506196211055 212 177 139 1.298040410679195 19 474 18 344 17 436 16 508 15 494 10 243 12 348 11 236 9 260
3411 -69.677081709213553 10.24921728282651 12.990174789049092 198 210 206 0.85646532397674835 24 641 28 547 27 492 26 630
3412 -70.200332184834267 8.0147884263476747 10.334596116169692 154 157 155 0.48807141742299343 24 512 28 551 27 477
3413 -65.919842475816722 7.5908595038572155 8.3768053149270827 157 158 152 1.3841736740406487 24 509 28 552
1056 -1.3419205522526114 4.5869119330926216 0.43633813844299668 158 138 132 1.7700357776161511 19 737 18 412 16 178 17 282 15 161
3415 -66.357627789169698 2.2293942065679913 6.4141047960707471 129 126 115 0.8372145362649116 24 533 28 557 27 769
1058 -0.35761073777425839 4.5573617747809472 -0.54452716810700308 153 132 115 1.2297975787582764 19 539 18 423 17 296 16 263 15 207
3416 -58.543965919665403 -17.547432940857714 4.5735138613980535 145 144 144 0.49897650894935769 24 757 25 817 28 596 27 846
1059 1.3481523232472656 2.5524083307437491 -0.86485816666612492 212 197 168 1.864717138002226 21 301 18 445 17 339
3417 -53.118175576790279 -4.746211872968483 5.4361836455559089 106 110 111 0.62204394229079407 24 653 28 610 27 544
3418 -58.300912530272683 -8.982705362099658 4.9568038823397957 112 118 117 0.43907532137420202 24 554 28 627 27 782
1061 0.031246401194682624 4.2253298334140945 -0.98532365903565333 44 29 24 1.7711956350052394 19 718 18 477 17 293 16 331 14 259
3419 -47.09607034709822 -6.6082352529030688 -1.2577285837914123 175 169 166 0.28108812214444701 25 648 28 807 27 779
3420 -54.388007891352551 -6.6211117978521674 3.349144708324443 210 183 174 0.67864323474000032 24 891 28 821 27 882
3421 -56.573736587918653 -4.0300563430182246 10.122909019701341 130 138 138 0.36720693498664952 24 881 28 825 27 775
3422 -57.627705574617877 -3.8550732060129675 8.460670439540289 135 140 134 0.4651351271362178 24 1109 28 826 27 772
3423 -58.08766600092585 -9.1609236819599325 5.3601019607490938 164 166 165 0.45413299264356849 24 747 28 954 27 783
3424 0.81487391534114983 1.0499665907408224 0.60794318193476748 141 106 86 2.1075197701014718 2 822 28 988 27 1076
3425 2.0244007376706237 2.5937880704175087 1.4290081176746354 38 37 42 0.55871913591823197 3 1401 28 1033 27 1542
1068 2.4261719898067158 2.2890777273336225 0.69260485429745478 148 139 139 0.44013786630093898 19 785 18 546 17 618
3426 1.408345178341236 2.691806997674568 2.0668495411955261 61 58 56 1.3238665187053411 2 324 4 324 30 158 3 251 28 206 32 257 31 236 29 139 1 183
1069 -1.269065773665099 3.5018941402480217 0.18254573796557294 145 145 139 0.52915509588125176 19 960 18 634 16 371 15 233 14 189 13 129
3427 1.9442317002558591 2.6476830388691899 1.5124590654381542 54 51 48 0.79777581806328868 2 256 4 216 3 180 28 153 31 320 30 157
1070 -1.3475183479982158 3.8417569564108378 0.32421830297012744 176 160 144 0.6720783774180471 21 1487 18 651 16 236
3428 1.1100480869536611 0.090181190110236134 0.44339944343980875 140 103 84 2.3253059540305956 28 60 27 71 26 44
1071 0.25740130919570448 3.6316717471400533 -1.3261517779513761 168 122 76 0.47146280133283036 19 725 18 663 17 545
3429 -67.146288892129334 -8.6799992176094047 13.979696565359738 86 92 90 1.2199155416061795 24 77 27 98 26 82
1072 -0.7852628456552383 4.4444357891575086 -0.14312130570242426 160 157 140 1.5179232178611062 19 733 18 666 17 287 21 899 16 247
3430 -61.593476146484107 -13.869542824573118 12.614114474321163 128 127 132 0.50743174897640542 24 137 27 100 26 118
1073 -1.2070840407113674 4.587701059430791 0.31376390039006757 158 145 130 1.744576600580706 19 735 18 667 17 381 15 302
3432 1.1538238759735113 2.0888933724591743 1.075742499906345 168 154 141 0.83203633369428287 28 70 27 135
3433 -61.60190759911255 -5.7096115855087675 13.441720426557398 233 231 219 0.3283162762537068 24 113 27 153 26 135
3434 -56.99423133094043 -7.1307614577118157 19.686135415955114 224 207 176 0.56275168232101014 23 124 27 161 26 143
3435 -0.44809259858895861 1.9990430027999104 1.9983036207306013 174 176 171 0.80460363025438564 28 310 27 313 26 483
3436 -55.564187511008534 -8.4082591443341226 19.292180338364552 108 108 100 0.53949707929198742 23 359 27 352 26 332
1079 0.24545375918503273 3.6103013763355145 -1.3189547353136639 47 33 20 0.55165770838544759 19 1400 18 815 16 837
3437 -59.916068861091119 -10.525242837209523 19.201068599796002 108 109 104 1.4295306785480486 23 458 27 355 26 354
1080 0.25517757803580926 3.7284136500538878 -1.3088352001769612 163 130 80 0.43602233663601719 19 1247 18 817 17 667 15 721 16 627 14 648
3438 -55.109688819907987 -9.7354251452996685 16.974915060118928 208 193 185 0.39407799079366707 23 193 27 356 26 353
1081 0.25410105219134532 3.5443158775802606 -1.3349836928084766 151 129 94 0.77038248365705353 19 1394 18 821 17 679 16 696 15 795 14 651
3439 -60.913891657068376 -17.345713211993026 11.607351676760805 144 139 143 0.33800070476983918 24 266 27 358 26 343
1082 0.29105014947765989 3.4829893959009195 -1.3802456262201603 169 121 73 1.0646971517746622 19 919 18 823 17 533 16 699 15 794
3440 -37.276082414538159 4.2569414488180417 11.047767543439265 171 172 166 0.75193606121554968 24 356 27 359 26 282
1083 0.27275923997228996 3.4507416603278163 -1.3684512565993465 24 23 28 1.8720036996091427 19 982 21 712 18 825 17 682 15 826 14 489
3441 -76.059798815043578 5.3944844300522368 25.200601094044195 122 125 134 0.32396531924272948 24 253 27 368 26 285
1084 -1.1259658989868364 4.6392048635467678 0.23657295791315938 167 161 149 0.53412991681146749 21 1372 18 827 17 286 16 333 15 206
3442 -59.840482857210461 3.3874517369012858 23.262068103868813 163 165 151 0.32151384258386845 23 257 27 369 26 365
1085 0.27257869403114843 3.8769446468743483 -1.3024640719242428 59 31 1 1.0186589519714635 19 1340 18 845 17 692 16 817 15 847 14 663
3443 0.81003097242581801 0.85837601348787662 0.20618166162020199 125 82 63 1.9787864685692362 28 253 27 372 26 291
1086 0.45100914415207982 3.6026143626081604 -1.5210977560647398 154 114 55 1.0813464076323454 19 1324 18 854 16 844 15 814 17 668
3444 -61.463907202050557 -15.457412914777541 11.868817049453837 145 142 149 0.16439252522708528 24 369 27 405 26 397
1087 0.29660895384375963 3.7289030721045813 -1.3517956712314452 150 112 73 1.0036391299392859 19 1256 18 858 17 701 16 625 15 676 14 649
3445 -60.052781711605952 -13.447708414246316 11.108963587410054 103 103 101 0.8360734248561621 24 400 27 410 26 404
1088 0.4414236530033015 3.5682974296010443 -1.5264892611818135 75 42 11 0.64332848506238649 19 1266 18 860 17 671 16 840 15 810
3446 -54.612680353890752 -8.7122675394565334 15.441427997951653 216 215 229 0.36599919073136 23 336 27 413 26 360
1089 0.40751963145060166 3.5940295869115508 -1.4868840489734543 163 126 91 0.72286677272372846 19 1263 18 862 17 669 16 843 15 776
3447 -61.069243388531433 -5.3974266153901018 16.01228442899993 175 176 160 0.46831406239893753 23 470 24 544 27 418 26 473
1090 -1.012516847325768 2.885856673131761 -0.14319702742569332 149 149 138 0.90514982395621979 19 1144 18 875 17 364 16 348 15 258 14 272 10 191
3448 -64.602076288292508 0.682489649883535 19.300020351945399 141 133 120 0.91606796381417599 24 473 27 425 23 351
1091 -0.53955695243043134 3.7914794705687118 -0.49012271322020301 95 75 66 1.8802797800697977 19 1372 18 900 17 552 16 475 15 336 14 226 12 906
3449 -66.389930583959639 9.1958584422397411 8.6224210132724028 111 108 99 0.30476630721821196 24 453 27 478
1092 -0.51436221414385808 3.742016269087387 -0.52752398941830536 128 116 115 0.82216507159010987 19 1369 18 902 17 570 16 473 15 350 14 295
3450 -69.221898889995174 4.7541007535381503 8.0558599735182064 172 170 162 0.41808049647297818 24 358 27 488
1093 -1.2258941596308821 3.740315728777702 0.17595340988693425 168 162 147 0.73998324722443432 21 1490 18 909 16 365
3451 -45.750895558711761 8.0694708823098082 3.4117661973163198 161 163 149 0.032382691501260212 24 736 27 522
3452 -39.166415278032666 -16.019862702495384 -27.874862426147441 228 222 210 0.31808568508128349 4 593 27 534 2 565 29 336 30 418
3453 -69.148825949983603 -9.3676067899229896 15.597350740689379 177 172 167 0.21692023619169035 24 550 27 551 26 579
1096 -1.0136106479585314 3.7506916482727082 -0.03029248542007449 164 170 168 0.48074012522679777 19 1473 18 957 17 363 16 457 15 351 14 253
3454 -61.204619911935197 -13.189926399810327 11.926345941964218 150 145 149 0.42503051452960022 24 557 27 555 26 511
3455 -58.84219026017297 -15.947792645578254 4.3927015325359546 117 117 111 0.68257968153467585 24 521 27 559 25 483
1098 0.21978815408988492 2.5202604922250074 -0.67131000969137167 195 153 131 0.68678754836431366 19 1127 18 1024 17 879
3456 2.7632567377087631 2.738070502457334 0.70993771262919658 47 42 38 1.0359731113504056 4 1028 27 593 26 673
1099 0.41907975279835413 3.7216609758718935 -1.4590032648368525 72 42 3 1.2290336579613952 19 1298 18 1044 17 698
3457 1.3617404715694468 2.363819368968449 0.37896156570956896 100 79 75 0.45360440396929658 28 742 27 633 26 580
1100 -0.44597721567821635 4.5136257378674092 -0.47762111878477514 59 50 43 1.7623416667229301 19 1277 18 1059 15 555
3458 1.2214644436585496 2.3694356801952763 0.34761844159428229 91 74 74 0.33779996334461598 28 842 27 639 26 838
1101 0.41307025408113557 3.5701048241180504 -1.4918752646886879 66 36 17 0.73607250317997308 19 898 18 1085 17 672 16 838 15 809
3459 -60.86278760321904 10.622366655567395 19.205737195249998 103 126 204 0.35453824979109599 23 693 27 661 26 644
1102 -0.33285884389340098 3.7170166558806397 -0.723258751259651 136 136 138 0.97519383317788322 19 736 18 1126 17 804 15 722 14 479 10 406
3460 2.6660810829853356 2.7630833423161256 0.80966098552513277 52 44 40 0.17714498930707001 3 946 27 689 26 675
1103 0.25431285125800906 3.676409190842624 -1.320560323393501 152 117 77 1.1777822102840469 19 1278 18 1136 17 670
3461 -60.225816773650784 -14.222262692704376 11.586597610172738 146 144 146 0.41772910794964124 24 518 27 702 26 598
1104 0.2663650753423667 3.6571166808740809 -1.3318348873334189 97 53 7 0.79614035015008477 19 1715 18 1138 17 809 16 952 15 858 14 719
3462 -59.618896047737834 -6.7862057118512755 13.45215275321471 166 155 133 0.61945610916495508 23 668 24 1103 27 766 26 669
1105 0.29515883792712622 3.5880632670482755 -1.3714886663864811 161 118 72 0.43841973207017265 19 1362 18 1144 15 813
3463 -59.424969126982432 -11.55057972121133 11.602392797257819 127 113 110 0.14685526823373238 24 733 27 785 26 603
1106 0.29644725618681123 3.5458897008500445 -1.3789156682617676 149 115 77 0.96908913541142339 19 1399 18 1153 17 677 16 830 15 783 14 652
3464 -64.246091873421832 -14.476116499787871 14.175681931423743 101 100 103 0.14959107454278686 24 773 27 787 26 605
1107 0.27487298872541965 3.5446767469699827 -1.3585328633434228 150 112 73 0.87921413879295407 19 1739 18 1156 17 807 16 911 15 804 14 816
3465 -63.899463141429571 -15.488430733528988 12.637160939961987 102 100 103 0.32129888359787562 24 852 27 789 26 596
3466 -60.531886276520211 -16.136149824458307 12.743614686188954 144 142 143 0.28664020655639894 24 764 27 791 26 699
3467 0.87545352062412241 0.072538114279729074 0.700420362191713 143 129 118 0.4538841308576172 28 590 27 844 26 943
3468 -57.558532147164563 -4.9622295159439362 12.537733707096924 194 192 180 0.085627423436851494 24 884 27 874 26 798
1111 0.37678392762404062 -0.25004140554159493 0.28213672829511693 130 101 80 1.7651143583117466 19 1317 18 1248 17 647 16 1090 15 1013
3469 -55.442800052309558 -4.8132857778164979 12.844378643274069 199 201 188 0.42719696775697241 23 827 27 875 26 799
1112 -0.83281415484611665 0.47393532989452464 1.4636098958664074 107 108 103 1.7492357272422321 21 866 18 1257 17 834 19 1225 13 475
3470 2.1649282611127321 2.5597061901654325 1.2739958037975936 56 52 54 0.27780406456083023 28 762 27 1136 26 1171
1113 -0.66682933633909214 0.60169984332687121 1.4035900348124641 213 203 187 1.4773261535338196 21 1117 18 1259 17 757 16 991
3471 0.78126868313461162 2.6055669910517838 2.6786737369634364 100 98 95 0.22118248578731636 28 714 27 1152
1114 -0.67803626827222796 0.64447094580774211 1.3538988685245026 196 176 150 1.5644340590642216 19 845 18 1260 17 758 16 1042
3472 -0.1334365437137916 2.1354743238994116 1.8944167755024923 156 133 119 0.27261674683152243 28 976 27 1383
1115 1.3576102981674905 2.5511302153869733 -0.95567118497066517 214 198 175 0.93944595696015887 19 1499 18 1267 43 720
3473 0.96980174817785902 -0.29661780626926026 1.1234394512349746 156 147 140 1.6543330669993654 28 846 27 1465 26 1288
1116 -0.5179023080883387 2.8438969245855539 -0.63816485547758306 158 149 150 1.0077903911368147 19 1448 18 1309 17 796 16 919 15 1128 14 732 10 567 12 936
3474 1.9345130035336879 2.3422351751690185 0.24169559162691029 99 86 81 2.6458954961233054 27 118 26 89
1117 0.53088505722234991 -0.15353327249119725 0.27073869987380389 144 106 85 0.60601772273903909 19 1633 18 1351 17 850 16 1074 15 1154 14 862 10 658 12 783 40 732 41 491
3475 -28.732352114876345 -1.4060224811086142 12.281161755629752 224 230 219 1.4946164258511825 23 192 27 157 26 146
1118 0.11577625835352066 1.7467163535486887 0.73860284308623825 200 163 121 0.34397359393835797 19 1599 18 1371 17 837
3477 -62.255186100909384 -5.6321397686877317 15.345911690512036 130 126 111 1.3457104893373619 24 386 26 281 23 339
1120 -1.1524793088184704 4.7172695556664381 0.27513216336527374 105 97 80 1.8659516282267645 19 1979 18 1464 16 428
3478 -56.129191469090046 -9.0045863632280323 18.703584170071693 204 198 217 1.2939517018313342 23 333 27 354 26 355
1121 0.28340447061053947 3.5624475271805456 -1.365213233556456 106 60 13 0.9617783138004401 19 2229 18 1480 17 867 15 1071
3479 -53.101885442669612 -4.8740999067039663 18.303327513385309 197 143 139 0.3436081449307018 23 340 27 379 26 356
1122 -0.15144557784470006 3.1089705321147805 -0.99051950871970917 55 51 48 1.1131234940366765 19 1427 18 1586 17 711 14 627
3480 -58.175430614644597 -5.1008791064953369 21.66254391727211 200 189 174 0.91832106272377068 23 341 27 419 26 366
1123 -0.11785769833208674 2.9295837939573932 -1.038750411956882 55 54 50 2.0356172183346395 19 1463 18 1591 17 723 16 865
3481 -31.178419841223263 0.54168678075517773 18.123204283862851 127 123 111 0.59544462922842911 23 567 26 375 22 395
1124 -0.13081120874480781 2.9120948594211447 -1.0099277165129903 75 62 62 0.55557452326451318 19 1122 18 1601 15 1143
3482 -67.041461052897787 9.7150456786186581 15.854371908527817 139 137 139 0.93734063456995109 24 313 27 386 26 435
3483 -29.2711223669139 -0.40694540054112427 14.838985334549362 126 120 108 0.29069710834162371 23 479 27 476 26 469 22 552
3484 1.8480636303514908 2.2456102091345715 1.0212227915750456 112 101 102 0.30336109817836576 27 1187 26 887
1127 -1.0391063667081659 3.7448091889482158 -0.0083865746967123588 80 86 86 1.8957277777267065 19 2521 18 1980 16 883 14 598
3485 2.1400726267481076 2.5518574290982556 1.3003747388956075 51 51 53 0.01577984761594467 27 1377 26 1371
1128 -0.26517792339350948 3.1462919024643954 -0.85778885055468512 52 51 49 1.0418289671042364 19 1330 18 2013 15 831
3486 -72.657339775973668 1.5258025641387856 19.682705204213981 147 137 127 2.1422391762038284 24 246 27 181 26 219
1129 0.99901653851577921 2.5189883102545743 -0.71535273397381138 117 94 102 0.60530153068647241 19 2614 18 2446 43 933
3488 -1.0161121828211104 2.3971018855316415 0.90012285591531771 89 94 98 2.1608646783931991 60 27 58 24 57 36
1131 1.849435790075199 2.5063260887492511 -0.70244369843108945 75 65 55 1.50664896032381 19 3060 18 2527 17 1048 20 2279 43 1182 44 1405
3489 -0.38356907035176141 2.2468474891285211 0.21047616605920744 203 231 235 2.2960810950940886 60 26 58 37 59 32 57 20
3491 -1.4347903883761286 2.1973395802869029 3.6474426324361446 183 201 221 1.0990784683123973 60 31 58 46 59 25 57 53
3492 -1.1067581783411669 2.1167760688846484 4.2971086879326981 204 225 244 1.6785887076672923 60 58 58 56 59 37 57 88
3493 -2.6553457726753105 2.5328348260447497 2.1697509848369916 222 238 227 1.294875330298676 60 101 58 57 59 50 57 76
3494 -0.99293709619813142 2.1712630227418472 3.2997187836798907 98 103 109 2.1790035982582743 60 60 58 71
3495 0.88453348041363578 2.4833633840867182 -0.63565686104527896 94 82 95 1.87563071543138 60 64 58 72 57 91
1138 0.66717544670609219 -0.65881432070573065 0.16528001434751846 0 0 0 0.60211410168740942 19 1045 21 1001 18 670
3496 -2.7068104571017599 2.523120170717815 2.3335063749295153 92 89 80 1.6675776588828437 60 161 58 127 59 130 57 120
3497 -1.0321338210742772 2.0877197089176498 3.6612969767255339 204 227 243 1.1660158826067781 60 104 58 130 59 88 57 136
1140 1.4610362924473668 2.4768296161735925 -0.40688125397176045 146 131 108 0.83442665815451145 18 2549 20 1987
3499 -1.1986580904705624 2.1227347579644618 3.6450028229708265 165 183 203 0.94416900446796392 60 158 58 147 57 182
1142 -0.2603057892553558 2.3615787987124373 -0.20331427365017382 93 93 93 0.16056514819273865 18 45 17 49
3500 -0.8592370980140499 2.2953990648025058 1.6817147327065758 111 105 120 1.7748898978884304 60 215 58 180 59 318 57 240
3501 -1.1831992146053822 2.0800332582201242 5.6194287248236359 228 243 236 0.82254722317859097 58 187 59 138 57 286
3502 -2.1038991307944634 2.3671611907732824 3.3399158875896382 113 123 133 1.5343555453074129 60 254 58 189 59 205 57 287
3503 -0.19991942653583919 -0.5776646595776862 -0.64492172639768408 220 192 155 0.86109582450910127 60 126 58 206
1146 -0.023383508756227911 2.4956605656882709 -0.31149104928289861 79 80 83 1.9135714802412338 18 70 17 72 16 99
3506 -1.4600886506598987 2.1577489293190473 4.2846664119320934 174 197 215 1.4388112454823996 60 250 58 238 59 203 57 390 51 480
3507 -2.1099072211543688 2.3110652366617388 3.5647616491772141 99 100 94 1.2493975604396199 60 256 58 242 59 206
3508 -2.1822415078327775 2.3669344465799105 3.3082021554496266 230 241 233 0.93436567934979919 60 222 58 243 59 191
3509 1.5598215755343181 2.5780988068784811 -0.81043216921746097 169 168 140 0.18571262239639919 60 279 58 285 57 380
1152 -1.0776358757874644 3.6976705819342071 0.055977699731027022 84 98 107 1.1101554421459654 18 159 17 107 16 135 15 120
3510 1.1482566107673611 2.5167053579479273 -0.64753037340049491 171 166 144 1.1314040895922326 60 287 58 289 59 344 57 379
1153 -0.37946112729238324 2.4754054888222612 -0.20970071807769589 161 164 160 1.1452658802372846 18 201 17 122 16 171 15 156
3511 -2.716410769512807 2.5529151377542694 2.0399038997389058 90 92 85 1.1415928839992253 60 318 58 302 59 251 57 480
1154 -0.4316919136641898 3.059953715395598 -0.72256966611737306 63 72 78 1.7923536756927756 18 214 17 136 16 124 15 125 10 103 12 190
3512 -1.1883670242138904 2.1120418010434019 3.5874026368140486 107 128 147 0.80163450975697614 60 246 58 316 59 320
3588 0.053561620278848983 2.3115992919841077 2.1182938712976656 202 115 130 0.69732057981150541 58 878 57 997
3604 -1.0090175513437758 2.2957335775225109 1.6853361825166886 128 127 134 2.0047522650059215 58 1220 59 1163 57 1671
1247 0.32185394157946445 -0.055048411309410836 0.41784681448656252 177 126 105 1.1290045844256928 18 1352 17 749 16 976 15 891 10 498 12 739 38 759 39 710
3605 -0.80377857295866573 2.4336586671520597 0.3795737437363812 178 183 187 1.4586543746068994 53 1387 59 1182 57 1559 56 1087
3606 -1.1401628922377365 2.0855744062153989 3.4345097304590118 122 144 165 1.1309825073486415 58 1210 59 1208 57 1481
1249 0.25464261415079448 3.8081877584593782 -1.2969727382367142 100 88 62 0.51993775966141675 18 1054 17 779 14 673 15 857
3607 -1.5151111312858387 2.1973757196715948 4.6150173857915169 181 200 216 0.40255241368892375 58 1241 59 1339 57 1427
3608 -0.79749276090055798 2.4772495942801647 -0.18274994518871063 148 155 157 1.3162270278009862 58 1371 59 1604 57 1569
3609 1.3992409070460841 2.5569794111116524 -0.97229919723934177 161 152 142 0.54617170815019067 46 611 53 810 59 649 45 406 55 537 56 584 60 470 58 817 57 873
3612 1.6121783762423698 2.7166549591787033 -0.76228093098312433 57 50 40 0.052078272947587254 53 806 51 643
1255 0.2564761993858955 3.8912358847161079 -1.2840926859496635 102 83 66 0.81610614879209498 19 1339 17 797 16 940 14 665 15 1099
3613 0.72163675374120917 2.5518006087691956 -0.63640238816559636 118 107 105 0.49211249144438562 53 1023 51 682
1256 -0.37310055596463798 2.8343283012290303 -0.78937235365061642 101 105 109 1.7744078434405091 18 1716 17 798 16 874 14 646 13 409
3614 -0.78560240402788495 3.1149202688706099 0.97903331699513818 211 213 210 0.28926466669144746 53 733 51 735
1257 -0.5740155940837568 3.0055127777948574 -0.56946810868358533 126 125 130 1.0365826426732776 18 1726 17 800 16 900 15 818 14 811 13 427 10 573
3615 0.47335348504732883 2.4842687350615189 -0.69628127856649236 106 74 77 1.309363422625291 53 1045 51 889
1258 -0.55874578163812838 3.0523339525514435 -0.58078582427264525 113 117 120 0.57062305796661617 18 1317 17 801 16 904 15 754 14 635 10 517
3616 -0.93319259070935001 3.1619106005911721 0.92391384790448927 182 184 183 0.043353987353212123 53 1221 51 1111
1259 -0.46181843130823735 3.8441923176000516 -0.57148175557502134 140 128 130 0.18700740603219923 18 1560 17 806 16 629
3617 -1.283013750172511 2.3529207909688008 2.4310680958656046 110 86 144 0.28988892190152693 60 15 57 11
1260 0.28330949774732039 3.6099198333512432 -1.35538997073203 92 54 17 0.63882591680730128 18 1141 19 1428 17 808 16 956 15 798 14 817
3618 0.46765162635354635 1.9734551463524934 0.58562072611083893 137 113 92 1.9978215415438894 58 75 57 79
1261 -0.79307227456605622 4.4220298896960237 -0.12554110325816517 57 70 77 2.0427760448470451 18 2039 17 810 16 1163 15 725
3619 1.1969058824259378 2.5352423272793274 -0.87533538939931776 186 181 151 0.57510150771514434 58 105 60 74 57 107
1262 0.43230554629610252 3.6667955942328101 -1.4933028642410255 101 62 23 0.88610706903193248 18 1526 17 811 16 951 15 1068
3620 -0.71123035095409515 2.4513417072937487 0.23984933631395775 147 153 151 0.62878411649041654 58 137 57 132
3590 -1.7330924399245247 2.2552342759181174 4.0445853407694958 196 221 241 0.94498141481617581 58 1257 59 762 57 1422
3392 -43.518846105365945 -15.612093082079923 -24.149784586892395 209 211 197 1.0028701857298943 4 275 29 217 30 284 3 326
3649 -1.2064243751255543 2.0880697940580801 5.3885939055419518 236 246 247 0.44522680961027383 59 463 57 1330
1292 -0.57429916022626815 2.9407573050148894 -0.57268869480926421 55 55 67 1.6547352627360887 17 301 16 198 15 323 14 222 13 206
890 -2.3727166726116704 5.1454893225028391 1.556908630111115 171 181 182 0.0016252581701709009 19 2461 21 3443
3247 1.5195154484192228 2.6274265469611344 1.9335117384627543 30 28 29 0.4844214130120359 2 1257 4 1481 3 1191
3522 1.9412056099776267 2.5117937778951394 -0.55960577866731664 89 84 73 1.3617974774612212 60 275 58 505 57 371
1165 0.67824416117732234 2.4699545525924145 -0.39141843992628467 84 76 74 0.43255587518202576 18 231 17 215 16 456
3591 -1.6427097209729029 2.2353462390511316 4.4280750791570238 126 145 150 1.5015420867585716 58 913 59 764 57 1353
3393 -44.743575909085301 -16.656154775448417 -24.680094778048261 137 139 125 0.48494381249343271 4 410 29 298 3 358
3650 -2.1211467237957145 2.3122512060180358 3.483573320291947 79 85 78 0.63257797997116227 58 930 60 613 57 1343
1293 -0.14638445610803444 3.1768787433058039 -0.97683538043193519 61 51 63 0.44876064844864844 18 409 15 393 14 304
891 -2.8721849843087588 5.2399763848238434 1.6654706016680212 147 159 159 0.12583941867557946 19 2462 21 2499
3248 1.5297418333979513 2.6364435899368428 1.9282844538168129 91 89 90 0.24600411508099196 2 1127 4 1482 3 942
3523 0.09738519021336435 2.356427450334305 -0.51384174465021426 167 157 147 1.3435693381954763 60 412 58 545 57 427
1166 -0.15178612146682791 2.7902986565205095 -1.0091808644026123 100 86 99 0.87692622072448734 18 210 17 225 16 254 15 219 14 198 13 211 12 459
3621 -1.5293017250256395 2.2514789419784456 1.8880669664051262 71 72 77 1.4292699810911289 58 183 59 135 57 177
1264 0.21972888211948408 2.5062149328179126 -0.56915649808661395 177 146 135 0.2776171790413986 18 1031 17 826 16 1197 43 595
862 0.021543694424523419 0.70105503602883834 0.03576049146120748 215 195 167 0.75626876719793668 19 2351 21 2720 18 1348
3219 0.76959096743435074 2.3027576834599772 2.6316175425841042 129 129 127 1.0914629565528935 2 1004 4 958 3 1019
3592 0.73937306604603348 2.4161598268826605 -0.59197907970003849 119 113 115 0.74492050747042504 58 549 59 770
3394 0.82288790720257998 2.336955475573308 2.582425690141458 85 82 83 2.5167337827103942 31 726 3 1013
3651 -0.92580499026388652 2.2940035880603546 1.6943390622389802 174 169 184 1.6474983222875923 59 1166 57 1416
1294 -1.3883584611137818 3.3405364507208937 0.28313474465011756 110 102 113 0.85851480620232312 18 590 16 243 15 226 14 190 13 102
892 -2.4618862641735988 5.1468677524243516 1.2784691872223388 166 178 178 0.33731459591475932 19 2467 21 2313
3249 0.77867891575229276 2.427008329289631 2.654052079787951 129 131 129 0.84748855843847337 2 1249 4 1483 3 1157
3524 -2.1791305470767099 2.5054757103177256 1.1401017455114524 40 45 49 0.99006468968752315 60 449 58 636
3622 0.39830964309236894 2.3589002335627138 -0.5648824544853247 102 78 78 1.4414429954765928 56 175 58 410 57 196
1265 0.28303105507041193 2.5233005429260578 -0.67388833551838112 161 116 119 1.3149625117418187 18 1649 17 830 16 1269 15 1465
863 -0.70145920153527441 0.51907634045163131 1.4917364982123031 188 165 139 0.93809686589827501 19 2354 21 2989 18 1766
3220 -0.6405890164422966 0.4414406088428468 1.49059698459525 221 202 169 0.51053637553532372 29 474 4 961 3 852
3593 -0.51436518871199743 2.1089685894350061 2.9562479734152443 189 186 192 1.0955660330127264 58 943 59 797 57 1229
1236 0.25812155963364275 3.5857491464444116 -1.3308805567787232 148 112 76 0.40589992989446166 19 915 17 676 16 828 15 812
3395 0.94853428418057151 2.2192496906449151 1.1950678292985664 75 59 59 2.88677427843343 30 17 28 16
3652 1.3861367112136116 2.5998502509179731 -1.1664711350447994 79 75 67 0.39220633824335316 54 1019 60 562 57 1536
1295 -0.19016952002158763 3.0150454535217959 -0.95487039486004044 48 43 47 1.5466431880782558 18 297 16 245 15 316 14 282 13 208 12 603 40 570
893 -2.6678294160119149 5.2332029402493871 1.3350849994529153 171 183 183 0.068398507284879312 19 2468 21 2263
3250 1.4064201881259433 2.4870648824897046 2.0322777917114174 31 27 26 0.63765580274548506 2 1177 4 1488 3 1395 28 1291
3623 0.13542590027260898 2.5044912821524519 -0.664366560563318 169 129 122 1.7358455203936394 53 121 60 143 57 220
1266 0.57824260974442343 0.17527160943400064 0.57908537790868908 183 142 114 1.0592817740398324 18 1244 17 847 16 1344
864 0.8043345372820333 -0.1046193437661052 0.0038178113986176818 172 151 132 0.12317932744038959 19 2356 21 2928
3221 -0.0049740367218446702 0.76636496301859514 1.4608268071274544 227 207 183 1.4654614897790463 31 798 4 966 30 874
3594 -0.86968974893084172 2.2905818762559642 1.7276508607501972 123 122 138 1.2497825266593694 58 860 59 800 57 984
1237 -1.1755332919916381 3.8549640624100441 0.17146414091131013 99 105 104 1.6375178753541022 18 961 17 683 16 690 15 706 16 829 14 608
3396 -68.717842068864286 3.2958639645540315 7.26535435416646 127 127 117 0.48632185940441897 24 102 28 84 27 87
3653 1.309838511588802 2.5775804402765075 -1.1060489636511956 79 75 66 0.31221988579198079 56 1467 57 1538
1296 -1.2750244210614632 4.5344186591877449 0.37728406942331877 110 81 85 1.7387970615679631 18 662 16 248 15 208
894 -2.5518713173721608 5.178881788776212 1.2668621791183772 177 187 188 0.091285960851293715 19 2469 21 3544
3251 0.74523593449156988 2.5154093376582334 2.7028399707575392 30 30 30 0.62723743759395911 2 932 31 1074 4 1516 3 1188
3526 -0.88227863321780331 2.4298564692864626 0.51259283942385026 125 129 132 0.90431758359988179 60 419 58 666 59 730 56 515
3595 -0.73794259917479665 2.2019945416180504 1.8797845170937786 187 129 154 1.9934188753680295 58 939 59 803 57 1019
1238 -0.70232494759462238 4.4539632410601087 -0.23856818175367511 92 97 100 1.3856366088621261 18 818 17 695 16 832 15 736
3397 0.75773171023028651 2.1612014544488054 1.4912291502875725 191 103 115 0.40936907016200919 30 128 28 127
3654 1.4709282402435557 2.5520304722538016 -1.0269017156730069 65 61 50 0.65318218338393386 56 950 57 1539
1297 -1.1475654716603827 2.7115269564287225 -0.028311928716339464 142 143 135 0.68167062708907811 18 448 16 252 15 224 14 128 13 106 10 105 12 146
895 -2.1761738757104001 5.1584886445661935 1.2930247729116904 145 152 145 0.72331320549618394 19 2471 21 2267
3252 0.75917695200105906 2.4437974723112714 2.6676156665713728 127 127 127 0.85002444284409906 2 1106 4 1532 3 1154
3527 -0.31011685702340858 2.1957445736228376 2.3617972397933036 202 122 135 1.2490040389744506 60 323 58 760 57 1016
3625 -0.72835257307906798 2.2722793371923098 1.9887882405701871 101 93 114 1.3740944943292579 58 140 57 241
1268 -0.479180141170785 3.8598947319423047 -0.54808498017224683 137 112 105 1.6531307988894719 18 2048 17 868 16 950 15 705 14 589 10 580
866 0.26628799003196613 0.079770277103973664 0.60698338647159533 151 135 122 0.26171772778038127 19 2367 21 2750
3223 0.87125353929517535 1.924950321951725 1.3642131782305229 151 131 120 1.4805976686750579 2 846 4 984 30 625
3596 -1.1734844068723298 2.0725741856666335 5.7776574813575339 93 93 83 0.90001513884228268 58 1160 59 818 57 1336
1239 0.016219054350269893 2.5615319626976616 -0.69100931651584885 112 116 117 0.38765747187048327 18 885 17 707 16 925 14 763
3398 0.79696945700400201 0.86754666237311029 0.67473617282432607 145 116 102 0.86160423988896739 3 143 28 135
3655 -0.85418213498587259 2.4061976460005101 0.38328070290033073 86 92 90 1.1653350165315584 53 1384 58 1347 57 1563
1298 -1.2622278309649484 2.7933853768219135 0.10692828946366013 150 137 154 0.77300969549091625 18 410 16 253 15 148 14 131
896 -2.4016099600921512 5.2525918004579939 1.4004648443477923 173 184 180 0.29248056068334105 19 2479 21 2262
3253 1.0937507910295514 2.6650565164750684 2.3760539389808937 40 41 36 0.42913350055219762 2 1450 4 1579 3 1255
3528 1.6816612129685591 2.5582103425180356 -0.73572432575290014 160 161 147 0.65801337745123945 60 469 58 842 57 1119
3597 -1.6439234745731373 2.2639268197476006 1.8772536882343407 94 91 111 1.4235270342791224 58 774 59 827 57 989
1240 -0.13837625298169198 2.9913487564401566 -0.99595297463236698 76 72 77 0.68514689955208474 18 968 19 956 17 721 16 901 14 736 12 1508
3399 -59.659451499932672 -7.8885059484575066 5.7912700214466142 89 93 92 0.86905950826597422 24 201 28 172 27 219
1042 0.57255220915273541 -0.23986326729587229 0.18405271886927493 154 118 92 1.2510142417654504 19 269 18 189 17 187 16 206 15 261 14 232 13 312 10 242
3656 1.0029464060880515 2.5364810037479177 -0.78539427169315679 80 64 73 1.3753124811157484 54 818 55 687 56 812 45 412 60 359 57 937 58 1029 59 1128
1299 1.7285769070167423 2.2630116377194729 -0.11848268341195908 117 112 119 1.1984150929342217 17 178 15 173 14 152
897 -2.3780086253985697 5.1840414503879559 1.4811338335641699 172 183 175 0.21477432873902294 19 2484 21 2291
3254 1.0809942798094532 2.4281786763761963 2.3458646876005584 69 67 68 0.67914033243314975 2 1252 4 1607 3 916
3529 -1.396742560187973 2.7794404177402909 0.18573478044948694 71 68 63 0.62899874069642459 60 596 58 882
1172 0.051707688734887167 2.4976527439660932 -0.56369188405358317 167 122 129 0.57528361907380299 18 332 17 313 16 380
3598 -1.4325964607255111 2.257879127728073 1.9369595165281956 100 100 121 0.52018514260282178 58 937 59 832 57 983
1241 -0.56843465533933368 3.0769972746311227 -0.56752927250922258 73 76 83 0.93227524616917512 18 1322 17 722 15 824 14 833 10 520
3400 -65.033169959266786 13.975166889731037 8.1560742317333901 122 123 117 0.83668317777270274 24 236 28 185
1043 0.30306680110117828 -0.096429112859785629 0.38121639398601176 248 245 228 1.0956581061154902 19 472 18 246 17 183
3657 1.0961477643133155 2.5079439561361583 -0.60075827845911345 34 25 18 2.1286701432237396 46 763 54 1280 57 1364 55 547 56 808 60 477
1300 -1.1941193643540622 2.682039837203789 0.026251292635985003 78 85 93 1.3355883038645147 18 618 16 289 15 355 14 215 13 267 10 193 12 324
898 -2.6572170665469472 5.2279743536122663 1.5007451735719937 176 187 187 0.20884425869611892 19 2485 21 3425
3255 1.2977516176512247 2.525048283027993 2.1396630607387577 65 63 64 1.6056780899221501 2 1435 4 1662 28 1353
3628 1.7609366814700202 2.5278870021910254 -0.66159095599392514 90 84 72 0.77034133497130064 58 329 60 277 57 373
1271 1.3567858379422508 2.5283191032868868 -0.87628420278012076 178 166 146 0.33615013933914617 18 1027 17 884 16 1309
869 0.45370084442598058 0.6040073314960559 -0.11355256869696009 205 190 169 2.3195265556253677 19 2379 21 2717
3226 1.4210633996938367 2.9154447190295669 2.0875724576829278 62 63 58 0.16626320109988954 2 930 4 1113 3 684
3599 -0.90279514702754982 2.3816873304288015 0.9329492035048631 116 119 125 1.3896135879528941 58 853 59 925
1242 -0.57050143294905387 3.0290781243510927 -0.57214772716948825 79 80 84 1.1797463041362615 18 974 17 724 16 861 15 819 14 740 10 516
3401 -58.814300769123619 -4.3438397695637976 6.9647512896338419 165 172 165 0.24732889237365985 24 387 28 248 27 376
1044 0.16142947999235488 1.0180114949753973 0.041206672828885613 195 173 136 0.0082753885834295944 18 250 17 273
3658 0.99558936193603953 2.5268277449524037 -0.7097059268342113 84 63 73 1.7498817661250448 45 1015 56 1128 57 1087 46 1605 53 1106 59 1535 58 1066
1301 -1.4283091525538594 2.9610243064253732 0.27532925836289579 90 91 93 1.4888883303769103 18 870 16 290 15 317 14 285 13 197 12 236
899 -2.3541780076779917 5.1345548057453003 1.3706142171426443 169 179 176 0.082822752063660493 19 2486 21 2299
3256 -0.332786961535048 2.1015461390082599 2.0739596867771835 104 99 106 1.0799706560047058 29 459 4 1671 3 1073
3531 -1.1424485554495514 2.0405311327986904 5.44712744851069 109 118 124 0.093124671225099334 58 919 59 823
1174 -0.27689821777054463 3.1159217385008522 -0.85471441151586369 154 160 159 1.1441863452776668 18 408 17 318 16 358 15 394 14 312 13 265 10 317 12 882
3600 1.5403162380683313 2.5881620811838206 -1.0623611402523785 127 124 119 0.50493490697942256 60 528 59 941 57 1113
1243 -0.55805954618235221 2.9361737620981758 -0.58859929685150658 85 80 86 1.0064524347673542 18 979 17 726 15 765 14 399
3402 -27.606095733569394 -3.487958635945176 -32.075616885793416 134 121 102 0.66689557837325708 31 374 28 249 1 249
3659 -0.82631475976335089 2.0009684626132604 4.2957739687789402 70 81 91 0.79026784917467996 60 225 57 340 58 235 59 197
900 -2.4394208505131489 5.1621612703001283 1.3951137601883272 178 188 187 0.2494943405614774 19 2487 21 2300
3257 1.3229733092142204 2.7089297980656015 2.1524890058474488 38 33 31 0.28753963165604662 2 1270 4 1672 3 1538
3532 1.4472575678482229 2.5785292383106104 -1.136771726126572 62 62 54 0.37813042136467828 60 512 58 1011 59 1120
1175 -1.1307281396852493 3.5772154333590782 0.071552981653639894 134 133 127 0.30909214239320215 18 407 17 321 16 238 15 181 14 135
3630 -0.87618900134940902 2.4113233060701997 0.63005475734719685 139 141 142 1.654010518511436 56 422 60 420 57 401
1273 0.33306951912183069 -0.045037391850859053 0.35157915282786506 210 163 140 0.20377657991224224 19 2717 16 1318
871 -0.83873508426115984 2.3870597455374263 0.36069907965397119 151 158 150 0.030395544280636601 19 2399 21 2662
3228 0.88152605923636096 2.4567048422809865 2.5494899632588308 81 81 81 0.34183347439657918 2 992 4 1116 3 1155
3601 -1.7033703427574407 2.254566108729259 4.0612545439472436 159 185 207 0.57457902626439561 58 924 59 964 57 1426
1244 -0.25068198026371696 3.1140287089421514 -0.87664425808331004 54 63 68 2.1355468551226835 19 952 17 729 13 365
3403 -58.509650767337348 -19.838975357536295 0.31461909861271675 207 210 201 0.71683606670434707 25 315 28 269 27 360
3660 -0.87636591689262677 1.812104816569013 3.1717109153741743 103 88 134 1.0715316764187441 58 29 57 35
1303 0.40343877189122568 0.15123931950059893 0.63585573535696194 236 236 236 1.8265974983327851 17 267 16 306 15 232
901 -2.4859560849006672 5.1372988116868772 1.3456541845970764 151 159 161 0.24518109976237862 19 2490 21 3417
3258 0.91331018463184499 2.0367411540265725 2.368748388575177 145 144 140 0.36375772939389922 2 1186 4 1741 30 717
3533 1.4240465802687339 2.5921452635257163 -1.1658945205596909 135 135 127 0.59993175313620106 60 526 58 1012 59 914 57 870
1176 -1.018058552236984 3.0357135862244164 -0.12444105308360683 143 154 150 1.2509315055030146 18 582 17 366 16 353 15 321 14 284 13 200 10 131 12 321
3602 -0.82339690421461598 2.4265168745343155 0.36865602105910322 78 83 87 1.6270848334371695 53 1218 59 996 57 1550 56 1447
1245 0.33445346348522403 -0.3076101446963399 0.29026497562708581 166 149 139 0.91059447077451028 18 1249 17 746 16 714
3404 -54.859642830202176 -5.8510404094787951 3.6353939225619025 147 98 93 0.73029887169271923 24 199 28 283 27 222
3661 -1.9801065861090799 2.3694045601767328 1.0796178675837889 98 86 124 2.4535465247111383 59 366 57 465
1304 -1.3804315991184273 4.3029745351950295 0.44730423924166607 57 63 76 0.98065001942810648 18 905 16 326 15 295
902 -2.6278991479465184 5.2101825347335309 1.4266339368365102 173 181 183 0.058767007662776462 19 2491 21 3617
3259 2.0276336005970492 2.3980533704166778 -0.075775951020999099 108 99 86 0.62121836982532264 2 1344 4 1763 3 1272
3534 1.4781777555264453 2.5864498909556422 -1.1107874095467833 128 128 120 0.60528393193075603 60 527 58 1013 59 913 57 1112
1177 -1.1424265265959592 3.0728844970016946 0.0034545129263449216 155 165 167 0.8681925412233521 18 878 17 368 16 505 15 370 14 288 10 185 12 316
3375 2.0386633006224932 2.2473969494875536 0.90680084282019724 150 138 138 0.054071269216784894 30 683 3 976
1018 -2.494285531062427 5.1486871375051964 1.5144785508955689 175 185 184 0.051116296227663262 19 2984 21 3439
3632 0.64538334374042738 2.6018688308683187 -1.4168207585414472 55 51 52 1.1216611683869251 59 332 60 340 57 496
1275 0.49279946665948954 -0.23145953665037972 0.27714621419075214 142 119 104 0.93081456848613098 17 919 15 1088 12 750
873 1.8270217983681272 2.2555203724691744 0.99042773548606333 81 70 64 0.58585596073853896 19 2407 21 2502 43 1049
3230 1.3057815397338 2.6937445078840998 2.1680722292418553 66 62 61 0.39657194505829929 2 1268 4 1137 3 1240 28 1287
3589 0.012556714042990857 2.2836634444838277 2.0510224523517966 223 145 153 0.5431941680272101 58 715 57 1160
1232 0.32946547240863727 -0.36670024297589687 0.3271690352686607 218 191 169 2.3946960611701535 18 1184 17 658 16 570 14 422
3391 0.76214525417930279 2.2955213273884176 2.6408472090361035 91 89 90 0.83450693160404521 2 972 4 956 3 1021 5 614 32 614 30 590
3648 -0.83228860971049445 2.4440120279074597 0.38680369358546751 195 199 198 1.8731648255112192 59 997 57 1290
1291 -1.0933348538358156 3.7934790586324825 0.041885287410305186 47 56 65 1.9296175359565126 16 185 15 117 14 77
889 -2.4635139255655858 5.2233573187238758 1.680721026623194 146 161 158 0.2357131465843556 19 2458 21 3448
3246 0.73940982283221723 2.3950693555239835 2.6932001895838575 52 51 49 1.1411179481130689 2 1110 4 1477 30 685 3 959
3521 1.4018582696594337 2.568153026829378 -1.0400056676836582 69 67 55 0.68343086209852899 60 342 58 502 57 385
1164 -0.62026138772850381 2.4163015273867878 0.22192162925968589 166 184 186 1.5474650668098271 18 175 19 222 17 214
3389 1.9518505608689869 2.2704430881915187 0.71710950492279779 112 99 106 1.2246409109737586 30 801 3 1420 28 788
1032 1.2500638016805157 2.4349558970960401 -0.9121961194853947 80 65 42 1.7242662020509194 19 3062 21 3153
3646 -0.80112521468816 2.4394522899607645 0.26288150903958901 94 100 96 1.83689777561116 56 685 58 713 57 1129
1289 -1.0788507212987219 2.9953587367442429 -0.049044868466009459 57 65 76 1.3043939720429301 17 147 16 141 15 126
887 -2.6365779166009689 5.2195111563452556 1.7066519909105666 173 187 187 0.1176719107775959 19 2449 21 2030
3244 1.3256263393061056 2.5427083286501952 2.1181040027707918 67 65 66 0.63827201757021623 2 742 4 1471 30 533 3 675 28 1007
3519 0.018005786915545191 2.5335834759045914 -0.70574708041002687 131 130 125 0.9987172225852422 60 304 58 402 57 550
3388 2.7520047912557173 2.735430896130262 0.71339226335664807 91 86 83 0.39468681670273958 4 1922 3 1410 27 925
1031 1.5989325420895208 2.5091970146876612 -0.79946568265832507 80 68 46 0.22250863746880833 19 3049 21 3611
3645 1.644136256927077 2.5678744425610747 -0.95964410164297576 116 112 103 0.52708195990177031 58 1064 60 546 57 1115
1288 -0.35487753917414516 2.9901823285788574 -0.78212567639714337 172 172 172 1.5519270158450509 17 112 16 92 15 75 14 67 13 70 10 66
886 -2.5919552012283571 5.2019790505775543 1.6965651885623765 144 158 158 0.1438134320244279 19 2448 21 2025
3243 1.2993943760820736 2.5422057608531499 2.1444472535027876 82 80 81 0.34997454390642208 2 1258 4 1463 3 1208
3518 -0.74857737517021272 2.450662538455926 0.40108569719399179 96 104 112 1.2994148147964497 60 403 58 401 59 449 56 429
1161 0.4892142007164566 -0.26009061067772032 0.20862989498936801 154 123 104 1.3245170429156625 18 235 17 188 15 180 14 176 13 184 10 151
3386 1.1102474922057972 2.4446275767679428 2.3176548702883437 72 72 70 0.22164141915888033 2 1161 4 945 3 1392
1029 -2.2471124921564538 5.2311459052373266 0.97829693486201741 172 177 173 0.12553039986145864 19 3032 21 3320
3643 -1.5223427973534074 2.1890919816169889 4.6447393683103222 101 120 127 0.24221079202678797 58 749 59 479 57 1064
1286 9.6977238480659125 -32.428798130480537 33.527300668895002 57 68 62 0.79860702273753903 18 472 19 259 17 402 15 416
884 -2.6916294718824814 5.1716913238299034 1.4725980243022003 180 190 191 0.041203868129640803 19 2441 21 3482
3241 1.5108288321909731 2.9303052479411011 2.0039640286530975 73 73 71 0.38003917490438505 2 1136 4 1407 3 868
3516 -2.7474593483428627 2.5442642124088106 2.1512344210457846 94 95 87 1.4176893592383415 60 320 58 370 57 715
3384 1.4127493589808207 2.4687119265362276 2.0097260992775099 61 60 58 0.99678225285081545 4 1840 3 1330 28 1162
1027 -2.0663369771999109 5.2220417944820614 0.67514415702834352 152 160 153 0.17065745493540896 19 3024 21 3167
3641 -1.980178637023315 2.3098517656854152 1.246882331300075 0 0 0 0.52033817358825107 58 642 59 739
1284 2.4731127471311831 2.2340654603309726 1.4330903776064026 88 80 69 1.8007356951284015 18 69 17 69
882 -2.6832129061247385 5.2426065058997491 1.5835167520962012 172 182 183 0.089730695931472343 19 2439 21 3485
3239 0.36621162077910574 1.042643353804583 0.84471697994395945 192 164 128 0.78327195678732653 2 1036 4 1313 30 746 3 1086
3514 0.87586947621180966 2.6095068112409625 -1.3221743012665934 89 84 88 1.0644825070312935 60 262 58 358 59 399 57 386
3380 1.515881778949183 2.981078598001675 2.0047423644998337 26 25 21 0.75674009980859613 2 1131 4 1417 3 1229
1023 -2.2063489324379559 5.2838209274781969 0.85975329687220692 137 143 139 0.06198269244438926 19 3003 21 2218
3637 -1.8493027943711002 2.1868836489281449 1.6502453764350318 70 74 78 0.73886837861962484 58 640 57 838
878 -2.4970742569705955 5.2293730496466377 1.6627916161792033 177 190 186 0.30758075431291576 19 2426 21 3444
3235 1.2874268218792748 2.4184487841360958 2.1305194319412371 90 89 87 0.57701409909134238 2 1143 4 1256 30 686
3378 0.76634528929474666 2.3926982062565854 2.6373944743681967 125 124 122 1.6386716795190484 5 606 3 1172 28 1298
1021 -2.6083143206694865 5.2397162281066665 1.5366812785811046 152 162 161 0.22184053369307391 19 2992 21 3475
3635 -1.8214356076583933 2.2923878619542597 1.6583029339205424 0 0 0 1.184212907726915 58 442 59 485
876 2.0134921026942245 2.3390059934628442 0.75239558347102986 135 119 122 0.97080711648365481 19 2423 21 2654
3233 1.6435785215702678 2.700345446996447 1.8209212513675022 56 52 53 0.87587175528514571 2 1115 4 1153 3 667
3377 1.3238177338990389 2.4736958776947793 2.1074186207411265 63 61 62 0.45199873598352641 4 1490 30 588 3 1165
1020 -2.4229601845017457 5.1855603212071149 1.5114176531639374 171 182 177 0.097653221143520236 19 2987 21 3478
3634 -1.6900244272165392 2.2436426649996855 4.2949280012082642 109 126 133 0.62334616794252307 58 453 59 354 57 587
1277 -0.33731986772595868 3.7117340534923411 -0.70581617816323139 69 73 82 1.1688722333131425 18 1128 17 930 16 957 14 672
875 -0.14916848297556468 2.1367069972211237 -0.30300661960086267 154 152 139 0.011067792290259025 19 2420 21 2847
3232 1.1135587934024331 2.680906823168852 2.354390934786879 54 56 53 0.33650839652513537 2 933 4 1148 3 1100
3633 0.29930686684515156 2.5048428163099161 -0.62824269958052703 161 133 119 0.79632223474456509 60 308 57 517
1276 -0.33515690913463303 3.7301540311808652 -0.72532966921906628 69 71 83 0.57679088560670266 18 2047 17 929 15 1276
874 -2.5309271751719464 5.1857585092634686 1.2605291901648323 141 149 151 0.21891769483188683 19 2415 21 2496
3231 1.0729062394523183 2.6448942817412662 2.3905981536439507 73 71 72 0.20542713285006942 2 1005 4 1139
3587 -0.44097571439235583 1.8874946604774088 4.1059561920496774 107 94 139 1.1217665360443718 58 689 59 749 57 986
1230 0.59456910401344676 -0.27331637175725182 0.47558958716552829 91 68 60 0.41037004192028348 18 1245 17 654
3586 -1.6843064588875067 2.2797605077680401 1.9235498985208306 97 96 130 1.7539192370809438 58 690 59 740 57 837
3585 -0.15975123913408179 1.8667545557131484 4.6325858971028406 107 91 134 0.47889353080537728 58 768 59 734 57 594
3584 -0.58649102239367878 2.050718590442699 3.2645790885667449 189 185 186 0.61926992159004934 58 767 59 733 57 981
3583 -0.043288942615689711 1.8152313009400214 4.54480739417669 64 54 77 0.2300210457852585 58 693 59 728 57 830
3582 0.10547282916489169 1.8821395147798281 4.5408393187358991 98 81 132 0.62071924374193221 58 696 59 725 57 595
3581 -2.7725592324470498 2.5554356539555161 1.827155985882577 212 217 215 0.76492662079774298 58 659 59 713 57 1366
3580 -2.8034142456530682 2.5866920664437982 1.8333329011399992 74 74 64 1.4965215694391789 58 431 59 700 57 815
3579 -1.6931832242221601 2.2380325509361718 4.204407181781745 187 213 228 0.1714648681740604 58 750 59 689 57 1066
3578 0.81346574065015553 2.6094013823734965 -1.1490531795022263 87 77 75 0.98546476797485871 60 365 59 612
3577 0.65707762456189511 2.4726586141450868 -0.89752432805422833 121 112 115 0.81503688814036823 58 550 59 609
1220 0.016811810530969001 1.7555105203431332 0.6434893954967067 203 173 128 0.68628432108286364 18 682 17 626 16 536 15 519
3576 -0.084613659085883058 2.2762981666050384 1.9016429716068153 210 120 129 0.72623145156715507 58 699 57 799
1219 0.2225417684716936 0.20422469146635802 0.68843097453523816 225 218 202 1.7591119844906886 18 1250 17 610 16 510 15 420 14 389 10 345 13 245
3575 0.045560667783915772 2.5006377255593177 -0.66604287612539903 71 72 68 1.2741129816807413 60 426 59 588 57 917 53 821
3574 1.3896569490477781 2.5821584901437276 -1.09367891425757 81 77 72 0.62325030808579018 58 560 59 534 57 497
1217 0.030961739959765873 0.81318968985522289 0.0022750964189614449 166 144 95 0.97171874192694174 18 1364 17 600 15 691
3573 -1.6729009228090219 2.2621957715870797 1.8640899980391952 74 71 89 1.8406789087889071 58 686 59 488 57 591
1216 -0.97851990744963091 3.7619762431735144 -0.030808411904079212 75 90 93 1.7695012668657351 17 580 16 869 15 717 14 678
3571 -1.2256662654631583 2.1007159680939358 5.4683429312986185 91 93 84 1.0338287984430872 58 623 59 483 57 1056
1214 -0.20571626502113444 3.8191191764615744 -0.81863731808255058 49 51 63 1.68339512038132 19 987 17 551 16 479 15 331 14 294
3570 -1.7462082973344486 2.2430945515664416 4.1702184457650704 113 137 147 0.56438122716783257 58 628 59 475 57 851
1213 -1.2007534019138495 4.4100173587865727 0.29256730644190204 112 100 104 0.61536543132912569 18 882 17 549 16 707 15 374
3569 -1.7397515997846849 2.2583678612566871 4.2943494260677255 227 238 230 0.37645256738448446 58 627 59 474 57 852
1212 -0.18726231540083221 3.8515106042605716 -0.84634003936900948 79 82 91 1.0334754450632002 18 1109 19 730 17 547 16 694 15 704 14 473 12 865
3568 -1.4816795855317502 2.2478468163737544 1.9891328883750323 94 92 113 1.07088972953046 58 593 59 446 57 985
1211 0.41165481776055413 3.5428973909073833 -1.4926268544918395 139 117 92 0.33908882370470989 18 658 17 546 15 785
3567 0.72630630257544604 2.6171930968192241 -1.4080078084809093 93 91 94 0.26515397379315386 58 504 57 484
1210 -1.1759760090115128 4.6168095988551414 0.27711801382426693 131 124 115 1.5357273918129217 18 1119 17 539 16 440 15 380
3566 -1.4566846486046443 2.2694946902157143 1.8733739732995331 106 91 134 1.1075471370802452 58 390 59 370 57 459
1209 -0.52389693694247264 4.6474708571451124 -0.36232378457038694 101 91 89 1.2754681686443547 18 852 17 534 16 447 15 383
3564 -1.9775890654104762 2.3535002258759223 1.1363740998995264 53 49 74 1.5786513458554126 58 441 59 365 57 468
1207 -0.33427839165539058 4.2510309088706943 -0.59083433729547441 44 53 58 0.6936443099653834 18 810 17 524
3563 -1.6447703304502248 2.2182506342574695 4.2742986319379535 199 226 237 1.3893991997322557 58 630 59 355 57 588
1206 -0.31006795209583693 4.1692008994636645 -0.66681150048822802 101 106 110 0.42651451714518557 18 811 17 521 16 708 15 530 14 456 12 657
3562 -0.60634940260881642 2.4242975507943485 0.69709434344989707 170 138 163 0.48650401689502359 58 300 57 311
1205 -0.40827792598371826 4.2129330613277673 -0.55816348470421917 72 82 84 1.1067246164069879 18 801 17 520 16 657 15 529 14 455
3561 -1.5867938928993381 2.2728512957528286 1.8185201218252587 103 86 138 1.2675922005001923 58 320 59 319 57 395
3560 -1.3514325494516697 2.2517285266371165 1.8846700156882961 194 196 195 0.26786891968207283 58 322 59 316
3559 -1.4690474248520462 2.191636349770675 3.8756226734239703 104 127 145 1.4322636932597499 60 247 59 311 57 476 58 311 51 514
3558 -0.59962707571880236 2.3746953418137586 0.20071613143778316 94 102 105 0.99862618743705978 58 278 59 269 57 639
3557 -0.61175503761477734 2.4257204101533634 0.54348510468063627 101 111 121 0.46968932250746326 58 192 57 231
3556 -0.74080917372827515 2.4387902568893542 0.25229627368538332 131 140 139 2.2036377593616008 53 388 59 147
3555 -1.5473210668144619 2.1969387856573044 4.1084811074397436 185 209 232 0.61588336848500158 58 194 59 141 57 285 51 485
3554 -1.3215689163376554 2.142153806515342 3.0750841736051471 197 222 244 1.2038992380137279 58 146 59 126 57 181
3552 -0.21085757897544727 2.2350253102145179 -0.16106085621578656 88 89 83 0.83138496149467911 58 125 57 110
3551 -0.15538083703767402 2.173253094350335 2.6003177989430837 162 150 172 1.6014267378834508 58 139 57 173
3550 -1.9403191111233358 2.3167156496717864 1.3328146765533218 50 55 58 0.76641054085295068 58 79 59 65
3549 -1.713866063197919 2.2675041683436929 1.667571369936798 59 64 68 0.84593803927842981 58 83 59 64
3548 -0.18992948462106865 2.0772785248085022 1.3881543652462103 210 111 129 1.0614107337186116 58 81 59 61
3547 -1.4672535766356587 2.1793857828431205 2.9970096774508659 195 219 243 0.67657888170342695 58 38 59 24 57 61
3546 -1.2337781993554058 2.2583660493912623 2.6667020741889593 86 85 98 0.63411384264389092 60 33 59 22
1189 1.3941060937627823 2.4688263261202996 -0.3201774475316605 88 80 68 1.1811545463824011 19 304 17 460 20 166
3543 -1.2180882081322093 2.0924927805050682 5.2672554021398437 98 109 115 0.66116025330053807 58 653 59 361 57 847
3542 -0.90190314656460469 2.3260628646770116 1.9532805764911481 112 99 129 0.85485764005623066 60 34 59 21
1185 -0.52665763278748345 4.7956508281041845 -0.33745186431918395 92 81 77 0.89175652726423627 18 628 17 419 16 450 15 390
3541 2.0651774322870224 2.5516582679060349 -0.60709458947470685 115 113 100 0.96680219956539215 60 633 58 1290 57 1296
3540 -1.0230240772104153 2.6948036773362523 -0.15612760215856006 93 95 90 1.3617208248929176 60 592 58 1168 56 524
3539 -2.1402251317125014 2.3453331282069514 3.4647879961042927 117 132 124 0.47181041155948567 60 628 58 1154 59 1020
3538 -2.1375117546540388 2.3359066456799469 3.4863583865100116 222 235 226 0.85584477453472307 60 551 58 1153 59 776 57 1340
3537 -1.1645547698216985 2.0475753033749475 5.3669190649848186 106 116 125 0.048712750477925434 58 1132 59 822
1180 0.010934628150773659 2.541083832784421 -0.66226810278458803 162 167 163 0.31920928255762138 18 446 17 388
3536 1.9529054634137035 2.5687774798594059 -0.70469987653995048 123 120 111 0.79987589938332648 60 634 58 1060 57 1305
1179 -0.23297094494728821 3.8453583852330695 -0.79233899828153687 132 123 128 1.0494361407576862 18 1100 17 378 16 480 15 543 14 474 13 193 10 309 12 550
3535 1.712665915377086 2.5720988503866931 -0.9074709564559067 128 124 121 0.42256045449148028 60 530 58 1022 57 1116
1178 -0.27079326537921511 2.9994913624172734 -0.86660809322478816 101 100 106 1.091303655698505 18 648 17 371 16 354 15 312 14 211 13 268 10 320
3520 -0.74482158777265051 2.4574781608231087 0.1753255792759823 85 89 92 0.60335442959594177 60 300 58 418 59 451
1163 -0.55058310975922964 4.5306037583428287 -0.4018918414788385 119 109 113 1.2355307901113584 18 223 17 208
3517 -0.80179173125813508 2.4506224902058662 0.34746623397751708 83 88 91 1.5195993707341005 60 415 58 400 59 447
1160 1.15452187382671 -0.12405917892908436 -0.12248786108719635 114 104 92 1.6622058572161325 18 131 17 185 16 269 15 421 14 372
3515 1.2915637772888517 2.5850500113268229 -1.0467012017329056 179 175 151 0.50354432915497616 60 278 58 359 59 254 57 384
3513 -0.79970867668531964 2.4233820326628401 0.41462512244672073 189 196 204 0.80341479296082252 60 234 58 328 57 312 56 346
3374 1.8892512326961148 2.2759446235948255 0.72021188462145402 118 101 109 1.6772416041082803 4 1993 31 902 3 963
1017 -1.9196223872094362 5.2493447252311505 0.70584184359369206 169 170 164 0.053707649267370511 19 2979 21 3176
3373 2.7133266326873451 2.7816898457342405 0.76455391235603876 72 67 63 0.85602373878472293 4 1257 3 943 27 692 26 541
1016 -2.4581869412954944 5.1827475233648999 1.7269823613783741 149 164 161 0.048533146516310688 19 2974 21 3583
3372 1.2988952159282858 2.6164626199336443 2.1541548599723042 60 58 59 0.62388735988884858 2 993 4 1163 3 941
1015 -2.4478083659944883 5.1434413460066049 1.6866979857307989 178 194 191 0.14707716090073952 19 2972 21 2011
3371 2.7604275915456573 2.6730210328898441 0.70084415101082465 126 122 119 0.39409749483153433 4 1228 3 914 27 690
1014 -2.5765876494051234 5.1565456077376357 1.720934080254928 146 160 160 0.043031650698708762 19 2970 21 2785
3370 1.6322495035695666 3.0748190047877939 1.8977235627644997 51 52 47 0.41457084455269161 4 900 3 901 27 1336
1013 -2.6923149346634445 5.2301719766732937 1.8546752628641947 151 165 165 0.34757389087045587 19 2966 21 2757
3369 1.2829324022072708 2.1518038753803954 0.45173158343826209 106 87 73 1.1629189956248762 4 983 30 622 3 883
1012 -2.5471027056182391 5.1356876677474022 1.7236326923730905 147 163 160 0.12077522940800231 19 2965 21 2755
3368 1.8317085867688725 2.8103827270665964 1.6574006242623724 62 63 57 0.16405071659538198 4 1544 3 879 27 1135
1011 -2.8848576055066051 5.1413114025953073 1.7645284851473648 151 165 165 0.083920889834531692 19 2964 21 1932
3367 1.5298703433777137 2.9840823013476534 1.9817899671765504 22 20 21 0.94861355897134769 2 1134 4 1103 3 862
1010 -2.3576709811302718 5.1781715473788807 0.95587595516591062 148 157 156 0.10574182478904345 19 2962 21 3357
3366 1.6298350457384454 2.9926085874164094 1.8871519643536714 55 56 54 0.30606541712047219 2 922 4 1109 3 861
1009 -2.1989066228859602 5.1923327529199863 0.98811177852321974 142 146 147 0.31392029422800349 19 2959 21 3359
3365 0.64149894279232955 0.66526542848593317 0.82838368856194666 156 152 150 2.0433058045659198 4 963 3 844 27 777
1008 -2.3887871978327113 5.2186433640952172 1.0863442496491047 168 174 174 0.16899522233141911 19 2957 21 3290
3364 0.1586677850545605 0.80487848391773575 1.4295906978698512 220 204 180 1.5161327580353394 30 870 3 839 28 991
1007 -2.4013632710030315 5.2121186609959826 1.0970274151431358 145 151 151 0.074160163704925619 19 2955 21 2325
3363 0.27754701208800753 1.0523646217848945 1.3502206419883718 167 146 125 1.0417746544650039 2 814 4 1779 3 833 27 867
1006 -2.0496643617861636 5.2204512058929033 1.1382627435992483 155 164 163 0.10806668554754637 19 2951 21 3289
3362 0.8756765707650922 0.070582172627493847 0.83360870047562974 142 115 98 0.80222406753509012 4 1001 3 814
1005 -2.0583364877100663 5.1742637358434935 1.1871599881290857 130 140 138 0.19229537870976263 19 2945 21 3265
3361 0.14906489614856697 2.1449177326668645 1.8845985960868534 212 181 195 2.2043182898676448 4 1049 30 624 3 805
1004 -2.3119520329064187 5.1529003070681592 1.159073166226843 163 175 173 0.11486854940089297 19 2944 21 3311
3360 1.933124835530464 2.61113361181792 1.5285957253317473 48 51 44 0.44429520283158136 4 819 3 677 28 680
1003 -2.24092702954291 5.1892532105558535 1.2199430104625675 148 155 148 0.0014187090714412693 19 2943 21 3312
3359 2.6733984722373343 2.8102618760776172 0.81030004417957391 127 120 114 1.2102375864049644 4 821 3 662 27 595 26 539
1002 -2.359888619703808 5.2210180348573125 1.3332510232733221 151 162 158 0.0090010349451605538 19 2941 21 3294
3358 1.9346783263400849 2.5032445936097538 1.4970304573998494 63 63 61 0.27470039949767133 4 747 3 660 28 639
1001 -2.2555713422326731 5.1912676694544917 1.3055855396797738 160 169 164 0.10433229579206701 19 2940 21 2272
3356 0.77451114057761627 2.3249895019949114 2.6809819483335802 0 0 0 0.71529871014918689 5 418 32 449
999 -1.8545208180955275 5.3002113829106037 0.13349166075228677 121 124 117 0.98636891720423203 19 2899 21 2537
3355 0.90552700652468965 2.4580321393719595 2.5246784944177834 36 36 36 0.65867795522022188 2 637 4 716 3 562
998 -2.5852294338449529 5.1944731048812649 1.3318578648138408 176 186 187 0.10672387485265855 19 2896 21 3387
3354 2.7179446562672491 2.8066756836908362 0.76483601296838233 120 119 115 0.59756918086651578 4 817 3 516 27 332 26 422
997 -2.3476811865818044 5.2247428229679524 1.0961606233003107 139 148 147 0.036663790081351802 19 2894 21 3291
3353 -40.559370961083019 -14.912960939923636 -26.955187755452979 124 108 100 0.63784488516260363 29 341 3 500 4 589 30 506 27 531
996 -2.7484376567448607 5.2069259326446051 1.5433517016821994 150 160 161 0.05564433021148317 19 2890 21 3432
3352 -40.424805351403947 -16.163742197277525 -26.631130340671323 222 223 216 0.61611533485353442 4 594 29 334 30 504 3 473
995 -2.3113504148823343 5.2744433357432756 0.87915073469899252 161 166 162 0.087252614586405902 19 2884 21 3341
3351 -44.10578085870673 -18.038749406163632 -25.617050952780257 139 139 129 0.49396123248766216 4 464 29 333 30 417 3 465
994 1.0282215400842722 2.5297067442240802 -0.81110541947231563 182 162 153 0.30499620502192415 19 2874 21 2483 43 968
3350 1.4503590785388945 2.4317251125410873 0.17362060852013245 135 121 112 1.8077608587479643 4 585 30 451 3 451
993 1.6013175600122775 2.5452603059630339 -0.9372923373972285 151 140 136 0.47177092370640977 19 2873 21 2090 20 907 43 1125
3349 -0.72091903378557676 0.39636756395858541 1.3220149441680789 133 125 109 1.4218529166096776 30 753 32 637 3 445
992 1.3759429025351271 2.5478061414904509 -0.94886206664191586 85 68 52 0.38246350926313361 19 2872 21 3072 18 2333 20 1918 43 1429 44 1088
3348 0.76028819753927945 2.6276637443853699 2.7049566266179297 113 117 116 0.99733698297357498 30 343 3 381 28 710 27 1150
991 -1.801001815029738 5.2890355135796545 0.73060227423468416 159 166 159 0.031375232499532439 19 2871 21 2623
3347 -43.673832250394561 -14.476286825751853 -24.764147311484276 138 140 126 0.85400066514969675 4 407 29 215 3 361 30 368
990 -2.0907704999395613 5.281387495634382 0.79594767174903069 173 180 173 0.15706393509012606 19 2869 21 3204
3346 -42.04640259225129 -14.380005522436873 -26.294075245917369 215 217 210 0.38904555560100462 4 405 29 262 3 360
989 -2.1220642601525537 5.233199938006341 0.79054839882086114 141 147 143 0.36640088538811655 19 2867 21 2210
3345 -43.426310925068314 -14.632365443314219 -24.04588959291052 202 206 193 1.348048744308098 4 409 29 301 30 422 3 359
988 1.0389307679849655 2.5234267703470681 -0.75724459646348408 123 101 88 0.63043669763396248 19 2866 21 2054 18 2443 20 1880 43 1139 44 1216
3344 0.99943031760988621 2.1439311334987017 1.1135549060448267 118 116 115 0.51003209682929151 4 510 3 348 28 521
987 -1.7510001674083095 5.2796443710338536 0.54349617156596308 149 154 148 0.46387008830748355 19 2863 21 3227
3343 2.7322180248660017 2.7136625853810581 0.72295685598464121 132 129 124 1.6517098279727471 4 352 3 299 27 272 26 313
986 -1.9800004931630759 5.2816242915270921 0.56489724663197982 156 158 153 0.065707118730515504 19 2860 21 3216
3342 -0.62291620301577577 0.4909814205114133 1.4401795296819282 206 161 125 1.1552106610514852 4 348 30 253 3 277
985 -2.0699248516523805 5.2904921153734765 0.58239128462510936 136 143 137 0.16347231844837301 19 2857 21 3213
3341 0.29076779650450063 0.98059710617901541 0.84193069560985079 241 225 207 0.56295964210584259 4 220 30 133 3 273
984 -2.1361062379358122 5.3105399287398027 0.64323196186557596 154 159 153 0.23863088806606222 19 2853 21 3259
3340 1.2608993448207975 2.3668540536216001 0.42005750730045444 111 96 91 0.50940510874042999 4 337 3 265 28 220
983 -1.8905508492087597 5.2672701292771942 0.66599248692543911 159 165 158 0.15560965275995464 19 2848 21 3247
3339 0.94248864618475114 0.071624296085447028 0.68523644374807724 109 90 75 1.8390828463215121 30 214 3 213 28 226
982 -1.9539732077282919 5.2535714119121959 0.6524044125081343 122 127 120 1.0475873048239905 19 2846 21 3246 18 2139
3338 1.5863987169009828 2.344894939373753 0.64511290592493054 167 149 163 0.25773622972400184 1 309 31 411 3 189
981 -2.0757464285596412 5.300139156023616 0.71477765081201361 128 135 127 0.46555612240306288 19 2839 21 3241
3337 2.6661712722181958 2.712486640317628 0.80354687883119624 130 130 132 0.90139190178286988 4 301 3 182 27 113 26 127
980 -1.8474526814418955 5.2138621722285139 0.63944764445566715 128 134 124 0.32674046562957837 19 2837 21 3239
3336 0.015086536128867985 1.6895860440840671 1.1310850852797845 144 138 124 2.8059686892018818 4 126 3 124
979 -1.924041511369134 5.2776226373972834 0.72510819106017899 122 124 116 0.26452920905195459 19 2835 21 3179 18 2329
3335 -37.818661164755262 -16.32312073852659 -21.066921602799418 208 210 199 0.66153659119833075 4 56 29 62 3 61
978 -1.5483438354773336 5.2130151542093817 0.30464935776187796 152 155 148 1.2414603241981568 19 2828 21 2374
3334 -0.69310185350808429 0.50925870905867887 1.4887289724796802 205 184 165 1.2679816021900541 4 50 30 59 3 57
977 -1.78049719148282 5.2947347868467105 0.43231735626647683 175 180 174 0.28972343787884902 19 2822 21 3493
3333 0.084550312989916013 2.0322951620952088 1.4101734250764566 166 99 106 1.0576287932805557 4 66 3 53
976 -1.9722164210965583 5.27620160247832 0.42260736216015143 131 138 131 0.015019552571507734 19 2821 21 3560
3332 0.24820124818821587 0.99169237925256348 1.3849044563426618 154 114 89 0.22718666790165501 4 62 30 44 3 41
975 -1.9403488119406358 5.2828780710041965 0.52340469810124002 169 171 166 0.79760760969461175 19 2818 21 3226 18 2124
3331 0.58436079477381786 0.14320491896165646 0.84449043724647566 229 221 208 2.2274832283132606 4 59 30 53 3 40 28 36 27 101
974 -1.9206490920802559 5.28068699512552 0.51884888639858862 119 124 118 0.60618003732485437 19 2817 21 3229 18 2123
3330 -37.337309142081175 -21.329900019938179 -25.321845166341173 119 122 111 1.0699198055601116 4 7 29 8 30 14 3 9
973 -1.8065003166772788 5.3172342074663126 0.5481443001657581 104 111 104 0.043265726686909652 19 2815 21 3236
3329 0.10384532334622112 1.3339625917276188 1.8353603369364084 87 84 77 0.59540732424948462 2 10 3 6
972 -1.9922730150369914 5.3764184271200488 0.60442199846428146 122 124 119 0.20797090388042747 19 2813 21 3231
3328 0.87777721087834926 2.9054475442590055 2.6723725138028014 12 10 11 0.31622552330174858 1 144 30 151
971 -1.918342308943018 5.294622146407125 0.51735571405287206 176 181 175 0.57351623500267868 19 2812 21 3234 18 2122
3327 0.0038474250456518025 2.2138823480142107 2.1133441454496809 0 0 0 2.2028627806353565 4 44 29 21
970 -1.7352250679892554 5.3002101996008104 0.50314794474498359 121 124 117 0.010996452314151303 19 2805 21 3567
3326 0.71340125670968324 2.2624463305088343 2.6807033929052455 29 28 30 1.5830330914420843 5 426 32 445 4 687 30 558 31 555 29 354 2 963 28 752
969 -1.7915528745074512 5.3174173380133203 0.53758927021381231 158 164 158 0.28688274307993589 19 2801 21 3536
3325 1.6476013902222102 2.3262634447699373 0.57651072707356366 156 148 146 0.36506760439375457 4 1961 30 905 3 1234
968 -0.83633814490725933 2.3675475883132413 0.33397559883823219 131 138 131 0.089501108086862624 19 2788 21 2851
3324 0.3228532602752614 0.11245378533617771 0.8601398704126314 131 118 102 2.315901983174065 2 1387 4 1300 30 873
967 -0.61182882649907733 2.2950130887513542 0.12228317799758812 152 151 139 1.2179975269407595 19 2785 21 2658
3323 0.11900571107498638 0.80025228116383507 1.4301053622794191 217 197 173 2.068631831987426 2 1416 30 871 3 1314
966 1.6874005599142277 2.339485904860636 0.60755616985103478 145 126 119 1.4332694371784045 19 2782 21 2552 20 2105
3322 1.9373356263615757 2.3410856079054203 0.50188169293100227 134 133 147 0.83346819083140833 30 767 3 1427
965 -0.43735294036545358 2.5274844394555158 -0.59400384319499044 154 159 153 0.09653811719978167 19 2769 21 1608
3321 1.8819282425193407 2.3051903122587003 0.72615348262600676 118 112 124 1.2976576708666181 2 1330 30 699 3 580
964 -0.44302592955171144 2.5103036982951372 -0.61789616930700864 134 136 131 0.23391790129516704 19 2764 21 2890
3320 0.79651063662605592 2.2036102744397654 1.4940830735307 163 149 148 1.1781890840205926 4 1353 30 689 3 1215
963 0.11425128767899799 2.5159065822173274 -0.56263363703690628 128 93 87 0.060056598668566982 19 2760 21 2067
3319 1.3088742139091798 2.4336316888283407 2.1106834903437757 30 26 27 0.60332497212249336 2 1142 30 688 3 1000 28 1170
962 1.2395682045733152 2.4951853319662352 -0.56151006686129501 171 157 144 0.83198781247846176 19 2759 21 2077 20 1066 43 993 44 1010
3318 0.40708503419954789 0.16069481264640106 0.97155549591124746 135 122 105 0.84078278256223671 4 1548 30 671 3 855 28 816
961 0.91080561212788835 2.4995217212075267 -0.55841516124367807 87 68 70 0.13761598270515579 19 2756 21 3107
3317 1.0930687690767744 2.2000775908822314 1.4570898994243193 87 81 83 0.51056590739498164 4 925 30 643 3 965
960 0.77652450695029684 2.474086314034234 -0.61859698667900087 78 61 50 0.60107276354233519 19 2753 21 3615
3316 1.3046963389548312 2.4186141952087006 2.1152111666350146 57 56 57 0.34136016107133121 2 1144 4 1255 30 634 3 1006 28 1016
959 1.2863674084614796 2.4883275818643016 -0.51789461190093211 111 96 93 0.25145346698880827 19 2751 21 3101 20 1959 43 1313 44 1415
3314 1.1604893574156043 2.0035746284940772 1.0795645940264036 136 127 118 1.8904026230008451 2 705 30 621 3 604 27 681
957 1.3871665848183867 2.5243592278617815 -0.21173865935740913 118 106 95 1.3346436674799425 19 2746 21 2637
3313 1.1152805564326067 0.1278361416694466 0.69725061259918053 106 84 71 0.98747524647070128 2 900 4 1297 30 582 3 810 28 812
956 0.54248433527475393 0.38214204201814606 0.15810027051884654 172 143 113 0.39487930391236936 19 2734 21 2749
3312 1.2988745247804971 2.6679181663777101 2.1704217650805155 62 60 58 0.26611131481108935 4 785 30 536 3 724
955 -2.2095265863422791 2.286569300745434 1.0689951116273839 134 140 131 0.10039255776826783 19 2723 21 2973
3311 1.3219264202684096 2.4265753549933842 2.0980250132652176 43 38 40 0.73351045410976834 2 973 30 523 28 1014
954 -1.3336565174138626 2.2078507991861938 1.6199081277204745 139 142 135 0.12239536416050238 19 2702 21 2735
3309 1.1002444550289721 0.11618884302573801 0.70464498697448086 131 109 96 1.0543314071141219 2 902 4 1003 30 514 3 813
3308 0.58867697483973491 2.1613396275312375 1.7742441422907154 184 169 172 0.43367906742974033 4 1057 30 488 3 627
3307 0.69310127093112361 2.1304158506307371 1.884278457081312 206 198 195 0.24003581254786352 4 551 30 461 3 551
950 -0.11826633997958938 0.57518986692481533 0.25458742843019128 209 199 188 0.37056574914240759 19 2688 21 2986
3306 1.5301515222512119 2.7058239241374293 1.9264681356595454 37 36 34 0.62068895671515245 4 531 30 446 3 512
949 1.3368607065252585 2.5421981125376449 -0.91098985406092248 140 120 95 0.26739074674538849 19 2667 21 2141 43 1244
3305 0.89838696301250986 -0.34804806827656348 1.0682567410430708 158 123 106 1.6151774862267101 30 416 3 697
948 1.4054901907133739 2.5401722716863531 -0.90148110976500484 144 128 115 0.4245590319965476 19 2666 21 2139 20 1925 43 1126 44 1034 45 1097 55 877 56 1155
3304 -0.23535320487578251 2.2192837366368696 1.3372134288667272 208 139 123 0.53414724586709605 4 555 30 405 3 603
947 0.30284473403709822 2.5823533985692171 -0.82341417595710997 133 95 95 0.40385853195459054 19 2665 21 3006
3303 -0.69194284981093002 0.50941525676656252 1.5066365966059696 212 178 140 0.33391622301636509 4 429 30 395 3 760
946 1.3114679200019401 2.5381229469831701 -0.89375661319034383 153 132 105 0.30590638122377273 19 2662 21 2137 43 1127
3302 -0.090653092797982893 2.2050224206169418 1.5093560466323028 224 162 141 0.40044495933817104 4 550 30 393 3 457 28 570
945 1.3337522322768482 2.5372971715608617 -0.87333001380464426 132 109 81 0.22323209296586885 19 2657 21 3014 20 2215 43 1242
3300 1.3047677215545226 2.3192595921886272 0.05071372493993536 72 64 62 1.5528281660358967 4 564 30 338 3 455
943 0.37627461069906715 2.5445894117247865 -0.83375747719711635 123 94 88 0.081692447468031087 19 2647 21 3024
3299 1.8048952350064853 2.2491650496328242 1.0069679855287375 89 87 85 0.90254156898820825 4 512 30 322 3 412
942 1.3602046362810405 2.5453822326151814 -0.93541375522496739 114 98 82 0.33193043322454258 19 2617 21 3068 43 1124
3298 1.2350128216265717 2.2278064211668651 0.22548041828424276 130 119 115 1.3968984948959531 4 330 30 314 28 125 27 138
941 1.6340521781654198 2.5111336928014576 -0.6977700025600212 167 149 123 1.0153020475897783 19 2613 21 2051 43 936
3297 1.1101621545766425 -0.074586535906009249 0.28409471828775112 88 75 68 0.254571391371891 4 269 30 286
940 1.5804900378072122 2.5025085949775954 -0.68304764993376721 149 128 101 0.048924985233562091 19 2605 21 3406
3296 0.84272288621255576 0.10942873102091999 0.6757059843886134 112 85 70 0.50483361088334922 4 394 30 280 3 306
939 1.5033431381183575 2.5801291643101956 -0.47271610465924868 186 171 148 1.2083280594814227 19 2604 21 3120
3295 1.3096284744065803 2.1159935498680165 1.8748259887184062 82 77 74 1.6362978022441366 4 547 30 273 3 542
938 0.21795031791255629 2.52852090745706 -0.72822544112638066 129 99 97 1.005896602874558 19 2600 21 2038 43 1138 42 498
3294 0.35710586132026179 2.1392043106997045 1.4878469776547214 223 127 138 1.3443983198892138 4 244 30 272 3 199
937 1.720566746806367 2.5020304463669212 -0.64674642382522018 159 142 124 1.0724617413255957 19 2597 21 3151 20 1883 43 1110 21 1415 44 994 45 939 55 874 56 1416 22 972
3293 0.15408896595662794 0.7788036103348166 1.4104221966650226 157 144 127 1.6722721493351198 4 346 30 265 28 265
936 1.7191492168977891 2.4993632116310409 -0.62844172336735282 94 78 55 0.60431745362592781 19 2593 21 3143 20 2001 43 1212 44 1208 22 1155
3291 0.57191682438586433 2.1320513056751742 1.7911821185237722 138 110 122 0.46885577355157221 4 265 30 235 3 203
934 1.6048523285228993 2.5032454120367098 -0.65910803376113303 122 99 71 0.40926091349405447 19 2584 21 3150 20 2007 43 1216 44 1207
3289 1.5140137723631546 2.6283545847702952 1.9428811484138822 41 41 39 0.43636918792922619 29 193 30 221 28 207
932 1.0421503073195857 2.5233898967195589 -0.81330575333643207 148 127 108 1.1826755049762598 19 2577 21 3025 43 1199
3288 0.96793454459029482 0.11187366012876762 0.66417495310047014 156 134 113 1.3220770937383084 4 282 30 207 28 275 3 371
931 1.0558047868570162 2.5296011616347731 -0.79268613669412447 191 171 147 0.80941271996794484 19 2574 21 2121 43 1072 20 1892
3287 1.2433330360485115 -0.59656372295949922 0.87246100369984336 144 112 90 1.2638523058559732 4 270 30 200 3 366
930 1.0336772079192733 2.5254723354536934 -0.77616441604878728 185 163 150 0.60621945033019919 19 2571 21 3021 18 2439 20 1882 43 1136
3286 1.2204997158111501 -0.48005169395562014 0.62610621226137864 97 69 55 0.57983820879949077 2 271 30 173
929 1.8052201416376463 2.5403828136757696 -0.71176194337945387 62 52 43 0.11023099486042502 19 2569 21 3407
3285 1.7302291040240798 2.6138814801803978 1.7284294957069353 42 41 39 1.2618533266524352 4 215 31 308 30 159 3 179 28 203
928 1.6614314665709415 2.5160700224006725 -0.73267976435594417 145 128 116 0.4154151000667447 19 2568 21 2074 20 1937 43 1189 44 1403 45 1191 22 1537
3282 1.6314237801715044 2.97342283232065 1.8829786923326517 22 24 22 0.35600114362766544 31 241 30 147 28 232 2 211
925 0.21526378233458587 2.5254234738472321 -0.7557648925887378 112 76 78 1.0445323344107802 19 2562 21 2041 43 924
3281 0.27404030479390601 1.0475587206431476 1.2550952357365834 205 191 189 2.28897363249735 2 286 4 85 30 143 3 123 28 83
924 -2.6717733832268862 5.1542998683182573 1.7330862483408302 145 161 158 0.033222591955519007 19 2561 21 2756
3280 1.3413298219729519 1.8043745482340161 0.83868020678331245 161 154 162 0.4465901135453218 4 127 30 86 3 88
923 -2.744476278149703 5.1282559638773408 1.8259084414823776 153 167 167 0.16206970624140027 19 2560 21 1925
3279 0.92514579374502071 2.3978278127429684 2.4912308855938163 22 22 20 1.6381925920921778 5 139 30 73
922 -2.8569125461397902 5.1464565951210517 1.7439356760923297 170 184 185 0.16544211713502108 19 2557 21 2768
3278 0.85403141228411095 1.9780370242244083 1.3869264156611352 144 118 101 1.0297673993982741 4 65 30 71 3 48 28 71 27 127
921 -2.5544246739676382 5.1180275723728492 1.7282633471023476 181 197 194 0.1436126159863936 19 2556 21 1938
3277 1.2899299719012487 2.2849729946580677 0.77154731862967785 67 51 54 1.8105987996224449 4 73 30 62
920 -2.8255863906810785 5.0762604271260825 1.7172747192333302 177 191 192 0.38664543723654687 19 2554 21 1926
3276 1.1625440236520466 -0.54235916216648206 0.8274776648231229 122 84 63 2.2508191732623879 4 55 30 57 3 39
919 -2.7881429845286312 5.3078923801749331 1.8616026567606134 180 192 192 0.39219629420801538 19 2552 21 2761
3274 -0.017115576843155053 2.1656453001331739 1.9024560276359175 188 165 181 2.1287104792387672 4 45 30 35 3 37
917 -2.5087168939019131 5.1645790481869787 1.6987166178631494 170 185 182 0.18684116158941189 19 2546 21 2778
3273 1.2354663374508681 1.8500805078631275 0.96390364363050385 127 104 90 1.1546147313220108 4 48 30 34 3 30 28 30 27 82 26 60
916 -2.5842614372303352 5.164270037421244 1.7046256275662648 148 163 163 0.13928231420231954 19 2544 21 2009
3272 1.1007256009534045 -0.65561350712048116 0.88466019337569135 227 213 200 0.96565135809918401 4 51 30 29 3 38
915 -2.7566814959896755 5.1356928407826823 1.6659414979354328 174 188 189 0.064860725368266176 19 2543 21 2005
3271 0.55857808478529603 0.41431124032919953 0.92993568645930169 143 114 100 1.0858769091404812 2 32 4 31 30 27 3 33 28 25
914 -2.4910915437408243 5.0870615571185995 1.6125982753412622 182 197 195 0.40707127537310805 19 2542 21 2781
3270 0.21323189728746722 0.28834522115915345 1.0629258050841062 231 215 199 1.0988187059271526 4 29 30 23 3 20
913 -2.3713455483194341 5.0602956978325331 1.6022341534306239 178 194 191 0.58920874321924632 19 2538 21 2004
3269 -0.24066140174843789 0.88404550319305419 1.3861738815849469 242 232 222 0.69999514785146455 30 19 3 22
912 -2.8094032210176234 5.1207170943499776 1.9267768675400649 186 201 202 0.017472330717907127 19 2533 21 2833
3268 0.29084864990956266 2.1575906207800606 1.8497913999404849 211 179 190 0.19486629750602993 2 1447 4 2186 3 1430
911 -2.8609520632591345 5.1660044808675512 1.6444243488987806 150 162 162 0.01151585176506343 19 2522 21 2015
3267 1.2903276956547358 2.4634357353412626 2.1363028574692442 76 75 73 0.22984237516715555 2 1199 4 2128 3 1403
910 -2.8529753156540694 5.1315664643621952 1.8673982567220688 178 192 193 0.16229758119177384 19 2517 21 1920
3266 1.7336618660950345 2.2928137394248438 0.69642851996787991 195 180 178 1.1826873527466075 31 1104 4 2080 30 761 3 985 28 723
909 -2.9607565941431755 5.2099894406340423 2.0173031722060428 149 163 164 0.2283475567381415 19 2509 21 1931
3265 1.3108624630340053 2.706736171127377 2.1629299513362268 36 32 31 0.43780682631837115 2 1271 4 2042 3 1256
908 -2.5333095784920441 5.1151821904789978 1.1635600881826411 143 153 154 0.31232954753342274 19 2508 21 3293
3264 0.57997613741925436 2.1612467551080492 1.808514481031223 173 149 152 0.54942274857507056 2 1509 4 2004
907 -2.5058296722079016 5.1303497899308521 1.2630842041982711 147 157 158 0.41792970181874045 19 2501 21 3374
3263 0.7683890470686694 2.1781681551583376 1.6029063066284694 174 152 164 1.2225241087628003 2 1205 4 1995 30 830
906 -2.63897324934497 5.1907665410169388 1.363175362594951 185 195 196 0.070734416851096493 19 2497 21 2306
3262 0.71923090421147151 2.2494295655704111 2.6600098075209742 44 44 44 1.0363733832946069 2 1441 4 1925 3 1446
905 -2.5348612923219278 5.1530684101214694 1.329032125469416 174 186 186 0.09973530640262665 19 2496 21 3396
3261 1.6425342706730566 2.4896542916044879 1.7854050531625125 62 58 59 0.23712912311426568 2 1498 4 1862 3 1555
904 -2.3462889655847143 5.1740813978755922 1.3726099021196689 174 184 183 0.31166859643210526 19 2495 21 1448
3260 1.3865402610584732 2.4654397284612237 2.0407568092004387 30 27 28 0.74982028818683577 2 1141 4 1822 3 1178 28 1163
903 -2.5108392657144685 5.1939922117607429 1.4003440376988738 169 179 180 0.070519479632525028 19 2492 21 3398
3245 1.5273832107153325 2.6111762076296854 1.9264028169117724 74 72 73 0.78894198817727579 2 1002 4 1476 30 583 3 1182 28 1001
888 -2.5553538448936988 5.1888802872852979 1.6574066565614041 176 190 190 0.14752923769693563 19 2452 21 3456
3242 1.5269652379161558 2.9806524769688898 1.9985761945777181 64 65 57 1.0896484412368412 2 1132 4 1418 3 1141
885 -2.6233963891511989 5.2034708166149501 1.5080741986996238 140 150 151 0.25134817664378784 19 2442 21 3479
3240 0.82873626796467015 1.8655951023559147 1.3780420882465483 165 147 131 0.22948988958306055 1 517 4 1357
883 -2.6527130350959545 5.1604343254412246 1.4672280566519182 151 161 162 0.057750346783149012 19 2440 21 3486
3238 1.105334718729257 2.4096186610679968 2.3079754522451128 68 63 66 0.31451350814315232 2 1247 4 1272 3 1329
881 -2.4177006497424447 5.1528430974269321 1.4860242373021466 141 151 149 0.17807642824722758 19 2435 21 3484
1019 -2.5583186773624225 5.1821066023389548 1.5407973027255617 181 191 192 0.051566218312481961 19 2986 21 3435
3236 1.3073271776894912 2.4430174273013168 2.1223443061897505 92 88 86 0.46591491328141021 2 1140 4 1265 3 1198
879 -2.7962368630055252 5.1852549941614967 1.5660274096621751 177 187 188 0.061898260228271426 19 2430 21 3445
3234 1.9767917860508968 2.2907853374938809 0.71315219467229085 138 117 124 0.48285544214285897 1 533 2 1040 4 1236
877 -2.4431901230954201 5.1422237718359343 1.4714597289860332 172 183 179 0.035101193226179862 19 2424 21 1996
3229 1.8412233783682992 2.716940692056196 1.6306994771629861 31 27 24 0.42622708672115023 2 961 4 1126 3 668
872 -0.88815303491190623 2.3737628925267988 0.30995392873132277 160 167 160 1.1539532875447664 19 2400 21 1632 18 1852
3227 1.7282258313130585 2.9888684571155908 1.7961825833905896 61 60 55 0.26577000592918798 2 931 4 1115 27 1337
870 2.0587573186976136 2.3287580306398046 0.4515395689065636 107 92 89 0.46633955591382964 19 2392 21 1629 20 1097
3225 1.3338392366064478 3.0861789483325319 2.208164937170122 64 62 61 0.4804036124996493 2 991 4 1070 3 601
868 0.54223447890392873 0.46053753271063536 0.05463173371456434 195 178 152 0.23380836824649853 19 2372 21 2715
3224 1.6340852676502573 2.4764937163307876 1.7957363513340614 38 34 35 0.40035535732081007 2 976 4 1033 3 591
867 0.38343568719976479 0.10655399934185333 0.46350690621052698 190 150 124 0.14598893136979493 19 2368 21 2754
958 1.2521793570795601 2.4886727983940755 -0.51434162502221625 110 101 96 0.35023718505192014 19 2750 21 3616 20 1954 44 1296
927 1.0153348606794552 2.5197910352678607 -0.73727245750443704 113 93 85 0.37830423532154978 19 2564 21 3124 20 1915 44 1224
926 1.1841766833563974 2.5467805061156694 -0.73884254849871533 197 176 145 0.11361950910483382 19 2563 21 3016
918 -2.710825471780884 5.1156044528411186 1.6125690969529634 152 163 165 0.1967966735636166 19 2547 21 2010
678 -2.3461772405111305 5.3231564972346597 0.99313039748787058 136 142 140 0.1369825049871442 19 1840 21 2458
654 -1.9442745237190335 5.2900261846011443 0.50760005502219829 123 125 120 0.011558135519694064 19 1729 21 1856
623 1.4208110626509585 2.4589190625730066 -0.35001140254490043 102 90 78 0.63130182056625606 19 1607 21 1357 15 1413
613 -2.6751497731058991 5.1442883690040793 1.6493025205613205 143 155 155 0.0066277203063581239 19 1563 21 1503
594 1.6370861013981919 2.5506120484016717 -0.97106358505121249 136 128 117 0.24526139763352911 19 1500 21 1391 20 910 43 963
574 -2.0999414868407325 5.3292884337252397 0.71527252935868979 168 173 167 0.33846963146590786 19 1419 21 1274
573 -2.1334973175554035 5.2885799106589815 0.57394823579374754 153 160 153 0.35590058011575976 19 1417 21 1281
571 -1.8634114756704405 5.1177052033973691 0.56259361725147283 124 127 120 0.62796112364524892 19 1410 21 2094
554 -1.9941957781948181 5.2318132580498284 0.95852642288854606 113 115 112 0.33327451307729999 19 1355 21 1298
257 1.9091320564311678 2.3091983763213055 0.59059085700219682 165 150 147 0.59755796850164189 21 493 18 499 19 505 17 461 16 532
2614 32.591647035015619 -2.7670199870617314 -39.276771706098558 201 196 166 1.5060666625710777 36 282 35 281 33 228
256 0.46639698103029592 2.0243653551881078 -0.76626421780955511 178 163 140 2.4159080574781027 19 504 21 397
2613 31.91165137103928 -4.4762967824722439 -37.546198007324733 72 118 70 0.32822246003077432 36 333 37 282 35 276 33 292
211 -0.65600003838147991 0.56075156303913143 1.4144687264487523 112 122 114 0.89581761242497515 19 426 21 620 18 568 17 473 16 701
2568 18.35377108187841 -2.1406086010307477 -14.084175563460342 217 210 191 1.0943570091109232 37 180 36 157
207 0.7858507657531838 2.4116848314741355 -0.74245528123712279 78 59 53 1.3801270487114901 19 416 21 500
2564 16.08346955926088 -2.592278945282859 -12.579297801795402 97 138 160 1.2520123800470566 37 563 9 698 6 647 35 558
206 0.7422097726532384 2.4765750519027656 -0.494277302636417 105 92 86 0.64411721106503994 19 414 21 498 18 435 17 333
2563 15.454114617314252 -2.2062952485149689 -13.195955096779027 216 213 204 0.47726697107020144 11 570 9 696 8 423 6 541
205 0.0089500988510737567 2.5298047522420837 -0.69051974246044789 143 137 130 0.16614668550534303 19 413 21 380
204 0.22775203307009695 2.5298061315232041 -0.72714934328390834 106 80 74 0.73687731368398779 19 412 21 384
2561 -0.90840263580589031 2.3079366944105022 0.41713504080672509 113 103 94 1.5019115620746786 11 499 8 528
203 0.37105816280620751 2.5169514218520632 -0.6533811949251106 112 76 83 0.28083779501503936 19 411 21 368
2560 15.904066186683673 -2.8760931634254217 -13.388070146134345 114 163 193 1.6312759093421776 37 471 9 625 35 267 36 368 6 220
202 1.7667404461950726 2.4964882319193049 -0.59983438673797218 178 159 130 1.4095101502944609 21 505 18 599 19 409 17 459 20 325
2559 17.087207389837143 -2.621080761749325 -12.836460820475125 159 152 136 1.1532605442305826 11 398 37 564 9 621 36 657 8 367 35 574 6 539 7 404
201 1.1210866395591756 2.5061631925689709 -0.65230784318434698 191 170 139 1.1757119826572604 19 408 21 382 43 199
2558 54.154991346658754 -12.487059838798716 -6.6477147405831714 227 168 157 0.75143508748378141 39 795 9 547 38 638
200 0.58000887976002047 2.5023602759355339 -0.50549552832709499 136 118 108 0.32380937123839454 19 406 21 377
2557 0.73490265729216864 2.1549223573180694 1.8041175469479447 181 171 169 1.1362066958238615 11 730 9 539 8 431
199 1.2679982667532657 2.4739466422684688 -0.55845612132166822 104 89 86 0.21070049046775777 19 404 21 378
2556 53.538756880889679 -11.063276958334189 -6.6563128507818927 181 113 100 0.45794423925918798 37 382 9 499 39 451 38 444
198 1.8316563741374936 2.2887623148449343 0.74113114659888435 161 130 128 0.89321719055255056 21 375 18 434 19 400 17 247
2555 12.827953532030254 -0.8005555389137351 -10.031790747329932 208 164 127 1.6349264921230247 39 317 9 482 36 348 35 286 6 465
197 1.3975992634430756 2.1811988376581599 0.58478420536782549 88 79 74 1.9993641605544488 19 399 21 290
2554 53.70798501621411 -30.502547135604384 -8.8492851246232078 112 124 135 0.98230228748038995 10 379 12 724 9 449
196 -1.1633146123292593 4.6877315702646412 0.28630797010767578 110 106 95 0.25295483331195867 19 389 21 533 18 221
2553 16.632433343200876 -2.5410684323744954 -13.378652793406994 71 115 136 1.14448617926348 11 339 9 423 8 313 6 372 7 408
195 -0.35538249384621268 3.0349830601643286 -0.77701020652843367 151 141 129 0.94076759483699735 19 387 18 215
2552 16.227297095323028 -3.2364121356696911 -13.242332322802714 105 155 184 0.35293984443513843 37 466 9 413 35 340 36 490 6 346
192 0.56803022801042113 2.5876859518404287 -1.2007153981903491 122 100 113 0.091015037708639834 19 377 21 347 43 326
2549 15.907805603266143 -3.2475509172536801 -13.295020504265811 226 232 163 1.2041331652702794 11 444 37 387 9 409 36 374
191 1.0130803181066037 2.5586641067433238 -0.92562661715978145 107 88 84 0.62699090473908414 19 372 21 386 43 321
2548 17.338576456936387 -2.8099809176695363 -12.011833684609424 159 136 103 0.98269075590036137 11 397 9 403 8 257 6 373 7 323
181 0.69120933415990093 -0.7185639719114798 0.064374444106656992 237 227 202 0.13097811612572977 19 359 21 334
2538 53.034430293694541 -28.060538270336377 -9.2072109969334957 153 152 124 0.37363636723397498 10 334 11 325 9 300 12 393
175 -0.48101326743602318 3.0461692721527083 -0.65942639266930347 125 115 113 1.8220633826398844 19 342 21 527 18 295 17 226 15 150 16 173
2532 53.407582642739555 -11.064635263055724 -5.7595225507237595 171 97 86 0.67991940607715229 39 395 9 242 37 246 38 251
169 -0.43038818614083024 3.845884572249044 -0.58944643332614344 57 53 52 0.726646808097555 19 334 21 532 18 411 17 289 16 347 15 397 14 249
2526 50.49885155501871 -37.604631568506207 -10.814802347245617 228 232 206 1.1271778837264994 11 161 12 148 9 147
167 0.16239915890134185 1.2268451185725127 0.10746459827761083 207 192 177 1.6041415184764287 19 332 21 545
2524 51.681440159089796 -28.153750631399586 -9.3840699855504273 223 226 197 0.26086908916910895 11 140 12 150 9 124
165 0.57116275664977856 0.20858472245170492 0.37296548705703214 143 101 79 0.39624399883072564 19 325 21 219
2522 15.477951735953701 -2.5617964742038719 -13.845033078688576 223 221 196 1.0314076929022069 37 77 9 107 36 84 8 101 6 93
158 1.4329106524553461 2.5245787281179601 -0.91911018820584611 64 47 39 0.42676642569330669 19 314 21 269
2515 54.465681601534094 -31.021970217969869 -7.9636769374035756 119 124 127 0.64556684525129027 10 481 12 506 11 552 9 448
157 1.3217281968399675 2.5258383933823789 -0.89479872394513249 166 145 115 1.2309521662133938 19 313 21 196 20 135
2514 56.367718240948761 -34.014945681219153 -8.2145432144023758 155 162 131 0.74680016925786163 12 718 11 551 10 478 9 689
156 0.78581650771138301 2.5310497802205685 -0.89854998910653483 137 114 108 0.29095881801873857 19 312 21 299
2513 51.707769101886512 -29.692770664315191 -9.2001186419343419 184 168 144 0.62478893716027839 10 479 12 711 11 545 9 447
154 -0.53434083986696213 2.5296799779197183 -0.48624529397481681 108 114 112 0.30765638848882082 19 305 21 294
2511 -0.89250238559339823 2.1194918989836387 2.6745572069994838 194 217 253 0.6084705347476751 39 621 11 524 9 481
153 2.0646266278440875 2.285893971217611 0.85656340378166618 79 69 60 1.0757295009065619 19 301 18 432 17 573
2510 54.255394219597839 -30.732782238659496 -8.3842240387215092 158 155 147 0.54187736623766747 10 480 12 723 11 504 9 450
152 -3.0187427361435177 2.5998419980543184 2.6002184122319392 225 241 238 1.7372079955790922 19 300 21 89
2509 16.065933499144702 -3.0064643743801813 -12.808004148792019 87 156 185 0.59374334590018896 39 401 11 446 9 622 37 470 36 375 8 319 35 337 7 448
151 2.423179477630375 2.2218695183669896 0.76206309216544565 62 52 42 0.57652461778139674 21 280 18 323 19 299 17 233
2508 53.995584491816714 -29.55806994324746 -6.4220952626759358 169 172 155 1.0838787296751733 10 381 11 433 9 306
149 0.80032913869398725 2.506058403202331 -0.59575393689270162 126 113 101 0.022361740341980893 19 295 21 297
2506 57.609065249611895 -35.8514291771885 -8.85033774187362 121 140 109 0.26971957742251429 10 377 12 508 11 430 9 340
147 0.28085885526877091 3.909038890528111 -1.3025433787296972 115 78 45 1.0400930643495911 19 293 21 278 18 155
2504 16.285089739148532 -2.6893079913140299 -12.961341468880878 80 138 170 0.7638692379131452 39 398 11 338 9 419 8 314 6 376 7 412
146 -0.46971750216195252 4.7781433239463436 -0.39597368394131011 111 92 88 0.018407604322841595 19 292 21 365
2503 56.017508690438468 -29.970691928984817 -6.8780678085054987 145 131 106 0.7391073355280271 10 382 12 504 11 326 9 332
145 -0.49441269565149515 4.6718588352909238 -0.40277341104790315 118 103 97 1.0929460501092927 19 291 21 364 17 138 18 224
144 -0.59038611932994112 4.0189283069472497 -0.39958477757291039 64 64 62 2.3822633129867685 19 288 21 361 18 158 17 106
143 -0.46169371848224777 3.7562804164868968 -0.56708474795637598 53 54 56 1.2745681237660942 19 287 18 307 17 323 16 234 15 325 14 186 13 194
142 -0.29989654733826598 3.1400226365140562 -0.82882187623411263 123 120 109 0.42802106652151889 19 285 21 354 18 218
141 0.74762238784199619 2.5651668039086588 -0.94190787031390688 95 71 67 0.29551038326621049 19 284 21 258
140 -0.306027404120917 2.8576572940046407 -0.8568817996006548 78 79 81 0.903715294529435 19 279 21 262 18 162
2497 52.909693093607956 -29.618457595334188 -6.7072589367927105 120 122 119 1.6349235947709828 10 412 12 340 11 282 9 298
139 1.3033107693442927 2.5556532787857162 -1.0734285029322415 196 174 142 1.1854137525181474 19 277 21 210 18 449 17 383 20 130
2496 52.560384500001106 -28.874023517968013 -8.4990343057827502 99 109 114 0.95432978463463092 10 234 12 332 11 281 9 299
138 0.51575436923865281 -0.19326396279927116 0.26388099936938786 102 84 80 0.5509443804200933 19 272 21 148 18 233 17 228 16 208 15 276 14 234 13 181 10 168 12 229
2495 21.661274461655026 -3.5596907427503712 -11.690713369418294 202 209 175 0.34310512281891253 12 355 11 234 9 328
136 0.28152031101186564 -0.33004178150265751 0.40019221533150129 126 102 96 0.95247649247624133 19 270 21 340
59 0.30108589412402187 2.5046720138668648 -0.60527958376458646 152 120 107 1.4649090120627497 19 140 21 127 18 150 17 120
2416 24.786054171731372 3.2070025105788957 4.2677494684804413 0 0 0 0.67094335158747409 13 236 40 183
58 1.6021499662337833 2.5489538623434433 -0.84134861019102147 48 38 36 1.3874666837377787 19 139 21 125
2415 1.7524696921032077 2.3136229528110204 0.64656562833742681 95 73 77 1.4444995840530535 43 1037 45 918 55 1015 53 1368
57 0.99296306317206728 2.6227778505530943 -1.237837532428832 59 43 46 2.1471775262339561 19 133 21 123
2414 1.0279069420393989 0.33854240381170642 0.30954584681024666 78 59 44 1.4772916962959193 38 523 41 149
56 -0.54507494858170136 3.8520721904373523 -0.49163448808667448 134 111 100 1.5364858520007993 19 129 21 183 18 76 17 53 16 39 15 31 14 33
2413 1.1291658157054953 2.4949455310228421 -0.66069139140840161 107 105 102 0.2696631000330823 40 215 38 245 41 170
55 1.0416675707121101 2.7792484361672964 -2.1990089678635654 104 97 81 0.79791134317614021 19 127 21 118
2412 1.35663931328987 2.5352960586380138 -0.92053978325042218 166 154 140 0.78207965936901813 40 774 38 868 41 465
53 -0.74265595772626747 0.4965228868754048 1.4029554197647085 194 169 131 0.80268155687739373 19 124 21 99 18 136 17 132
2410 0.31998628984812505 -0.31419660629003721 0.48285396771159445 112 84 63 0.44659991893554568 12 1015 38 839 39 929
52 0.61856882688972969 2.6017733901668056 -1.23619796474794 65 49 54 0.17169529748858225 19 123 21 113
2409 0.24501861299474445 2.6159969535282657 -1.2494398975678005 134 132 143 0.53341568468117584 40 747 38 803 39 864
48 0.38706789474673647 0.99712654654146227 -0.12664100354472183 168 154 134 1.1116868292150766 19 114 21 97
2405 1.9560009948082862 2.4970088695648447 -0.64067910216541346 111 105 93 0.7798682622405303 40 681 38 733 41 534 42 446
45 0.31661812289928082 1.5926673990032856 0.41200824769309513 184 146 119 1.3720512520743744 19 108 21 150
2402 38.546487220044881 -7.5210630133122631 0.98471383383189948 241 194 152 0.16727917989029784 10 627 38 637 39 542
43 0.62087598727748727 1.7898580014318859 0.29769343654427521 163 126 100 0.12667669660012809 19 105 21 102
2400 1.1264727986741869 2.5182173417042373 -0.74647298723233435 100 86 75 0.6682711717044012 12 1108 38 607 39 753
40 1.4573663792239591 2.5394851962115492 -1.006016183826034 48 39 41 0.69396106593472939 19 100 21 86
2397 0.25157374363618751 2.5332412662777442 -0.77199473888220882 93 56 63 1.0814063631275119 40 555 38 566 41 352 42 381 43 632
38 0.74219446121778032 2.5210968447341728 -0.871136990019302 135 117 107 1.94359658345384 19 98 21 87 43 87
2395 46.320159085164029 -9.6834192284715535 -6.6772805815701153 184 185 153 1.7723444334529468 10 590 38 534 39 522 37 472
37 0.13741877217027185 2.4846580252687156 -0.45359453137439221 97 76 73 1.0621568780657888 19 97 21 128 18 149 17 124
13 0.48565023324475504 2.4626257698382807 -0.53297700112661262 78 64 63 0.2543611032666192 19 36 21 33
2370 1.0422850126625316 2.5235306617208351 -0.73989385054604007 182 176 162 0.76353327178190222 10 549 40 321 38 503 41 252 42 270 39 669 37 594
12 1.217693451143707 2.4614535428414963 -0.44686565024147784 61 50 48 1.6141477141864198 19 35 21 32 18 71 17 71 20 39
2369 1.0138418002881675 2.6067365377153373 -1.045599563986221 75 64 59 1.2493916400452896 40 223 41 110
11 1.5263516188712802 2.4792550934893818 -0.78966042003995396 168 150 126 0.53586855647027276 19 34 21 31
2368 1.2990343431419777 2.5641495786319362 -1.0439951777585788 214 208 176 0.84673629260596839 14 409 40 216 41 107 42 136
10 -0.5097560647769892 4.714547176625655 -0.37797323065943167 106 92 81 2.4453228548819839 19 32 21 55
9 -0.71071256461536669 0.75712273318844348 1.8757457633289596 191 192 187 2.2169253146143415 19 31 21 37
2366 -62.47309850333221 -1.3793612878952841 53.222760394331672 127 140 139 0.41060521822948759 46 367 25 657
8 1.232162394534339 2.5933863441243856 -0.66784459468998592 198 174 140 1.6129082250483782 19 29 21 28
2365 -59.848203818046272 4.2027156718622285 79.473693770371781 175 133 103 0.3099507274648326 46 919 25 463 54 665
4 0.34209709119121606 0.56214984035748305 -0.075106241567923671 216 191 160 0.87315572201134106 19 13 21 22
2361 -37.893689453750127 7.4854611024667292 50.301044596114721 132 135 128 1.0343363739089206 46 198 25 254 45 217
3 0.14720552435168954 0.95773916193737973 -0.18087841642420213 164 134 100 1.0227168159221638 19 12 21 23
2360 -48.269232163515831 11.448622577549006 52.108510677016078 165 167 164 1.370409024672292 46 139 25 242 45 142 44 115
2 -0.35705035001288915 2.5095782881658404 -0.53150967025599316 138 145 137 1.7105798217315704 19 11 21 13
2359 -41.180806369835288 8.9860286061338197 49.533813291591102 124 120 117 0.28701169604403726 46 197 25 239 45 219 44 162
1 -1.6692730307723915 3.3984729802232763 1.0791614753818051 133 133 125 1.078391492569863 19 1 21 3
2358 -32.630156095929323 -0.29985349925919752 23.294720028913137 186 188 177 0.73436722808796673 46 288 25 194 45 316 26 208
14 -0.32425096244817925 2.3730394733152007 -0.16064111061773639 98 100 95 1.581619509803013 19 37 21 35
2371 0.60956557236977937 2.5251076649586301 -0.65449340042931203 116 102 99 0.62152503387956315 14 751 40 472 38 560
15 0.22840268956670473 2.0775259383202571 -0.34679072217829343 151 139 125 1.6275220965100228 19 38 21 36 18 46 17 48 16 55
2372 1.9559517735291381 2.4500990476653697 -0.62730275908593702 56 53 41 0.90926727077349334 10 411 40 508 38 720 41 395
16 0.33419026107056732 -0.10329582327181211 0.51493275408332395 199 152 124 0.8886353856266096 19 40 21 38
2373 1.3961144527454441 2.5496679842987269 -0.93316790249097337 108 98 87 1.041990197970299 10 702 40 587 41 371 42 403
23 -0.028183313776141514 2.4960497840079165 -0.37163339662636069 82 78 76 1.1826252816029608 19 55 21 34
2380 44.152566736216755 -10.888376443526409 5.6230672129643837 213 215 193 0.55249878489534832 10 158 38 155
24 -1.3138366564194881 4.6175046916373441 0.44880106252657476 102 92 87 0.067562294435522169 19 59 21 78
25 -0.11510046164720081 4.468626231310969 -0.79755862259372945 22 22 22 0.78824280889372278 19 61 21 81
2382 1.6662667414833068 2.4076364328179727 -0.11976403269913001 166 150 128 0.50540399386444179 40 333 38 338 41 237
26 0.13582857219292588 0.2340138796720749 0.84062698909514344 202 182 156 1.0467523933622895 19 65 21 105
2383 -1.0491291416359922 2.2740485219032029 1.5692204951824742 157 159 174 1.1230654246429121 40 343 38 354 41 340 42 297
28 0.30684715029179177 0.8165456446596937 -0.16058738343861909 161 133 97 1.5597152271035681 19 68 21 101
2385 -0.67429389501786052 2.2638630271745006 1.485082751288098 186 121 151 1.8484803244220973 40 476 38 360 41 466
60 0.85544868324844126 2.460502907924671 -0.41165029928560737 65 50 46 0.318243597486146 19 141 21 129
2417 1.2341396230008954 2.4255769510616685 -0.48622191674343351 101 97 98 2.1223609310716864 40 149 41 95 42 134 43 121
61 1.4635011186065732 2.40696084276109 0.82673989434578954 77 63 54 1.4376741457837934 19 143 21 88
2418 0.41856759481745515 -0.22313120657659893 0.3572661151572612 190 139 98 1.1700704945579168 40 158 42 160
71 0.91501111272424618 -0.25463496213567299 -0.27596402753555671 160 122 95 0.57678054114639399 19 161 21 162
2428 1.441456477160743 2.4321420477356503 -0.45782857354790357 131 134 117 0.93833085051206511 40 771 41 570 42 445 43 603
72 0.76010245746485383 -0.22232762352668808 -0.016111764715297766 127 96 78 0.36280024360980234 19 163 21 211
2429 1.7692607470495063 2.5675871936707302 -0.83377270597838637 88 87 83 1.0110393805534408 40 750 41 584 42 493
73 0.27966672456839975 -0.29953460721595448 0.4885310808968768 115 93 88 1.1751973496108374 19 164 21 161 17 77 18 91
2430 1.0584444697226152 2.5550877298790842 -0.75096014329014393 162 159 149 0.24757901166199711 40 896 41 646 42 502
77 -0.025196268007034332 0.5491753713255586 0.25334341726887721 199 181 157 0.12622567979748089 19 170 21 155
2434 0.56959500281873365 -0.11819582486664201 0.26204795235389355 168 136 111 0.93729555128888897 14 933 41 699 42 517 43 1083
78 0.30480638697673113 0.66670418657731634 -0.100145614170411 208 192 177 0.38499285069430478 19 171 21 221
2435 1.3749470871490823 2.5369140526651104 -0.89510425565608176 98 85 70 1.2614095202712197 18 1011 17 883 16 1196 14 915 41 424 40 674 38 776 42 344 39 681
79 0.25396157736446401 1.2800549331816695 0.0012664358109399055 163 133 97 1.5972255782683495 19 173 21 228
92 -0.1832294981439101 2.9318093781793588 -0.96447044294368323 141 121 114 1.1067385918597501 19 193 18 108 17 110 16 140 15 116 14 111 13 58 12 257
2449 0.79454478779906312 2.5698148362551327 -0.98474300513572011 104 85 84 0.19534387572393827 38 309 39 238 37 333
93 0.81104783231737898 2.5356059247255973 -1.0563862343300197 78 54 54 2.1856210163137009 19 194 21 177
2450 74.24727646422734 -20.901077127673272 -25.849245623551393 31 31 13 2.0361921339708409 12 404 39 243 37 274
94 -0.296545155018411 2.772577055903334 -0.86427202492150834 148 144 132 0.3200722414467595 19 197 21 260 18 165 17 148
2451 55.633893787027986 -15.47329434623949 -14.701647553259194 193 197 182 0.7363063758123537 12 358 39 246 37 265
96 0.27534105357804844 3.594461551841114 -1.3443881542188405 114 73 38 0.10655531677645279 19 207 21 272
2453 0.90704649718502117 2.583694036719923 -1.0378201407389036 124 106 108 0.44273980116625494 38 307 39 358 37 335
97 0.43020287128339851 3.5759508163648861 -1.4980603591094062 114 77 36 1.0030430236611894 19 210 21 275 18 157
2454 51.955766898082111 -13.790686968908922 -10.691636355107647 124 136 114 0.59130053385017367 12 370 39 369 37 397
98 0.27754952790283621 3.7890242440428548 -1.3162781217141168 96 68 41 1.2214429311071697 19 211 21 178
2455 60.754573800221422 -14.629111902209868 -29.400939884438667 69 75 71 1.14991635707439 12 818 39 372 37 453 36 466
99 1.0831503257552624 2.5545174703831077 -0.93665637307156069 80 62 52 1.3722370899619094 19 213 21 193 20 175 43 197 44 213
2456 51.404061993616637 -18.043342984842464 -7.075371447091757 95 132 98 0.86775014266972872 12 533 39 376 10 375 37 271 9 344
105 0.67821870284490804 2.4483068006932425 -0.46098233427287372 63 49 46 0.082816636784900893 19 223 21 130
2462 55.514146808796085 -15.061443831268816 -14.017148505725574 121 123 109 0.38039120414667532 12 756 39 576 37 550
106 0.96344616845300479 2.4891717856795994 -0.5246393526915254 118 98 91 0.28075132110671958 19 224 21 198 18 229 17 250
2463 -0.20557125486391656 2.0556479009442081 0.91011119247138172 240 225 194 1.5652761135549362 38 648 39 610 37 371
107 1.4061173119077699 2.5326144224651572 -0.85525005767841744 91 77 68 1.1459169815933148 19 226 21 195 20 134
2464 -0.73675022737516294 2.3861786675103356 0.38650881303009599 196 202 212 2.0148045308173335 12 1073 39 635 11 990
108 2.0688419537281026 2.3252477521290129 0.34633151615106433 107 92 89 0.24314520656375682 19 228 21 131
2465 -0.082972550321550875 0.50589783478908223 0.34585278357349936 235 230 227 1.9329926065806147 12 1316 38 592 39 724
109 1.2729582193250575 2.1989653794622002 0.28274538769974189 132 109 95 0.91001929441095264 21 132 19 229
2466 55.411431353590238 -19.599155464684646 -8.1568410318540199 198 209 183 0.55997392285196668 12 738 39 803 9 706
110 0.82329410933558478 -0.10056185594659355 -0.05770394382484749 189 174 151 0.50354550314327473 19 231 21 215
2467 -0.94126303777396081 2.2454726475144131 1.4526752408995678 112 113 131 2.3435252840404384 12 1484 39 962 11 1035 9 833
114 0.25291901803097794 0.5624299469007793 0.04276826770337866 188 153 123 0.059205278623465842 19 237 21 220
2471 17.453933788399855 -4.0196980440141203 -12.975941358599377 158 134 96 1.4887323577659162 39 93 37 135 9 137 8 114
123 0.19936519054579424 1.6484974907200651 0.64911066386847405 229 212 186 0.89115601659340338 19 248 21 317
2480 17.011571046398753 -3.0604758378390771 -12.886178788061375 149 162 159 1.0500441611528279 39 448 37 422 11 337 9 417 36 336 8 323 35 278 6 271 7 327
259 1.8493224595204496 2.4576814071348485 -0.51299875741749179 50 40 30 0.23701480787783097 19 508 21 501
2616 34.143255469331102 -5.717170703618196 -39.542402992327773 159 150 115 0.44969217972428888 36 367 35 375 33 469 37 396
260 0.17474641661617951 2.5722784464595594 -0.498922255768877 160 124 112 0.9663689127065761 19 512 21 699
2617 34.258767272342176 -5.143749146099899 -40.612858962169803 201 196 164 0.44443012701195395 36 608 35 514 33 567
261 1.6639259799189778 2.5041882236003481 -0.65580730717908908 71 54 36 0.95443168475321372 21 516 18 891 19 514 17 719 20 326 43 314
2618 33.669637586611699 -5.3007048614465706 -39.334339222396146 149 142 97 0.44357403673600265 36 477 35 522 33 697
262 1.8817957506471477 2.4997151760316885 -0.69040627718866143 47 38 31 0.86026938796677554 21 548 18 707 19 515 17 816
2619 30.355363020980462 -4.2275595996931887 -34.326050290150796 132 158 113 0.67808728149717334 37 662 35 625 33 797
263 1.0104831750456118 2.5057532871459816 -0.77632602890947289 118 98 91 0.091300788302824537 19 516 21 547
275 0.29590848260193303 1.8597201647863022 0.43223224243313146 173 138 108 1.8281037797658373 19 535 21 335
278 0.39392498520063612 2.5348553110156749 -0.79680925902159905 118 82 84 1.2807400270727176 19 548 21 399 18 620 43 350 44 334 45 573 46 1198 55 504 56 569 53 846 60 348 58 722 59 928
279 -1.5856979734113306 4.3940461659279766 0.66056079489435759 117 107 106 0.35967909474886645 19 553 21 531 18 303
281 -1.1294178715291014 4.777470622182542 0.2526516099036239 109 100 93 1.8272257156867107 19 558 21 715
2638 15.656866329931429 -2.4334155491209479 -13.467919717840331 175 183 170 0.17328374377566746 35 744 36 826 33 1048
282 0.65774871372334531 2.5845364544093656 -1.1876009480525866 86 65 70 0.04421220852930384 19 563 21 556
2639 -0.21801392367814754 2.1738421874058957 1.0637495502554273 160 96 97 1.2692162110728773 35 39 33 48 34 53
283 0.14012584416727156 2.592894085583938 -1.2306720887930778 86 85 84 0.87083325716838678 19 564 21 546
2640 -0.79450650520064026 2.0524654684785273 2.7309187185213255 208 221 236 0.9977227197780193 35 35 33 50 34 51
284 0.45003225353462134 2.6067793614362329 -1.2233555273131678 73 64 63 0.023977384067929576 19 565 21 558
2641 -0.45242679327057217 2.0404729052628801 1.8975475776817501 178 179 174 1.044952825946627 35 63 33 54
285 -0.42277928420282301 2.9917697716013287 -0.71834363472704188 87 86 81 1.2030964555643344 19 568 21 725 18 294 17 316 16 246 14 271
2642 0.25147933816384882 2.2314666070804154 1.3721253564425362 225 110 128 2.558283226098311 33 80 34 108 6 90 5 143 32 108 1 117 29 186 4 583 3 1071
286 -0.14681345243829777 3.0657440630853556 -0.98645696330934018 123 114 109 1.2007756190821985 18 299 16 244 15 223 17 212 14 195 13 207 12 597
2643 -1.0780668638113482 2.1883740951743733 1.4579028575332511 201 193 183 0.72656655385323266 35 62 33 97 34 109
287 -1.1810794530165165 4.4271970744299409 0.25770903264982575 126 117 110 0.69644012651094778 19 573 21 720 18 308
2644 -0.013431010654617246 2.1298538351711187 2.0447845360574233 88 71 79 1.2383949377998167 35 108 33 104 34 149
288 -1.1608918020326677 4.5276240881862035 0.27003852911275245 86 78 69 0.327095476562834 19 574 21 954
2645 0.86810350610575249 2.1714284305768272 1.5501042344625937 142 135 128 1.8057607600031509 33 111 34 100 5 93 32 62 31 83 1 73 35 83
290 1.0945517115488352 2.5008623343840521 -0.6791614910930287 190 168 145 0.85604013435918913 19 579 21 695 20 536
2647 12.216478603139015 -0.69117088970818163 -10.687892661266085 206 163 120 0.9228218958078378 35 107 6 103
291 -0.43390873961485926 3.0448454216395158 -0.6980472416280219 85 81 78 0.16371398041657284 19 581 21 961
2648 0.58817981436329514 0.13459547494172211 0.6775519695612664 215 186 153 1.3953643169817034 35 114 33 136
292 0.06796974953774168 0.44140875383804229 0.28781732419696104 98 103 97 0.3271782632000948 19 584 21 481
2649 -0.92225873966388427 2.0756269985342715 2.7153569005693368 82 91 100 0.87562126277327457 35 101 33 160 34 216
293 0.19242935223835389 0.34909699356089097 0.60108979229021742 233 213 188 0.17834235162669493 19 585 21 827
2650 0.68846226509782826 2.1937796217059651 1.4956664344900132 163 94 107 1.1127017137980699 35 84 33 167 34 110 6 89 5 91 32 86 31 82 1 97 29 83
294 0.15396057837838009 0.29592100723797915 0.67036716999367374 200 176 149 0.82588895265413842 19 586 21 572
2651 0.46039044395868362 2.1493575673718479 1.6599194008345319 213 126 135 0.95057791203122965 35 133 33 168
295 0.25699819997553752 0.25876569757953849 0.62853463220732031 193 159 129 1.2861155468688426 19 587 21 895 17 504 16 608 15 694
2652 -1.1213929794338302 2.1601198513409057 1.5953304771022565 70 60 67 0.37407786145536887 35 138 33 208 7 163
298 0.3465909554253227 -0.074897779680926882 0.31034321970311529 180 141 112 2.2469121787864483 19 598 21 1102 18 555 17 439 16 512 15 497
2655 -1.1591977112388339 2.1138092443253176 2.4606656098266897 202 211 226 0.36828946122871414 35 221 33 339 7 155
303 0.57415627447559237 -0.15506184667045886 0.23450624883136673 145 124 112 0.80517946747840574 19 603 21 841 18 552 17 511 16 580 15 498 14 428 13 351 10 390 12 480 40 384 41 294
2660 -1.2766069507496465 2.1584870249315129 1.6021221150175644 203 195 192 0.89021777532012125 35 225 33 514 34 541 7 400
304 0.92942332500930891 0.0050467129996672189 -0.10422329510917805 168 146 125 0.59090822167811363 19 604 21 839 18 780 17 652
2661 0.52179387170774416 2.1450828173675749 1.8847025167730178 85 71 69 0.49054743634691977 35 290 33 515 6 475
311 -0.64114127705136503 0.69517693217674092 1.4905285251449336 208 205 196 0.57535950753108489 19 623 21 442
2668 0.16362175593551626 2.1907977800234946 1.607554151393221 232 160 154 0.2688092518730652 35 498 33 660 34 794
314 0.26514783385409885 0.71498568104629145 -0.089950491119964796 166 141 103 1.5845892215332291 19 629 21 1113 18 350 17 345 21 343 16 401 15 436
2671 -0.73781543696967755 2.3486305900406514 0.43866726167983322 213 207 201 2.142964839386817 35 684 33 732 7 630
338 0.58633683573802164 -0.13546311436251179 0.12243353736458262 106 86 77 1.3852709433788846 19 662 18 549
2695 0.29540194708914669 2.2195644157623677 1.4465696834951332 228 141 149 1.6557286162466454 35 725 33 1251 34 1320 32 622 4 1761 30 861
340 0.8807949971048511 -0.11504088821746535 -0.21842537389439698 168 153 130 1.4719054783666383 19 664 21 590 18 770 17 513
2697 -0.83845589669311471 2.3821951832315715 0.32886746411670786 83 78 74 0.86108097966871011 35 742 33 1331 34 1274 6 811
347 0.69503079581143368 -0.68856963139447158 0.087786151659046005 150 119 90 0.14003905700066571 19 681 21 1011
2704 -0.87165620999565674 2.0626228934831388 2.6808101096400265 202 214 226 0.59366523045699982 35 788 33 1572 6 703
349 -0.52507273529474496 3.0414111139333211 -0.61046505598159106 95 91 85 1.4270753046476314 19 690 21 964 18 645 17 370 16 462 15 369 14 306 13 288 10 253
2706 -1.4135145658224966 2.7657298253115794 0.24491112766100701 145 140 138 2.0869446811164329 18 1261 16 921 15 625 14 400 10 402 12 707 15 1258 14 852
350 -0.24372713482580413 2.8453072417015157 -0.9072177639676009 101 103 102 1.0510478007444972 19 693 21 688 18 591 17 576 16 664 15 577 14 397 13 320 10 512 12 944
351 0.28016535661001224 2.6116585016568812 -1.2916862561133378 152 146 145 1.3990806739819857 19 694 21 930 18 585 17 563 43 327 44 339 45 563 46 724 54 821 55 729 56 578 53 839 60 536 57 879
2708 0.73868300882898186 2.1187179422560112 1.8414492229484738 148 137 131 1.8598809549819333 34 276 6 476 32 382 31 490 5 405
352 -0.2412878219291453 2.7597066054355959 -0.92404369632283689 77 80 73 1.658462056792233 19 695 21 557 18 587 16 875
2709 -0.90466502892830414 2.0760537530601049 2.6778214359890256 220 228 241 1.0284232310166981 33 379 34 475 7 265
353 1.4071159418320056 2.5539227517198935 -0.97005156209073184 184 169 146 1.5046137233300865 19 698 21 680 43 323
2710 0.42293668176133226 2.128091627835885 2.0115473482588682 100 81 76 1.4952953308034829 33 453 34 520 6 243
355 1.5646609521102328 2.5276614590025042 -0.81478742114153446 182 166 140 0.6939464987430628 19 704 21 685 20 420 43 452
2712 -0.93375551256321732 2.185201609397915 1.4537042711187154 203 192 188 0.91279273984077403 33 778 34 742 7 589
356 0.77919965347073872 2.5544255875694581 -0.72230655738314387 136 119 109 0.51650527401607182 19 706 21 1408
2713 0.315850837212313 2.2264731253672543 1.4283916168478794 237 151 154 0.55626091009997702 33 783 34 745 6 629
357 0.73803299017996871 2.5405460248317544 -0.67397095592874312 132 115 107 0.74492658485516439 19 708 21 801
2714 -0.16271836753032584 2.200135115362114 0.90790575542697616 223 188 160 2.2273473786019475 35 452 34 762 6 621
358 1.6103939446182849 2.5103840778929571 -0.72693714733877557 181 161 134 0.036451839031291663 19 709 21 549
359 0.74552719613407636 2.5131734519626319 -0.6695830928851163 75 59 51 0.21586100177669587 19 713 21 696
2716 -1.251451708571752 2.1808921835154371 2.796338605184288 169 183 194 1.1366041128601934 33 978 34 957 7 471
360 0.27421603715991399 3.513646374661886 -1.3633480018795676 28 17 4 1.0937605393981797 19 714 21 881 18 664 17 550 16 697 15 572 14 493
2717 -0.77239279290094065 2.0498746983467333 2.8050582900179957 150 164 173 0.88105262667581552 35 660 34 1201 7 452
361 0.27710699204951084 3.7269394859003917 -1.3302633678533522 47 21 0 0.84753146701212345 19 723 21 869 18 420 17 541 16 499 15 585 14 503
2718 1.9421857186279841 2.2550654243492989 0.91511090366080661 89 75 72 0.50086086136431718 33 992 34 1266 32 719
363 -0.84276086411774265 4.5318651525411306 -0.06254672943596129 54 59 55 0.72195638146665542 19 731 21 891
2720 -0.95206394069223554 2.1765829695688463 1.4717443751148163 122 111 109 1.4056358552562489 35 834 34 1296 7 713
364 -1.0162543112993423 4.4416739785866515 0.095324440395651314 116 117 110 0.57101505322739232 19 734 21 951 18 414 17 283 16 179 15 112
2721 -0.41706986611700603 2.0448042101735839 2.4101990972211929 146 130 143 1.9182264457466538 33 758 34 1386 6 613
365 -1.0772380292455097 3.8052184444308588 0.040887903237991352 82 82 81 1.3138025563242224 19 739 21 957
2722 -0.46674082304715592 2.0409934590241456 2.4557697699997632 83 75 72 1.7998932325897405 33 1181 35 797 34 1598 6 698
369 0.21622852459465189 1.7849027357861831 0.73302992597743888 176 143 115 0.13272424157572926 19 757 21 845
2726 0.52544112686081312 0.10344926773048467 0.72883865062002318 228 213 197 1.5341013641586969 6 59 5 52 32 76 31 55 1 60 29 40 2 60
372 1.2294597277732759 2.5007963027416666 -0.56966351385114267 178 163 149 0.94528939416094948 19 766 21 700 43 312 20 322
2729 -0.10940708366754112 2.1318184269440414 0.94754003634675232 229 209 198 1.5691007346162646 34 165 6 87
373 0.22664936912194605 2.5098315602150789 -0.57375616696786491 149 116 107 0.45582899559025447 19 767 21 752
2730 26.848937993768768 -5.5169009078770932 -30.275209970071213 193 196 169 1.4064943521511177 8 70 6 95 9 63
374 1.2272464376600427 2.2292452777336424 0.093393779744130975 123 106 90 0.29303032537499019 19 782 21 542
2731 9.6862405689529893 0.062257211539583308 -12.544566374591577 213 169 126 0.51255921249574854 34 168 6 124 5 125
375 2.3599951145786457 2.3084457682073105 0.55651841825306192 72 62 60 0.20913276931124689 21 648 18 1003 19 783
376 2.4105266821368665 2.2765101634189575 0.1239833116613515 98 88 86 0.87361315083204372 19 788 21 759
377 -0.98100310926248335 2.4564649869323478 -0.12420009752455936 130 131 125 0.57929024432208387 19 794 21 815
378 1.9606135260413173 2.2794249227897079 0.83838158238924054 139 120 114 1.1440303508712337 19 803 21 781 20 570 43 333
2735 25.449034660221255 13.589081433467573 -20.506524619571049 147 106 85 1.2223844738087222 33 134 35 190 6 132
379 1.9124846395538655 2.2657544311013118 0.89329490737875872 143 121 118 0.46147974857003582 19 807 21 782
2736 -3.9353401703465947 3.4662971081274789 -24.757716100332583 88 89 81 0.93279804803219801 33 237 6 176
380 -0.86392751579054816 2.1447283258034964 0.9514371959333362 181 175 171 2.1416069014968935 19 812 21 1532
2737 10.517516780014057 -0.0059823810762288133 -12.240031480693988 175 125 74 1.1926529209059951 34 183 6 183 5 146
381 1.3628738423855349 2.5209022390766642 -0.8884678121934354 145 130 109 0.12718274546283898 19 814 21 940
2738 -6.8922541362126157 5.7460171551050534 -58.090837680452857 87 91 89 0.79098351111622978 33 240 34 320 6 200 2 431
382 -0.18265822024836406 2.5396979429122006 -0.78559955980668761 103 105 102 0.06855789620757749 19 821 21 802
2739 0.80802586186332603 0.14014681812944316 0.7543034014180674 147 140 130 0.83068327875565118 34 252 6 270 5 160 32 154 31 198 1 161 29 158 2 276 30 182 4 283 3 269 28 264
383 1.3033487095033389 2.5440052506543696 -0.92310879531576961 190 172 147 1.1241121313980531 19 824 21 937 43 627 18 1700 42 436
2740 0.47057714269432205 0.27590196782898407 0.98434655411405902 146 128 114 1.6603106790783619 34 403 6 273 5 148 32 149 29 147 2 278 4 287 30 184 28 277
384 1.6289354694959097 2.5182163097882415 -0.75039213271401672 178 164 140 0.67483509037002753 19 826 21 798 20 542 43 456
2741 16.456731110374761 -2.6119262940869188 -13.544343242248795 164 205 207 1.1795074676509494 9 407 6 274
386 0.22521487878601509 2.5294542688401784 -0.69785275833195071 95 68 61 1.1595453959437283 19 832 21 804 18 1021 17 709 16 1035 15 1117 14 760 43 455
2743 -0.55373405832401812 1.9998600449365935 3.0258765868845412 126 146 170 0.1529082848115145 33 669 34 882 6 311
387 1.5330581401355687 2.4849513066149185 -0.74647893446321467 189 171 149 0.39790315803774057 19 833 21 800
2744 -1.1551884988238101 -4.5768923703873314 -60.086920344109473 140 142 128 0.24646185141854007 33 435 34 726 6 348 2 525
388 0.58980668563251026 2.5284515925365643 -0.60832405135372358 104 83 78 0.020834245193337087 19 835 21 567
389 1.1315952346762321 2.4673889080646769 -0.55197813711877353 80 70 69 2.4844379843211186 21 754 18 1414 19 838
2746 16.016419746274579 -3.2584784912839626 -13.622320730064025 227 236 183 1.7444367072633165 33 713 35 341 6 358
390 1.3103980911637871 2.4807007904746032 -0.43279108245746456 140 124 108 0.5460766009093363 19 839 21 811 20 583
2747 15.809034248963219 -3.2733589588837693 -14.326281673555551 123 156 187 0.61847274497011129 8 321 33 296 35 343 6 359
391 0.46826548595025363 0.25275730093903415 0.46776347303903526 202 170 146 0.62099337115020603 19 840 21 1106 18 680 17 620 16 609 15 696
392 -0.7907755967312341 0.5335157903669181 1.3499668607426916 190 179 161 0.54169324015033493 19 846 21 865 18 699
2749 20.718478216891935 10.320814119493996 -16.815502413087255 142 111 90 1.1038659976681497 33 562 35 430 6 453
395 0.34743261146421017 -0.26661463246775752 0.28425603070159661 209 193 180 0.41519030498169207 19 857 21 838 18 559 17 418
2752 16.007432639745762 -3.0190703255902434 -13.183840017025663 114 181 210 1.9344815658664238 33 786 35 525 6 535
396 0.33997528044709679 0.03671528533282413 0.57594928153187597 194 164 136 0.35551921399760322 19 858 21 985
2753 -3.6186692463006085 -6.0388680544797761 -58.829552222362423 124 128 113 0.76149138269305561 33 721 34 811 6 569 2 685 4 624
398 0.37392027332766259 -0.023717516149377598 0.37906641222827697 167 122 99 0.69162419404626219 19 861 21 1103 18 774 17 510 16 614
2755 1.0398863889691161 2.2504680180706389 1.1692327287126707 93 80 74 0.92413277674266769 34 72 6 68
400 0.54471688315191813 -0.16561474819632407 0.25271566772500587 102 83 76 0.63902217913867509 19 865 21 1570 16 960 15 1019 14 787 10 594 12 856 40 648 38 670 41 493
2757 27.325503037618972 -5.8753120251163118 -17.489826442758556 164 133 87 1.4534502257122313 9 108 7 130 11 119
401 0.38720448532852508 -0.25202712508384079 0.37497969653214736 229 219 209 2.0129132533086196 19 866 18 354 17 264
2758 6.1563592556589626 -23.231285309347221 -75.218640498022111 124 118 90 1.8889723600107295 33 149 7 186 6 171 34 195 32 171
403 0.62334021370580284 1.8291252662462605 0.052774546711080984 161 125 77 0.3770255267007086 19 872 21 793 18 1372
2760 5.6146164414652189 -11.754613336115927 -64.20700533450588 135 131 104 0.94704909292617301 33 249 35 143 7 190 34 305
404 0.54092873066847391 1.7787438083184997 -0.33609323259626805 176 133 99 0.63117162715166786 19 873 21 1177
2761 -1.0754760333543694 2.0949996243671487 2.5190924860605213 201 207 201 0.090870153352303265 33 338 35 220 7 222
405 0.28105909396791789 1.7933361774104652 0.55275558363643462 207 177 149 1.2020023019860231 19 876 21 1174
407 1.3269542294849379 1.7754385459960147 0.63293746243570437 99 86 73 1.3656500705542935 19 879 21 1175
408 -0.11526430922732904 1.7803442863947267 0.81593108907900946 213 200 161 0.0055560043291998365 19 880 21 515
2765 5.2495785156923604 -14.267052427760273 -66.27573770359767 131 125 99 0.52901442636979545 33 812 34 686 35 368 7 435 31 615
417 -0.43882148596593157 4.4733805942363531 -0.48034183506274586 108 101 89 0.57923187260439346 19 895 21 1332 18 660 17 412 16 321 15 286
418 0.29329456470127707 3.6878085469005799 -1.3530858165925996 97 70 41 0.46180100569864146 19 901 21 1194 18 802 17 741 15 752
2775 0.70391197243461445 0.43153692158878365 0.83480251058189325 216 219 213 1.453918505654251 34 337 5 150 31 128 1 162 29 150 2 179
419 -1.5871271634772099 5.3426045194133858 0.28276745066861453 140 143 137 0.31675559301852374 19 904 21 1212
2776 0.85285744401431141 2.5339040017446557 2.5950698936655194 17 19 18 1.0719445821048925 34 913 5 182 32 185 31 143 1 151 29 132 2 117 4 154 30 96 3 76 28 214 27 301
420 -1.7321655892692953 5.2336587463621447 0.47456380642641888 119 124 118 1.0173250652185839 19 922 21 1334
2777 0.88141200713861612 2.3088273759047215 2.5189534826274596 110 106 105 0.86840273323538308 34 930 5 229 32 255 31 233 1 199 29 181 4 243 30 246 3 245 28 374 27 459
422 0.49893557520433474 0.44272678887227618 0.12029579794553261 203 189 163 0.47057969503216412 19 927 21 829
2779 0.78195240668821131 2.2537254338430706 2.6034513654146938 33 34 29 0.98879233618565399 34 928 5 322 32 368 31 405 1 286 29 247 2 258 4 361 30 360 3 416 28 691
423 1.4768571157190085 2.3557192640599851 0.54977530001099051 126 107 96 0.50518844615295777 19 928 21 761 18 1432
2780 1.8356610314342399 2.3296446549037406 0.75123661556953547 112 85 92 1.0234190668446554 34 886 5 440 32 538
424 -0.53145189977727769 3.9334108887572481 -0.49018598705545685 65 60 54 0.70985222633756462 19 931 21 1309
2781 0.71597220103272863 1.6522200085874243 1.6087842766214517 198 190 175 1.4252481256677512 34 1097 5 443
427 -1.9891220696520235 5.2381107443506583 0.47888721421942892 126 128 123 0.56897901505373116 19 937 21 1291
2784 0.79771583918619027 1.7603289049777247 1.4528724502609596 205 219 219 1.082830733420963 34 437 1 414
428 -0.18539902899835217 4.6119113801531988 -0.71493059947572357 75 75 70 1.6345878647966943 19 939 21 1241 17 536
2785 2.6827567006739557 2.9531255247792703 0.81249707395075887 57 54 41 1.4716957251187497 34 1276 5 541 32 477
429 -1.2797405365066965 3.7892729150460913 0.23664854714925154 105 97 89 1.2085542593831795 19 953 21 1488 18 652 17 372 16 364 15 311
2786 0.35429177047160143 1.9038093484908309 1.1756493709994442 246 237 219 1.2552058640817458 5 1 32 1 31 1 1 1
430 -0.30042699543177664 3.1095833299490074 -0.83806955109419878 76 75 70 0.89907601739951992 19 955 21 1068 18 1611 15 829 14 741 10 676
2787 0.43071587005578466 0.64289315612381215 0.87604757388718235 159 137 121 0.94575249076116596 5 14 32 13 1 18
431 -0.31018643068084356 3.0032007498953313 -0.83688062962821919 92 86 86 0.97453599822933779 19 957 21 1053 17 566
2788 0.80739351353144462 0.34750522859941568 0.78254103036048084 209 194 171 1.3027276307242812 5 19 31 15 1 27 2 19 4 14
432 -0.43022846456184549 2.9188637967235938 -0.71488939352876157 97 90 87 2.286414792434126 19 962 21 1056 18 919 17 565 16 396 15 364 14 311 13 278 10 287 12 595
2789 0.13560137413924472 0.63996382699687226 1.2561803299615388 254 241 224 1.8063544779174456 5 29 32 25 1 33
433 0.21619780466254887 2.6240383692735771 -1.3055704273461493 145 142 137 0.32487025724268753 19 963 21 965 18 1713
2790 0.80411167049491528 2.3665672492440093 2.616118950571551 113 113 113 0.92282193454673467 5 34 32 33 31 20 29 13 2 15
435 -0.33619263780535297 2.7625663230352977 -0.822675998106289 85 89 84 1.4073463042155516 19 969 21 929 18 879 17 730 16 681 15 357 10 286
2792 0.80467419154701814 2.7053372471453452 2.654270211640708 114 119 115 1.6496995651081301 5 36 32 36 31 23 34 152 29 12 2 16 4 25 30 13
436 -0.2595640689592465 2.7270465096025336 -0.88673392601730672 80 82 79 1.0508092582968116 19 970 21 1092
2793 0.94542030520575882 2.1501241797796999 1.2268594629569354 92 79 76 0.92087491210367178 5 30 31 33 1 48 29 22 4 22
437 0.79297169924240163 2.6438544081710034 -1.0002184020347553 110 90 91 2.0612345318726066 19 971 21 1093
2794 -0.18308004069688158 2.1714920215957738 1.1061429707575681 137 85 90 1.9519854884775625 5 46 32 44 31 51 1 50 29 46
438 1.4083974808258459 2.5780511806450805 -1.1312578722508007 154 140 130 0.63000008462149337 19 972 21 923 18 1671 17 881 20 551 43 726
2795 0.34642918679125534 2.2724616893042326 3.0226802024077104 55 53 57 0.78632372023032548 32 47 31 37 29 20
439 -2.3668432261997321 5.3086690011013937 1.1353392674858798 139 147 144 0.1704505673420158 19 979 21 953
2796 0.30876455187729829 0.54828915475606166 1.1502009415091139 159 122 106 1.6088240709182979 5 60 32 49 31 57 1 62 29 41 2 57 4 67 30 40
440 -1.7466173628476351 5.2419133772863455 0.57525354881216506 108 113 107 0.53220022585160931 19 981 21 889
2797 0.77128041021510019 -0.30657490815067862 1.1741941965742697 216 178 152 1.1546867237946943 5 58 32 51 31 44 1 58
441 0.25387266031639522 3.4540817652892608 -1.3472993238581261 99 89 77 0.64846674656715886 19 984 21 887 18 826 17 500 15 792
2798 0.84172168603429309 0.53764290351955268 0.77577290504209329 235 228 210 1.465159142133885 5 59 32 53 31 58 1 61 2 77 4 61
442 -2.1046949027225521 5.2808908519855606 0.69768390566071525 126 133 126 0.16262965953907826 19 985 21 905
2799 0.40326790390612494 0.48831269332715255 1.0390290402216269 190 171 157 1.378888254439455 5 75 32 63 1 83 2 58 31 56 4 60
443 -1.8779479400864176 5.3017385981187619 0.75281463771182666 111 114 107 0.18145866831194574 19 986 21 701
2800 0.35553666259995759 0.92528692729628859 1.0675390380325747 233 213 202 0.54516068653584182 32 66 31 62 1 86
444 -1.8182398334870538 5.2507808130816525 0.86106093527618399 108 114 110 0.13474192864622986 19 988 21 945
2801 0.85945952304987072 0.8684230702839858 0.72477694309399077 143 125 115 2.6294812800617544 5 78 32 67 31 60 1 85 30 82 29 67
445 -1.8228654564314624 5.3420382040224847 1.0183305020803357 89 95 93 1.9995001848848477 19 990 21 946
2802 0.54580424472216993 -0.30007114275934843 1.1526708523338127 216 178 155 0.82272849868143394 5 79 32 77 31 93 1 124
446 0.67280228260580655 2.5566140421616845 -1.0107147153747515 131 110 105 0.1536782002494963 19 993 21 936
2803 0.671321444557611 2.1100011649758317 1.8719967369390862 153 134 141 0.99809727261678738 5 90 32 84 31 84 1 102 29 79
447 -2.1061574344259499 5.2430267864496605 1.1310996417372221 126 132 128 0.62298648293327519 19 994 21 956
2804 1.1364696256180156 2.0744635384279762 1.0771576991812304 171 170 165 1.4949279672615434 5 95 32 89 31 65 1 67 29 37 2 47 4 46 30 37 3 51
448 -1.1425025144279519 3.8546977097714472 0.10238468403076395 123 124 118 1.0207711857110893 19 1004 21 1073 18 654 17 579 16 474 15 400 14 324
2805 1.0814336828560069 1.777581256017734 1.071703255421351 187 203 210 0.93267128171414859 5 69 34 147 32 93 31 77 1 87 29 71 2 65 4 70 30 50 3 45
455 0.84697026160103583 -0.15338033737647311 -0.24518478854296186 193 175 153 0.68137437053202454 19 1021 21 996 18 788 17 514
2812 0.46718565687656405 2.4397227961829651 2.9635264268809265 50 50 52 1.3904012176259788 5 106 32 143 31 106 29 101
456 -2.0434865910086031 5.2300967292439102 0.82125352544251784 133 138 134 0.031433479918713661 19 1022 21 1347
2813 -0.30484336602919243 2.1350890788481443 1.7786109806427362 187 110 115 0.87187317611276072 5 142 32 145 31 139 1 141
457 0.17575209370378192 0.22437179556315395 0.6796442150224139 218 203 174 0.24480887380674554 19 1028 21 1096
2814 0.64615707636150366 0.7586982800388099 0.81176981911129409 144 124 113 1.7860994063710625 5 153 32 146 31 131 2 183 30 136 28 136 3 183
458 -2.0154078477651796 5.3294773047998101 0.56321627068464153 167 169 164 0.069399032062915228 19 1029 21 1292
2815 0.64369256133630726 0.42926942121550987 0.85676093682159038 157 131 116 1.5719591447245078 34 378 29 149 30 187 28 173 4 288
459 -2.160069707418927 5.2825705708703623 0.56127337132245991 127 134 127 0.28067002859282414 19 1031 21 986
2816 0.65062049354227824 0.61657049811136511 0.83871406757384892 183 187 188 1.2823160139889433 5 152 34 338 32 155 31 130 1 163 29 120 2 182 4 176 30 138 3 219 28 201 27 225
460 1.0921541998988635 2.5570106340662422 -0.88115774746311715 71 53 39 0.36248753113653087 19 1034 21 938
2817 0.94621189072779077 1.0112534599050464 0.17419100418396771 178 190 178 1.1854448359686229 5 172 32 157 1 128
464 0.83006629603171644 -0.29824683949351871 -0.25237375486378977 152 119 87 1.2155437307528956 19 1039 21 1107 20 757
2821 0.85631887593735356 -0.076256282328748135 1.0946121899302177 114 89 69 0.86348213694597042 5 163 32 179 31 202 1 170 29 164
469 0.66831910788081661 -0.76127882179001338 0.22769007321821783 218 192 165 0.13258598220967432 19 1048 21 1135
2826 0.75669504531628418 2.8745201481945637 2.7468326540246086 106 109 106 1.1672153893613835 5 174 32 197 31 154 1 118 29 129 2 132 30 142 4 194 3 164 28 287
477 0.92609351923303496 -0.45974942971635829 -0.36276553520912147 189 142 106 0.81694256353350492 19 1060 21 2518
2834 0.7380344265931672 0.24095636733650422 0.81034805303166069 191 172 158 1.2431611176948276 6 214 32 242 3 430
479 0.79934926762947356 2.4868008055955513 -0.72026937278346526 125 106 102 0.53702751500034251 19 1067 21 1360
2836 0.88525329600958735 2.4899611141041023 2.5462883224305397 113 113 113 0.74341604929946181 5 224 32 248 31 239 1 154 29 194 2 161 4 317 30 234 3 248 28 369 27 624 26 629
480 1.7753834349570377 2.4594995289086441 -0.54973249191227891 101 89 77 2.3673840437129314 21 1605 18 1397 19 1069 20 676
2837 1.0929237857234508 2.6517985659484742 2.3723855354873638 52 53 48 1.134225038148009 5 184 32 250 31 240 1 153 29 138 2 167 4 208 30 167 3 240
481 1.8428343010147541 2.4824623994866828 -0.5427960457287323 114 101 93 0.57773104023321586 19 1072 21 1050 20 664
2838 0.80066543122399814 2.3928503347562069 2.6063079039785442 118 118 118 0.61051427797921454 5 297 32 252 31 264 2 348 4 358 3 420
482 1.3239489160669313 2.5024791723158755 -0.53646823922311937 177 160 141 1.3080489814855396 19 1073 21 1601 17 986 16 1367 15 1409 20 884
2839 1.3057759006369336 2.6832351234187315 2.1660591612929512 55 56 51 0.53901164126057988 5 228 32 253 31 238 1 196 29 183
484 1.9578280145896949 2.2868066437051282 0.58102910924733964 173 155 159 0.072694722632317216 19 1081 21 1640
2841 0.082276470036436469 2.1117641304282517 2.0611936043861494 213 133 144 1.2138974764717443 5 317 32 267 31 414 1 315 29 283 2 355 4 470
485 1.7940889537639744 2.3413348986736011 0.35282978021322275 150 133 126 0.10693532490855237 19 1088 21 1035
2842 0.83488198312143036 2.8764989334405713 2.6764327247029636 109 111 107 0.96731147023063069 5 218 32 268 31 215 29 173 2 295 4 300 30 229 3 222
486 -0.88729268735645028 2.3989326922648044 0.34283244045519168 118 125 117 0.005544793401394194 19 1092 21 1161
2843 0.85533080200330358 2.7607131908482354 2.636417080107095 107 110 106 0.779712566723336 5 177 32 272 31 229 29 176 2 224 4 293 30 307 3 224
487 1.4431689461722679 2.5813330701849728 -1.1640856701220246 156 140 131 0.89271739071606016 19 1100 21 920 18 1328 17 842 43 615 20 552
2844 0.88841049451487608 2.890853073190899 2.6187353046369681 109 111 108 0.64230200138985027 5 220 32 274 31 213 1 190 29 174 2 203 4 247 30 230 3 230 28 357 27 569 26 878
488 1.5579156604818252 2.5540616826008375 -0.98474531125591214 141 128 120 0.99063055992292193 19 1101 21 1087 43 611 20 545
2845 0.79048097639595705 2.8019878802344982 2.7206389957214809 24 26 25 1.2309963309182725 5 219 32 276 31 214 1 188 29 175 2 178 4 197 30 226 3 226 28 358
489 0.74697923151028689 2.5812572808381371 -0.96213150694452176 91 66 61 0.57256060386549246 19 1102 21 2091
2846 -0.38806259920411784 1.9930642009305741 1.8738889924858497 197 167 167 1.5619806083156422 5 197 32 285 31 345 1 306 29 368 2 405
490 1.5821704459017245 2.5503402091472336 -1.0331740104090406 143 133 123 0.26161887732707445 19 1103 21 1090
2847 0.40854406775696911 0.16167533357703853 0.92650260123220773 236 236 234 1.5057510662410882 31 206 29 113 2 177 4 285 30 183 1 114 3 205 28 241
491 1.5034802980902793 2.5565289827437678 -1.0438534875798418 140 131 124 0.11132732238694179 19 1106 21 917
2848 0.91705960615275983 -0.079365848899624947 1.0929953013259153 159 130 109 1.0587103709689361 5 256 32 294 31 304 1 271 29 214 2 383
492 1.5264354190885641 2.549723148282192 -1.1018005568851148 152 141 135 0.47275376195168484 19 1107 21 926
2849 0.9916715662567025 -0.75847050427570928 0.83839135980551793 199 179 154 1.3881668088129835 5 277 32 298 31 311
493 1.3142419694596448 2.5585251539436924 -1.1157935520999493 58 44 29 0.21915345596852692 19 1108 21 1094
2850 1.6854748433801829 2.4013689872003003 -0.051954364194593192 167 159 148 0.75402213993413014 5 259 32 308 31 406 1 265 2 433 4 552 3 454
494 1.4591935052109386 2.5679929518273625 -1.0862494613440694 147 136 130 0.91650621412590316 19 1109 21 925 43 617 20 549
2851 0.58626022155587076 -0.077135470211724746 1.1457267612821138 147 109 88 1.8763241937302417 5 365 32 317 1 348
495 -0.59184657059850532 2.8578996594183672 -0.57317336437327238 133 128 125 1.7350058388471503 19 1110 21 1089 18 583 15 361 14 219 13 146 10 205 12 312 40 626
2852 1.0014076591705912 -0.60815171355146658 0.92894178344864353 190 166 132 0.8671344858464054 5 361 32 327 31 365 2 396
496 0.25822222701429021 2.5805427883585281 -0.94264829053737775 171 160 158 0.65899620234739364 19 1113 21 1389
2853 1.0952597385584886 -0.55974719888204683 0.91773400395073867 231 228 219 0.80803483788791075 5 371 32 328 31 367 1 278 2 448 4 600 30 412 3 469 28 456
497 1.0259658251857373 2.5373743963768858 -0.8323907928411407 103 82 77 2.0455463999511498 19 1125 21 1437 18 1294 17 947 43 629
2854 0.84422672276562738 2.6010482409376849 2.6070425193241773 113 117 111 1.0421850037800924 5 301 32 352 31 294 29 180 2 331 4 325 30 217 3 256 28 324 27 540
498 1.5698072816138462 2.5065310492657109 -0.71559471534420582 193 174 149 0.21170556546261171 19 1130 21 799
2855 0.73953283173892537 2.4957052675707549 2.6931651103175729 111 113 112 1.1659147459832486 5 324 32 354 31 386 29 185 2 328 4 331 30 271 3 296 28 418 27 628
499 0.45123053438618199 2.51525528682838 -0.75383953821228133 118 80 84 0.52586964298956484 19 1132 21 1418
2856 0.72016590960116467 2.4592761463723254 2.7160708334978927 24 30 30 2.0563656346282113 5 291 32 356 31 403 29 229 30 295 28 371
500 1.5933809788356623 2.5104886996446645 -0.73313094735571593 190 168 144 0.068100027783881231 19 1133 21 1025
2857 0.72646841987486255 2.3540965614752332 2.6846369021533225 120 121 116 0.80020342699961722 5 298 32 360 31 385 1 195 29 234 2 340 4 354 30 293 3 419 28 522 27 813
501 -0.35349945579972791 2.5442477233781093 -0.72176980045623762 137 140 133 0.31450804432664103 19 1134 21 805
2858 0.77027194458860404 2.2636874839863026 2.6325420757871236 117 117 115 0.6122189172730137 5 309 32 364 31 251 1 231 29 238 2 317 4 357 30 292 3 303
502 1.1398044355414623 2.519811295614931 -0.75381654661670849 76 57 41 0.0056780006489788471 19 1136 21 1024
2859 0.83832387521651452 1.8642364032898384 1.4333980888311808 155 143 129 1.6094605689269921 5 270 32 374 1 258 31 518
503 1.7914832051142151 2.5160156542123602 -0.75303209131282256 157 147 138 1.241331495378091 19 1137 21 1438 43 590 20 685
2860 0.10147489640225782 2.1272834415268291 1.9649069112538888 199 121 134 1.4475306178733858 34 373 32 381 1 226 4 718 3 618 28 569
504 1.6857064950575982 2.516839163443148 -0.87634663310094785 140 130 120 0.40169707810688693 19 1139 21 1428
2861 1.3130321194857346 2.1107901058629492 1.8419514994607877 131 130 125 1.0844589537297948 5 406 32 384 31 491 29 245 2 506
505 1.0954268797864974 2.5504463387791221 -0.84800308801377555 186 167 141 0.083179192847818134 19 1142 21 941
2862 0.75925036817357572 2.7664309624565666 2.7273025856215103 108 113 109 0.79368490637990696 5 241 32 389 31 272 34 1137 1 235 29 224 2 293 4 295 30 306 3 291 28 648
506 1.4001551120454707 2.5469526092885713 -0.92611162040675687 74 59 40 0.077004052521419467 19 1146 21 1081
2863 0.73133863686171718 2.7156092467486892 2.7478051534474588 22 31 30 1.4510619749357183 5 305 32 390 31 288 1 213 30 303 28 493
507 0.80449332920252736 -0.4299640090255929 0.002930047619681954 148 117 88 0.76187565944633939 19 1153 21 1574
2864 -0.26888645937024935 2.2321873178161877 1.3104108611806136 211 152 120 0.61880374677392702 5 272 32 391 31 503 1 304 29 369 2 545
508 0.79197898812742262 -0.22499305708160477 -0.041178896784063682 119 96 78 1.2837706477903852 19 1158 21 1571
2865 0.80598162176509791 2.7895091552684406 2.6852979486112916 112 113 108 0.69861919787608884 5 304 32 392 31 287 1 298 29 225 2 292 4 421 30 346 3 271 28 645 27 973
509 0.31775129261335172 -0.27396731837098032 0.33051248775923331 116 98 88 1.7630315145534299 19 1159 21 1101
2866 0.73037185980211283 2.6324298593447946 2.7287411610891343 17 22 25 1.4674114153759423 5 221 32 395 31 316 1 230 29 270 2 477 4 536 30 352 28 497 27 642
510 0.31949881817453629 -0.07592919931981694 0.46633664570831201 165 125 100 0.12079445036954316 19 1161 21 1560
2867 0.99926380791834779 0.023729446261164619 0.94158888558849496 182 151 130 1.3453582145394485 5 282 32 399 31 370 1 158 29 199 2 382 4 476 30 374
511 0.5495120280365734 0.38360349830770935 0.20371747302330531 218 200 178 0.12895191344383095 19 1169 21 1108
2868 1.8634991751177137 2.3988289131238276 -0.22434699048150228 142 137 127 0.55148602130969282 5 466 32 415 1 374
512 0.22351720727828903 0.27559033076878015 0.59394229892221562 222 196 168 0.18766431879085499 19 1170 21 1109
2869 2.142827970221036 2.4348672869078078 -0.21281605631154926 176 172 161 1.0619577101053315 5 488 32 419 3 428
539 1.4894255435360946 2.5743660299551361 -1.1101586289624734 141 128 119 0.82765545765870385 19 1286 21 924 43 616
1119 1.3197572221722655 2.4743111197240202 -0.38754599136396395 68 58 48 1.4070150315268091 19 1063 18 1408 17 902
1130 0.42765837833716774 2.5288472173641776 -0.78022837265149791 183 154 144 1.5783362627143542 19 2580 18 2480 43 1198
1133 1.4452748230020656 2.5951121126069445 -1.1598953909714176 78 69 61 0.77649431764686416 21 3051 18 2645 20 975 19 1453
1141 0.71009586241899303 0.7820922813699005 -0.12800717080673721 180 169 147 1.5337561558887352 18 48 17 41 16 48
1147 0.5119640013104223 0.024706022510165196 0.37999985137731807 188 144 115 1.0504698196606408 18 89 17 78 16 116 15 169 14 148
1148 0.37880976874007805 0.99170581337162755 -0.035863848445483404 176 171 157 1.0285956827728546 18 86 17 81 16 110
1173 -0.12337513992339927 2.8879164358236329 -1.0278618129593575 78 67 81 1.4248326913512273 18 213 17 315 16 351 15 221 14 197
1188 0.58995420785374619 -0.34895980467493332 0.10901452450126767 110 82 58 1.9126798372926301 19 352 17 450 16 517 15 596 14 451
1208 0.44101032130848483 3.6828395656204482 -1.5064750108429277 148 113 69 0.97896166859523748 18 626 17 528 15 602
1215 -0.17623726852845625 3.0745325884402726 -0.95863005333275619 62 65 70 1.0989306153908627 18 964 19 1005 17 567 15 753 14 639 12 937
1246 0.81539511440236767 -0.13277316856397481 -0.1249933220691354 163 155 142 0.79458775178684271 18 785 17 747 16 764 15 657
1254 -0.55834942487916783 3.096027112147548 -0.57826419020628161 109 110 114 0.75612899295456604 18 971 17 790 16 896 15 750 14 632 10 521
1269 0.26777980807339496 2.5364432286407697 -0.72950888295001293 183 133 142 0.36924026696543644 18 1266 17 878 16 1270
1272 0.90663311245115474 2.5618353780235044 -0.29539651162793157 102 88 87 1.1843929306356165 18 1421 17 885
1274 0.5392995854948307 -0.18885120818956069 0.24549307763149164 113 103 94 0.58638634213420748 18 1806 17 918 16 1264 15 1394 14 921 10 808 12 1418 38 887 41 623 40 870
1281 0.51004458030304656 -0.24437904692964535 0.24419308930115305 125 96 78 1.7915394159797573 18 2180 17 968 15 1232 12 1458
1282 1.7940099719332427 2.3295231496243396 0.59047367310390464 185 171 187 0.36342500123195687 18 1841 17 1014
1283 0.15985838017452839 2.4852752374993186 -0.5290818276979411 130 99 97 1.3514414815250959 18 1827 17 1037 16 1470
1285 1.1441842283668267 2.2160918411175889 0.097760734737287386 139 112 111 2.401473519261887 18 326 17 331
1287 2.0936386030394223 2.2993569612012483 -0.58941074202110788 201 202 184 1.4886429613836496 17 33 16 37 15 51
1290 -1.3849846933394954 2.8728702773391817 0.20059615234712946 167 157 156 1.0706256940087031 16 142 15 74 14 69 13 45
1305 -1.1640597940224551 4.5141121838959855 0.25130410157305322 84 68 67 1.119437971116565 18 831 16 329 15 300
1306 -0.70947121893134668 4.5845706705483007 -0.18201224927757784 82 80 76 0.55156307986116315 17 530 16 336 15 304
1307 -0.16842569885457248 2.8644528446204522 -0.9895910698232685 89 61 84 1.737130558606155 18 404 16 350 15 254
1308 -0.22642500110353653 2.9924925692716791 -0.9040724644679291 44 47 52 2.3021120961576185 18 406 16 355 13 277
1309 -1.3075264803039073 3.2359277558829183 0.24345599261554521 140 137 144 1.6786749382159025 18 588 16 357
1310 -0.3289387180209834 3.1617849705593377 -0.79025629573265854 144 151 143 1.031026643591479 17 319 16 360 15 332 14 270 13 204 10 252 12 596
1311 -1.2335217614267089 2.6946783059301427 0.065181168710835249 142 143 145 1.0004685362028467 18 888 16 391 15 249 14 216 13 149 10 102 12 76
1312 -1.3060390047782844 2.835868519803233 0.14221584158009878 92 94 93 1.1583150928430694 18 868 16 393 15 362 14 274 10 132 12 231
1313 -1.2965167748726227 2.9076279040258663 0.13664787984895149 85 87 86 1.5855402700226864 18 950 16 395 15 299 14 281 13 201 10 97 12 110
1314 -1.3198215996053937 2.9507863148187194 0.16928449411837199 151 154 148 1.6234472918322178 18 873 16 399 15 365 14 303 13 260 10 184
1315 -0.2683567221796106 3.9759090075758348 -0.74023803818358236 73 73 81 1.2488022339132872 17 542 18 1101 16 430 15 534 14 466 13 281 10 300 12 706
1316 -0.14532015750932376 3.9706044132615395 -0.8636927747934332 53 52 60 0.73256044677456056 17 540 16 431 15 535 14 468 12 1026
1317 -0.32658744459854516 4.076282998679261 -0.67115940770843185 73 73 81 1.3943245407443645 17 399 16 432 15 410 14 338
1318 -1.3737478947174193 4.5355797307014472 0.47648233876993046 97 71 74 1.055157498318066 18 1543 16 438 15 377
1319 -1.3679818597323665 4.6942556597267702 0.4901907199846543 94 75 79 0.36562231782066418 18 830 16 441 15 373
1320 -0.34616090305806663 4.7015478301632809 -0.5297000813666195 165 164 160 0.47170347183441885 17 420 16 448 15 386
1321 -0.43909044249737345 4.7959059041043588 -0.42944980477927647 78 69 66 0.47248686085410574 17 535 16 451 15 391
1322 -1.5423127179344023 3.0218261580291021 0.40784589443421276 81 90 94 1.7861180774814569 18 946 16 459 15 322 14 191
1323 -1.3411438164175125 3.5665789056715873 0.28083306709404354 75 84 81 1.1571407010720034 18 649 16 466 15 333 14 258
1324 -1.3049987247500625 3.7227765622716911 0.26241556311084674 110 91 77 0.63339588630279586 18 921 16 469 15 349 14 346
1325 -1.441811451731313 3.8007556755031402 0.41768433129757387 162 124 87 1.1060215970516227 18 911 16 470 15 287 14 269
1326 -1.3051284136659911 2.9930361879676268 0.1573980079088822 85 85 87 0.81562387480991649 18 865 16 471 15 368 14 302 10 262
1327 -0.57664128461943898 3.7460188411419697 -0.46896004634345428 101 97 95 1.787062935408553 17 375 18 903 16 472 13 363
1328 0.41367261502887481 3.6616032746237148 -1.4792652024368216 160 112 75 0.24812313322523971 17 390 16 478 15 343
1329 -0.55385452250914324 4.7959722040932737 -0.29050599257482423 136 125 131 0.97745143592144146 18 625 16 485 15 389
1330 0.41072004662510753 -0.18471633087516839 0.32165770017244671 175 135 106 0.53032030170701938 17 452 16 513 15 500
1331 2.454332511230334 -19.009190117231341 33.534301985837438 66 78 78 0.93364472494076645 17 449 16 520 18 385 20 351
1332 2.0909994393648694 -19.940805644916367 34.492267798220347 70 80 84 1.2957642839995671 17 663 18 1177 16 574 20 758
1333 3.0625979946045265 -21.714891994726745 36.504905873128209 77 89 90 0.69247090369085917 17 516 18 796 16 575 20 518
1334 9.3909432700852005 -31.171551972724977 31.665483523544289 98 107 102 0.98622646929973401 17 489 18 509 16 586 15 667
1335 10.133508418213257 -32.783100221079245 32.952012901332971 72 80 69 1.3364613895376649 17 490 18 508 19 445 16 589 21 436 15 508
1336 0.44995060207418264 3.8856657490257938 -1.4791809234124431 132 99 54 0.22511241908295354 17 687 16 617 15 671
1337 -1.4642815441000032 4.3781919200095656 0.54119395754422195 103 90 97 0.47593507128980672 18 958 16 618 15 415
1338 0.41177200420355414 3.7310679736087384 -1.469590808778972 158 125 94 0.3491803568654881 17 522 16 624 15 720
1339 -0.25481539325719255 3.864737092930858 -0.77211045619708896 36 40 43 2.3111524367363625 17 674 16 626 14 470
1340 -1.2697008029431418 3.9460670184219619 0.25329059079813027 71 84 76 0.94479091956003469 18 1578 16 632 15 527 14 497
1341 -1.2134093436985487 3.925462757623607 0.22199800508168485 66 75 74 1.0643079636562984 18 953 16 636 15 541 14 334
1342 -0.68800959950880536 4.4404692389334572 -0.2247101591551639 97 106 110 1.0315288799528783 18 1157 16 640 15 539 14 325
1343 -0.55327288164242527 4.7366295831599317 -0.30086045951084961 94 84 92 1.7293483875642395 18 848 16 644 15 307
1344 -0.56529633810881541 4.6249611929232772 -0.33164622583478065 134 124 132 1.4003745397036222 18 857 16 647 15 382
1345 -1.1184467881766902 4.3822959810888786 0.17497232846977098 99 89 84 2.0285798912721678 18 1124 16 658 15 738
1346 -1.6261876217906885 4.4801400319454698 0.71922495049701862 69 69 77 0.19058014668636011 18 906 16 662
1347 -1.0141742839889332 3.1077972540518521 -0.11877479480437293 79 86 92 0.97351722206465452 18 928 16 665 15 787 14 486 10 311 12 547
1348 -1.0415698624606862 3.06345004253249 -0.1003709353765692 55 60 65 1.7109071958897581 18 1710 15 816 14 485
1349 -0.22004109526631094 2.8610053055928431 -0.93696140200232125 56 51 66 0.86019029782528922 18 593 16 671 15 576 14 398 10 438 12 943
1350 -1.1362826078176806 2.9202865066665291 -0.016925461818596572 142 149 142 0.75147898152166126 18 1343 16 675 15 571 14 361 13 264 10 256 12 339
1351 -1.2662932821574069 2.8791680509386386 0.10125188047956989 152 154 153 0.94973228558409861 18 951 16 678 15 573 14 307 13 202 10 188 12 232
1352 -1.4307530956022598 3.8765478569879663 0.40778053894508581 174 152 131 0.92233451427369806 18 1571 16 691 15 401 14 332
1353 -1.3977228291275865 3.8614576908920086 0.37514415702435655 92 88 86 0.75767793498384683 18 1567 16 695 15 398 14 335
1354 -1.3988993921503476 3.7123668160886441 0.35921920123639872 107 92 89 0.72371530727035904 18 1500 16 700 15 348 14 344
1355 -1.2464499275243703 3.6530056635118595 0.19411778150920178 130 136 129 1.354671403882352 18 966 16 702 15 581 14 348 12 561
1356 -1.4544762713820667 3.5360250017474963 0.38255767927647222 106 89 74 1.1338070175763122 18 1279 16 706 14 353
1357 -0.59069234117144787 3.792987126347755 -0.44792207494097763 59 52 61 0.93002353948505534 18 1129 16 711 15 711 14 591 12 708
1358 0.86645583885409683 -0.19866951875803066 -0.26926701988576862 182 174 153 0.57704718491603213 17 661 16 773 15 501
1359 0.56242231656477337 -0.19709480366212145 0.21708223460604154 77 60 52 1.0183430403484119 16 780 15 655 14 563 10 494 38 675 41 399
1360 4.6599612087458375 -31.375301027218608 36.889233078110607 106 109 110 0.88269586715175685 17 645 19 1054 16 789 18 753 21 674
1361 2.3398838523283136 -19.910541167004308 33.552250906324105 237 245 230 0.64713780212707828 17 632 18 1159 16 806 20 633
1362 2.8633255670114632 -19.942528692443332 34.013310120617298 201 210 189 0.56593657505341877 17 664 18 1174 16 809 20 519
1363 0.46416657361431735 3.8678979640057389 -1.4801915559616621 48 28 0 1.5335406443212234 17 588 16 820 15 876
1364 0.4192337283208285 3.8828350362835575 -1.4450484442229945 151 125 89 0.29465832587518792 17 532 16 821 15 703
1365 0.30192469197763 3.9398901044312971 -1.3200591506327892 120 83 54 0.45030535163287677 17 688 16 822 15 856 14 595
1366 -1.1851636026850967 3.8054839529754769 0.14726025047221278 172 178 168 0.56258317421390902 18 1574 16 835 15 709 14 462
1367 -1.1315869705543313 3.9254484954643885 0.1127515390177572 102 112 114 1.1899776894993939 17 577 18 1970 16 836 15 747 14 614
1368 -1.2323495541380456 3.951801844668057 0.22883191789601681 131 144 134 0.51310631545119545 18 1579 16 845 15 538 14 457
1369 -0.38741607841245601 3.8710767485654056 -0.64149074161723785 29 31 43 1.5658069085255784 18 832 16 852 15 702 14 469
1370 -0.39637252243365961 3.9050508368512347 -0.62701408925733559 82 84 96 0.4818482098256297 17 678 18 1610 16 853 15 841
1371 0.42681029898661438 3.7549798951012652 -1.4830653233554216 74 29 0 0.52703165727144874 17 694 16 856 15 716
1372 -0.51223786393105331 3.0129224347602945 -0.62688616529773322 167 149 155 1.1991117502408182 19 1118 16 862 14 738 15 1135 10 571 12 1058
1373 -1.1884899278496182 3.0474971756472975 0.049824729644076186 116 119 111 1.1460393543525307 18 1301 16 864 10 270
1374 -0.57000565789820268 2.9825973977295686 -0.56924655762962739 57 59 65 1.1931328167574058 18 1724 16 866 15 815
1375 -1.2779453605582189 3.0297895699495205 0.13307926749454427 113 109 110 0.47892572092907582 18 1746 16 867 15 823 14 660 10 376 12 539
1376 -1.4301527057901686 2.7451441190725774 0.25447699109861083 108 103 107 1.2912682084916987 18 1265 16 877 15 630 14 641 12 544
1377 -1.168803058752266 3.7612346141692292 0.14612609926702549 178 178 161 0.83852090789340283 18 1633 16 882
1378 -1.3823973774281442 3.5383430440421773 0.30080651464565522 154 147 139 1.1357896757473189 18 969 16 888 15 595 14 449
1379 -1.17591352110532 4.786790556792675 0.31771832761138979 93 86 77 0.56807710432643266 18 1604 16 891 15 729
1380 -0.50976014557001992 3.095984337407685 -0.63447119887708348 54 53 59 1.7536572806179296 18 1593 16 895 15 793 14 633 10 401 12 876
1381 -0.31585667476682006 3.0008681830848811 -0.82675519566913314 78 70 75 1.1202752313569269 18 2004 16 902 15 1136
1382 -1.1999256837251528 3.1163035053269867 0.085882317044676776 135 140 134 0.1099698130949809 18 2290 15 1116
1383 -0.52216379306858951 3.0812856702614253 -0.6103092232143944 143 130 139 0.84746904646874566 17 612 18 2001 16 905 15 825 14 634 10 518 12 877
1384 -1.3075552043076337 3.4965529288371773 0.2312400136194957 88 91 85 0.34638448389459758 18 2005 16 907 15 799
1385 -1.0659424762048688 3.5607199144032511 -0.011607573303029577 53 54 48 1.7917852559778527 18 1556 15 335
1386 -1.1325829419783937 3.7107201300257291 0.085270124030005667 110 111 109 0.4472115934728359 18 2404 16 909 15 860 14 677 12 656
1388 -1.1574128096318481 2.9325337622196748 0.0003406123449345435 126 128 123 1.443617206525325 18 1739 16 917 15 916 10 312 12 548
1389 -0.50313931967127745 2.8238968987860424 -0.66539245217807486 58 57 68 1.9735403134939593 15 1152 16 920 12 1066
1391 -1.0317455570125058 4.409558913772142 0.098293969201258116 102 112 101 0.70496524306106645 18 2064 16 936 15 836
1392 -1.6213934936032348 4.4134139082083292 0.71582270771380818 82 73 78 1.417669515102715 18 1974 16 939 15 562
1393 0.41333164167225556 3.8307446561486973 -1.4477111225716826 142 113 92 0.15836204831596065 17 691 16 941 15 872
1394 0.26621741971440749 3.7811395402319197 -1.3295838983553989 113 68 29 0.89336206295053966 17 812 16 947 14 674 15 866
1395 -0.53091859040702116 3.9843848911936552 -0.47133158298681821 108 99 104 0.24724274322351913 18 2059 16 948 15 1081 14 681
1396 -0.40551887532901093 3.8554133035653266 -0.62298767197665594 105 109 118 0.40712959318509573 18 1564 16 949 15 877 14 590 10 564 12 1094
1397 2.7468623688225953 -22.103963477683703 36.202174041667632 164 174 166 1.1406138007109128 17 783 18 1168 16 1003 20 500
1398 2.3186816671555897 -19.648452245643238 33.814466597579973 207 213 203 0.85610986695128166 17 787 18 1388 16 1010 20 630
1399 3.6764612821750116 -20.057400891967482 33.387064291708285 146 156 147 0.60173924750216901 17 785 18 1791 16 1102 20 634
1400 3.7489358709904272 -20.583141743408422 33.233205670011706 87 97 87 0.41675807868778608 18 1383 16 1111 20 760
1401 -1.3841065901103218 3.4944282564231597 0.30674188839835975 130 132 131 1.2548294699146434 18 2277 16 1137 15 1076 14 662
1402 -1.5313210445086944 3.4564585191483457 0.44520132550621633 97 101 99 0.93786320672617052 18 2279 16 1141 15 796 14 669
1403 -1.5234045592768808 3.5307953697754106 0.44603433747240012 172 162 150 0.85213939390119942 18 1997 16 1144 15 811 14 593
1404 -0.54254355607729776 3.731481194957857 -0.50449891415046377 101 91 92 0.8002449760598126 18 1983 16 1156 15 1063 14 667 10 577 12 1025
1405 -1.243709814070866 3.7826071519259155 0.2147996619115275 136 142 131 0.71755434884106017 18 2403 16 1167 15 865
1406 -1.2357098157234885 3.504568129004245 0.16024034043130875 65 75 74 0.71200184170037795 18 2275 16 1169 15 1074 14 822
1407 2.1007209198087637 -19.354303624673971 32.991880962253916 84 96 82 1.145428256450264 17 856 18 1387 16 1244 20 780
1408 0.50144149889546019 -0.17036716828266185 0.28557787018676473 147 111 94 0.97744371753207693 17 851 16 1252 15 1226 14 798 10 659 12 1050 40 733 41 492
1409 0.54845756342644347 -0.21808279536921821 0.22604458965302657 127 109 97 0.71524934733693735 18 2181 16 1263 10 851 12 1430
1410 -0.40377779740120945 2.8842188817942436 -0.75139847490125999 57 57 65 0.86846193102439007 18 1720 16 1276 15 1361
1411 1.814812655345682 2.4732272996973745 -0.5605775486143415 130 127 120 0.69488281743803615 17 960 16 1300 15 1412
1412 1.3057543006908401 2.4898186559501614 -0.58580223564477207 199 191 178 0.49840166596663565 17 906 16 1366 15 1420
1413 0.33364368745186523 -0.30017890448654999 0.45964222954394346 127 110 102 0.81817962686036527 18 2182 16 1432 15 1398 10 742 14 879 12 1306 38 840 41 624 40 805 39 1527 11 855 9 1038
1414 0.0971547788078886 2.5114285598861277 -0.5940741562921531 192 145 149 0.39769489023206828 17 1028 16 1472 15 1609
1415 3.4279788703987295 -31.001972338461275 36.649615434039426 90 110 109 0.8021307157069234 17 646 18 1211 16 800 19 1036 21 972 20 586
1416 -1.3664466517458211 3.7733930477028603 0.31325509862921375 176 167 161 0.97578029405414846 16 134 15 118 14 104
1417 -1.0091144379684476 2.7060845365852333 -0.16567361523919635 140 146 144 1.5418622832688511 16 294 15 250 14 214 13 209 10 128
1418 -0.62012686008633855 2.1514382612194409 0.42382435499682042 212 245 254 2.2689691140105741 16 4 15 6 14 7
1419 -0.40967715324331194 2.7320627795543992 -0.68667459013646104 54 57 64 1.812297278285065 16 27 15 25 14 27
1420 0.24828752668496451 1.5672921158508286 0.75094453364622993 236 242 242 2.6190558463920426 16 50 15 36 14 39
1421 0.2839418836813456 2.5852096130113447 -1.1882217218724394 168 158 194 2.5180339305403687 15 40 14 36 40 42
1422 0.24760464490258699 4.0898714807713477 -1.1516877141716912 22 23 26 1.6604323148760998 16 40 15 41 14 34
1423 -0.3537663467345637 3.8846471995638918 -0.66381406012751165 33 34 39 2.521068398143151 16 60 15 44 14 51 13 39
1424 -1.1870115331412909 2.9869284206889506 0.02779511089401027 136 137 123 0.52595355027149648 16 58 15 47 14 50 13 34
1425 -0.42580367825907389 2.4800961406381647 0.21316553164871213 88 102 115 1.6382288996166527 16 42 15 49 14 41
1426 0.9179298572571748 -0.4559126171204082 -0.24960249543129082 224 221 206 0.4864948330202245 16 65 15 54 14 45
1427 0.29478495676940975 -0.56184892243968965 0.42572583069679726 201 179 138 1.1272063640100116 16 82 15 61
1428 0.49009472808484861 -0.35870671982407348 0.14395348655621448 116 84 62 0.79398146329832608 16 47 15 62 14 94
1429 0.13229923486461345 1.625699312848828 1.1800314545266093 112 116 119 1.4190083394470836 15 65 10 59
1430 0.24028951236999171 2.5387364572267699 -0.60656066615732074 192 155 148 2.1273420322187406 16 85 15 69 14 101
1431 0.1565924710050231 2.6995952138781054 -1.203008513635289 60 62 61 1.9591923638581483 16 145 14 65
1432 -1.2581451453867114 2.738895056891709 0.10836815094622115 113 108 115 1.0700770647701161 16 87 15 72 14 48 13 33
1433 -1.302449744453559 3.1480720764674985 0.17925759706932556 117 105 117 1.1125311221728431 16 93 15 76 14 76 13 41
1434 -1.4146216078488352 3.1793920429653082 0.25425574791648853 49 54 58 1.0621770844586478 16 100 15 77 14 73 13 40
1435 1.3981297411868261 2.5535238181893734 -0.77740270277942625 220 218 203 2.0556779114663497 16 56 15 79 14 54 13 59
1436 1.8965805900178612 2.4833872023332093 -0.6235793639312488 97 91 85 0.90296007901496234 16 66 14 81 13 81
1437 -0.28711689624729325 2.8940869746435065 -0.86970413211642672 46 50 51 0.62545158502670306 16 90 15 85 14 112 13 63
1438 -1.193963619213265 2.8267905567852769 0.026464833247938361 57 64 72 0.75469788952679051 16 143 15 86 13 73
1439 0.48864756361251094 2.4808097877758266 -0.4541469088748134 95 82 91 1.6789410205157964 16 98 15 91 14 125 13 115
1440 0.31457068383311548 -0.13103870521209254 0.38548792242559765 231 224 218 1.6573724668938319 16 118 15 101 14 92 10 31 12 52
1441 0.31096626419611062 -0.33858795280511167 0.55561479770417033 94 74 67 1.5795971390248893 16 80 15 102 14 93
1442 -0.58321608810949233 3.8974702957438714 -0.41587698943752849 171 138 129 0.95958197104033793 16 132 15 104 14 106
1443 -1.571158726027724 2.7465555118541851 0.37238977446609978 61 66 72 1.4119849585301389 16 144 15 105 14 68 13 75
1444 -0.49197593100852144 4.6966408424088852 -0.39872754001693916 167 142 137 1.5166624443722712 16 126 15 109
1445 -1.6362214586277204 3.7485647223658098 0.59450888384032552 154 160 152 0.67465741144210778 16 186 15 119 14 103
1446 -1.2029696298954329 3.1694475727348124 0.046623848378299602 48 52 55 2.4318657051507184 15 123 14 72 13 42 12 64
1447 -1.4800017180720511 3.068201259844034 0.34868773984353291 148 132 145 1.3278547846259388 16 139 15 124 14 71 13 43
1448 -0.28893226943327799 2.4321252092132397 0.015039498631145433 83 89 95 1.6647979501547709 16 102 15 127 14 167
1449 0.19336703009520453 1.7478438795043334 0.77323258921924309 198 185 179 0.4040416419909803 16 165 15 131 14 154
1450 1.2571562311038451 2.4842143202605991 -0.37773224529676602 90 84 88 2.4239362660592638 16 106 15 137 14 156 13 117
1451 -0.63462506949425845 2.3617363568543435 0.42712238200246028 147 151 176 1.1841331072206218 16 189 15 140 14 124 13 110 10 62 12 120
1452 0.37041726771231948 0.50082861502821385 0.18354287026755303 228 228 216 1.1725333174238826 16 164 15 141 14 150
1453 -0.25794497761146501 2.4836560835999495 -0.33929121931550876 148 151 154 2.3074405368834503 16 125 15 142 14 123 13 97
1454 -1.4807748261201927 2.7448739526323038 0.31371113167467479 137 125 135 1.1298106244952377 16 151 15 147 14 110 13 74 10 42
1455 -0.58043081184506862 3.3655147890595614 -0.52808329576604673 64 64 63 1.086164745144838 16 187 15 151 14 116 10 100
1456 0.21360979736249863 0.10265366543991788 0.79506165154580977 108 103 93 1.5953527892515103 16 114 15 154
1457 0.85912721153651561 2.4605725540658838 -0.42742698280759256 98 92 93 0.58796492636403175 16 104 15 155 14 122
1458 0.82211391931017008 2.4771830410516755 -0.58867238130221655 142 134 131 1.2969351823084296 16 169 15 157 14 127 41 109
1459 -0.55867705613494667 4.5715864431106521 -0.33107303197984478 116 103 113 1.4922878316168355 16 176 15 162
1460 0.78584694187080339 -0.17848814642872513 0.062020005505281549 119 87 66 0.75600636120348874 16 119 15 168 14 146 13 157
1461 0.46820156041710909 -0.61454855210171555 0.2132195511444423 227 213 183 1.4104737272076375 16 160 15 185 14 97
1462 0.85120294797500551 -0.36398690032357817 0.0099026466278648532 147 108 79 1.7980406790132031 16 301 15 188 14 144 13 155
1463 0.81940173306793451 0.035532723678116364 0.10759522470800381 125 94 74 0.96652116665191201 16 162 15 193 14 173 13 177 10 154
1464 -1.4202115631191419 2.6887889821384392 0.20492566500519732 129 123 125 0.40291463142442407 16 292 15 209 14 130 13 105
1465 -1.5698920337736744 3.9408405081040012 0.58050879345196815 158 152 135 0.44334715083640591 16 235 15 211 14 137
1466 -0.29569883438096856 3.767108553388709 -0.7464102836824511 31 31 33 0.59581093424740239 16 231 15 215 14 188
1467 -1.4107963794573986 3.6108346316579021 0.35053209780410166 160 115 76 1.2183847155299072 16 239 15 216 14 185
1468 -1.3296810437985533 2.6911012166374726 0.12023547890535569 125 119 126 0.27156883683475447 16 251 15 218 14 129
1469 -0.47175411896574676 3.2992117805981462 -0.65109659425585009 66 66 66 2.1521212089999295 16 188 15 225 14 133 13 104
1470 1.0883769485290897 -0.069283260689992743 -0.078892561260900038 163 155 142 1.0058216763089245 16 209 15 234 14 236 13 180
1471 -1.3919324266336222 3.9634358402107939 0.38005610084237734 146 109 80 0.22363503939870297 16 363 15 235 14 183
1472 -0.25684966773352996 2.7905675544116044 -0.91203899809305178 50 52 51 1.2804789886462682 16 334 15 251 13 276
1473 -1.1947873343989712 2.7711784869666602 0.031361725491832769 58 65 71 1.1552564494507849 18 574 15 252 14 310
1474 -1.4238381104025948 2.8012099943994411 0.25991652624691203 69 69 70 1.0801658827317879 16 392 15 255 14 194 13 144 10 98 12 165
1475 -1.2321195821752366 2.8501100039989415 0.06534227005282775 59 64 72 0.63161781943546369 15 257 14 193 10 99
1476 -1.5084434198830214 2.8863103493207136 0.3404473685128831 132 121 131 0.94578838748060567 16 394 15 260 13 198
1477 -1.5102156648286551 2.9725804597692584 0.36559317348862552 137 125 137 1.9158781487928138 16 398 15 263 14 287 13 142 12 230
1478 0.32245831019879756 -0.41471545695459983 0.24767564571268577 141 90 61 1.6435256222600365 16 201 15 271 14 228
1479 0.93969298546309077 -0.30089703513106902 -0.2207900093794716 182 154 130 1.592448627069236 16 202 15 273 14 229
1480 1.079431153095511 -0.18886441396855091 -0.2248379001092691 177 169 155 0.99264112266615501 16 205 15 275 14 233 13 182
1481 -1.3165510840886203 3.9432351023770269 0.29062850707318377 126 98 73 0.66071763994935639 16 476 15 290 14 260
1482 -0.6113341905563846 3.9605041060197839 -0.43147517183845785 35 33 38 1.181658605717703 16 323 15 292 14 340
1483 -1.4952782112158431 4.0257660611933419 0.48745353527809271 123 115 97 0.64742826124202768 16 362 15 293 14 182
1484 -0.99398697950157644 4.5402751042574589 0.088842296357924525 133 134 126 0.3322992125629638 16 332 18 1078 15 301
1485 -0.13939604339892653 4.62566586863114 -0.75631875978047802 153 160 152 0.31182744194626838 16 343 15 305 12 424
1486 -0.52959999087402876 3.0019551114504788 -0.57532473600649314 166 146 147 1.2059285315372579 16 196 15 314 14 273
1487 -1.1111007104538566 2.9820079398980908 -0.032973197509694581 54 57 64 0.098401694445279311 18 876 15 318
1488 0.23647814361616676 3.781545044636434 -1.2784694480875014 35 27 22 0.94098980476493566 16 322 15 326 14 298
1489 -1.102922737278639 3.4986660855215259 0.0086824922173447741 36 39 44 0.52467726112191027 16 465 15 328 14 291
1490 -1.6239518057356492 3.5729189034582438 0.56680403886721065 51 60 57 1.1412140721593771 18 1320 15 334 14 248
1491 -1.3183131545815618 3.6261794256608701 0.25924239930612519 128 96 71 0.62323067718636882 16 467 15 342 14 247
1492 -1.4667033199172204 3.6729958836236598 0.38669041516441727 134 95 56 1.0299324213915249 16 468 15 346 14 254
1493 -1.2055080900380128 3.7321982492080479 0.22393907898448887 49 51 46 0.90558656926856074 16 367 15 347 14 252
1495 -1.2784589527571979 2.6542647490562246 0.10548739125179071 119 116 125 1.0116489861971405 16 685 15 354 14 314 13 269 10 192 12 323
1496 -1.4441002920655577 2.6714102957258765 0.27334941149589004 69 72 79 1.3200727868016968 16 390 15 356 14 218 10 130
1497 -1.2785475838700364 2.6974005611176639 0.099079471185764822 95 95 97 1.3458628731697599 16 684 15 358 14 313 13 266 10 190 12 322
1498 -1.5831523051975018 3.4720682115944244 0.48819308815523965 47 53 53 1.087094046203531 16 464 15 363 14 292
1499 -1.2666808958831886 2.9857518337269675 0.11046714741782461 132 129 124 1.608552392012206 16 458 15 367 14 286 13 258 10 134
1500 -0.3895803021847456 3.9581515434043073 -0.62410688632632472 35 32 43 1.8615169660944326 16 429 15 395 14 256
1501 -0.40157120755371667 3.8061366239466374 -0.6359804752552447 40 33 40 1.4226047458717481 16 477 15 396 14 352 13 287 10 374 12 1096
1502 -1.309970284373331 3.8377315222448476 0.25979362056979299 100 83 69 1.0015032656466587 16 834 15 399 14 337
1503 -0.64339448976203317 3.889310777289857 -0.36981062139982324 23 32 41 1.3700915433882612 18 2206 15 402 14 343
1504 -0.19163791046228451 3.9004461151322447 -0.83450265042084137 37 27 38 1.9429244886367201 16 443 15 403 14 250 13 271 12 549
1505 -0.34143419290794708 4.120722143287014 -0.65464911622038058 31 30 38 0.72451311108598471 16 455 15 411 14 333
1506 0.82477124682062941 -0.1917298027990014 -0.21996668834572322 169 163 149 0.29058421900399523 16 516 15 423
1507 7.4330615419212842 -24.408768618002423 34.715639851631508 69 71 70 0.86221717595674718 16 579 17 643 15 427 19 636 21 659 20 393 18 518
1508 0.34314203052222408 2.6063581767523454 -0.79192691804499293 198 131 169 1.7697002043741228 16 374 14 535
1509 8.9492775055628471 -32.370450278028528 32.131174558874029 138 136 149 0.89165670552031195 17 491 15 432 18 505 21 406
1510 0.27329849765998693 2.5074658721130469 -0.48892730794680611 165 137 126 0.93307839826585492 16 382 15 440 14 319
1511 0.33060563929813785 2.493174058396157 -0.40510663162683092 107 87 88 1.7893867967403547 16 272 15 445 14 320
1512 0.80755522556781889 2.5030224549494671 -0.49253893927117803 108 101 93 0.65100721077166879 16 275 15 447 14 322
1513 -0.2450979374090442 1.9331897315259816 0.96045977244407377 124 139 144 2.5064330351151249 16 420 15 467 14 378
1514 1.0842282777019547 -0.0032592594704441177 -0.012421212207027554 94 87 71 0.70280099049606004 16 304 15 495 14 373
1515 0.61526151313106381 -0.15596827331744381 0.20003289500302537 93 73 55 0.92205946349725876 16 568 15 499 14 427 10 353 12 368 13 311
1516 0.44587030868711858 0.090145634692216495 0.5917856221669785 196 144 107 0.62390006520651997 16 611 15 502 14 356
1517 0.16650818400676728 1.0446143337987668 0.02269489300850305 160 138 124 1.1888949442037047 16 737 15 518 14 385
1518 -1.141087595277064 3.7564368421900953 0.099169273443217146 134 129 112 0.79521513589839599 18 1572 15 546 14 345
1519 -1.10827706491114 3.894421445623379 0.10047561236898671 34 37 37 1.3569845356892694 16 652 15 557 14 616
1520 -1.0326623975146463 4.4737288957810417 0.13746672737022611 162 160 150 0.36112131528489927 16 501 15 559
1521 -1.218267318535754 3.1262696461170036 0.078274859445196368 56 57 60 1.798001169364047 18 881 15 566 14 299 12 670
1522 0.29792751621070651 1.083828890774746 -0.080342482451398148 156 138 125 0.32535397723996073 16 597 15 580 14 384
1523 -1.3493423445415949 3.6406804613338477 0.26302684944641175 122 84 61 0.87882678059107999 16 703 15 589 14 347
1524 -1.1165126702876962 3.5992410154015944 0.036978329268752601 42 50 42 0.49696383458710791 16 704 15 593 14 309
1525 -1.3291286373053326 3.4759884495233182 0.17755770849354111 128 130 118 0.35882480870942879 16 992 14 600
1526 0.98571294381717922 2.5281075934667254 -0.80615766024418434 108 91 109 1.0610309730031275 16 753 15 609 14 542 40 219 38 331
1527 -0.66221356053566027 2.2381645372253836 1.5182252411060162 211 151 187 0.79440791936175215 16 525 15 622 14 410 13 411
1528 9.2836774721552633 -32.288358700502542 31.90186065215708 97 94 103 0.92578378251097571 17 655 15 668 18 1206 19 655 21 623
1529 0.17331122366419097 1.5681567620215153 0.9808638623072482 111 119 122 0.96683914611922328 16 412 15 679 14 512
1530 -1.1777025743878367 3.780798247436171 0.14695341783516247 64 59 62 1.4807968809282746 18 1573 19 2532 15 701 14 622
1531 -1.3244601888072605 3.7786776056261524 0.27616149651788208 149 134 131 0.22718119264760425 16 910 15 710 14 461
1532 -1.4283127102649529 3.7140748568206896 0.37334569513618632 162 135 121 1.3123587849089107 16 886 15 718 14 465
1533 -1.5848529827583122 3.9906784994668967 0.57973898714799732 127 112 88 1.1697735390505037 16 839 15 742 14 511
1534 -1.5533156468812255 4.0109357417984182 0.59099579168728844 112 91 63 1.6929837231525784 16 841 15 744 14 613
1535 -0.55612673215243791 3.9143814759748401 -0.44895443482163755 166 136 130 0.94863978236744417 16 851 15 748 14 623
1536 -1.1790324719560672 3.0207854146475634 0.049570718454472779 142 139 129 1.7117026384548535 16 914 15 755 14 661 10 260 12 317
1537 -1.4341403819475442 3.0106267713800419 0.29299493997999299 80 70 78 0.73857215506185081 16 915 15 756 14 658 12 422
1538 -1.4519792270962282 2.928453670917976 0.2939531035015453 143 134 137 1.4035593336279 16 873 15 762 14 483 13 291
1539 -0.54680552418322514 2.9020030518585775 -0.60699755240861586 156 140 143 0.92823337011355278 18 931 15 766 10 515 12 1061
1540 -0.55436769724867641 2.8548110170051939 -0.60428968155412233 153 135 137 0.67170168122107976 18 1308 15 771 10 399
1541 -0.56536953519557409 2.8306717305758657 -0.59259721132813103 57 52 58 0.57979571763646742 18 1303 15 772 14 618 10 424
1542 -1.3067418775215576 3.1564160328886199 0.17601666756361381 102 90 100 1.2017721932637833 16 899 15 790 14 492 12 568
1543 -0.68500602210216432 3.2128993238576364 -0.42952213310301762 95 74 88 1.2905132073760139 16 676 15 791 14 300 13 199 10 255
1544 -1.0391498806783026 3.0122547874231023 -0.099212288742833651 49 52 57 1.5685200179170484 16 670 18 1302 15 820 14 482 10 257 12 551
1545 -0.53681282440341371 3.0948500284847147 -0.59457244538094489 62 50 54 0.78727930398378365 18 2002 15 828 14 743
1546 -1.1554706373695471 3.1289340836960085 0.04574321567368024 46 52 56 0.8867890694359587 16 898 14 488 15 371
1547 -1.1957414749250281 3.1446607692285182 0.058033530255553613 66 72 72 0.50902195531000494 16 1143 15 832 14 654
1549 -1.1491356194055924 3.8966782660895705 0.1191944052251777 70 71 55 0.39747748630939639 16 955 15 840 14 615
1550 -1.1480221936555643 3.7192973292019174 0.094240682630802042 67 63 52 0.74185322573530377 18 2401 15 862 14 680
1551 0.44217212546822493 0.23692100855795428 0.41750682230472203 162 118 95 1.3003015439300452 16 1072 15 883 14 808
1553 -0.25091081172306512 3.0031062339094241 -0.88904235919620955 45 43 46 0.57661961691925545 18 1589 15 910
1554 -1.1283055136651934 2.9268896564886142 -0.049592863447555396 54 58 61 1.9612696441056434 15 945 14 812 10 313
1555 1.7869254006208113 2.5026181428587604 -0.60532424914712768 206 203 189 0.40324203021337013 16 763 15 966 14 701
1556 -1.4106504002335454 2.9306907715570918 0.25961153002294129 152 142 141 1.1258149391117951 16 1145 15 973 14 629 12 659
1557 0.57693123014375558 1.8256645492796848 0.14835395237124022 174 163 141 0.81146826711445941 16 1188 15 975 14 577
1558 1.0726874066466137 2.5277014379606784 -0.75561695224638781 203 195 191 0.42160604660544743 16 1028 15 996 14 707
1559 1.6879321711757793 2.5108892275720427 -0.65472134522063252 108 109 95 1.1098181676076928 16 1019 15 1008 14 779 10 649 40 474 38 593
1560 1.1356180955941118 -0.03502953213119462 -0.089020842407375469 94 86 73 1.0247387487134849 16 1073 15 1016 14 800
1561 0.84060388641469219 -0.076565575505510547 -0.030573343821156826 150 135 119 1.0831051995938539 16 1022 15 1018 10 392
1562 0.35661936454799958 -0.28341005591808782 0.41647757341516156 108 86 75 1.2792183098059982 16 970 15 1024 10 601 12 759 39 706 38 668 37 679
1563 0.25793681450139055 -0.43821150302632061 0.48652797571645012 251 222 201 0.63957361715981675 16 967 15 1030 14 794
1564 0.069788172780800725 0.70621189756286407 0.060950310385125793 186 166 111 0.63845619748002191 16 793 15 1045 14 774
1565 0.026426174041551377 0.70909347108041842 0.045481975444607865 244 227 186 0.66323439102843273 16 794 15 1046 14 727
1566 -0.58593690002898591 3.7412764189196008 -0.45784291211968309 50 38 44 0.22709684761735868 18 1978 15 1061 14 675 10 579
1567 -1.0088084052847028 3.6945945672849261 -0.033469238565395083 33 38 32 1.0313043506831441 16 997 15 1065 14 676
1568 -1.3932826128240041 3.4586403092381013 0.29233083507807245 56 54 55 0.37136326328674724 16 1140 15 1077 14 606
1569 -0.51605253271494167 4.0386869592522343 -0.43435127654519773 45 33 41 0.88238045925448272 16 929 15 1092 14 617
1570 -0.54546136675697021 2.824151535436922 -0.61221306681704468 104 104 108 0.25563006151199175 18 1717 15 1129 14 848 10 550
1571 -0.39782750130409428 2.9831552947232622 -0.74668322948185684 77 65 65 0.56042246506240179 18 1319 15 1138 14 737 10 568
1572 -0.57560649263371022 2.8924415361021643 -0.58457146214924505 150 138 135 1.1379603381906638 18 1711 15 1140 14 850 10 569
1573 -1.4133008697928964 2.8344400708823048 0.23431097381109722 155 145 143 0.46414528860891885 16 1149 15 1142 14 729
1574 0.20708816690081017 0.17927055015010279 0.74647278416752427 115 110 92 1.5754235109150507 16 985 15 1159 14 522
1575 1.6533726697331743 2.522130054467882 -0.74299212217473187 203 197 185 0.27131652028054681 16 1172 15 1185 14 917
1576 0.36657293304869842 -0.71978984824584757 0.48270484470882308 183 154 114 0.57890129485483222 16 1245 15 1211
1577 -1.1203990546224998 3.7480705314608809 0.078830132991725879 39 41 34 0.46841459935312291 18 2400 15 1263
1578 0.2967717560032655 3.6640917444724406 -1.3652676111467807 101 62 19 1.4844907557772415 17 866 15 1277 14 711
1579 -0.35405495192401071 2.8171396557756236 -0.8076186263619719 58 57 52 0.65651329260629676 18 2691 15 1358 10 684
1580 -0.36601631406191026 2.8420043552514636 -0.78716919256310758 120 116 117 0.39703695386699128 18 2655 15 1359 14 897 10 552
1581 1.4710098045702067 2.5896374923155796 -1.156757045608519 195 190 186 0.2928024154842504 16 1317 15 1469 14 912
1582 0.28055360813849101 -0.38572403432848634 0.37494210856584037 168 119 86 1.347402907327174 16 1429 15 1517 14 976
1583 -0.25435891025064344 2.7125489936680833 -0.92651080733115865 48 48 50 2.316297409523032 17 795 15 1550 14 900
1584 -0.52074753847580324 2.8866108950275189 -0.62715430950008721 56 51 49 0.62496757134204317 15 352 16 397 17 423 14 225 13 257 10 288
1585 -0.39691742398965774 2.9083903156623103 -0.73870363679304174 122 122 125 1.8577937681933805 16 916 15 1141 18 1723 17 933 16 1135 14 735 10 551 12 1065
1586 0.14755480277236172 2.6121335503053618 -0.51042670524003009 145 143 146 1.7347561736926815 16 550 15 601
1587 0.88299761174419855 -0.57034639075342575 0.095737187431989029 106 94 72 1.7726685199100918 15 903 14 784
1588 -1.353192638736876 2.9329616278769666 0.21545042885436394 142 136 138 1.5929100733629964 15 11 14 13 13 9 12 11
1589 -0.85335467089904982 1.624515620753568 0.26508861050200611 111 111 111 1.0855725531720413 15 12 14 18
1592 -0.69279329362479403 2.1878159160283333 1.6111821119280887 96 98 123 0.67595522743409953 15 92 14 55 13 47
1593 -0.0081829690215939194 1.8576708924112113 1.043027507762909 241 242 236 1.6904582556227323 16 69 10 24
1594 0.27318382915769557 0.96502963408113551 1.055436937407022 112 107 103 0.72320200031928339 15 95 14 59
1596 -1.5668512818933322 2.958032316064342 0.42956332650072238 46 47 49 0.66378244944361509 15 81 14 70 13 44
1597 -0.74229265107738607 3.3366087062619902 -0.34679810740760797 46 46 46 1.1987886715260068 15 122 14 74 10 69 12 97
1598 -0.023953777408960097 0.29690252125210442 0.79427643833930051 232 228 216 2.530439498833668 15 98 14 90 13 57
1599 0.64344060993631169 0.10306647462318208 0.48408635001403538 95 76 60 0.96906496358035343 15 100 14 91 13 89 10 45 12 83
1600 -0.80449806170701088 2.341401198303326 0.39518764809992174 166 178 187 0.53566599515204183 15 90 14 99 13 109
1601 -0.49692437548674612 4.2132572229389451 -0.47370761945867074 54 42 56 0.64589140929707167 16 129 14 102 12 170
1602 1.1639184467153458 2.597922688282376 -0.59372458085725599 101 82 114 1.6253746476152384 15 229 14 126 13 80
1603 0.11493765464319451 0.95232025626692207 1.3019491733121316 227 180 162 1.6869120058135425 15 199 14 169 13 170 10 115
1604 0.88218346212057375 -0.61546434849770359 0.069963284436591527 111 102 87 0.98054804570109511 15 186 14 177
1605 -1.0370148278572355 2.9639616288631356 -0.11372171846687548 39 38 43 1.1188653585332993 15 315 14 192 13 214
1607 1.7395080904191067 2.5189429161425476 -0.55359148957754656 197 197 184 0.35215608021983164 16 277 13 174
1609 -0.30023388411072172 2.956725837378563 -0.83942875933635019 62 54 55 1.8241785383749096 16 352 14 220 12 696
1610 -0.12747320026203807 2.9872206647443731 -1.0326254561977082 48 48 48 2.0259670663424969 15 313 14 221 13 130 12 276
1611 0.35069465590392845 -0.031730499046509035 0.38437686041827929 189 132 105 2.0444083205606565 15 277 14 237 10 167 12 350 11 237
1612 -1.5110247759294717 2.7937383212302724 0.33833040946187892 128 123 130 1.1696919612895997 15 262 14 275 13 150 12 167
1613 -0.44905604777770719 3.9518297685494805 -0.56240185729797099 43 31 32 1.7512604275127279 16 484 14 342 13 296 12 905
1614 -1.5308117306240216 3.536157470723615 0.40605454198191882 110 85 48 1.6000091409960131 15 338 16 890 14 349
1615 0.83631640319062128 -0.33988264216651398 -0.10700181673011565 214 212 199 0.92394635406710324 15 424 14 354 13 220
1616 -0.99670989621190231 2.6624439202860599 -0.17692713720897021 52 55 58 1.0525187284192028 15 612 14 396 10 400 12 703
1617 -1.2918348962365882 2.8032443454206848 0.11714423675182317 138 127 141 1.5448643951049235 15 768 14 402 12 248
1618 0.580674016625497 2.4409049472663633 -0.45148887163043505 106 98 94 0.76503084683769662 15 459 14 406 13 414
1619 -0.73442813524878858 2.2765322676455009 1.6476706724234798 124 125 152 0.067916305192827847 15 908 14 408
1620 -0.57693143400022528 3.7615167266983911 -0.4690788686651105 124 105 103 0.47332128891839914 15 582 14 476 12 965
1621 -1.3421015430503205 3.1136490344960968 0.21232173306080021 101 91 99 0.30797855274676705 15 788 14 490 12 301
1622 0.0065969220591162326 2.5329803049135386 -0.70400264379754673 148 149 141 0.86056303464020212 15 636 14 534 10 436
1624 0.83606085555689313 -0.27545526006875115 -0.016352356433516995 191 182 172 0.92963668518474663 15 921 14 566 10 339 13 313
1625 -0.59333872802343246 3.7638791326284973 -0.44507631626244759 91 85 91 0.82690720680201191 15 864 14 592 10 581 12 1079
1626 -0.23249399131028817 3.8097180482339272 -0.7993178739549609 45 39 43 1.1144615185677698 15 870 14 596 10 403
1627 -1.0452031897334109 3.5607546901040079 -0.020239095508839181 33 27 17 0.24009812104134115 16 908 14 604
1628 -1.3851944848878064 3.6850637186380988 0.35988304790016423 139 109 92 1.1425321428384803 15 1066 16 887 14 626
1629 -1.1335874601296483 2.8991869002217583 -0.0036418079929709688 50 50 53 1.4226744184090669 16 1147 14 638 12 705
1630 -0.51170211891005357 2.9177770149481566 -0.64026433406417471 170 150 149 1.0864825956863406 15 948 14 643 10 501 12 1062
1631 -1.1804322437259394 3.1373905607253341 0.078832459686751843 41 43 33 0.16514950233643688 16 880 14 655
1632 -1.3000977667641938 3.0233269163289656 0.15331425839235532 118 113 120 1.0827773007587576 15 822 14 659 10 421 12 710
1633 0.31402674941658287 -0.27865664772729432 0.50836676278918269 168 132 116 1.0192978081227044 15 1022 14 708 10 596 12 813 38 663 40 539 41 407 39 708 11 631
1634 -1.1348456649871759 2.6519243513556261 -0.043623431405153665 56 59 64 1.2586048365543141 15 1262 14 730 10 519 12 1099
1635 -0.5545027449761919 2.3538346784556299 0.54944300237583266 161 144 171 1.1177110314874417 15 992 14 750 10 442 12 458
1636 -0.66124788464679463 2.6808745133789422 -0.50155440592927802 88 75 82 0.67377750164888417 15 1274 14 762 10 513
1637 0.34923953051312423 -0.27032368627346048 0.43689013864718557 178 155 141 1.0991269474658656 16 972 14 796 13 434 10 599 15 1229 12 812 40 537 38 666 39 928 37 593 9 711 11 633
1638 -1.393769852363427 3.4987848142039835 0.28937254997586159 89 83 69 1.4312437029986527 15 1083 16 1170 14 810
1639 -0.40771904343780391 3.9983351901753217 -0.59828786827953395 63 55 53 1.4415689620408088 16 943 14 832 10 691
1641 -0.40586217603225111 3.0351908897072022 -0.73175113398719827 93 87 83 0.88020264537829429 15 1243 14 855 10 686 12 1266
1642 1.0969463559830186 0.26185741811204821 0.38710887314054437 192 165 141 1.6338003330874207 15 884 14 856
1643 0.9936637037918844 0.98267235187292445 0.22969439112793083 102 95 85 2.6945357998241724 15 1163 14 871
1645 -0.56190047589878167 2.9132159913820033 -0.58696413958637672 130 114 115 0.16714930241235712 15 1552 14 964 12 1499
1646 -0.50222252359864428 2.9703204228285505 -0.63987928416308426 102 89 82 1.389595958745333 17 75 14 49 15 48 16 59 13 32 10 28
1647 -0.40234508751890907 2.8557553491710719 -0.73642374763066332 50 54 56 1.4539123556493103 17 117 14 66 15 73 16 89 13 68
1648 -1.0583101477940111 2.7685796078649281 -0.092376077643338897 39 39 37 2.034873336408106 17 575 13 71 10 67
1649 -0.8042483914878269 2.7794133857050194 -0.35456137706559188 59 54 51 1.4980256802598417 14 117 13 107 10 127
1650 0.2520726416529282 0.8559290893540572 -0.10400172734505654 197 166 101 0.34039051475115806 14 158 13 125 10 116
1651 -1.4194877170103963 2.893072635757953 0.27598104971585025 148 139 132 0.93577772773996004 14 132 13 143 10 94
1652 -1.5689735342833342 2.8287161210790015 0.40812567999522131 48 49 44 1.0820199384445011 14 481 13 253 10 266 12 238
1653 -1.6161562239776406 2.7496178913496498 0.43651532887327676 24 23 21 0.83263341153637471 15 359 13 263 10 135
1654 0.65467715042642238 0.096041315610287198 0.25318995890978424 117 82 52 0.53317951564026866 14 357 13 306 10 245
1655 0.82032523963337178 0.20402516978832697 0.27058141164916483 186 149 120 1.9366199293092889 14 551 15 1055 13 385 10 662
1656 0.10684481529464482 1.1056154626899293 0.77867644899411914 189 178 172 2.6437550111679591 14 765 13 391 10 722
1657 0.28306551425781412 -0.28467282691165652 0.49533887529138571 109 79 59 1.9914266256575082 15 1219 13 474 10 602 11 630
1658 -0.23471499203850774 2.9086163882677232 -0.91164504989697448 64 60 59 2.3383226000949682 14 217 13 309 21 1061 18 973 17 725 15 767 10 322 40 895
1659 -0.18227704362439986 2.1911747092744047 0.69348424716677326 211 226 229 0.83282319075226918 13 5 10 1
1660 -0.54702902315245361 2.4347082008381182 0.076155088583521782 79 85 84 2.6286937503257151 13 26 10 11 12 40
1661 0.28558844605757927 0.92549523649858634 1.0392126464047997 103 93 81 1.5531394971559893 13 29 10 14 12 18
1662 0.26945707324803031 -0.31348886238537599 0.50432427876793617 93 63 39 0.70615867979217939 13 92 10 32 12 50
1663 -0.023481225077664765 2.4904640969822238 -0.36124249014824183 67 59 56 1.4125759741553845 13 46 10 39 12 95
1664 0.38891303643505926 0.061962026923359115 0.43321111820508296 198 156 114 0.62929028150737132 13 91 10 84 12 105
1665 0.3329883936832409 -0.34368887938504317 0.36922098510012408 195 155 119 1.5831621876888253 14 230 10 87 12 135
1666 20.506167059825099 -2.1412932367817352 1.2945525201673596 216 168 100 1.2285911710596491 13 88 10 118 40 88
1667 0.56457983536591161 0.24162198208642496 0.44351350874602635 195 157 118 1.373049277297324 13 161 10 123 12 142
1668 0.32890252172166212 -0.30334091969752824 0.46215506265261563 122 99 77 0.42174015267624165 13 183 10 150 12 123
1669 0.4489844106510601 1.7133036336985865 1.2827168958032571 231 222 206 0.020091634940999709 10 179 12 181
1670 -1.4028327043058257 2.8498105094104949 0.2430159761285843 135 118 100 0.83138288672096072 15 575 10 186 12 420
1671 -0.43088796928773682 3.0123081697483629 -0.71108862972898956 72 48 38 1.8305561343609609 15 319 10 231 12 592
1672 0.63168487101611082 0.11162799131390393 0.33389280038587438 143 102 65 1.157125438897129 14 417 10 247 12 277
1673 -1.4573374010910185 2.7686189141094308 0.28632964448206788 113 101 89 1.8302604899076869 16 682 10 258 12 314
1674 -0.49786682741515598 3.7443868963826414 -0.56634433019831498 39 28 26 1.2844676445422967 14 418 12 418
1676 0.4217576618832396 0.68738655252436565 -0.18273150446678063 176 154 130 2.2236399927030615 13 318 10 307
1677 0.094208310373682908 0.80117722961832061 1.3605749329352981 107 90 70 1.6428673064811274 14 375 15 510 10 330
1678 0.34710337920095069 -0.41723496004685628 0.34097935536611168 147 98 55 1.0779787743735798 13 356 10 338 12 534 40 388 41 291
1680 -1.0177170117914702 2.9889499100933596 -0.12657023877432277 47 39 27 0.59663860545984382 14 742 10 523 12 958
1681 1.4008914063913296 2.5550417974119584 -0.97128296786297086 201 185 159 0.9345640372701145 14 768 10 565 12 927 40 462 38 597 41 351 39 683 37 618
1682 0.32922885400345686 -0.2656248130126394 0.47780069284938759 160 119 81 0.98280373806401133 14 876 10 595 12 811 39 1103 11 750
1683 0.33093359112893173 -0.27506852149534766 0.45652984400468877 87 61 38 0.8304698727120251 16 779 10 600 38 664
1684 0.69737194241553968 1.0105362098340178 -0.10024127889377422 92 77 54 3.0500222979827312 16 1410 10 670
1686 0.30511528390730885 -0.31622041046214616 0.53105494118785779 137 110 83 0.30017243591831339 13 473 15 1549 10 741 12 816
1688 -0.31326641458232313 3.0390409350608563 -0.83258397126287931 36 33 33 2.3361491315469762 14 276 10 290 19 1123 18 922 12 594
1691 0.12462594075025403 0.45959737891292501 0.68479063846804578 240 224 199 1.9440431253760462 10 74 12 87 39 115
1693 -1.0879309876508059 3.0189966947809443 -0.053066624410537555 42 34 31 2.0760419175731326 13 76 12 118 14 109
1694 -1.3266228245449958 3.1903874820903324 0.20555252508180963 133 116 109 0.0040438866461021614 15 372 12 171
1695 0.11310800718839288 1.4698760609567219 1.3445018384849992 199 193 195 0.33099705687025038 10 58 11 223
1696 -0.78992583632063829 2.2358562714373109 1.3690508073895478 91 92 97 0.4450596636907162 10 283 12 258 11 288
1698 -0.4249918987259157 2.9678877100743732 -0.72532379849700312 104 85 71 0.72639960773739953 10 289 12 413
1700 -0.54078567867033533 3.0143217277260077 -0.58768817060627321 160 139 128 0.85274731229218848 10 315 12 638
1702 0.34681164881314375 -0.2550183562999544 0.31388837194072383 155 103 64 1.5946410956520163 10 492 12 755 39 930 11 632
1703 -0.57792038069463292 3.7250807468128304 -0.47238511213081263 99 85 80 0.20522836420852975 10 419 12 871
1704 -0.05201164010540868 1.752851598259284 0.7165591058262698 208 192 143 1.6571425936937725 10 614 12 932 11 677
1705 -0.76719424968676786 2.2468838653751768 1.4209548224870145 127 122 128 1.3684754177936931 12 939 40 483 41 425 42 416 11 807
1706 0.343884600315704 -0.26901010115358098 0.4583745194201721 96 60 40 0.57172946691460702 15 1396 12 968 39 926 37 728 9 847
1707 0.3447558033396691 -0.23432664922877824 0.31739567911490751 201 156 121 1.5078235126792221 10 660 12 1013 38 757 39 1416
1708 -0.35836696348303498 2.8285951110683167 -0.80297334659789521 132 127 114 0.69282690468089647 10 768 14 898 12 1539
1709 -0.47418765796151408 2.884720647811128 -0.67200736788466564 105 83 84 2.5238063853982475 10 204 12 278 15 222 14 196 13 147
1710 0.56161583825203221 -0.11849888785629191 0.24646672360244359 131 98 80 1.783518289190033 18 2184 17 965 10 850 12 1275 15 1400 10 737
1711 -0.35157703878355151 3.1819122185232165 -0.76928107643564214 48 47 48 2.5825846043123453 18 2012 15 833 14 628 10 574 12 1057 19 965 21 1947 17 582
1712 3.2708656904743605 -32.214223761450107 34.40874748770706 105 100 94 0.59037683319472545 18 50 20 27 17 51
1713 1.8589648904688012 -20.36873605923742 31.884784319827585 71 74 79 1.1954811917874963 18 51 20 31 17 50
1714 1.5534899539169902 -22.887936611818866 39.17757263357376 85 87 84 0.76505008817873588 18 128 20 73 17 89
1715 7.0891982408034728 -24.39738199582855 33.604599830774674 181 170 138 0.78410338773932298 18 177 19 189 21 111 20 100 17 159
1716 1.5207128053886019 2.5291057491563738 -0.82495111512784847 178 160 131 1.5316652309580061 21 300 20 133 43 116 44 124
1717 -8.8487748432385445 -29.920048007496991 36.322985966580873 110 116 116 1.5294216921623698 18 125 19 175 21 249 20 151
1718 1.6419617943240705 -19.457100870070864 35.247108608396246 126 116 106 0.4508546935585378 18 185 20 161 17 190
1719 2.7350059650884231 -32.900682031789501 34.078485237429739 77 76 72 2.1531612569255394 18 476 19 320 21 389 20 211
1720 -8.315269510762441 -34.838916796648526 35.917118700336005 107 112 108 1.5605468288194007 18 211 19 180 21 243 20 212
1721 -8.5059338910775004 -32.556242171030803 35.480409804592782 108 116 118 1.6366484275487152 18 226 19 261 21 234 20 213 22 218
1723 -11.111867424645274 -29.459922272471129 38.312522345843952 137 139 126 0.52874247680871245 18 274 19 363 21 330 20 327 22 371
1724 -12.510002151796472 -31.699098616719084 39.414095032317427 136 136 126 0.94825613896424232 18 370 19 438 21 422 20 329 22 362
1725 4.1654185249471132 -34.332313186466493 37.724094436245984 77 77 72 1.1029499637403586 17 487 21 435 20 335
1726 3.3431933508570886 -34.890453217586241 38.927520696316378 70 71 66 0.81221695032684527 17 401 18 468 19 431 21 413 20 337
1727 -10.60020352240422 -32.084867999312422 37.867641695571201 122 128 121 0.98491996933665749 18 172 19 264 21 379 20 339 22 409
1728 1.1911798022932081 -17.671825922966672 36.478024839005357 84 89 85 1.2591145315636594 17 512 18 548 20 344
1729 1.4506630698675078 -18.943968347369669 35.404905696772076 139 133 122 0.80008283107051203 17 515 18 787 20 349
1730 3.5147908095979674 -21.641556982330641 34.89157744536238 150 147 131 0.36809324167394147 17 258 18 378 20 355
1731 -11.040116172504133 -32.433747318396257 37.635476185922286 156 157 141 0.57899087160339646 18 469 19 435 21 423 20 373 22 419
1732 3.7316696644116565 -33.954029963076636 37.646435228784036 111 110 105 0.80044150528408298 17 475 18 498 19 646 21 628 20 378
1733 -9.0485375672857238 -32.970066653680597 35.34571682637096 159 161 141 0.60582170919701672 18 278 19 430 21 414 20 383
1734 -11.536694129026051 -34.749556382809665 38.282533579157558 136 137 122 0.48574851655121265 18 475 19 432 21 408 20 385
1735 -11.043073350146548 -34.194627268664362 38.178395997826094 158 157 139 0.42459957402533738 18 267 19 370 21 326 20 386 22 425
1736 -9.2795726182557665 -31.537732830145803 35.613513272157704 173 174 158 0.52413170777963602 18 270 19 369 21 418 20 387
1737 -12.264015517193217 -33.688957369408136 38.196005601563627 179 173 152 0.66328396943089651 18 340 19 433 21 419 20 388 22 420
1738 3.5084293414492125 -21.673083258784231 34.138687498586044 67 68 66 0.67729874768632947 17 486 18 480 20 389 16 487
1739 -9.6213150567630557 -30.15630093284177 36.101505856368256 164 165 151 0.85317501480014957 18 369 19 427 21 671 20 391
1740 -14.284369352460498 -31.887793985405114 40.192099794198242 191 186 166 0.73985908468591921 18 438 19 440 21 415 20 394 22 413 23 365
1741 -11.553929123370205 -29.668833092059785 37.956157698615492 177 174 157 1.3975372417352425 18 273 19 442 21 466 20 395 23 501
1742 -14.215248551173048 -29.094895374718643 41.010650203543079 191 186 163 0.32100957684997389 18 373 19 481 21 658 20 403 22 439 23 370
1743 -9.8500276385751935 -28.027107183449626 35.870053256052174 169 168 153 0.91527278231206655 18 516 21 666 20 439 22 415
1744 -9.0860119749740154 -35.741651493892178 36.251522384812347 151 153 139 0.46284443147003718 18 501 19 651 21 631 20 505
1745 -12.61359349279946 -34.022325865090927 39.240558118899457 149 144 125 0.6493502167942079 18 760 19 642 20 511 22 593 23 363
1746 3.4434630226449277 -21.05388290831695 34.618008750672992 105 103 90 0.84023488804741719 17 635 18 798 20 514
1747 -14.128577329555156 -27.207104425387232 41.144308051022023 178 177 160 0.75125442445173041 18 517 20 516 22 616 23 488
1748 0.5338275896578154 -22.028550966625989 37.721006056214478 133 127 117 0.79434451174550968 17 517 18 491 20 520
1749 1.5667537489567183 -20.301926756367859 35.616623848843162 90 89 85 0.24747864732887456 17 788 18 1178 20 522
1750 1.3470862845508083 -20.075029111998305 35.805135980320543 126 119 110 0.38602435825293419 17 662 18 792 20 524
1752 2.4171074930050178 2.2705403784714591 0.86133533850196187 134 127 121 1.6122105210259894 19 805 21 764 20 611
1754 -0.0018551854857681255 -20.055338489542002 34.860079148679482 106 100 88 0.60426193627620561 17 630 18 1176 20 626 22 577
1755 1.854229888170134 -20.779576504067904 35.640661652278531 108 104 103 0.36816119705918676 17 638 18 1175 20 631
1756 0.33662205030653852 -21.855782441750048 33.689770212574118 85 85 85 0.31505279822378995 17 441 18 744 20 637 19 685
1757 0.20586388737550634 2.5176691784343062 -0.6122053157847559 125 106 100 0.25954698177548219 20 715 44 1087
1758 1.4140594834759739 2.5466996431892834 -0.94925284485077499 62 49 40 0.56532526411112605 21 1380 20 903 43 965 19 1147 44 1243
1759 1.3525627495933814 2.569496590830453 -1.0493739492434044 71 60 56 1.5996219262431497 21 1396 20 912 44 1240
1760 1.7011888906170864 2.4982568333279205 -0.62964304587392061 164 149 128 0.34923934608992369 19 2329 21 2039 20 918 43 1113
1761 1.8521708697657002 2.5105360152145124 -0.71974258973531902 159 151 143 0.33654574226423217 21 2059 20 939 43 1104
1762 1.3074484854982549 2.4876188427006407 -0.52201545250908299 74 64 58 0.29211628429253222 20 1910 43 1165
1763 1.619059371652654 2.500150398276995 -0.62094949456807391 173 157 134 0.4965611475088989 21 2037 20 1914 43 945 44 1003
1764 1.4028666874796358 2.5348863563391451 -0.86711223935811033 154 141 136 0.45800485975043603 21 3015 20 1919 43 1131
1765 1.6192918608838154 2.5022747370768927 -0.64021646543684685 123 108 85 0.57573932176486298 21 3147 20 1998 43 1410 44 1211
1766 1.2410188181939013 2.4974671722234612 -0.5818880232086493 148 132 117 0.26666519274306738 21 3079 20 2019 43 1206
1767 1.2925911220779978 2.4972082717778634 -0.56981798533227723 129 112 94 0.35341707332848621 21 3078 20 2020 43 1203 44 1286
1768 1.3054322734803592 2.4989603706494949 -0.60612312224117426 148 133 111 0.51822217467534226 19 2768 20 2027 44 1228
1769 1.6198383316264999 2.4958608833632656 -0.60215313393394154 92 77 56 0.14401713720823375 21 3094 20 2037 43 1207
1770 1.3850261493582414 2.5417186270954524 -0.91557428770241389 111 98 92 0.2840396649372916 19 2669 20 2298 44 1452
1771 1.0678759318187931 2.5196529516259094 -0.75099105523657406 181 163 151 0.80292742580861276 21 797 20 503 43 453
1772 -13.773465988807718 -1.7244647114358351 49.994685690195332 154 138 123 0.83577237176479569 18 361 43 237 44 240 45 205 22 277 23 272
1774 1.8162350844329298 2.311763262088431 0.69703617196897016 194 178 175 1.6195748521913529 19 1677 43 335 44 643
1775 1.5422869096855973 2.3042211932606018 0.78404484112242046 93 75 76 0.65939366259070598 19 1219 43 353 44 354 45 383
1776 -11.435173535676546 -1.1586350411753095 47.686542324050556 122 123 115 0.62817445905906621 18 690 43 410 44 573 22 685
1777 1.1327957004128804 2.5211114339664489 -0.74458994833425241 83 74 67 0.8424440156825016 20 538 43 589 44 477
1779 1.9091415038387671 2.3096285145600741 0.70644628712952995 194 175 171 0.96336573559192606 18 1839 43 703 45 727 54 1095
1780 1.8875778920707154 2.3272267905221167 0.54698226608208445 165 153 167 1.1860928519012002 18 2250 43 710 44 795 55 850 56 1140 46 1130 25 717
1781 1.8991699703910008 2.291366079267803 0.77941104443070119 162 137 140 0.88454194879262349 43 854 44 789 45 867 55 771
1782 1.1691590110798478 2.5225381496320995 -0.74433846156833816 187 175 162 1.7951302729482022 20 699 43 931 44 759
1783 2.0579362010742015 2.2975329691670923 0.73719075499774145 110 86 99 0.4424456421120449 19 2164 43 958 44 1053 46 904 55 851 56 1141 53 961
1784 1.3820229673027751 2.5334886355113713 -0.84357033096550493 144 137 123 0.9194649023453767 20 1945 43 1071 44 1426
1786 1.5888827372700787 2.511829749602184 -0.71243324082487325 165 150 131 0.43946674217010551 20 2012 43 1185 44 1396
1787 0.24671051462869376 2.5476799970858939 -0.66461386873773731 106 72 70 0.026707474845288529 43 1190 44 1581
1788 1.7450575559709747 2.4979102221287262 -0.65632430032208766 62 56 44 2.0959495193128146 19 2598 20 1522 43 1201
1789 1.7115083152214028 2.5034068389293984 -0.66011236197200684 71 68 56 0.29223945163806819 20 2002 21 3125 43 1215
1790 1.6340360195998602 2.5488261807391881 -0.95305753306489638 45 45 33 0.52515601637903753 20 1932 43 1238 44 1241
1791 1.613463495656853 2.5430996226510234 -0.93654771217358868 63 62 57 1.3998273682274758 19 2631 20 1933 43 1245 44 1453
1792 1.3430080493690029 2.5479694555144632 -0.92781745595130061 200 186 169 1.2680998630775442 18 889 17 824 16 1200 15 999 14 782 10 536 43 311 19 699 21 554 20 293 44 337 40 323 38 606 41 253 42 269
1793 0.19806212601648701 2.5186847841562154 -0.61634102317200212 76 61 55 1.207737702017931 18 2316 19 2588 43 1108
1794 -12.533439167304664 2.9986182329244508 38.749009638376712 128 115 96 0.54996522477948206 43 29 44 27 45 27
1795 -55.909733168494142 -1.2837351724723605 89.655165992562232 226 232 198 0.64775368233829045 19 84 20 98 21 79 44 62 45 57 24 88 46 65 23 131
1796 -14.365958331847972 -0.58822899233909054 46.755835095871127 101 110 109 1.1010863247574694 43 70 44 74 45 106 22 132
1797 0.49246864142932278 2.4402823388933634 -0.53391584490999044 54 34 37 1.0613342653136266 44 93 45 117 55 130 54 144
1798 0.86397893648553292 2.2104060183057559 -0.20084072294380845 135 119 104 0.35540880093923649 43 80 45 121
1799 -6.0456227294779934 0.76489394104414155 32.517659456431957 131 116 97 0.19115880423766662 43 73 44 128 45 95
1800 0.86964385597228078 2.224006119651174 -0.064821854693409189 39 28 32 1.5727836661735259 44 130 45 123 55 238 54 177
1801 2.1133622862828694 2.342433211975063 0.50322787441149164 106 91 88 0.65766048433476842 43 181 44 133 45 151 46 108 54 283 55 228 56 263 53 233
1802 -48.111856693638089 4.8413060587299066 74.061758134940391 213 220 212 0.89288093768934929 20 265 21 318 44 143 19 340 45 208 46 179 24 261
1803 -51.548649905514843 5.3760451513291052 87.250058136962323 127 129 116 0.91283424174434502 19 249 20 243 21 281 44 145 45 186 24 211
1804 -14.607740066526537 1.6534355300721377 38.895316511683895 207 207 195 1.4244565879136977 43 137 44 146 45 210 54 127 55 69 22 391 21 427
1805 -17.949856577428569 1.1865941192272578 42.875255583499325 195 198 181 1.3102918344050571 19 244 43 103 44 147 21 233 45 207 22 206
1806 -51.476848252023714 2.5825927802524626 91.175669835619843 139 140 122 1.0730500876171438 19 246 20 241 21 218 44 149 45 206 24 195 23 246
1807 -35.58955127775269 7.6848773119718148 61.450808211782217 122 127 123 1.2176924124706385 19 219 44 170 21 206 45 215 54 122 46 199 24 235
1808 -45.371466789102065 6.4378804138338284 78.299276725367406 207 214 206 0.82708006764341302 21 284 44 175 19 217 20 244 45 156 54 93 24 221 46 174
1809 2.0167307942734816 2.3568692999332432 0.32225403371629108 101 85 85 0.71724738289528811 43 177 44 182 45 148 54 373 46 222 55 358 56 262 53 373
1810 1.8954598153622342 2.2751056383822039 0.83724305177789138 149 125 128 1.4822501250538731 43 186 44 188 45 244 54 367 46 230
1811 1.7007932332786977 2.2703343166375132 0.99175014181363086 77 78 72 0.83997828406008868 44 191 45 160
1812 -34.73200185978687 8.6611517627342192 55.729218244445619 117 121 114 1.3492691982420109 19 296 44 208 21 286 45 283 46 268 54 125 55 91 24 317
1813 -6.7522281184031963 2.6320212053151928 33.627007258643808 208 211 202 0.46961685269393705 43 225 44 215 45 262 54 211 55 139
1814 -14.035698129319853 2.6769212676842611 38.224275525470894 182 164 126 1.1161516224369883 43 208 44 216 22 272 18 265
1815 -43.242429440869316 5.1185983110622821 54.978419295844205 141 146 140 0.4848083168500032 20 267 44 223 45 268 46 253 54 111 24 262 25 259
1816 -39.290395322965701 6.4928251954187086 58.063024276945306 125 132 124 0.63628393193310628 21 323 44 225 19 343 20 448 45 469 54 159
1817 -37.557336591378501 7.7974397623343501 57.776559874251589 135 139 132 0.74632765072919494 21 369 44 227 45 276
1818 -31.575280939888366 8.4347323621435137 59.354224962504013 147 149 142 1.0519516278753449 19 384 44 228 21 371 45 282 46 267 54 163 55 107 24 318
1820 -62.367996012748634 2.6164533172760445 79.998268806676649 181 184 165 0.40711425721552147 20 370 44 245 21 302 45 481 24 361 25 264
1821 -4.5247307578680331 1.4126401806122597 32.121457528903427 182 151 119 0.91872432851698793 43 241 44 249 45 198
1822 0.52193279380570823 2.575779594470673 -1.1885276537275615 73 55 71 1.4728215838390939 43 325 44 263 45 411 46 548 56 579 53 631 51 520 57 878 59 1144
1823 1.8559051724060984 2.3424443134611366 0.50591539416108788 89 81 78 0.72248841713467116 43 276 44 280 45 249 46 304 54 507 55 432 56 406 53 503
1824 -5.7185117722115875 2.5988988216748399 33.057878288840037 195 200 180 1.2057072604825483 19 522 43 374 44 284 45 464 22 502
1825 -40.051306715556933 5.619899291716199 56.520865097908633 146 151 146 0.63389751703272512 20 446 21 506 44 286 45 471 46 256 54 158 24 450
1826 -5.8081244662411304 3.0289509154995682 33.203058851844666 160 133 102 0.49375088182450294 43 307 44 287 45 277 22 285
1827 -35.722394165669954 6.4683255833591478 60.588086084839844 184 196 195 0.62446509045705767 19 532 21 743 44 288 45 468 46 356 54 228 24 498
1828 -34.072787992559789 7.3252826591984412 62.9557232104289 143 148 142 1.2274196757615672 19 536 21 522 43 211 44 291 45 465 24 445 46 261
1829 -38.425724221637545 6.298285799504459 54.674948378817021 174 184 183 0.65325333329272217 21 322 44 293 45 467 46 355 54 236 24 447
1830 -32.999744529906842 9.1071751105411458 54.38063715397238 183 189 187 1.0273010540894252 19 398 44 298 45 400 46 394 54 239 55 133 53 136
1831 -30.684692427925732 -4.8471047022363729 69.218694755169778 215 223 206 0.92403824307731852 19 235 44 305 21 225 45 289 22 402 23 480
1832 -60.966771726108952 -5.3872297513237069 93.133957856135709 241 251 252 1.0502248332624977 19 419 44 306 45 444
