# 3D point list with one line of data per point:
#   POINT3D_ID, X, Y, Z, R, G, B, ERROR, TRACK[] as (IMAGE_ID, POINT2D_IDX)
# Number of points: 1172, mean track length: 3.5204778156996586
1137 0.94136556474180733 4.4722001769435691 7.7229487503706595 116 116 106 0.76468912522408472 30 157 32 115 31 114
1134 1.984425047065649 3.3656287456047251 6.6083275317727477 40 48 67 0.51721023269109578 30 51 32 58 31 59
1120 0.17426704178207256 2.5464401908941521 7.2093685869777735 54 58 59 0.46364862544537128 29 725 30 722 32 909
1110 1.3347199005648771 4.3128259098978301 7.1914224168103749 94 92 93 1.0034101541425213 29 782 30 516 32 511
1109 1.3456467861605517 4.0725728180698795 7.0252350652721773 109 107 108 1.1969095139786665 33 243 30 513 32 674
1108 0.3043669535294562 2.1733694584355598 6.7916034869193638 69 73 76 0.19013455536416707 29 485 30 454 32 411 31 547
1107 1.5220632264683711 4.3728300813496803 7.0441486197456333 61 62 64 0.5708069815561172 29 595 30 438 32 406 31 358
1106 2.0442045989601509 3.5170316927786467 6.57527911574185 74 81 107 0.59274541542272374 29 477 30 431 31 394
1105 0.46492339946617711 2.9093544916812535 7.5864583267620169 154 156 151 0.95301018378717561 29 698 30 419 32 536
1104 0.9610851867924779 4.7111621223947751 7.8344717640753938 116 98 99 0.77959912608933646 29 280 30 396 31 261
1103 1.9940631767948822 3.3624575643966579 6.8005505874383951 36 37 43 2.0221702200226304 29 357 30 364 31 501
1102 0.84596231840881764 3.0399814134768692 6.7567582310552732 97 99 94 0.37911241317537531 29 294 30 337 31 303
1101 0.68125587997118009 2.9547104043535506 6.9613732622940221 63 63 63 0.74305279721175677 29 468 30 332 31 490
1100 1.9395357280722687 3.4776316452027927 6.7581847562409916 56 57 60 1.4604280693733909 29 426 33 173 30 311 32 399 31 503
1099 0.77727760055315376 4.3410709895763713 7.6737296729670286 107 106 108 0.44975588783090847 29 362 30 309 32 290 31 359
1098 0.81914087195448571 3.2719032740782441 7.1888289684674795 75 75 75 2.2101726108724762 29 428 30 262 32 493 31 495
1097 44.124773769789442 -7.8857107726987152 43.340308978334015 119 119 119 0.34421160062813067 29 178 30 245 31 277
1096 0.21946420665326274 2.7705797790937967 7.4115325846370697 48 49 53 1.002435487313605 29 275 30 206 32 250
1095 33.435233434089959 -11.812193322020491 48.656065140380186 80 80 82 1.5248064733706099 29 173 30 201 32 203
1094 33.906924963959348 -11.247714480314142 48.197948332766536 120 111 116 0.30805675820923661 29 172 30 199 32 204 31 196
1093 0.77215498635243296 3.0253908361089854 6.7661785767874694 99 101 98 1.6851672213627855 29 296 30 185 31 304
1092 0.57916643557592373 2.8567503420630818 6.9814557808406992 45 45 47 0.70081767623966285 29 142 30 167 32 158 31 159
1091 33.364622881536839 -12.668135037113393 49.408954991640279 126 125 130 1.1181566836906955 29 83 30 156
1090 26.304619164045192 -15.130321898178874 62.227648902511035 102 114 138 0.49629233524336991 29 84 30 146 32 133 31 141
1089 32.868137094827503 -12.847058313119733 50.54794503281552 123 122 128 0.37267969885433483 29 133 30 145 32 145 31 195
1088 40.652475885053079 -10.79235382455008 43.62098122133272 115 113 118 0.7548813091738612 29 131 30 142 32 202
1087 41.863006085705081 -8.6299754881298512 36.623148135322843 62 63 68 0.62700439818274345 29 89 30 141 31 140
1086 43.716670953157511 -6.3357176992110196 41.004451923230803 119 117 115 0.51578898473021273 29 82 30 140 32 135 31 131
1085 20.790457257888839 -8.4076323377809015 52.81975269679463 80 60 71 0.72072278814848945 29 121 30 138 32 156 31 153
1084 32.10781370144214 -10.157972968196884 54.943566647601152 88 85 96 0.69174200401941432 29 126 30 134 32 136
1083 48.486699723614869 -9.8487551150294497 44.333857337325092 76 76 88 1.2261869334992417 29 91 30 131 32 143 31 130
1082 36.362144976073012 -8.258824422624425 44.129928408434537 111 109 112 1.0579631408823411 29 93 30 127 32 140
1081 45.916801279141922 -6.7695452989135516 39.469446307343148 116 116 119 0.21839695756667998 29 122 30 126 32 137 31 139
1080 1.116224051159969 2.9002211521911625 6.6226932826791298 56 56 58 0.85888976586826216 29 143 30 116 32 120 31 160
1079 40.614389179875651 -11.334972651498862 42.78674232985793 87 71 75 0.39962044714415695 29 85 30 103 32 106 31 104
1078 42.454756230452084 -10.67769380409 43.017169885347109 141 142 144 0.4506209645153631 29 86 30 102 32 103 31 96
1077 28.163645557547106 -13.920995618424316 63.351337428922129 102 120 144 0.58671992026369202 29 61 30 100 32 97
1075 38.182571398151467 -9.8341222221758624 43.493041584132762 86 80 84 0.74256977337977181 29 79 30 98 32 100
1073 42.930406983555379 -9.1952271066470725 43.252258906441831 152 151 149 0.76079831990069269 29 92 30 95 32 99 31 92
1072 39.44899730724147 -11.807548981104388 46.980252937128988 137 136 142 1.3480222261852248 29 73 30 81 32 68 31 86
1071 44.587082632850354 -7.0666293697536524 40.07036791148488 50 50 58 0.87586904114832764 29 38 30 63 32 72 31 76
1070 21.265187401200926 -9.6627087987805069 56.377573551247437 160 160 168 0.80589447273831727 29 39 30 61 32 74 31 77
1069 44.888119520531511 -7.4698943356178331 37.654467674100125 45 44 50 0.5725397998985311 29 32 30 60 32 70 31 75
1068 29.729200870869818 -12.251197510567454 59.434583503090408 131 97 111 0.6781893542867401 29 52 30 59 32 71
1067 35.137037128540214 -10.942962073647603 47.985566882936638 85 78 85 0.49328454916882181 29 36 30 54 32 41 31 74
1066 39.534551375245371 -10.818282940002252 43.467986787147524 105 103 104 0.92458710281030987 29 20 30 20 32 25 31 28
1065 45.377228119821325 -8.0529510041629582 39.725842301141917 54 52 63 0.80171355109867171 29 10 30 9 32 14 31 16
1064 0.61796807958144062 2.0939368655425459 6.5604178279125005 128 131 138 1.1975213854446831 33 693 35 616 27 429
1063 0.69815582129886289 1.9240252530133422 6.551710334923655 67 81 112 0.54740565171576228 29 516 27 408 32 630 31 574
1062 0.76013603816879638 1.6551742326830401 6.619341697826246 92 93 98 0.3302489527748802 29 921 27 374 30 882 32 963
1061 -0.056316342150477747 2.7989729013211582 7.6156152091692739 124 125 129 0.51628582047410376 35 388 27 198
1060 0.70626951518093239 2.6532015672747224 6.8788924431523437 31 31 39 1.1229270660739199 29 451 27 184
1059 0.86713481361434586 1.6014428775333611 6.7720716047895042 161 160 165 1.4853902582822238 33 239 27 146
1058 1.6131579130575655 1.8082684454843247 6.3060582899834063 65 68 102 0.32564081032648606 29 298 27 145
1057 0.69442359176515345 2.7406748541756034 6.7638180515697419 128 129 133 0.91144277144654351 29 228 27 109 30 155 32 182 31 190
1055 1.2986936959980868 3.8220179823681688 6.9355158865506956 62 63 65 1.2177683100027719 29 29 27 28 30 14 32 19 31 22
1054 0.97758079543741128 2.5253390837133534 6.809341619040139 53 56 65 2.3960531298046437 33 0 27 0
1052 1.7668018011381386 3.5858907035129635 6.5896548227509326 153 156 157 1.2394168945175368 33 433 29 1061 30 665 31 849
1051 0.90856750750002691 2.9865715987120116 6.6658337298828814 113 111 110 1.0706736257553482 33 669 29 1051 30 727
1050 0.71242542361503414 4.3554144971421795 7.7866004484990325 59 59 59 0.41629073266253847 33 525 29 1006 32 556 31 628
1049 1.8850864648394996 2.524167444949267 6.5471298349949718 98 105 134 0.59251197160160496 35 496 29 957
1048 0.33108724416349172 2.1507630414143142 6.854453949336806 71 74 79 0.51889393667822636 33 602 29 949 32 791
1047 0.92790686777211195 1.6924304618145174 6.5073933553823222 142 146 152 0.54475524715373691 35 533 29 924 30 884
55 1.5386063745379164 2.810655587744372 6.4562134061604244 25 30 36 0.50139776145928938 39 163 37 193 40 161 38 202 36 179 43 134
1164 0.32571893266746266 2.0811009215617173 7.1580546912603111 62 63 68 0.80294919383052632 30 450 32 326 31 340
52 1.1914182312081185 2.7005679948333299 6.2207277556568652 100 99 98 0.1323475508574454 39 159 37 196 40 169
1161 1.6171113290629548 4.6166753443602211 7.0693685903580112 79 37 43 0.49465223641131634 30 316 32 302 31 362
38 0.53759779580647393 2.6776282789233083 7.174590012865746 87 87 87 1.8269317816264881 39 114 37 197 40 117
1147 0.28041612251107051 2.2172498295048633 7.0631763207590224 53 57 60 0.25766294060181033 30 233 32 216 31 211
59 0.43228388676610291 2.7008650682746591 7.0766915325911377 23 40 63 0.7068340138477992 39 169 37 203 40 167
1168 0.62276097276207554 3.797643558511397 7.4839663335664417 49 50 54 0.5000884283195266 29 438 32 370 31 356
1141 1.9684811199960259 3.1102092719726389 6.4499270831288005 75 75 77 0.47336571939152416 30 184 32 174 31 181
32 2.0749437255191543 4.7950913505358486 7.6366844452553986 137 130 124 2.3439822412761 39 105 37 84 40 74 38 87 36 126
58 0.24677408685970328 3.0126757542971254 7.2877861008694991 143 144 138 0.48021769771184841 39 167 37 192 40 261
1167 0.59735940163864165 3.4374972770335916 7.2423620663432242 28 29 32 0.36225773266644151 30 308 32 366 31 291
1140 0.62122953562948979 2.2949102404830803 6.5202184544009372 74 74 72 0.2071108359632973 30 171 32 171 31 168
31 1.4644587672681424 3.9528919162159082 6.8595959671828473 100 99 95 0.34024304248022541 39 104 37 177 40 106
57 1.4166585646251888 2.3965613375835502 6.409396375747284 32 34 42 0.5802030435257961 39 166 37 252 40 177 38 205 36 182
1166 0.61470007896072554 3.4044064448808511 7.1986483910284056 78 79 83 1.0828459252836764 30 312 32 365 31 390
1139 0.91807913319255918 3.4075226541661459 7.3086500606765261 132 131 126 1.022945836619529 29 160 32 157 31 116 30 115
30 1.5389363824619655 3.7941382304723077 6.7726043516692274 32 56 50 0.39885401434006679 39 103 37 176 40 72
40 1.5746598616572738 3.6553386340639005 6.4295774584443945 41 48 45 0.20009941073365384 39 139 37 303
1149 0.56257901286898937 2.2078278911576064 6.4720626781938488 32 30 31 0.3939905683453449 30 211 32 222 31 208
1122 0.029709645554861011 2.9678466026379056 7.5411449780904274 153 155 168 0.61617941378739716 29 1044 30 725 32 544
13 -2.2137490427884212 2.2034944281327622 16.12810366784467 138 138 126 0.61815244167444861 39 51 37 40
39 0.3618722102466877 3.2364824270601482 7.0881713549306617 59 58 63 1.5960876132267969 39 116 37 125 36 133 38 125
1148 0.65293580283196306 2.3339483625284316 6.42019709347759 29 31 30 0.42898665607720199 30 280 32 217 31 209
1121 0.25360974899730532 2.9944471937831261 7.4673770272466635 50 51 55 0.48291022484952206 29 1048 30 723 32 542 31 500
12 1.319331498812107 2.7346030119658868 6.3342355358648703 30 37 56 0.62701620919218204 39 44 37 74 40 55
552 1.6423649967396339 4.2640797474041845 7.1322658606869949 90 88 87 0.19509950274821855 37 1248 38 971 36 995
37 0.082567426915992559 2.9465235562958529 7.4383297351310729 48 53 60 0.49019951724600425 39 113 37 128 40 83
1146 0.66327016870122768 2.3261836077261742 6.6940255601457741 20 26 45 0.5880476650903389 30 249 32 215 31 176
1119 0.63384192864059652 2.8658560422204613 6.9407016095861644 91 91 93 0.89351240695537171 33 673 30 700 32 873 31 704
10 0.72919179094735365 3.7234208568823886 7.2730335975057869 46 50 53 0.77279410641429247 39 34 37 58 40 50 38 62 36 66
551 1.2076441447536195 2.7418141471539776 6.1875617138136247 105 106 108 1.2851371554374931 39 476 38 962 36 923
36 1.8690747501674783 2.9833142072123935 6.381020177178649 30 48 83 0.2005471339618278 39 112 37 126 40 116
1145 1.0803557784582618 2.1163825978472754 6.4020989850891006 24 42 79 0.63012158744875213 30 209 32 193 31 206
1118 0.86983181663618947 4.7728461828596291 7.7409973738421733 120 101 105 0.72589240993015991 29 1092 30 670 31 395
9 0.48321835298747223 3.4960650813071479 7.140239846124202 146 146 138 1.282686737157007 39 29 37 42 40 19 36 46 38 33
550 1.4980423264946088 2.7604078370535925 6.4460735991189857 31 32 39 1.1207652074169829 40 930 38 959 36 950
35 0.73153242309439881 3.4167975608089538 7.246162000942574 34 37 42 0.21155814500925119 39 109 37 122 40 112
1144 1.6259434886556443 4.5033733988988525 7.0559540314020213 132 128 120 1.2909677954349279 30 158 32 191 31 152
1117 1.7652853443224115 3.6177103571272329 6.6225473743407992 54 58 67 0.45301804628323161 29 838 30 663 32 651 31 566
8 1.2907954766273941 4.6837077442328425 7.4651642116671226 118 115 109 1.1682843947960089 39 28 37 24 40 18
549 0.24680662964445771 2.4686949211554463 7.062072721594582 69 69 71 0.85643232493040422 39 1309 38 886 40 584
34 1.6456736525479649 5.0121927425481916 7.3060405919110103 120 119 111 1.354548910442616 39 108 37 184
1143 1.4268895821504899 4.4104974576171854 7.260995082610969 72 71 69 0.15799718493181467 30 255 32 189 31 186
1116 0.73193066537085938 3.9939108376608528 7.4914047874913487 102 102 102 0.47041188617029911 29 598 30 656 32 861
7 1.1256308843970884 4.1192509381871529 7.4613577889547695 137 137 129 1.2068080385759972 39 18 37 27 40 14
33 0.71852809157715369 4.8678424553722417 7.6809454421545036 124 127 116 1.2800805545335379 39 107 37 117 40 146 38 77 43 55
1142 0.61264387725442004 3.2281229020617723 7.1786127232548695 31 33 30 0.99098916106435431 30 189 32 186 31 183
1115 1.2049498984118898 3.805757495700953 7.0829150057735868 82 85 84 2.1380457708244114 29 786 30 653 32 642 31 1111
6 -0.073035209216664412 2.7353221011959463 8.8508287010500091 54 57 65 2.2555879567332942 39 10 37 14
547 1.3031236358355101 2.3659582168957103 6.3549646531030577 93 96 94 0.82999685097730802 39 840 38 840 36 1041 43 799
1114 1.2499704862866461 3.9944041544159061 6.9819853137683943 110 108 108 1.3805274041587949 29 845 30 647 31 451
5 1.8254105556589069 3.7875429252335322 6.596860764952182 145 145 135 1.3815946543503688 39 9 37 16 40 10 38 11 36 16
546 1.6565746956052267 2.549740005895953 6.4674111962523071 83 83 85 1.075935911994264 37 914 38 754 43 716
1113 0.22319234902819876 2.4370588746074069 7.0596790873749971 84 84 92 0.49261452822105867 29 508 30 618 32 578 31 413
4 0.88015837001167829 4.6531028860076624 7.8653012025278546 90 37 53 0.32608669011400454 39 8 37 17 40 11
545 1.6160042598355691 2.4996415901429403 6.4329624569080783 106 108 103 0.4114606525391114 37 709 38 740 36 632
1112 0.2309094244977459 2.9019229029313922 7.3834292287022185 90 91 96 0.42592415992319332 29 1020 30 538 31 492
3 2.1133422732014138 4.8888702220760445 7.0163253971080755 139 135 128 1.328510349807001 39 6 37 12 40 13
544 1.5490540356328504 2.5827265547962814 6.3851225215148348 104 106 103 0.59359450130334013 39 1241 38 732 36 949
2 1.9479791347704258 3.354890811608743 6.8357922351545266 39 58 91 0.40091645697617123 39 5 37 15 40 5
1111 1.4494860617607761 4.4821194347096949 7.2936219899741852 72 68 69 1.3887841964894456 29 1004 30 520 32 499 31 467
543 1.5804957599541802 3.0005843103294545 6.5341171614754971 140 138 142 0.98926897103693268 37 888 38 704 43 527
41 0.74988613520024927 3.0024117691301626 7.3110765018601107 93 95 90 0.88913086310508871 39 140 37 191
1150 0.31605359781431785 2.060607419595534 6.9862524004596542 59 64 67 0.39910493300527894 30 210 32 223 31 221
1123 0.91258043018879142 1.6830563433222794 6.5254738923889173 87 87 89 0.30639479370462208 29 923 30 883 32 764 31 925
14 1.0159317869596836 3.4905638847753808 6.4075363863265578 84 84 84 1.9868090621326482 39 53 37 60 40 52
42 1.411555501948107 4.1925428448873143 7.044293610531148 89 91 88 0.60363119829576484 39 142 37 169 40 151 38 152 36 146
1151 1.4823586095619925 4.4910768897210183 7.1950665255173885 37 35 38 0.3683635462939705 30 254 32 240 31 235
1124 0.76283887836839626 1.8187260088649364 6.5973665478323573 51 51 59 1.6161138555681802 29 889 30 945 32 1183
15 1.7352937484149145 3.5570566205775083 6.7113770141718927 36 44 63 1.2888486698248087 39 54 37 59 40 51 57 67
43 1.4075536023688442 4.7048564472228005 7.2778120490054103 118 115 109 0.33181253865302524 39 143 37 182 40 147
1152 1.7198802303648555 3.7094182581716697 6.7832238108214558 135 136 130 2.3247717256953249 30 246 32 243 31 354
1125 0.34465568686084069 2.1225574857129592 6.8654960963006753 62 65 72 1.7876783392272417 29 1134 30 995 31 737
16 1.5284743227782775 4.8351822604440562 7.1904241046708615 81 39 46 1.000216853236148 39 56 37 55 40 47 38 65 36 48 34 53 35 36 33 45 29 54 27 45 30 50 32 53 31 42 42 44
44 1.9738536398237707 4.6530813942617213 7.6508178997860297 115 55 67 0.85627460373074094 39 144 37 181 40 103 36 148 38 153
1153 0.59454450487945998 2.855699324261507 6.8135544350738568 80 81 75 0.55398159667023072 30 222 32 248 31 180
1126 2.049546474027911 3.636142709044051 6.6334267811238954 150 154 163 0.67462354017881732 29 994 30 1055 31 1030
17 0.73517388558180374 4.7315052386852123 7.7928284652328603 78 38 46 1.3513915828792236 39 59 37 83 40 73 38 63 36 89 34 51 33 69 35 55 27 47 32 52 31 41 42 51
45 1.6764874597315957 4.3711905067324492 7.151589504958924 132 134 129 1.8238392241956356 39 146 37 185 40 149 38 208 36 315 57 96
1154 2.1921684018492882 3.1325969628866472 6.8046591454622787 59 74 112 0.02388006910327771 30 422 31 217
1127 1.0695129187610868 2.9019800319920095 6.6831761074699871 83 88 85 0.96429299492920251 29 695 30 1074 32 887 31 699
18 0.56155537267490252 4.6035342725795436 8.0343658924648516 130 130 120 0.90070490832154604 39 60 37 82 40 104
46 1.5364407273212595 4.2707735659377928 7.0593532006511204 126 126 128 1.2700028580006533 39 147 37 179 40 150 38 132 36 147 34 138 29 163
1155 0.34394348680225445 2.0745823230485123 6.7865472465216738 99 101 111 0.55936905790968849 30 272 32 261 31 330
1128 0.71907935584736393 2.2339187523069679 6.3378595847519801 126 125 124 0.36851003515205094 29 521 30 1099 31 722
19 1.898712702455021 3.5791915950465012 6.6202127943216755 141 142 135 1.8039922633155261 39 61 37 119 40 109 38 89 36 128 58 114 56 138
47 1.6874363123523759 3.3394624549368763 6.6512809310519208 139 138 133 2.1049084544512953 39 151 37 173 40 153 36 200 38 190 58 121 57 161
1156 0.28319581056810655 2.5544037557558554 7.1289888046058802 61 61 71 0.39639480990343112 30 385 32 271 31 260
1129 0.93373103219675591 2.9715084239577627 6.5815055166014478 54 54 54 0.81999438499719024 29 823 30 1114 32 866 31 832
20 2.0615822958740204 3.5331305855457233 6.5919663880394115 47 58 88 1.1011713439476354 39 62 37 80 40 70
48 1.8535555479365216 3.1191156260377677 6.4299885040298008 72 87 120 1.0903910135055939 39 152 37 188 40 156 57 129
1157 0.78929773246900736 3.5375717069457115 7.1719153089559233 83 82 80 0.5952743944247938 30 320 32 294 31 289
1130 0.07912042166767376 3.324001323278746 8.2377865785520719 113 113 112 1.8012205385700262 29 219 30 261 32 292 31 292
21 1.4551901262947622 4.9691581547620203 7.0791543559570194 127 127 119 1.3175399406855881 39 64 37 85 40 75 38 72 36 68 43 34 34 54 33 44 29 110 27 46 30 82 32 81 31 113 42 41
49 -0.040074110813881826 3.0508419663682402 7.6629118067808077 139 140 131 1.477324436265085 39 153 37 190 40 113
1158 1.4603408026154587 4.4010670816151736 7.0435419116095126 109 107 110 0.6715741522232429 30 519 32 297 31 284
1131 0.9830434465734027 3.3169391103049963 7.0715659552633188 133 133 123 0.73562153361462768 30 12 32 18 31 12
22 1.393800088084429 3.0322913313790303 6.3899077782969211 38 54 96 0.81536108255260797 39 65 37 78 40 66
50 0.74644316216243223 2.8451106901383847 6.7655004286248701 80 31 41 0.68282718369576223 39 154 37 127 40 158
1159 1.370031207917729 4.4551377000075991 7.2684140212599662 130 129 125 1.1426486399055173 29 369 30 340 32 298 31 236
1132 0.70634453617254356 2.1326952857044281 6.4440290804994609 129 131 125 0.20884907724446858 30 33 32 31 31 40
23 0.40058965797484641 3.0128836733596338 7.1986185689275981 53 53 55 0.64562020456353075 39 66 37 77 40 67
51 0.29405301643817744 2.4408897943371963 7.1625708276439832 28 29 33 0.3132606244310126 39 156 37 199 40 144
1160 0.91393609231607498 4.4034242285802749 7.7044077257588492 117 117 107 1.1813679846115801 30 392 32 300 31 360 29 779
1133 1.6913870162606341 3.5741189764212375 6.6885862526346376 64 68 72 1.9035811352583438 29 71 32 48 31 84 30 77
24 0.54911203443241974 2.5409567664507091 6.8471960774404854 19 26 36 1.7385079171459408 39 67 37 132 40 102
53 1.6140576497615273 2.732687928690213 6.3971708844462452 129 133 129 0.70658152982276901 39 161 37 195 40 162 38 144 36 180 43 123
1162 0.0045841768627794379 3.1194706001911534 7.83407198195132 86 85 81 0.31912973540681977 29 359 32 307
1135 1.0696654197170676 2.0533957997517183 6.5820186951482436 17 28 50 1.8367243400836346 30 69 32 78 31 126
26 0.77777546364816519 2.0866210136381134 6.5419611902314214 70 74 73 1.3915671796907632 39 70 37 46 40 60
54 0.28773128446661128 2.7208278640684731 7.390023192859311 84 86 81 0.40990188601619981 39 162 37 204 40 160
1163 1.0862465373750925 3.3861286167937679 6.8932282416796093 131 132 124 0.66975879608009536 29 849 32 308 31 296
1136 43.713371521197338 -8.3866682623935365 36.886025413980676 102 90 76 1.5718824128057254 29 90 32 101 31 98
27 1.4665531331535946 3.6233759492767388 6.293097605574995 63 64 68 1.4397021436088355 39 83 37 118 40 108
56 1.3459974811831026 2.807156502286797 6.5718990000747386 30 37 43 0.36341151596542093 39 165 37 194 40 159
1165 1.1689297832288146 3.5206778723109258 6.9105638190963568 37 37 39 0.62732332217186937 30 529 32 364 31 384
1138 1.8222289644590277 3.2676295094122296 6.634703253538242 136 135 130 0.53914405418458189 30 153 32 119 31 118
29 1.6837604083204079 3.7291880354208033 6.7031198625166066 145 145 135 1.454010344209036 39 102 37 175 40 76 38 192 36 207
60 0.28906299261862112 2.6113473854658693 7.2816208267639224 40 44 53 0.19093703399908671 39 170 37 256 40 168
1169 1.9023919340073103 3.5083112634855143 6.7624630361742755 140 141 139 1.2335887724076926 30 549 32 371 31 597 29 570
61 1.0095696032758184 4.4528802525813349 8.0221570660498358 115 116 111 0.31909347875761618 39 174 37 214
1170 1.146661749234031 2.9806306130518401 6.6275471780569397 78 80 79 0.15630730687238328 30 420 32 381 31 383
62 0.87961323494704124 2.3036970534684795 6.4050882317908542 70 72 75 1.6007903048566179 39 177 37 151 40 178
1171 0.66150226012932234 2.8057183009877513 7.0642700677527577 78 78 78 1.1526295710292507 30 532 32 386 31 329
63 1.2614506540219996 2.2672785641085258 6.2793469576123346 103 105 101 0.8421503031343045 39 180 37 245 40 170 43 63
1172 0.27980180867478149 2.5834005703317962 7.2313374816205132 16 16 24 1.0982901450459597 29 629 32 391 31 320
64 1.9777364087471281 3.1046531111063245 6.2591090173310402 38 38 46 0.15310922701632426 39 181 37 187
1173 1.9348492682575027 4.8633199125816651 7.4023460060200685 123 112 108 0.86586038274240451 29 781 30 485 32 400 31 287
65 0.64438927085478126 3.3143190173034163 7.3113860454911501 145 146 138 0.81033003301910023 39 183 37 308 40 142
1174 1.4709933108291879 3.5477909048037288 6.9195445297160907 55 57 55 0.43089854192147603 29 576 32 402 31 396 30 545
66 2.0623882876471096 3.3339389620474589 6.5288510664225718 42 47 49 1.2289402885052436 39 184 37 210 40 181 38 260 36 268 43 222
1175 0.83338889912307246 4.5849958315862906 7.7669969264143548 98 96 91 1.3161621775356134 29 810 32 412 31 471
67 2.108889232972929 3.4118517611421613 6.5672018765978484 123 126 119 1.169617123789547 39 185 37 224 40 182 38 262 36 337 43 219
1176 0.35313600291467451 2.0583675385566584 6.8666484984422045 14 16 28 0.63567502398486109 30 446 32 418 31 727
68 0.71329814329107011 3.5413199410632528 7.2277666492484594 87 88 90 0.78120021476232426 39 186 37 211 40 140 36 175 38 148
1177 1.9174979313819427 3.5624798850445831 6.5829263540956751 141 140 136 1.1847391288449558 30 547 32 480 31 478
69 1.145172569939914 3.5179519718899672 6.533070407834229 27 29 31 0.78373359380022745 39 187 37 212 40 183
1178 0.010914152104631208 2.1212374153253206 6.89149265392681 31 33 32 0.94387770870111642 30 379 32 489 31 405
70 1.3697898852496579 3.6317453340527353 6.8008380028412505 97 100 99 1.1100285793929749 39 188 37 317
1179 1.4301965449023486 3.4423407824730883 6.9435202299894412 103 103 105 0.83172675948012764 29 577 32 491 31 493 30 713
71 0.85378698935610997 3.7376350411601833 7.3174599573552204 82 82 80 0.87950534251199053 39 189 37 213
1180 1.8902473458384974 3.4768933954486783 6.6483222762702692 140 142 139 1.9045301030323625 29 580 32 494 31 855
72 1.3536759558276963 4.0207380614957797 6.9730508268120195 51 51 51 0.46791441119255023 39 190 37 301 40 244
1181 0.30145849899304095 2.2728100681400485 7.1740192013437234 17 19 21 1.1196218435851004 30 568 32 495 31 534 32 567
73 1.1032926411126827 4.5315352754475295 8.2944270199176167 99 53 59 0.58203152131229474 39 192 37 215 40 186
1182 0.7802518868656837 1.6322438273379134 6.4769012325924269 80 83 82 0.73023264175730362 30 472 32 506 31 476
74 1.5357635592973102 4.4504141985981018 7.1129974275001899 30 29 27 1.1704096413547675 39 193 37 216 40 174 38 194 36 245 43 164
1183 1.0989274882196327 2.7415838737066247 6.5236258263201305 95 99 98 0.96104630839187577 29 454 32 509 31 258
75 1.5987555132246951 4.4823551480674775 7.0132398108357386 127 127 127 0.1587498190398898 39 194 37 202 40 187
1184 0.7094358966638713 4.1153205969171607 7.9033086829813399 129 130 124 0.33291670819327579 29 367 31 285
76 1.688706202489318 4.5465174735342258 7.1718913739498236 56 54 55 1.0300863693289923 39 195 37 217 40 188 38 195 43 163 59 114 60 79
1185 1.2250309693383883 3.9410791211996834 6.9857958802330566 84 86 85 1.5727472338416877 30 509 32 517 31 463
77 1.3995519352143988 4.903330476548696 7.2486788999160474 116 113 105 0.71423545803978206 39 196 37 221 40 189 38 241
1186 0.69836047320336714 2.6714273104167665 6.7923800663622877 20 16 15 0.78126534040847684 30 467 32 537 31 421
78 1.6228880764763576 2.6448978366008649 6.3773517978918441 17 28 32 0.53555675522612489 39 199 37 292 40 171 36 260 38 211 43 234
1187 0.21545606408273277 2.9522683573096482 7.5006572816154904 64 65 59 0.89681917067172379 30 424 32 539 31 374
79 0.82942891863055901 2.2138522137431345 6.4752721405594587 40 40 48 0.75559763167753558 39 204 37 253 40 194
1188 1.4349472530902645 3.7002520651317852 6.3310260750349867 76 77 67 0.33499186653713692 29 606 32 541 31 460
80 0.3968292405251731 2.4297917049300377 7.1263850164380314 86 85 94 0.43084839588048524 39 224 37 267 40 279
1189 0.012305535546867911 3.0349365319079444 7.649173034426676 137 137 135 1.0887408077798608 29 464 32 547
81 1.4626618429852802 2.6062969837991932 6.3944948153629815 20 23 30 0.41203714930577784 39 228 37 270 40 211 36 242 43 132
1190 1.405345035846971 3.6967448386255128 6.8293997690160353 63 63 61 0.45478166479625654 30 658 32 552 31 461
82 1.0923082162779414 2.1125294305220228 6.4067770011206342 44 59 98 0.35879343995948393 39 231 37 258 40 222 38 145 36 188 43 107
1191 0.56100129961078027 2.2169888781829492 6.4001912077514964 85 85 83 0.71437606453342894 30 571 32 572 31 981
83 1.0213009490763796 2.0706661232887149 6.5168216265812422 16 30 65 0.89560641018410803 39 232 37 291 40 223
1192 0.83244803987019478 4.4112785536125125 7.6478638092013194 58 58 58 0.27501988584720666 30 839 32 611 31 776
84 1.4689856237437591 2.0430375082870036 6.2908003321149755 26 32 58 0.9006667029493558 39 236 37 263 40 224 57 184
1193 0.76167303965561262 1.9721115171985892 6.4569212140181076 24 29 30 0.27556956570658048 30 629 32 617 31 571
85 1.8601052662965005 4.8168727909925195 7.2982094927134913 109 109 101 1.4362730692956478 39 247 37 220 40 322 38 196 36 206
1194 0.99922909996297293 2.1531547213271098 6.3331659788826666 37 49 87 0.7498471594352657 30 448 32 619 31 399
86 1.5649230468995063 4.6991601033902457 7.1267920300282963 120 120 116 0.65758833720417109 39 249 37 293 40 237 38 242 36 244 43 162 59 204
1195 0.70035898969120147 1.9664762935777138 6.4844474611528504 23 25 25 0.2854771899998208 30 556 32 626 31 570
87 1.5552347352338287 4.6064272370880852 7.1347649875279435 100 90 89 0.55311259314177974 39 250 37 294
1196 1.5790731520446564 3.6073828831961126 6.7070031342355438 134 137 128 0.54029451184190436 29 572 32 650 31 593
88 2.0678985533815193 4.6570710854035973 7.5497566927718482 137 132 126 0.0068722576436826581 39 251 37 218
1197 1.1240123846690235 3.4789356762446242 6.8153620882205432 77 77 79 0.23716187662887211 30 546 32 652 31 479
89 1.4058377579911592 4.476470585436136 7.2202499232484039 74 68 68 1.7784285247178568 39 252 37 295 40 239 38 244 36 316 43 212 34 226
1198 1.3972111700750633 3.4850767940331067 6.9702529695136617 30 30 32 0.32586366765809632 29 851 32 655
90 0.86566147086255552 4.5630183662852462 7.9135272477758711 112 101 102 0.35533805470470625 39 253 37 374 40 315
1199 1.4213869203729947 4.6196538007755628 7.2039217134146192 101 91 89 0.93373268543529786 29 1099 32 664 31 1124
91 0.91885977483155923 4.488454083890093 7.9158203948310906 45 30 31 0.83929286155001648 39 254 37 362 40 240
1200 1.5878188712578138 4.3558009315297159 7.0986310821226084 119 118 114 0.61321927846806923 30 515 32 669 31 782
92 0.88003303260843846 4.4012906360800557 7.5831577613365901 112 113 112 0.37106372794765274 39 255 37 297 40 241
1201 0.69377297910448221 3.9871334034439712 7.5086450932091093 91 91 91 0.86370752518082361 29 599 32 672 31 1100
93 0.80578520895882255 4.3836191959371256 7.7102068265175197 32 32 32 1.495333352450444 39 256 37 298 40 242 38 254 36 325
1202 1.0364966784745349 2.9299167210585551 6.6358448682701283 32 32 32 0.48433425672246438 30 1072 32 677 31 658
94 0.64843098265521582 4.3569969375516715 7.8057410950973445 68 69 63 0.40187747027948212 39 257 37 300 40 243
1203 0.18152541424002069 2.5067267123845176 7.1309720389338036 77 79 78 0.25533792330251698 29 720 32 694 31 647
95 1.5656638850268223 3.9606688507426151 7.0951505414312281 54 58 61 0.55898765614794577 39 258 37 345 40 245
1204 1.1830683201149554 3.2329275958301951 6.8194703272750647 62 62 62 1.3891922715375493 30 551 32 703 31 1057
96 0.52147989647825288 3.791668076256185 7.7313902623849504 141 140 135 1.2634557028310647 39 259 36 333 38 324
1205 0.29273510783597739 2.9657134006790988 7.5233979540847091 74 74 73 0.43391697317987665 30 557 32 708 31 607
97 1.7670834057332503 3.6483301168379385 6.8980003403844696 50 53 67 1.0223774310368874 39 260 37 174 40 252
1206 0.91526443855754736 2.9742937668357508 6.5925728705932176 108 108 106 0.10743871216223048 30 728 32 712 31 831
98 1.4325618440000414 3.5485672855693506 6.2851730181073435 51 55 58 0.90452223514019747 39 261 37 365 40 250
1207 0.66026139281401586 2.0161471417574224 6.6070239100983486 25 31 55 0.63423724534577852 30 386 32 737 31 446
99 0.53724645867442533 2.8610689193219345 7.1413093140775104 144 145 140 0.72642700905778856 39 263 37 229 40 217
1208 0.84604980030122223 2.7948558894884519 6.6655596313745722 50 30 29 0.31961676388055721 30 780 32 749 31 867
100 1.3546368092837704 2.982651883342303 6.2604777740967297 9 23 58 0.50020537655336839 39 265 37 208 40 218
101 0.48776322976931397 2.974730543839927 7.1179340009910295 53 53 51 1.1439854654419588 39 266 37 290 40 411
1210 0.72203867626165064 2.2168143201010921 6.3136009993175337 28 28 28 0.42413135446721334 30 572 32 798 31 978
102 1.3797805088522481 3.0613217880759982 6.1010966718807209 14 20 44 0.38083537577072618 39 269 37 313
1211 0.28206409721501308 2.1705168104398216 7.0391332015466315 30 33 38 0.48455546428442026 30 1100 32 805 31 744
103 1.5513641866867027 3.0743617166402508 6.5933154419568227 131 134 126 1.4069665123257364 39 270 37 314 40 234 38 134 43 128
1212 0.71290985126532458 2.314735108650241 6.4149941009764921 81 79 77 1.6096814539851116 30 733 32 806 31 542
104 1.0964310408579749 2.6186724406732922 6.6900319901371823 20 21 26 0.89170591832435198 39 271 37 237 40 281
1213 0.29983675609133437 2.2262723195732299 7.065450958054142 71 75 78 0.45617695048898516 30 561 32 815 31 827
105 0.57082675784090942 3.3714416540840073 7.1013966554691947 78 77 75 0.82096447993613664 39 272 37 307 40 253 36 331
1214 1.4842765671032894 3.6776594195281218 6.4168340302107278 51 53 46 0.52267084402355868 30 778 32 825 31 601
106 1.2469226652765824 3.5000825835754692 6.6957427806184038 24 25 27 0.98952951126691457 39 274 37 447 40 251
1215 0.68191800679180326 4.3562574344917921 7.7795158316733648 101 101 99 1.0670654021365227 29 1003 33 527 32 853 31 1117
127 0.011393454259351217 3.0110494025696788 7.4994581000499583 143 144 136 1.0193680582123212 39 324 37 471 40 413 36 210 38 203
1236 0.97035620117519172 1.644817773788706 6.5515301178353722 186 186 186 0.40036989167918219 30 351 32 460 31 428
258 0.77966835881520535 4.3367645552771057 7.67453296252316 91 92 87 0.71040903604575167 39 771 37 617 40 533 38 532 36 418 43 303
259 1.678919254762975 4.2351612658998992 7.1065593773114957 140 139 137 1.2623731852434985 39 772 37 1250 40 968 57 875 56 632
260 0.6796792788973417 4.3319925137891486 7.8187940089773127 100 103 96 0.28695984476639053 39 773 37 954 40 687
261 1.6006874206419577 3.0595380133902954 6.570481328820069 32 33 35 0.044840337458866009 39 777 37 826
262 1.390911587995951 3.013348261964798 6.2755032718801749 62 76 116 0.42177625230972637 39 782 37 496 40 956
263 0.61090690288752514 2.9710171076248022 6.9931975540905631 70 67 62 0.15466374825114632 39 785 37 823
264 1.6881074311894229 2.9833777308228271 6.4441144811227087 93 94 98 0.59284910825194193 39 786 37 618 40 743
265 0.68317128608316113 2.9757795759942063 6.9110675941680801 84 85 79 0.53651953545747932 39 787 37 881 40 740
266 0.10193550038626163 2.8652777534611404 7.8733901077604838 45 46 53 0.50051850239645468 39 791 37 871 40 602
267 1.5707850689499496 2.8596837268629303 6.4597020836919663 100 101 104 1.4236349656345109 39 802 37 875 40 456 38 963 36 741 38 673 43 522
268 2.0613726471394993 3.4258653229854934 6.566020444943093 33 43 55 0.95187450792444106 39 810 37 640 40 885 38 669 36 681 43 409 58 600 57 501
269 0.94743656829082168 3.4435634152756607 7.4004488771057728 117 117 117 0.32670857609797976 39 811 37 841
270 0.92163933969212375 3.3220030843083488 7.2720250219398697 98 98 96 1.0997669950789499 39 814 37 1270 40 766
271 0.38285739661604995 3.2739882633340427 6.9110423822755012 57 57 59 0.66201565078441549 39 818 37 848
272 2.0880099179691407 3.2607229044181087 6.5083487886539784 82 82 86 0.65996071951170288 39 819 37 732 40 769
273 0.87346937141802472 3.2604493735772913 7.2453819160794133 57 62 56 0.65588663341348707 39 820 37 838 40 768
274 2.092109450380232 3.2311689173786244 7.0223144341637527 81 84 91 0.38945361167177589 39 822 37 964
275 0.40435537763201784 3.1896340657201003 7.1622207318627957 105 105 107 0.4830041780404567 39 825 37 856
276 1.2553144158833027 2.4276433307454144 6.1366884616038222 114 114 112 0.37621948630010993 39 832 37 665
277 1.2572888738011323 2.3780333838782632 6.2778897098433388 125 125 123 0.21718040919459367 39 839 37 669 40 1262
278 0.83538839400243037 4.2963880369960608 7.6322565490961765 28 28 25 0.53518867767847333 39 847 37 806 40 534
279 0.81924404815624119 2.1902424120329531 6.3915085778428091 46 48 56 0.3954367920137189 39 860 37 1030
280 0.29329790203658085 2.5024658775479867 7.1234245267572209 50 54 57 0.62362597763652794 39 864 37 906 40 804
281 1.4989423785252345 2.5049793494205566 6.4036221638585298 31 32 39 0.2949827409108377 39 877 37 1103 43 624
282 1.7162930042929039 4.2330666645864143 7.1205099366072417 124 123 121 0.075854197817503966 39 878 37 1252
283 1.631965352033355 4.1667749030160186 7.0026191481176436 132 131 129 0.78832133196399867 39 880 37 1257 40 1254
284 0.84659146923677531 4.275365833999385 7.6574795489205849 103 104 101 0.14213574513536414 39 885 37 952 40 878
286 1.0344893108026192 1.7176222552420894 6.5683767362809213 89 94 98 0.44000014021856754 39 893 37 996 38 493 36 756 43 497 58 654 57 714 56 354 59 399 60 388
287 1.6467785293981783 4.2712278975410065 7.0917706476609252 111 109 112 0.9648201136882737 39 908 37 1220
288 0.86608819050931118 1.7120247568313902 6.5216855684628543 127 127 129 0.66233430276299687 39 911 37 995 40 636 38 815
289 0.7998171957948067 1.6547291323816178 6.5783275554300742 88 89 91 0.66011502409525336 39 913 37 991 36 801 34 602
290 0.90579582907375555 1.6026386315170305 6.5437760996621206 155 155 152 0.21269200554682816 39 917 37 999
291 1.5808304104175512 4.307709360471291 7.1129435749044134 135 135 133 1.1011806390267302 39 918 37 974 38 646
292 1.595797404914771 4.7246543246079566 7.0887039268053638 76 40 47 0.30632501002594192 39 919 37 1024
293 0.84442931455931636 4.4113578410139276 7.6986897459827741 122 122 120 0.92161432549542477 39 923 37 802 40 530
294 1.5415342594869945 2.0598816362876855 6.2655876144648115 13 19 43 0.5821639415673856 39 937 37 1181
295 0.95436373701942878 2.0107437789549243 6.5421660013244445 10 29 69 0.57810052280244395 39 938 37 1057 40 862
296 0.69895106735143764 1.9563843681309163 6.514738923613371 107 117 134 0.82782005404053449 39 945 37 1130 38 993 36 785 43 665
297 0.84918407236492044 3.2901656414058751 7.2669025658813187 69 71 70 0.24362274053009519 39 960 37 965
298 1.6899023793033612 3.2776068293827794 6.7092483910438361 17 16 21 1.1872623125987953 39 961 37 970 40 974
299 1.6205358560417862 3.1098648345724134 6.4795267324377379 67 70 78 0.087647374906533723 39 968 37 959 40 946
300 0.92948227364865998 3.3678237409571281 7.4228295053769626 107 108 103 0.38855290748537863 39 970 37 969 40 1155
301 1.7980584738992167 3.0304919219354858 6.8018576852150261 141 150 157 0.22515113903142103 39 977 37 817
302 1.7412195050024128 3.0202000976670726 6.6467116788845138 53 56 67 0.025798698766334643 39 978 37 1286
303 1.6511689713893583 3.0147753946570877 6.4787226774916986 103 104 109 0.5730837945613747 39 979 37 622 40 1239 38 441 36 914 43 529 58 501 56 682
304 1.1352147333981315 3.6460205365113141 6.6717109784030617 47 47 47 1.2419779966568962 39 990 37 933
305 2.1355248800422371 3.5959846438964775 6.8300249924578731 66 79 87 1.381384922841661 39 993 37 929
306 0.78255869406089051 3.602143435184578 7.2347389924677321 95 97 96 0.040384343743964837 39 994 37 1297
307 1.75479132139026 3.3853155652684515 6.9327011784031418 141 144 137 0.41514870311441965 39 1013 37 839
308 0.81270144074357742 3.3887632871561184 7.2629477364949828 30 33 40 0.35351076429354944 39 1014 37 1303
309 0.4923537528640845 2.7550724064082854 7.0296597302818071 23 26 33 0.8105985458685403 39 1020 37 1070 40 1101
310 0.40570629890856075 2.7254799406283441 6.9912109770434885 27 33 45 0.68641311572336761 39 1022 37 527 40 927
311 1.3951050716074231 2.7367606180038346 6.5439565051115762 20 29 32 0.8646162294595513 39 1025 37 694 38 726 36 967
312 0.66988312369963177 2.7141436345215455 6.7596434595607455 79 75 74 0.44831505295065238 39 1026 37 878
490 0.93011857550494936 2.1630413058195628 6.4534321529025069 22 26 37 0.55650215883885989 39 1158 40 1013 38 876 36 885 43 643
496 1.5005876826143527 2.5381696215768499 6.3996978701926688 110 111 113 0.81744835559578566 39 1314 40 1122 38 988 36 624 43 560
497 0.15349893245931265 2.3162153758108315 6.9605078868669175 38 39 44 1.6937034903584274 37 1185 40 1128
498 1.4179045069294642 2.5508847549523792 6.493785475749668 24 25 27 1.2793288075809106 39 1307 40 1150 38 753 40 434 43 555
499 0.91044308123091133 3.2211524348779985 7.0878675803080187 63 64 59 1.5116241796722203 37 1263 39 966 40 1169
500 2.0799019607731801 3.387381891820648 6.5421303357662772 110 110 110 1.3807795142448325 37 980 40 1200 58 330 57 255 56 387
501 1.5019743208071701 2.8797426002504385 6.5366562316059271 141 142 142 0.26134615724858612 39 1066 40 1218 36 912 38 588
502 1.5503639301270797 3.8420457193905335 6.9701180546629935 67 71 73 0.89553442074048595 39 1570 40 1319 57 916
505 0.81312507171473092 3.7368792919362845 7.2960771066004595 66 70 70 0.7675331733197468 39 735 40 693 36 404
509 8.0997538903176327 -2.5870119712335309 34.835910492096581 59 59 60 2.1680149124398005 37 104 38 52 36 56 40 123 34 40
510 1.7848892439210324 4.6959208281379325 7.300772597175321 100 52 55 1.8825378956169316 37 26 38 64 36 67 43 56
511 8.4789742937942929 -6.7464105369655103 44.944542737755995 33 36 45 0.82799494031711252 37 161 38 82 36 80
512 4.9201337940670138 -2.5867789050046954 36.451276490753678 20 23 28 1.1868674987341092 39 126 38 107
513 0.93461918388490861 -8.5213678197977725 53.465540471205124 110 110 112 1.1312413104050503 37 233 38 113 36 125
514 1.5899277813553963 3.1669211732633515 6.5219986564623209 30 38 48 1.6273342547773142 37 178 38 127 43 75 58 123
515 1.3489030950890739 2.9037722125882861 6.4124121912254628 85 86 91 1.0020771612487596 37 206 38 141 36 196 43 184
516 1.4093541769649698 -9.4217676470044065 53.005383242436217 117 118 120 0.70758870517924544 37 280 38 162 36 145
517 -6.4662556447416755 -8.0167679675432577 53.95985333605595 81 82 85 1.4776409059005446 37 239 38 164 36 153 56 124 57 130
518 -7.8890713627534872 -7.477272059922802 52.070956360096311 80 82 77 0.81463074351204734 37 240 38 165 56 123 57 122
519 12.446443327821861 -5.4662960330382582 42.997875959722755 73 65 62 1.3218400342387593 37 282 38 166 36 164
520 0.87645893570895084 1.6342229714001812 6.5864283387958888 142 144 143 1.2444320365214241 37 349 38 176 36 233 43 100
521 -6.5956740157335298 -7.4639496778811782 53.958361441811284 115 115 117 1.627076744842207 37 272 38 184 36 154
522 1.4259767628498174 3.0986189967355511 6.4421464213678794 41 58 102 0.94279645594837147 37 393 38 199 36 330
523 0.89708356753569352 4.1857168843726367 7.6789851499185691 102 103 98 1.1029411529159807 40 383 38 319 36 704
524 1.3121515534770052 3.3342263822158715 6.3909695165295943 27 31 32 2.0970908630168688 39 955 38 402 36 415
525 1.4281586905131123 3.1635249870866939 6.33056821885988 15 27 45 0.94427113117838024 37 399 38 408 43 536 42 202
526 1.6355021946892647 2.9634298145438809 6.4915624692202973 99 99 100 1.1589993472339153 37 628 38 429 36 594 43 702 38 904 59 658
528 0.99388533550863301 1.8216392748843977 6.6073945254452031 21 35 38 0.85596042966105323 39 497 38 519 36 384 58 230 56 286
529 1.6237191988491142 3.3271526302129106 6.5704550831403976 29 42 65 1.6638373823158836 39 582 38 522 36 538 43 782 56 479
530 1.6472885157650237 2.9913872070729197 6.495017054714026 19 19 19 0.74831819256504395 37 625 38 550 36 592 43 570 34 472 58 504 56 504 57 575 59 618 60 324
531 0.59537034258620603 4.7009959123428162 7.8724745511763476 103 98 94 1.1699859272690356 37 463 40 401 38 553 36 314
532 1.6222005890637594 2.6829006614919573 6.3972437088222192 30 29 34 0.49825748107474971 40 1347 38 569 36 710
533 1.320619553126007 2.4134770186590071 6.4486533201588001 22 26 31 1.4754950438782255 37 443 38 577 36 602 43 432
534 2.1783332366424939 3.0536101128804178 6.8594061356219056 134 133 139 1.0685875036136927 39 1578 43 450
535 1.4165031845696074 2.747870008049317 6.5512328759723406 106 105 110 1.0377908736776054 37 521 39 633 38 595 36 717
536 0.83241585701303689 2.0222274700651308 6.4716152304254706 88 96 109 0.23961530478312656 37 1058 38 598 36 795
537 0.088974319680402578 2.1215241954583774 6.8255968193883163 39 42 47 1.3757609847577768 39 1154 38 601 36 866 43 454
538 0.76017034785251447 1.9917676908585136 6.4854869121909413 110 111 103 0.69909015897736071 39 708 38 602 36 793 43 673 58 669 57 676
539 0.82391063020874167 3.6054269285070024 7.1993650570140799 97 97 97 0.55088229591854632 39 399 38 616 36 527
540 0.82864623511231206 2.1700627444542002 6.3871187504061888 123 123 123 0.44975433376965607 39 1159 38 617 36 658 43 470
541 1.3018654426370391 3.2666477368003499 6.2031823717982695 106 108 107 0.5541825427398116 37 1277 38 638 43 753
542 1.6198433104886916 3.0190395800593341 6.501031118585761 79 80 82 0.47134920207676606 37 1319 38 700 36 691 43 709
107 1.5945963932096383 4.1987899550783352 7.1312797963060417 65 65 63 0.4462644975715529 39 279 37 299 40 311 38 251 36 249
1216 0.30804125740979194 2.7937466923033778 7.4220319932065699 28 29 24 0.69561091092436422 30 1079 32 871 31 705
108 0.79351368124130373 4.6301648005116993 7.7773287180506259 106 109 103 0.2896957210049953 39 280 37 296 40 238 38 249 36 247
1217 0.53378914080135575 3.2247870554670977 6.8502574566697572 68 73 69 2.2855738858765249 29 848 32 891 31 599
109 1.2655220111418899 2.8576775717092016 6.5772783969640285 64 64 75 1.1585913155459056 39 281 37 480 40 324
1218 0.65338052307869965 2.0582891252757554 6.6931664235708528 19 24 42 0.79158078927048825 30 443 32 945 31 513
110 0.36702830806075448 2.7698512796214381 7.2216068816249761 83 86 91 0.3918641158007925 39 282 37 522
1219 0.72077704902167805 1.6412757169967316 6.6253620609385981 76 75 73 0.24122331030106389 30 960 32 961 31 923
111 1.7641353565718503 2.9718298973836883 6.5460577009871228 154 156 152 0.51493854422930996 39 283 37 475 40 409
1220 0.58207962477380737 2.1021846848628933 6.5894401764105606 66 71 89 0.97701614887357724 30 769 32 967 31 913
112 0.2549981327127373 2.5684870173193963 7.2748014500665494 19 21 27 0.4671998317538561 39 288 37 339 40 273
1221 0.98684606765804428 2.6618023112164089 6.5653649166136212 88 89 93 1.6223236849935374 30 1126 33 712 32 1008
113 0.34785506000928174 2.5526099714551513 7.1387009585076822 69 73 84 1.4426702133136622 39 290 37 338 40 280
1222 0.6734277116552102 2.2031471079755311 6.419051401675123 139 142 135 2.7395308538184522 30 573 32 1021 31 732 31 980
147 0.97199351011078783 2.0544199767276887 6.5516485543146485 25 42 83 1.1450863875506048 39 374 37 739 40 668
1256 0.77958844866155652 1.8200340817642398 6.6374317560579899 106 109 114 1.6809341556328887 34 395 43 282 42 254
1229 1.5260160058484602 4.456031601752362 7.0089215950296087 71 70 66 0.53772969682623406 30 1011 32 1187 31 777
120 0.9469170728097579 1.7984511812618762 6.6109649195882243 99 92 102 0.89323374158614077 39 310 37 356 40 229
458 2.0367506767343033 3.6085829551102337 6.6206768144254333 44 49 71 0.73547436480660977 37 305 40 386 38 406 58 209
148 0.79210960584880485 2.0589896348843584 6.4768186601855788 145 149 146 0.98579179841938513 39 376 37 433 40 378 38 307 34 256 35 207 33 190 29 374 42 227
1257 1.1901355209504259 1.9518912996366853 6.2666401104390834 40 60 110 2.2139562750100672 33 2 42 6
1230 0.81410807641610228 3.3356260777032882 7.470077875269304 64 68 69 0.83266834468709205 30 16 32 21 31 23
121 1.1550297723746918 2.1095791704418621 6.3985378274100428 11 23 55 0.76513771148108978 39 312 37 328 40 266 38 224 36 293 43 260
459 0.87254348738242138 3.5309834469060823 7.3138477771758845 65 66 61 1.3028882412054712 37 391 39 804 40 405
149 0.83911704720432867 2.0038465412671411 6.4837673879268136 19 31 49 1.0092318236502436 39 379 37 607 40 375 38 355 36 452 43 354 34 577 29 385 27 312 30 498 32 482 31 443
1231 0.74261287261458109 4.4508161071935186 8.1324797277234619 0 0 0 2.3251362983343338 30 113 32 116
122 1.3361968961274346 2.2704072210732273 6.3800907734767636 18 25 59 0.89253537754350287 39 313 37 259 40 270 38 290 36 278 43 188 34 359 35 310 33 253 29 382 42 244
460 0.88648115721724507 2.9664101523305493 6.7077333719013179 56 55 53 0.32815117988949311 37 474 39 567 40 410
150 0.97024479072392666 1.9844826700465692 6.5673161781759175 10 28 64 0.78829389857893639 39 380 37 431 40 374
1232 0.95310794623418138 2.8762702146453698 6.5653083054593209 97 99 98 1.0848427252520254 30 330 32 233 31 245
123 1.1583036462241685 2.3212477609755173 6.770583905238782 18 13 20 1.7139666134939835 39 314 37 440 40 444
461 1.761161362387281 3.4685715993993678 6.7362467551629228 47 52 61 0.51624826802501089 37 392 39 598 40 420
1234 0.7257372143176275 3.8677299315183871 7.2988091497993448 82 82 80 0.041346314482978833 32 361 31 357
125 0.79428726558785423 3.894406973137801 7.4144830546460749 98 99 94 0.20813697611879955 39 321 37 367 36 409
1235 1.0523267579387143 3.3562334938548855 6.7890636551045853 65 67 63 0.28410319035480092 29 431 31 393
126 0.60628720877185116 4.3052473893003222 7.7527419418641736 129 129 121 0.73276289305697584 39 323 37 369 38 256 36 454 43 221
464 0.92301129594300035 2.1404938954729049 6.4596137900582535 82 83 100 0.32741911182886707 39 693 40 487 38 362 36 460
465 1.0421679936974639 2.1320852810153323 6.4781012920849124 44 61 96 0.53359389934262325 37 1032 39 928 40 488
475 1.9727720255261019 3.5235325513803031 6.5948236654962811 39 44 73 0.90659415104655516 37 627 57 546
1246 1.6065166503587658 2.8738843038507937 6.4500942899585176 23 23 31 0.39063195949233948 30 1085 32 1123 31 868
137 0.77005001343316837 3.4677706459648245 7.1797437064340288 24 27 34 0.17859034698721199 39 345 37 344
1237 1.1251013160883789 3.5386813138371913 7.0083548578429271 127 129 124 0.89806973569592519 30 503 32 646 31 456
128 0.70535576958834778 4.5062060965151458 7.7553108179658361 88 84 80 1.5383899219914423 39 325 37 458 40 714 57 460
466 0.98687167015506849 2.0261930988465138 6.5296431385336753 106 111 143 0.81731220307755148 39 591 40 497 57 536 58 563 56 381
476 1.8953505623309523 2.8663593135089567 6.4490486867989842 8 24 41 0.38928208257169311 37 634 39 799 40 606 38 578 36 596 43 398
1247 0.74148002877630426 1.642837011244938 6.619829392671349 134 135 137 0.78429439912908694 33 758 29 1089 31 924 30 863 32 763
138 2.1724313052726885 3.4576653880387358 6.6516036636054405 60 60 86 0.59808299708887491 39 346 37 492 40 339
1238 1.7498210407788291 4.7041655388999937 7.1538570786252045 117 104 103 0.9692114910196481 30 845 32 377 31 470
129 0.86632471725774784 4.6109775970138154 7.7372438543188711 83 43 54 1.2137828692188877 39 326 37 375 40 316 58 287 57 210
467 1.4420975619447205 3.9113072063671619 6.8877923270320567 94 96 95 0.75080738743205899 39 406 40 505 57 340
477 1.8589552299636447 2.7093532640234859 6.4144731771455161 94 101 110 0.62052120587380732 37 524 39 636 40 616 38 593 36 716 43 518 58 848 56 578 57 588 59 665
1248 38.764550399403056 -9.0673415774332149 40.87391397547178 76 67 70 2.2536920909536957 29 128 30 97 31 97
139 0.54849025386197847 3.6032626909881973 7.3821897831148089 147 148 141 0.78353471462187929 39 347 37 306 40 304
1239 1.8312073708896568 4.773005580227224 7.2907605439773313 73 37 40 0.5638825554814072 30 674 32 662 31 472
130 1.7513756367897872 4.5322270732278609 7.2176842284840843 143 143 141 0.35790514675804391 39 327 37 376 40 317
468 0.83917013890328884 3.8662084288800416 7.4687309557935215 88 88 86 0.91045019305908337 37 769 39 403 40 507
478 0.73175314784822143 1.9670988685643196 6.507300919188042 35 35 37 0.89101213254235168 39 709 40 638 38 605 43 669 36 672 58 685
1249 49.098741476316086 -11.081595152239034 45.20147246238443 113 114 116 1.6656862815052547 29 87 30 99 32 102 31 100
140 0.40015629606365699 2.3612162685998133 7.0704885635543171 25 28 35 0.69371282898278186 39 349 37 333
1240 1.8224608879991762 3.2676512292286959 6.450016473226345 30 39 54 0.029772229601280661 30 719 31 606
131 1.8102273319325066 4.5954598155871764 7.3374693077800028 111 54 68 0.73710650774423958 39 328 37 377 40 318 38 243 36 306
469 2.0725935969227254 3.6398538051025309 6.6630388780335714 133 133 133 1.1148729483218438 37 773 40 514 38 525 57 448 56 308
479 0.82132225347266741 1.6235439321662615 6.5416091641103211 83 83 93 0.75605813135280253 39 678 40 642 36 803 38 502
1250 1.4579797046164251 3.6661612157899999 6.8730764238928881 95 100 96 0.20057370884066245 32 275 31 288
141 1.5090903594727982 2.5606759054308386 6.3883977796814166 109 110 114 0.76615734411693626 39 350 37 407 38 373 36 372 43 307
1241 1.578911370205643 4.6226731950211493 7.0944118864176682 126 117 114 0.68471490482924058 30 676 32 407 31 625
132 1.639099038246397 4.6024949179111481 7.1017101831231564 138 144 140 0.17862105942453355 39 329 37 380 40 319
470 1.4242018265085234 4.427315084343669 7.1632216295429245 97 96 92 0.58918840468816891 37 613 39 1103 40 527 38 541 36 664 34 426
480 1.2865697693751559 2.2168891221308389 6.3318027387889781 19 23 50 0.69924403297383986 39 505 40 663 38 465 36 488
1251 1.2056797342212362 1.9490934758605851 6.5517259570773856 19 39 73 1.0096579680795255 29 416 31 759
142 1.3318862945037413 2.8584480001413826 6.5501160190439398 25 28 37 0.98147448293966644 39 359 37 385 40 215 38 425 36 271
1242 1.5359099898166153 2.8543062157258947 6.4190661456436864 104 105 111 0.71042271063443707 29 455 32 756 31 668
133 1.440089888055337 4.8160383222099625 7.3989189249353844 78 43 47 0.0626893580018128 39 331 37 464
471 1.5524081915286969 4.1950603633740906 7.0611322702249204 118 118 118 0.29124662095785031 37 456 40 536 36 555
481 1.107403037121609 2.1347252152654819 6.3736218280314691 45 64 97 0.53126198145307002 39 695 40 665 38 352 43 367
1243 0.86671595082136699 4.430472171505536 7.7567561271782681 113 114 109 0.3450660505569399 30 680 32 848 31 775
134 1.9003521112463611 3.0843801438871443 6.3904500605761312 74 87 126 0.45256268416317602 39 334 37 621 40 330
472 2.1989973639764351 3.2144660933168692 6.7741939477888478 44 49 78 0.66180695404436607 37 649 40 541 43 226 36 456
146 0.20950978049161814 2.8150338099077516 7.5412732620646556 75 77 76 0.53092364440647077 39 371 37 503 40 359
1255 0.69520737381934261 3.577796756674414 7.2874024515021674 94 92 95 0.64586449143621494 34 129 42 125
1228 1.5024458680374635 4.282986967651861 6.9645739744262114 123 122 118 1.9036217854476376 30 878 32 1153 31 785
119 0.88912124177927732 1.7183466048031903 6.5144478289108214 119 120 122 0.7103492982248939 39 305 37 341 40 287 38 209 34 280
457 0.96878881321483445 1.6328385597681057 6.6729716127043774 86 85 90 0.74353517008810688 37 554 39 584 40 371
495 1.908081821183623 2.6717704611445856 6.4537795387419568 27 28 23 0.68344630189800704 39 1269 40 1100 58 854 57 473 56 561
116 1.5603657208193009 2.9597484880557894 6.5819375878429867 62 64 59 0.10546668904301043 39 296 37 388 40 408
1225 1.6229294519477551 4.583193843442718 7.098911424517877 118 108 104 0.37208831924460123 30 1017 32 1118 31 771
427 12.323232030975547 -5.9887579882214075 43.07495670018946 45 41 38 0.56452922520427162 37 135 39 89 40 91 38 80
482 0.8487816915851919 2.040155277938259 6.4717582517241938 86 92 104 0.34270159429809688 39 701 40 669 36 465 43 255
1253 1.4406854317959388 1.7425278373978876 6.599606142165805 153 151 152 1.5648157941390164 35 6 43 10 42 10
144 0.53973656268703496 2.7994942277685912 7.0813274975180782 23 23 25 0.25733727319460747 39 369 37 526 40 356
1244 0.77899195853631187 4.3071466464556591 7.6072525610490258 90 90 88 1.0836668725819691 30 836 32 856 31 779
135 1.6796312608329256 3.1848120953663432 6.5055095142072812 83 89 90 0.92227903066421779 39 339 37 309 40 257
473 1.9001799656173037 3.521369740734011 6.7680694759938458 47 48 44 0.47855216633934711 37 782 39 348 40 561
145 0.27458947043008514 2.797630163457999 7.4159702498003917 32 34 34 0.44239035371581287 39 370 37 418 40 357
1254 0.30477307872810011 1.4818094557920387 6.9810618846751655 0 0 0 1.9377578833958831 35 86 43 196
1227 1.6399432057752148 4.2104066069473429 7.1460976764156436 94 93 91 0.29810875517552976 30 868 32 1152 31 786
118 1.2612081693204495 2.6164928086029695 6.4358934003192774 20 36 52 0.77735158747872424 39 300 37 410
494 0.66859094457974666 1.853327133083251 6.7947308654632792 26 39 68 2.1457742762887371 37 538 39 1216 40 1057
485 1.5961900011823595 3.0273775523490172 6.5027018886143289 22 26 25 0.1988975429802616 37 816 39 780 40 738
115 1.7347967883755759 2.936926408334239 6.5228611328839916 25 29 32 0.18526175616478793 39 293 37 473 40 361
1224 0.70284408593220604 2.359958574363155 6.8448820753354171 61 60 75 0.63721908847678255 30 600 32 1038 31 532
426 4.710378352408858 -4.7807950976146083 42.920077551364841 72 76 79 0.6332819668358598 37 100 39 87 40 88 38 74 36 75
493 1.5708105380564172 2.0367048329189572 6.189835362576189 53 58 90 0.41888104523130415 37 1060 39 940 40 1047
484 0.93465557096616947 4.5719777693028085 7.9672524680477625 60 19 23 0.40646550742672843 37 788 39 1101 40 712
114 0.28108692704302685 2.4669827457918712 7.0518734354516823 20 24 27 0.033678665360487699 39 292 37 335
1223 0.057162578068247129 2.2091717318657533 6.9086514468214544 16 29 61 0.24503346006720805 30 1101 32 1035 31 543
425 12.85992083664447 -6.8611513332867009 42.139755633921958 132 132 133 0.67645388887085811 37 108 39 91 40 86 36 39
492 1.7129657323769494 1.7909182009933224 6.1403068522529205 87 94 121 0.79630014480111644 39 1179 40 1041 57 724
483 1.501918340360568 4.6830179052381613 7.1640767102985441 36 38 32 0.83028853699956695 39 542 40 703 38 543 36 546 34 285 35 270 33 299 29 342 27 326 30 395 32 378 31 365
491 0.82105442897101966 1.718084735950294 6.5554110883398904 113 114 111 1.786777434530836 37 719 40 1036 38 521 34 387 43 250 35 170 33 288 29 407
489 0.64007808538417388 2.941735758200644 6.8842585467192761 93 96 86 0.32963371738456454 37 880 39 1449 40 960
488 0.89620281992080963 3.8080860361227096 7.3686740430133328 79 78 74 0.54560190832001842 37 1244 40 906 57 913
487 1.8390629372757583 2.6618088626585021 6.4233172450682767 101 110 113 0.73355271135310063 39 644 40 855 38 727 37 696 43 512
1245 1.5781082225090104 4.7609874434146295 7.076497648630828 108 68 73 0.91094492175121866 30 672 32 1125 31 800
136 0.34945078164356996 3.3104686812912441 6.9960789096321161 99 98 103 0.32717387471515641 39 342 37 397 40 338
474 0.9475551413260771 2.1536662694346917 6.474028483581904 17 26 43 0.31054193158420107 37 564 40 576 36 884
1226 1.2670404558258788 3.9640772293286877 6.9914121698169085 47 53 53 0.56636628738775663 30 1063 32 1150 31 631
117 0.7066196979974162 2.7433552337594183 6.7112250222402077 107 102 99 0.54672982819792348 39 298 37 384 40 278
143 1.5781357538167853 2.6594415730637389 6.3589181205514169 131 134 129 0.45302216129362055 39 364 37 413 38 330 36 430
454 1.3144998898064297 2.3558691989670435 6.5033108772351218 18 18 20 0.44478968463252855 39 360 40 344
453 0.90480995549552801 4.1267549539468869 7.7419827580627949 47 46 44 0.46221009031407895 37 368 39 322 40 310
452 0.2276252697539865 2.3462942255418957 7.2399038562137061 66 68 68 1.5936179103909673 37 441 39 295 40 277
451 1.3723128091355581 2.3474048308214845 6.4090571749160867 78 78 80 2.4313971246512347 39 352 40 264 38 297 36 479 37 668 43 192 34 270 33 374 35 211
450 1.46485480681114 2.0861629674141908 6.3788977384764207 74 77 92 1.2758592588020941 39 375 40 262 57 178
449 1.066974809889474 3.2044807777943167 7.1900897752833526 96 101 97 1.4173591338648901 37 310 39 182 40 256
448 2.1256952949190984 3.6309221880733853 6.7443492306023831 135 135 129 1.3228164324670781 37 304 40 249 38 265 36 255
447 0.86554347514731156 4.8267762467172224 7.6910201811657242 101 97 88 1.9458309915604168 37 219 39 248 40 236
446 0.94971526853438759 1.7369920831294576 6.5432409819090935 58 59 62 0.30945018243035344 37 286 39 242 40 231
445 4.115536031764977 -3.9787665742089255 42.047447432779656 48 52 55 0.62760725556394048 37 242 40 203 36 110 34 65
441 1.8596393359650907 3.5821076872764803 6.7715985707737874 134 134 126 0.58335890554874359 39 275 40 192 57 116
440 0.69735651345775773 2.1595493581105027 6.4308678499343301 42 45 52 2.607288897690609 37 255 39 197 40 191
439 1.4265363168358751 2.2378501057542803 6.3937559734831444 101 102 99 0.43771594140127795 39 127 40 154 57 137
436 12.88693632287808 -7.8713088861594551 43.92441955630499 90 86 75 0.4659031110880541 37 167 39 134 40 135 36 103
124 1.2397191527255553 3.6312559414804571 6.8043387195939609 89 89 91 0.65989605165520127 39 316 37 364
435 2.7131768133339289 -10.072775656922001 52.010511309711283 131 129 132 0.55243914153921669 37 164 39 135 40 134 36 85
434 11.708698873862703 -6.3499130748720303 43.356853107206469 107 104 89 0.7513998935039341 37 137 39 130 40 132 38 81 36 114
432 0.64722430958494093 3.0640410672169232 7.1854415845849031 63 62 60 0.83468516860232012 37 189 39 111 40 114
429 9.064024290543955 -7.5200094804689357 43.925197841950293 58 87 92 0.81187058104261356 37 105 39 92 40 93 38 48 36 82
428 9.6506223154081976 -6.7480947124979398 43.144495200308455 62 69 71 0.61105627362763859 37 106 39 90 40 92 38 83 36 81
462 1.4629623776421055 2.8746083207320994 6.4623675850960058 94 94 92 2.0318174832221811 39 1070 40 454 36 751
414 9.5013100896752647 -8.7280009128733305 44.096155660962374 52 57 68 0.93554196079628638 37 48 39 40 40 40 36 37
412 9.0224171121576244 -5.8699168607270442 44.701179616683518 85 81 72 1.0291727931704018 37 35 39 19 40 31 38 24 36 26
403 1.73452375040244 4.736467069468203 7.287359946098741 72 30 32 1.4767534163862035 39 7 40 12 57 16 58 21 56 19 59 18 60 15
401 1.0291134990406636 4.5146133822830672 8.0939631601289683 89 63 66 0.05668757562955757 39 1603 37 1299
400 1.7704887022799392 4.590578927447126 7.2426464645781499 125 79 87 0.18694518027892271 39 1599 37 1224
399 1.4970410766220925 2.1458366222067351 6.4909922049039004 62 63 67 0.43345187350356901 39 1585 37 1325 40 991
398 1.4054807486306025 2.7055718395648003 6.467073031330572 60 65 71 0.97815979526542263 39 1581 37 1073 40 964
397 1.592279892888699 3.9667029946169681 6.8494420775364437 104 106 103 0.47821652511414026 39 1558 37 947
396 0.88272023536634925 4.1388955118746953 7.6670823251857225 114 115 110 0.24591518897998829 39 1555 37 946 40 1256
395 2.0969000790472427 3.4885582943372686 6.5392863804996315 35 47 63 0.055258115110396647 39 1554 37 781
394 0.79970232081713122 3.6687047939626356 7.1832411281256885 31 33 32 0.33618559781365825 39 1543 37 778
393 0.92383368753686479 3.8203597150700803 7.4355508237385433 68 69 61 0.21935794394520886 39 1529 37 1327
392 1.3825292468702937 2.4572420160023687 6.4624847148995581 49 54 59 0.50705438810819603 39 1523 37 903 40 778
391 1.4269472881322367 4.7349440522737654 7.2501817665417061 114 109 105 0.1778574208460314 39 1514 37 1025
390 1.7358325407587634 4.6199762664411788 7.2304540903604781 144 94 103 0.34785835043648783 39 1511 37 1029
389 1.7549316536915927 4.5985709742757539 7.2331982411832882 120 78 85 0.22075558197117745 39 1510 37 1223
388 1.7987644023687837 4.5978964686340751 7.2806055764053657 101 43 55 0.15849247015513868 39 1509 37 1226
387 1.7770418870874722 3.4346952682995093 6.8276240984859351 61 64 71 0.51319514314663395 39 1506 37 784 36 540 38 534
386 0.49016089551480463 2.9421993196410559 7.3377053226968654 146 147 141 0.21007994327026422 39 1496 37 1323
385 0.69792186990488758 2.7882609481685194 6.7974111537523987 101 88 84 0.48516188326567011 39 1495 37 1080
384 1.5096723128313385 4.3505770888037434 7.0560394866291292 92 92 89 0.32701180426158916 39 1488 37 1208
383 1.0598551204969993 4.4968815846762453 8.0867875326746379 89 63 64 0.12642450494820817 39 1486 37 1337
382 1.7167505209349461 4.3213596666648915 7.1045178059065641 143 144 140 0.79249030504643569 39 1485 37 1210 57 891
381 1.5968192227397897 4.3113373695505128 7.0933553821085349 89 89 88 1.6682870825875831 39 1484 37 1302 40 1286 39 920 38 969 36 997
380 0.93293955895031899 4.3902692709328166 7.7537183513974108 96 98 93 0.19319371783701236 39 1481 37 1251
379 0.66372339895780808 4.3510261137338491 7.6657002025580896 89 89 87 0.24876630911327993 39 1479 37 1255
378 1.5627497673667303 4.0968783414181784 6.7670065328229381 57 59 57 0.28615218802880904 37 1258 40 1255
377 0.65636331562273176 4.4002246297196557 7.7808459577714242 67 67 67 0.27269799127516897 39 1474 37 956 40 1285
376 1.3650397018046976 4.5075313666166386 7.0607842077929925 106 100 100 0.41464304919705874 39 1472 37 1227
375 0.64959046404271459 4.6273026558106842 7.8960865869406218 84 73 71 0.71793017898117262 39 1463 37 1201 40 777 38 555 36 693
374 0.8300130070227818 4.6102683959673101 7.8205768104860871 116 110 110 0.2914145024774486 39 1462 37 890
373 1.7903311200505296 4.4401281245206832 7.2105053338789098 102 107 103 1.2251074603063328 39 1460 37 963
372 1.5194669557630858 4.4171429961447268 7.1366475579945696 40 40 38 0.51615658666058994 39 1457 37 1204
371 0.85043284432657418 4.6064298404879152 7.7773808804577946 68 48 53 0.2872983805888405 39 1456 37 1200
370 1.4039993950201555 2.9468548797804157 6.3897336004218186 32 36 48 2.0046148326213387 37 882 36 753 38 894
369 1.6836483141988012 3.0062464556828945 6.4426947836735433 42 43 48 0.3156028517530991 39 1439 37 1284
368 1.329171278970271 3.0182779443240784 6.2500217148331272 8 13 42 0.33094539973221149 39 1437 37 893
367 2.1646627055931131 3.0249627160681487 6.9924394578709821 47 46 53 1.0317986330650597 39 1430 37 1281
366 0.85930183219838374 3.3487322727246793 7.4615192655815834 75 77 73 1.0301356272617233 39 1391 37 966 40 1159
365 0.91857415466509784 3.3477655375787614 7.3536800963067233 23 24 20 0.16400407537081091 39 1390 37 1272
364 0.62226483221771878 3.3706053515363843 7.0574753299324398 148 148 146 1.431961413714937 39 1383 37 1278 40 1166
363 0.64927539843479132 3.4826000871863965 7.3433192460122214 87 91 92 0.87586330641072674 39 1370 37 1317 40 866
362 1.1853194100430933 3.4406470884677764 6.2448345882167127 41 45 47 0.33911765511754399 39 1367 37 1311
361 0.07261831616234532 3.0862449969941852 7.4401087337266185 92 94 91 0.37172411489247925 39 1354 37 1280
360 0.46928306412421417 3.0988630358250715 7.0763892381796802 58 58 55 0.18792562966865373 39 1352 37 1287
359 0.36790661073340813 3.1249956047977627 7.140096013413566 100 100 102 0.51120049729404149 39 1349 37 860 40 1333
358 0.94735014464747302 3.2936441161764276 7.1667552017807337 105 105 103 0.93830130324425642 39 1332 37 1267
357 1.7817106890333405 3.1372327681384546 6.4142361971291191 30 36 56 1.9249149737970075 39 1328 37 852 40 732
356 0.20057705360727623 2.4119764224067084 6.7819169153818555 98 97 100 1.8387686503635312 39 1324 37 901 40 1111
355 0.19785652293177527 2.4704763699957248 6.703910561775551 59 59 60 0.17284268765443064 39 1316 37 1097
354 0.1728062134796331 2.4892198409541519 6.8247029842732871 83 83 85 0.93944282256018341 39 1313 37 1099
353 1.5634472791888936 2.5412302941323843 6.3633942415379323 109 113 115 0.57003653551690925 39 1311 37 1105
351 0.39784110968181596 2.3828413652249587 7.0741528498782351 27 30 35 0.3729353911013561 39 1288 37 1212
350 1.8250844748543018 2.5904439271958162 6.4365570350472456 5 21 44 0.68176340168165306 39 1234 37 916 40 1355 38 567 36 621 43 439
349 1.1337357739898142 1.9588122588363561 6.3235705608845292 45 64 104 0.4528186071166968 39 1211 37 1217 40 1045
348 0.91375853371552263 2.0118114660272988 6.4802315920214397 15 34 77 1.3479693782509015 39 1198 37 1135 40 996 58 958
347 1.052075917369536 2.0185681266582507 6.5458439208357815 37 53 86 0.18865537383967773 39 1195 37 1177
346 0.78649991086102788 1.6326170121709647 6.5757360923481007 93 94 96 0.30610943069799934 39 1193 37 1139
345 0.80943389401673327 1.6562588816912767 6.627970139519614 36 36 38 0.76963225602558483 39 1189 37 1142
344 0.90900441806113508 1.6856117723980168 6.5074358150540244 55 54 59 0.59771161521826033 39 1187 37 1146 38 798 36 829
343 0.162999673760163 1.7378669966666285 7.1126979754885591 42 54 80 0.62848529140574305 39 1169 37 997
342 0.15483063649573944 1.6916560596579346 6.7117051023546166 106 100 100 0.10704998546520389 39 1163 37 994
341 0.89624435096058674 2.1484301722302659 6.4466354538106359 69 73 76 0.99930951664208834 39 1161 37 1033 38 872
340 0.8883013122804776 2.1878831831858849 6.4232585949460814 50 54 57 1.997615408002827 39 1155 37 680 38 879 36 887 43 471 58 782
339 1.3141203478394126 2.2880997697785106 6.3349002610851572 89 98 107 0.73872007557863695 39 1143 37 667 40 661 36 893
338 0.76197830381505427 2.0844522057863553 6.5016480292073293 143 147 150 0.59453187058186829 39 1126 37 1065
337 1.8906894743205986 4.590832797456045 7.3966230282596452 102 73 75 0.37144199428773078 39 1117 37 1008
336 0.63946365516286752 4.6629130780541734 7.8715879636132895 75 54 56 0.439623967594585 39 1116 37 1197
335 1.359647386326007 4.4923323608690291 7.4233516615832285 126 120 120 1.5383897214693687 39 1114 37 799
334 1.7140477639266227 4.6049914355910548 7.0937744484696301 79 30 40 0.34976162934334515 39 1113 37 1028 40 979
333 1.5667974034302206 4.3851325179366487 7.023790117168204 93 93 93 0.30833438091376797 39 1111 37 1194
332 1.3702506819996301 4.4855739075472947 7.1681814210371897 94 88 88 0.69635250379062918 39 1110 37 1063 38 767
331 1.3985388083782015 4.3946790729492298 7.0605860885198988 71 66 63 0.21947950358572807 39 1109 37 1205 40 1270
330 1.5969374316471545 4.5919136064198405 7.0509744808400781 106 103 100 1.0478419090728184 39 1108 37 792 40 376 57 352 58 463
329 1.621409949554468 4.6764951603053611 7.1417218108008109 80 48 56 0.55727239021308506 39 1107 37 603 38 755 57 259
328 1.7463992353818549 4.4416467038727916 7.2794584615476605 71 71 69 0.35301451036419196 39 1106 37 1206 40 811
327 1.6880608663415406 4.4540810233718 7.0714912349566914 113 112 108 1.0416296491901544 39 1105 37 895 40 817
326 0.74103899796621742 4.5181748003548181 7.5265203850871503 101 99 94 0.14323941843482474 39 1104 37 1017
325 1.6938262291752313 4.6365569376476241 7.1995225714393714 121 74 84 0.64583919195480555 39 1100 37 1027 40 981 36 993 38 756 43 761
324 0.95392569327749066 2.4311367307982117 6.5850747837316668 14 20 34 1.5538788397958356 39 1090 37 701
323 1.0052240009354518 4.4746004106294599 7.9528181520710071 78 64 64 0.2395216947637116 39 1089 37 949
322 0.74041242515686656 3.4961532297833076 7.1736906655670243 94 95 100 0.6253998501065805 39 1086 37 637 40 563
321 0.55265031784544894 2.7738771580503725 7.1186331167055306 87 87 85 0.50738724314785311 39 1076 37 692
320 1.6195950886782191 2.8738839974513137 6.4359433442243432 43 44 46 0.16779206748649225 39 1068 37 828 40 1224
319 0.56321115443725478 2.8390029332012432 7.245620664662348 91 91 84 0.64721643641722282 39 1067 37 1081
318 0.71333034901500691 2.9034719961182205 6.5810946701900788 106 82 82 0.071358242626109375 39 1061 37 1023
317 0.28254819869509495 2.8901217985173204 7.2912420499858417 82 84 81 0.49814004520248373 39 1057 37 833 40 916
316 0.69501297414687013 4.0062614102580048 7.5088677507508201 92 93 88 0.34778336715167102 39 1049 37 942 40 680 38 529
315 1.0407007254692191 2.5748734554156725 6.7232030473114488 51 27 35 1.5089530549610757 39 1043 37 703
314 1.3407112492748374 4.0764093693115928 6.9662517867060005 96 97 95 0.39117573307581333 39 1034 37 950
313 1.6550991714601024 2.7175197331327983 6.4012585680801761 99 105 110 1.3797292907942302 39 1028 37 866 40 1342 38 1042 36 747 43 742 36 1049 59 428
151 0.81433985281904786 1.9631827214961999 6.4575678306088182 138 147 150 0.46320809096461441 39 381 37 321 40 295 38 272 36 350 43 284
152 0.77255894677091219 1.6896386545810933 6.5808879730700651 123 124 126 0.80275805021447577 39 389 37 494 38 288 43 492 34 625 33 574 29 529
153 0.87227813989240188 2.1601196371563409 6.423218417283163 122 122 124 0.7292781243426999 39 394 37 467 40 373 38 304 36 292 43 198 34 264 29 742 33 612
154 1.0308790873697031 2.1943656470555668 6.4404421664858207 12 19 36 0.33136907233221213 39 395 37 561 40 342
155 0.66479750727640885 4.2530580800488078 7.6710406143388985 65 66 61 0.57720434550754562 39 398 37 495 40 537 38 310 36 309 43 220
156 0.81860154806927976 3.8261248775354852 7.3792313405560135 37 37 35 0.50336374274415596 39 402 37 587 40 392 36 407
157 1.4132492087124813 3.8749052334688248 6.8094074130920026 29 30 34 0.4974436460799086 39 405 37 454 40 308
158 1.5278682521218494 3.9071273469462553 6.9086916091235819 107 111 109 0.36622629149194896 39 407 37 581 40 506
159 1.5327972513546175 2.8985895558094641 6.4889106426648295 64 68 71 1.4933510582378215 39 410 37 631 38 585 36 908 43 525
160 1.4938954499281574 4.3943854901614241 7.0667902472829205 117 118 113 1.0340768389045185 39 414 37 461 40 398 38 418 36 551 34 427 35 266 43 312 33 524 29 780 30 856
161 0.69548979485471629 4.6277570715559184 7.8279932106329682 107 93 92 0.57926884816912894 39 415 37 612 40 522 38 415 36 423 43 416
162 1.0428989615516291 4.6731090377019608 8.0794098121934947 71 41 43 0.36188457449294897 39 416 37 462
163 0.62977918257615584 4.7779585379438618 7.8229777049161608 117 104 104 0.81236335237963475 39 417 37 378 40 320 38 326 36 246 43 295
164 1.0262866341454624 2.6011817696953847 6.6570214929919862 82 76 82 1.9369383570872769 39 420 37 398 40 439
165 1.5033047918434284 3.0640963201628977 6.4772192583096704 23 41 82 0.80105427221271608 39 426 37 390
166 0.75778874528959517 2.9309262403400593 6.5961435403200781 100 91 84 0.87894786327221208 39 427 37 470 40 407
167 0.60744821556594852 2.9082440041527176 6.989590387319021 52 53 47 0.25070291523940202 39 430 37 469 40 451
168 0.84734037862159284 3.2333446870747045 7.2558396657892956 89 91 85 0.47843687936156165 39 433 37 482 40 539
169 0.72196623290837658 3.1754019780754716 7.2521061017096109 84 84 82 0.2243911349565052 39 434 37 620 40 544
170 0.3912953697342374 2.8969355050902892 7.0605325787117632 56 59 64 0.96246878733108643 39 436 37 402 40 360
171 0.93581229183684689 3.3389934433971522 7.3890705638136254 31 32 27 0.64522535358947952 39 437 37 846 40 571
172 1.3633452536678554 3.5101218199534072 6.2332991516185583 104 106 110 0.0790836658533461 39 440 37 451
173 1.9382834674201863 3.5162510001896816 6.6542434715233929 140 147 148 0.78953625641556902 39 441 37 450
174 1.9173782099497205 2.8881264572419378 6.4241621108819542 113 117 126 0.79739464545560901 39 442 37 630 40 455 38 428 36 435 43 400 59 254
175 0.97156829088745367 4.4480604125759573 7.8627041956313191 126 117 118 0.095135558951199406 39 444 37 615 40 397
176 0.99498945055624755 4.3829066705837274 7.9818481223062614 93 94 91 0.64373254292022664 39 445 37 588 40 532
177 0.86626186295224394 3.3653258409367712 7.3410915880551517 25 29 28 0.64796041713521191 39 447 37 644 40 569
178 0.91969977349675414 2.2637129204227433 6.5172007830828029 52 61 64 0.46402840326191658 39 449 37 568
179 1.0269128248079642 2.6438504569148029 6.4341228709399729 32 36 39 1.8176235805094296 39 451 37 657
180 0.31093660418978358 2.5864045045072457 7.3277314056505185 21 25 34 0.40821326045146206 39 459 37 535 40 465
181 1.4824530779917526 2.4325902598219882 6.3867654003823979 24 28 35 0.2720066217681511 39 461 37 650 40 429
182 0.91892111310944902 2.3654647427574789 6.4255326771302723 21 27 41 1.508108660601106 39 467 37 513 40 578
183 1.3354794430340542 2.7915964622536946 6.4955131587902555 18 26 29 0.78361545163097601 39 471 37 837 40 612 38 948
184 0.67125324899219418 2.6640877623624042 6.7786787148256122 95 98 104 0.67054462992370156 39 479 37 530 40 463
185 0.305689186333367 2.6160451916770167 7.2470280297857643 39 43 52 0.87094748896542695 39 480 37 700
186 0.87495137272348578 2.0681763125342592 6.526750800302767 104 115 111 1.7275226454075221 39 512 37 741 40 490 38 358
187 0.88300488215616579 2.0387286390302299 6.4875093986276431 19 35 58 1.2657554565926854 39 514 37 558 40 496 36 468 38 500 43 355 34 345 58 766 57 511
188 1.0314328699311837 2.004046742933304 6.5329834026202276 12 26 53 0.50163183820877377 39 518 37 569 40 671 38 458 36 518
189 0.77155664021878978 1.9703870603747708 6.4761741167662725 34 36 35 0.75484839664628878 39 520 37 750 40 673 38 603 36 790 58 687 57 509
190 1.3903573440691999 3.9485661470778699 6.8833220371919932 104 106 105 0.19994794042108549 39 522 37 810
191 1.589601392259433 3.8359934026502289 6.9752850758776272 60 66 67 0.46135656742751019 39 524 37 765 40 688
192 0.93757246800971583 3.8841923738305155 7.605018097709201 61 62 56 0.59860582356048708 39 525 37 586
193 1.6071765564121898 3.80907689889627 7.073093559326824 110 116 112 0.91062279088544551 39 526 37 767 40 509
194 0.92649480028755493 4.2126665488010975 7.5907967598556789 88 88 89 0.42008361275340989 39 530 37 809
195 2.1728392134091847 3.5852567958849582 6.7979525001635315 145 146 138 0.56657146849271545 39 535 37 596
196 0.53950388325039633 3.5415648530939969 7.4348278322975645 100 101 93 0.57868174692409036 39 537 37 489 40 394
197 0.78705943296109293 4.4139681583904586 7.5381289837997576 121 120 120 0.7533909338382857 39 539 37 465 40 717
198 1.477083378890534 4.734186658583087 7.22299927098382 119 108 108 0.93028282173194865 39 541 37 602 40 702 38 542 36 403 43 423 34 309 35 269 33 210 29 283 30 251 32 303 31 252 42 274
199 1.7265273863411175 4.5636263022178332 7.1872292088331253 57 35 38 0.54476413948365365 39 543 37 605 40 503
200 2.010886462648569 4.6002372796596527 7.7289707419427343 149 145 138 1.2797379491171139 39 544 37 611 40 523 36 313 38 325
201 0.74149230210976214 4.5838981049059218 7.7657240543513986 44 46 41 0.71883382383376981 39 545 37 614 40 526 38 351 36 421 43 417
202 2.1084591345767136 3.4540606204887339 6.5699396802836612 122 130 133 0.58274263580961339 39 548 37 643 38 639 36 680 58 446 57 335 56 302
203 1.1328123419073619 4.4796379098998269 8.3564194576026658 143 132 126 0.30443863298302398 39 550 37 805 40 531
204 0.699835132265201 4.3928169842878368 7.774811877091242 122 122 120 2.2161141060344356 39 551 37 445 36 419 43 410 57 457
205 1.7333525794428053 4.2866910046083788 7.242595734022828 152 151 149 0.3513139002736354 39 552 37 616 40 722
206 0.96164247107207346 4.2304080956238153 7.6650492036228135 121 122 118 0.33242825188318514 39 555 37 580 40 511
207 0.047894946088926055 2.9626799045946286 7.658769251525305 42 46 54 0.64783050669882558 39 556 37 829 40 954 36 577
208 1.974148249533338 3.0452144002026134 6.4379147825610783 113 114 116 1.047372660017605 39 559 37 468 40 327 38 328 36 427 43 211 34 453
209 1.759934263410293 3.0035353163108924 6.5823616401735752 41 47 44 0.49293118171717482 39 563 37 819 40 741
210 1.7110988844175568 3.0080593098901804 6.4669258403229524 15 16 20 0.28371668905795322 39 564 37 624 40 555
211 2.042631423547157 3.0989686727386343 6.4490291244798739 78 78 83 1.0581096414455609 39 565 37 855 40 550 38 692 36 686 43 771 34 456
212 0.099546637334266275 2.9007785687192547 7.9495426395554851 140 140 139 0.91379024563356825 39 569 37 578 40 450
213 0.36125022448442323 2.8040258433679952 7.3635958156578667 28 32 35 1.243292096217786 39 571 37 520 40 1306
214 0.57927349767770753 3.4747073538073963 7.3072983638355291 94 94 86 0.45679171971454746 39 576 37 638 40 564
215 0.81462528335431272 3.4467957191748839 7.2472378650853591 83 84 89 0.46535070309896487 39 578 37 493
216 0.089629138028888083 3.2928543780983004 7.7399293215609033 110 111 105 0.46844657038783344 39 583 37 481
217 1.9638048477556596 3.1262692536921297 6.486257529275667 72 83 85 1.0150524407707511 39 589 37 619 40 548 38 433 58 456
218 1.2119021607499778 3.4539476630617258 6.5650497667491647 68 72 73 0.17866731323441379 39 594 37 983
219 1.0103265195111126 4.3394543019292149 7.9187399957522189 133 130 125 1.0095227321559255 39 597 37 953 40 675
220 1.6191751606181286 4.2396511094358225 7.1112345294478079 134 134 134 0.44650758626341541 39 602 37 804 40 535 38 554 36 674
221 1.5795604883885843 2.792325174541638 6.4151979998344286 86 91 92 0.70754367798652595 39 607 37 517 40 914 38 677 36 951 43 690 57 905
222 1.3593957383202482 2.4603755708792452 6.4695295805091346 12 15 32 1.2937111330795035 39 610 37 904 40 1264 36 849
223 1.3548347068510749 2.434771513722819 6.4535844196439269 91 93 106 0.44761322936624043 39 614 37 505 40 598 38 574 36 600 43 602
224 1.1461096156817512 2.2758953918511442 6.9070875533339366 47 49 54 2.387065419241079 39 622 37 1047
225 1.5548765262734383 2.7492750741242493 6.4563109408726858 85 85 93 1.0773774334335364 39 632 37 691 36 964
226 1.4470621002616371 2.7118281766859975 6.4691497298816261 81 81 83 0.84413472972261827 39 637 37 864 40 1076 38 903
227 0.16969463726747167 2.5534916021141654 7.2091031610950269 36 38 35 0.28696274736569938 39 646 37 705
228 1.4852133785267072 2.6141440722520444 6.3746348792753569 23 24 29 0.68310687726485209 39 648 37 918 38 1010 34 504
229 1.6195648733438817 2.560530883434057 6.3808251866984387 23 25 30 0.35603431292794374 39 651 37 704 40 583
230 1.3769719594424621 2.5201662138080079 6.551755592985935 16 19 26 0.77545360837316701 39 657 37 706 40 1279
231 0.98318872989617001 1.7816195695142865 6.5929578361196848 18 39 40 1.1366368237123643 39 667 37 714 40 976
232 1.0152732721722777 1.7596972664374815 6.5510293328049825 70 83 83 1.1912191550312168 39 670 37 717 40 833 58 316 38 443 36 274 57 422 56 548 60 430
233 0.41049372312742377 3.1541863435362516 7.2297697925761293 108 108 110 1.0184616097951467 39 684 37 910
234 1.5579581932582545 2.0284956144268351 6.1300083135966217 10 28 66 1.595632151560932 39 711 37 1056 40 475
235 0.74172149537866694 1.9362258667507257 6.5113278680617368 144 153 168 1.0643126776756791 39 713 37 575 38 392 36 395 43 317
236 0.92247419830522714 3.8485107484094763 7.4903521291653146 114 115 109 0.63794109471181193 39 717 37 937
237 0.6757027058019891 4.0548885964587207 7.5656929983699222 138 139 134 1.3491023866853002 39 720 37 811 57 902
238 1.3751341899150045 3.9455326492554721 6.753009440583269 53 54 55 0.35598529677448831 39 721 37 1230 40 892
239 1.5585974392338202 3.8895300236374433 6.9293852745990154 105 106 110 1.0076653084874585 39 723 37 776 57 451 58 568
240 1.4992613921088036 3.886763137552339 6.942331524837428 41 42 41 0.93009659945593737 39 724 37 943 40 684 57 551
241 1.5563339462294696 3.8578997903931613 6.9106256699506918 55 60 61 0.86666742258512031 39 727 37 939 40 674
242 1.3615209952269209 4.1069300936601989 7.0072549377300035 87 88 82 0.20185609053579903 39 732 37 808 40 504
243 1.7200876276658292 3.6653723422782933 6.6249299118454577 145 148 165 0.42441421910977795 39 736 37 771 40 913
244 1.6917707088122111 3.668865413618291 6.7111628728726522 44 48 59 0.21268053718139571 39 737 37 772 40 644
245 1.7986642465254161 3.6543675087887748 6.6670863740898429 148 149 149 0.71426330542901528 39 739 37 934 40 1305
246 0.60070048537297838 3.7330130220874671 7.4729268191500262 59 59 58 0.12818283781508777 37 594 40 426
247 0.85059250253855212 3.6504023176883673 7.2352461577254408 64 65 60 1.0188465876047907 39 742 37 780 40 748 36 535
248 1.5327001763578241 4.7355718803326816 7.1616442443811108 110 105 102 0.56164934230226649 39 748 37 791 40 1251 38 997
249 1.4007114451523357 4.5433949910064628 7.1292172064547268 95 91 90 0.79771312392631399 39 751 37 794 40 400
250 0.6333516193900377 4.6380871904096113 7.6995954812679459 123 116 111 0.64317210238937794 39 753 37 610 58 473 56 300
251 1.4142611516702299 4.4747592128751252 6.935520614829624 134 128 128 1.1335468142129328 39 754 37 662 40 708
252 1.9362459241066008 4.5823953083501525 7.6333537824202198 90 68 70 0.44513600527757202 39 755 37 797 40 709 36 425
253 1.9571619222987102 4.5734178568914015 7.6833771860249751 144 134 131 1.4098562069128748 39 758 37 1199
254 1.1741058041810042 3.5072584988385951 6.5860002646527596 25 29 30 1.0425878767532719 39 760 37 987
255 0.95165753757125338 4.5339909856624443 7.928834028410078 104 60 71 0.279680922341278 39 761 37 971 40 715
256 1.5464200528356209 4.3450728953476805 7.0587199899664217 121 121 121 0.34114861272026692 39 764 37 800 36 552
257 0.65667573975016669 4.4332217466718786 7.659930116433852 94 95 90 1.6349341169067639 39 765 37 659 40 528
553 1.8790052708852729 4.5888999478559773 7.4134140015732006 110 77 80 1.4033792895788584 40 791 38 1063 56 647 58 558
554 1.5251097701015741 4.6823590271420867 7.1435012863178358 92 92 86 0.37597343426280688 37 1026 38 1065 36 758
555 -0.10073372568860077 2.6145324811696886 7.5129352921348458 131 133 122 1.7670581907778766 37 1111 38 884
556 11.477990533113426 -1.8034357859629921 32.425259136735953 63 49 38 1.219682085264655 37 144 36 112
557 0.29501318560196998 2.8994584209143852 7.430070693353815 51 54 61 1.7719656459980431 38 140 36 136 43 85
558 0.37134520163773049 2.3190401253974264 7.0314959837837021 49 54 60 1.1171455508089523 38 118 36 139 43 111
559 1.6005429687427328 4.5114096345297217 7.0432200757474996 146 146 144 0.65726903341772958 38 133 36 151 43 95 59 64 60 80
560 6.997991908000242 -1.934741803065452 34.3085681491958 68 68 71 0.81247102388113923 36 192 34 105
561 0.61598888034562482 3.7251143988823903 7.4630345226906769 53 55 58 0.68463845334660955 38 180 39 318 36 201
562 0.87028967826165138 2.6192441066104113 5.7649984721483385 61 65 68 1.345996711395558 38 345 36 261 43 157
563 0.85143780864257268 2.6600721162859324 5.7495245696708288 119 120 122 1.0125952689150919 38 258 36 263 34 169
564 0.9339032864558301 1.6197480614245792 6.541846587685276 64 68 79 1.4309877718700821 37 729 38 234 36 275 58 228 56 366
565 0.72759169099707011 4.3729772079450511 7.6756273999775608 71 71 71 0.47578479403676782 38 411 36 420 43 217
566 0.83041865474517096 1.9373347606500924 6.4877618487718154 54 67 114 0.76515768649273885 37 753 36 513 34 289 35 243 42 251
567 1.5987083652117591 4.3227694336630034 7.0498728314345094 99 102 103 0.79976233753915571 37 373 36 553 43 310
568 1.5262513397914463 2.7027609774452133 6.4577015110141263 117 120 126 1.178955611655667 40 464 36 568 43 444
569 0.22858760430448652 2.8536619339959466 7.3618706276352537 82 86 87 1.2898691564178895 38 738 36 626 43 477
570 1.7220616936575792 4.6834590078102192 7.2856237762521321 99 36 53 0.32977309824801598 38 545 36 631 43 767
571 0.33912143043422682 2.1762143832035075 6.7768817768281036 95 99 107 2.1074819057377008 39 852 40 847 36 663
572 1.444195853701109 2.6673446854285938 6.4635342142015162 43 52 54 0.26821101541504327 38 958 39 484 36 722
574 -0.13956761540178272 2.8369783728869842 7.9098207688375162 157 161 172 0.74333465488710215 39 794 36 845
575 1.3681925680450755 2.3025889488184799 6.3899417980857507 101 103 117 1.0130217911300587 39 625 36 892 34 705
576 1.2368874679157842 2.6626344848041552 6.2339095942530562 111 120 127 0.032765773987741303 40 1138 36 963
577 1.8473631166867326 2.5868511117629214 6.4186701254758987 148 159 171 1.2072420145910978 38 566 40 1354 36 981 43 565
578 0.10365129718905931 4.4121127774920854 6.8181305390361038 136 136 134 0.08609209136675644 37 897 36 988
579 2.1001275794336451 3.302703651432938 6.5461490622519403 98 95 102 1.363306434685347 39 1329 36 1024 34 517
580 2.1301136217899743 3.055322791215306 6.7313485328874094 163 166 183 1.7452194021219496 38 907 40 1362 36 1036
581 1.3401799673974175 2.3971230125930187 6.4575672916227322 51 51 52 0.48317687351649569 37 1018 38 1052 39 891 40 1344 36 836 43 660
582 0.37673532079633626 1.8883548110660995 6.748123922456374 47 55 91 1.2192259280172513 38 6 36 5 43 4 35 1
583 0.72747874737492424 2.1391339225533428 6.4689443879829058 166 170 173 0.85740184014004051 38 31 36 33 43 19 34 25 58 48 56 36 33 12 27 16 42 12
584 0.20060856220934534 1.6036871691030428 7.0180223223543461 59 81 133 2.3794882346893407 38 59 36 70 43 38 35 18 34 23 42 16
585 1.7410290864158675 3.5708526892143007 6.6107974792801141 61 70 86 0.94511439368836092 38 131 36 129 43 91 34 132 59 61 60 49
586 1.3567539124631054 2.9446484487418587 6.2153622937038993 22 38 71 0.65482074564337855 38 91 36 132 43 89
587 0.070916279741355767 2.8388568335179856 7.3425244668580163 76 79 88 0.84848119439575209 38 97 36 137 43 80
588 0.14351057869828779 1.6794933223866593 6.754971833881557 171 171 168 0.44513111523439219 38 177 43 98
589 1.8357450655580971 4.5204896885209358 7.3559132333395425 169 159 158 1.5709074184956875 38 154 36 149 58 110 57 65
590 0.7710142502676236 2.2418700774119675 6.379358017739575 73 73 75 0.88820516846824549 38 206 36 213 43 187 34 197 58 145 57 157 56 179
591 1.2689919121987674 2.9270846480024986 6.3836834775375619 39 44 48 1.1953032357230402 38 188 36 264 43 90
593 0.42070396110452812 2.1037008568078521 6.8742243537405452 37 44 63 0.81620576936824796 38 226 36 295 43 288
594 0.16955038137979261 2.1971717777503916 7.2601144583839421 93 99 111 0.44402787596574905 38 273 36 351 43 273
595 0.72540865065714921 2.2305553789648367 6.3554040129326408 136 136 136 0.80615220305023394 38 473 36 362 34 484
596 0.38045838819337019 2.0625236611192737 6.8228915156785366 126 133 143 0.18899646595851718 38 386 36 400 43 286
597 1.1004117379086336 2.8239042120705546 6.5976110779634904 109 114 120 0.61931043975720845 38 342 36 432 43 179
598 0.15748907270071105 1.7110352263497561 6.9344052181888634 57 66 105 0.89491795279319086 38 377 36 498 43 154
599 0.14357794476625968 2.1683639946909157 7.2057575398980358 45 49 58 0.57073694110153361 38 396 36 511 43 390
600 1.7495481139704567 4.5375142067749445 7.265650779286231 177 166 165 0.59815484252223239 38 413 36 549 43 311 59 296 60 290
601 0.77368071585216402 2.2159109712825318 6.3687523665630827 67 68 68 0.26992521504788891 38 882 36 627 43 476 34 699
602 0.41086504673792129 2.1853642303144585 6.9462977989330454 93 95 105 0.69316467569187357 38 453 36 870 43 453
603 1.3635778111889691 2.3946380290063436 6.4461750834144045 27 28 31 1.2530098336531208 39 892 37 671 40 1131 38 836 36 477 43 678 43 683
604 0.85185790234540315 4.5159819025230785 7.5511422854850565 0 0 0 0.27474929205476883 36 17 38 10
605 1.5791745918898099 1.9000068225228379 6.2262681689532089 43 58 99 1.5517165744807886 36 45 43 20 35 14 33 13
607 1.5997065543547362 2.3245203799910543 6.4098266011675893 142 143 137 1.4846493941656067 38 21 43 32 36 20 34 33
608 1.7995010971824699 2.4893836485738539 6.5197644768005425 48 70 119 0.86308127213365682 36 65 38 60 56 46 58 58 59 17 60 19
610 1.1102969557464464 2.5866815524169979 6.509225926833393 35 35 43 0.71430216410220793 36 97 38 96 43 45
611 -1.941545500562186 1.4824176355143193 38.421094918656564 57 60 53 1.5559196288255848 36 100 38 100 43 48
612 -2.3651524299666886 3.3131247354353008 40.801910912717474 23 22 20 1.5787529918984908 36 113 38 106 43 49
613 2.0127716803725626 2.9639577989372277 6.4253341410237015 146 147 145 0.648599039272584 36 92 38 92 34 48 35 46 33 38
614 1.8965024307686589 2.6397513279103499 6.4255616533897371 145 146 147 0.89981960023596053 38 101 43 58 34 60 35 41
615 1.4273104516795101 2.2820654489281353 6.3880737467275743 115 115 121 0.95045104430397087 38 120 43 60 34 117 56 144 58 83 59 92 60 104 42 94
617 1.5594700475197247 2.5726287459816954 6.3787017282174299 142 148 146 0.18746849871874038 36 124 38 122 43 73
618 1.6837899361676272 3.0904719731100152 6.4403016416370775 88 90 101 1.6698348970148489 36 174 56 135 59 85 43 81
619 1.261881343968619 1.9087009373327919 6.4322386034337127 57 78 131 1.3292442184721995 38 171 43 103
620 1.0715293777003716 2.6546549429451112 6.4714167903386084 106 108 107 0.095398842389600128 36 258 38 213 43 105
621 1.3096084114983357 1.9371221377149992 6.3550760808089048 27 47 97 0.57282262718204924 36 189 43 110 58 149
622 1.2146975185132605 1.8949440466887544 6.5030590568154523 31 52 99 0.7129176097281239 36 411 43 113 38 279
623 1.0026546793089002 1.6317255706967149 6.56903811998819 160 161 166 0.51249981806804912 36 191 38 169 43 118 58 193
624 1.4263107143580021 2.8123995351589355 6.5987852988059181 97 98 105 0.31410136861995497 36 172 38 143 43 120
625 1.8687170506343633 2.5592607751035992 6.3909843210727351 142 147 153 1.1266816512764528 36 225 43 122 38 217
626 2.1020450149570515 2.9625306097867945 6.7513431199369984 70 77 113 0.43115666836578331 38 344 43 124 36 598
628 0.93846360826102959 1.5298412806212962 6.5525328270315528 167 166 170 1.8781460727128292 36 235 38 175 43 129 34 275 60 182
629 1.1395678204718687 2.6984493326760939 6.55291392663172 27 27 33 0.38591031513114654 36 259 38 212 43 131
630 0.75075151388168826 1.9830516137946437 6.4844454153354407 97 98 105 0.7986748136793661 36 215 38 227 43 143
631 1.130475448172543 1.9724409867810386 6.7493281932514808 59 78 120 1.0768144602768068 36 296 38 278 34 541
632 1.5874325976912171 1.8029737717902963 6.3877161879945277 150 150 147 1.6862579832818452 36 298 43 145 34 124 38 155
633 0.91859040424136673 1.8899455215223457 6.5488053895566845 26 33 49 1.3108188611112286 36 227 43 146 34 160 58 142 56 188 35 104 33 99 42 153
634 1.0433017931748567 1.6969427540411932 6.6109343678114927 69 69 76 0.54971719509957573 36 272 38 280 43 151 58 190 56 191
635 0.83079778092523171 1.6783408463550959 6.5613136139811443 47 49 52 0.80678604699339329 36 232 43 152 34 165 58 226 57 317 56 293 35 119 33 105 27 91 42 158
636 1.0425399412579843 1.6006777174298135 6.7251045434366832 51 53 57 1.0320675910655244 38 238 43 153 58 201 59 165 60 132
638 2.0381345060928462 3.5633621587551585 6.617680301861423 64 70 96 1.5231738557812151 36 204 38 149 43 168 58 80 56 105
639 1.018579964753376 2.6269268764939886 6.5628796497150583 24 26 31 0.87268647692342693 38 204 43 175 36 254
640 1.7238995721682115 2.8904191123643583 6.4908798189893613 36 37 46 1.4481326582684801 36 307 43 181 59 280
641 1.6932909631514153 2.9432462299969973 6.4712078200996741 119 120 124 0.95819178478866951 36 262 38 347 43 183 58 221 57 223 56 213 59 219 60 202
642 0.97797985158614975 1.9539148444476679 6.5358375784799021 57 76 118 0.59877734866751342 36 397 43 207 38 394 59 174 60 144
643 1.4301118466419764 1.8548645584745107 6.5296155886017742 143 145 156 1.5998018602915176 36 387 43 209 35 120 34 281 33 203 29 410 27 88
644 1.7814940791638716 3.2747038163773103 6.6455584603088216 28 31 46 1.2153052754128444 38 187 43 224 36 199
645 1.8869002699330095 2.5543210827782046 6.52333957269036 58 67 106 0.55044998236843745 36 280 38 291 43 225
646 1.6352546818428342 2.571339628140572 6.4262472837378954 36 36 44 0.35927178152883749 36 282 38 216 43 236
647 0.52570897249864634 1.9300378349318694 6.8071840903429619 20 31 53 0.96178989685198868 36 326 43 252 58 406 60 248 59 166
648 1.5134908496279291 2.4607880558889952 6.4248162256568744 39 38 46 0.30986969644170304 36 370 43 254 59 305 60 305
649 0.91089700829994547 1.5991784107042359 6.5480034185485572 162 165 170 1.458537975864886 38 439 43 277 56 551 60 422 58 709
650 1.3503242311662367 1.8500433847671716 6.4573391563354594 70 87 139 1.721043265854294 36 653 43 287
651 1.6402771078162011 1.7970337907705642 6.2964199857262155 64 71 123 0.66981724414943278 36 390 38 390 43 290 56 380
653 1.684375690304281 2.66260815380716 6.4856656159031427 59 70 76 0.40426023220487273 36 428 38 338 43 320
654 1.6776500519716182 2.6840926530922138 6.3687738941600731 44 44 52 0.45526392532923021 38 423 43 322
655 1.4125290689426706 2.1627100870501703 6.3108184966757852 40 46 72 0.7905930170168185 36 289 43 341 38 223 59 386 60 229
656 0.34485592576867918 2.2235484034746786 6.9344553122664294 81 82 87 1.7444525153976054 36 461 38 632 43 350
657 0.92778089482018489 2.0838851203312871 6.4471096983825076 28 42 68 1.3829260678438939 39 509 43 360 34 350 58 526
658 1.0803801360299712 2.1489645578858805 6.3928266709566719 30 43 77 0.40242287828756101 36 660 38 618 43 366
659 1.1476994760433006 1.8802569871062305 6.7184954075207397 140 144 147 0.25631519227324012 38 517 43 389 36 522
660 0.76462035066237521 1.8961002164065874 6.5286255475788764 65 87 126 1.1011665418823677 36 649 43 395 38 624
661 0.30018521204150228 2.1239859912371948 6.9328081717339725 81 85 88 1.4433377291686911 38 353 43 396 36 294
662 0.88337082685359125 2.0265461450872109 6.5321047376621477 93 107 146 1.1048222097553502 36 668 38 992 43 458
663 0.77865260595742414 1.8890468434194709 6.5972765657601151 29 39 57 0.90856551153577669 36 776 43 505 38 657
664 1.762964386385965 3.5081230319459955 6.7019628416267061 143 145 158 0.40002430635823821 38 1015 43 510 36 983
665 1.4942273897214293 2.3282207880524415 6.4051622739151695 75 78 82 0.45152372657743101 36 473 43 540 34 479 56 270
666 1.3309196576756885 2.3633951129273885 6.444377322164101 40 45 48 0.21680288351773694 36 607 43 543 38 467
667 1.1819096889341807 2.5978197048920522 6.6485938207930859 36 26 34 1.7485649165152906 38 752 43 552
668 1.5182033269653954 2.5058506411311763 6.4322652722258082 113 112 120 0.33948162367997675 36 630 38 855 43 554
669 1.8944646484246341 2.5744329604671905 6.4962259288935584 144 149 175 0.29961610029828478 38 857 43 558 59 321 58 486 60 331
670 2.1917812642978509 3.4370215345437698 6.6846364788753467 115 114 110 0.39652924695982472 36 1022 38 1018 43 581
672 0.8648045526286906 1.5112203303954084 6.7542809721309629 140 141 136 1.5759403875017437 36 809 43 613 34 376 35 291 33 390
674 0.35902659782671059 1.8112975873177033 6.8888900702313025 57 76 119 1.0792146416767772 36 827 38 817 43 621
675 0.94579168731777041 1.6763795309017973 6.6118023547732543 132 135 142 1.4341655358129834 36 798 43 623 38 380
676 0.92561933299888055 1.6435456630938541 6.5066520112857607 52 55 62 0.85661482621792873 37 1140 38 486 43 626
677 0.88888296106747078 2.1338632105343276 6.4598869116053717 84 87 85 0.20449155533627952 36 883 40 992 43 641 34 606
678 0.78016532042298659 2.1945292733000814 6.3731990067095801 123 126 131 1.0692731752433389 38 881 43 646 59 495 56 625
679 1.393059496643678 2.9379474888437405 6.428981836501233 96 99 109 1.6707004805970191 36 734 43 705
680 1.6081069069360951 2.602216393915131 6.3709634361232279 137 142 146 0.39556668047254567 38 728 40 805 43 714
681 2.0018960864911297 3.0578490731016883 6.4408987984481509 124 125 129 1.0215113683150925 36 687 43 769 58 606 57 490
682 1.5982621220468463 2.5912835989742682 6.3758723977173233 72 73 71 0.65032424696194802 36 283 37 409 39 363 40 350 43 319 38 230
683 1.893855774347226 2.8529445117368892 6.4713742018198381 42 49 67 0.20615480233447109 36 195 43 127
684 0.85896088685924277 1.5301474061724629 6.6965451014758672 80 81 76 0.56277764242359718 36 508 38 634 34 377
685 0.99985386617976058 2.6115298563352183 6.8414010393795452 57 42 61 1.4028463086830962 43 1 35 0
686 1.3725744882745321 1.7215495547301103 6.5464844446851318 158 157 155 1.2784025857521699 34 15 58 26 56 40 33 11 27 12
687 0.57532708797024534 1.5394614471570853 6.9160557991159228 162 161 159 1.6766016865360851 36 21 38 30 34 16 33 9
691 9.397105552030796 -4.0917880526281225 38.790181799307852 56 54 57 0.84112028114330994 36 55 34 42 38 50
693 0.78423754778908472 1.7422934088775128 6.5658095823113252 120 125 129 0.5604265346133197 43 97 34 103 35 67 42 74
694 1.2493208207170041 1.7982875479788563 6.4336087456602815 59 72 141 2.0535249593883478 38 157 35 73 33 88
695 0.29850322785601074 1.6187190076427314 7.1789718200875274 68 79 143 1.0638117685484687 36 236 38 239 43 106 34 168 33 143 42 78
696 0.70949508798375538 2.0763283646973454 6.5943453607099931 165 162 171 1.6056024060872172 36 352 38 357 34 254 33 175 35 146 29 501 27 258
697 0.68612968454390755 1.9914388975130024 6.5710642564401436 51 58 83 1.3036136309331412 36 670 34 343 38 759 35 303 33 365 29 372 27 259 30 387 32 282 31 273
698 0.94401486184908323 1.7589138119514027 6.505983539443049 88 97 104 0.62582770081214145 36 297 34 391 38 229 58 248 57 197 56 287
699 0.14067813633763568 4.3130562041930185 6.8342730554975235 132 131 129 0.43510758166492047 43 421 34 428
700 0.90547115245130194 2.7552686910980304 5.7446364497125959 118 122 123 0.87430878479038221 38 695 34 528
701 0.82764920428271216 1.8530148821858705 6.6322421648508243 56 59 73 1.5956537688677765 36 521 34 543 29 414 27 309
703 0.89771654756466823 2.0839323281566151 6.4536804271873294 116 121 135 1.4732776882597629 38 449 34 571 36 455 58 385 57 433 56 368 59 420
704 0.7326564851920726 2.0245003133342014 6.543821132851571 89 88 93 0.7269194312574514 36 471 34 579 58 648 56 373 59 519 35 305 33 371
705 0.80041328298281167 1.5289343483782878 6.7554023119865967 163 163 161 1.4676664465769254 38 813 34 593 35 521 33 635
706 0.80301984298992612 1.5139124500472945 6.8375485774476994 163 162 159 1.5482013445245906 38 860 34 611 29 865
707 0.2448254915562004 1.5851269677515947 7.2401694788287987 85 90 150 0.6366927588649548 36 503 34 612 35 473
708 0.51103051306849323 1.6937508932823941 7.08091828058636 154 165 180 1.1393272549786901 43 384 34 647 29 930
709 1.431106749440759 2.3476217926579697 6.3806564838570692 116 117 128 0.24253392105282193 36 831 34 701 38 832
710 1.7810217149513916 4.596269798155074 7.4863014756855693 123 125 124 1.1380026229947349 34 50 59 46 60 43
713 1.2721124327324744 2.0380631675416225 6.4583846618617358 45 62 101 0.62772467431940526 58 9 56 9
714 1.6218621232555996 1.9178676922547344 6.3595183963893742 40 52 83 0.48703002014951097 38 40 58 42 56 48
717 1.4735388516781791 2.1476199550612147 6.3564257677169307 80 83 90 1.1612032365091842 36 291 38 303 58 181 56 176
718 1.0863581044356745 1.6354073550617196 6.7402091487143672 58 57 55 0.67477438800724443 38 331 58 268 36 322
719 1.0818838124694881 1.7545626621094792 6.7466018088579984 125 123 122 0.74838344722606498 38 382 58 317 36 494
720 1.0282788346159082 1.9009554718784822 6.5993976427599632 11 26 69 0.25744708619705992 36 775 38 507 58 320
721 1.7295927121116048 1.7445216637747596 6.184592154333294 140 139 136 1.0621920442535799 38 511 58 426 56 277
722 0.96185975756249298 2.6731451658854741 5.8993513390556966 33 36 43 1.8987763842235852 36 904 58 491 59 366
723 1.5060581639288977 2.1698806294050383 6.3934238365895482 42 44 56 1.2635536052537395 38 1080 58 535 56 329
724 2.0532100762791026 2.8134350912604815 6.4644916664234415 128 136 144 1.676863919003696 43 411 58 582 56 313
725 1.5230390160354688 2.4296177208748042 6.4187950623673453 113 114 116 0.5345701211143602 36 833 58 618 57 775 39 886 56 608
727 0.9663687589136285 1.88015264377451 6.6044687833156166 63 72 85 0.69130259624311019 36 778 38 827 58 670
729 0.72785214820919297 2.2871481211656115 6.401145889213633 87 87 89 0.51637607874754143 36 614 58 783 57 437
731 1.5706770881003413 4.1666044975333909 7.0175879223021065 50 50 52 0.10289464174185967 39 1476 58 942
732 1.0046506041268786 1.8536085705922973 6.6256485766152347 102 109 129 1.0903215307182301 36 786 43 595 38 663 58 675 39 486 40 365 38 516 57 430
733 -26.404547030522203 -6.1050548782994056 45.214481234679013 19 22 26 1.4732624737179929 58 8 57 7 56 5
734 0.76177428267267699 3.5214772376161116 6.6207584677317426 133 134 126 0.53331844423095909 58 15 56 11
735 -10.404248003015939 -8.7586050216370026 57.829562154145755 127 129 128 1.2478624031088841 58 31 57 25 56 23
737 -12.774131817155881 -9.0201638819007766 59.331278938640367 61 65 77 1.8127966017903063 58 32 57 29 56 31
738 1.4948219224314165 2.9558380955173775 6.639481166633856 73 74 78 1.1461100446405557 58 49 57 33 56 42
739 1.4610306624641203 4.949210291847292 7.056531890375374 123 119 116 0.79785858340905791 58 78 57 50 56 72 59 19 60 47
740 -26.849753124105021 -4.2929435447159232 45.697403085429819 95 96 85 0.95294005092514544 58 64 57 54 56 61
741 1.9449181760105674 4.6570620476750086 7.6106203098702672 102 46 57 1.366466767345784 58 111 57 64 56 103
742 1.058045687330937 2.7254843337943515 6.4520098633027816 88 88 90 0.71742723114103824 58 57 57 71 56 56
743 -11.852563728611694 -6.6977817772904533 54.695933936038699 149 134 74 1.2781207224188911 58 61 57 83 56 52
744 -25.363817144183606 -4.7646501583531498 46.500028394649227 92 95 85 1.0442375572320171 58 65 57 86 56 62
745 2.0361588911987161 4.7615537085610748 7.5903382127968086 129 126 122 1.7999256400635033 58 112 57 93 56 102
746 1.6918780424615285 4.5275475123173443 7.1481597251872815 40 38 41 0.35814273666927637 58 118 57 94 56 141
747 0.70780697177509777 4.8638402261602751 7.6693103190314256 124 123 119 1.1159532592324168 58 108 57 95 56 73
748 2.1622498600983588 3.4992613555291037 6.7244628933424115 45 59 83 1.0593947349324178 58 168 57 98 56 163
749 2.1242306245595888 3.3935292283134202 6.5372345359383166 113 115 114 0.89794667828104913 58 170 57 99 56 162
750 1.2724756923124598 2.2860496727465076 6.3110265409289932 77 87 80 0.84086669464376107 58 88 57 101 56 133 59 54 60 59
751 1.6216717075411025 2.7272211718926682 6.3925013276125338 112 112 120 0.30351096397436278 58 175 57 142 56 159 60 114
752 1.7206448897404341 3.0260783133839477 6.5353478521886919 27 32 38 0.56286214534256829 58 222 57 162 56 232 59 218 60 314
753 1.6148158216686399 4.9481678348105538 7.0814119011141647 117 114 109 1.2553035365515923 57 163 56 142 60 77
754 0.64996803701808137 4.723290349596259 7.8341345997839058 76 38 49 0.39405042265963552 58 167 57 166 56 165
755 0.88795760750028019 4.4148685789425643 7.5867222638679923 101 103 100 0.88941131880183255 58 120 57 168 56 145
756 1.3582177085020322 2.2572944276060714 6.3504286161130281 27 29 54 0.58739729720173339 58 243 57 180 56 265
758 1.1962699004228026 2.9445645228882813 6.4691907196917295 78 80 86 0.29671969592695141 58 173 56 216
759 1.8186598841255759 4.5814121336819325 7.268661211612252 99 48 59 0.81079881847016788 58 162 57 204 56 246
760 1.6355440342540881 4.607759711173772 7.1423886004921933 134 126 129 0.11394939485167034 58 266 57 205 56 251
761 1.4640717489751447 4.7819024089028836 7.1738691355593982 80 48 57 0.43924259899486884 58 161 57 206 56 198 59 113 60 148
762 0.78179302377072046 4.6272239906975887 7.7392488426248551 104 104 102 0.49877858793168511 58 207 57 211 56 240
763 1.5717979746529851 4.1983073840661644 7.1143358486673147 51 51 52 0.45874872274395484 58 165 57 213 56 200
764 0.8214316762505719 4.3408301057137706 7.6262253940420131 33 33 32 0.32024355569574242 58 211 57 214 56 204
765 1.8894561469416382 2.8449789709960198 6.4427393197914462 24 34 46 0.8162960779488122 58 277 57 226 56 214 59 126 60 98
766 1.4174807956268778 2.3868046444522868 6.4082442533364308 36 38 43 0.24235505818134193 58 240 57 237 56 228
767 0.61402113733838659 4.7847151615301113 7.8076106911258041 115 107 106 0.86271779337955257 58 258 57 242 56 241
768 1.0091888606668764 1.6353932573797449 6.5436114879426839 147 146 151 0.42800673474609779 39 538 57 250 40 481
769 1.549867371012335 4.7172517907174258 7.1313596097800742 117 118 114 0.60563405381751434 58 205 57 258 56 249
770 2.0839578581599656 3.3226297974513108 6.4951253479159012 34 37 42 0.41136597201540853 58 198 57 270 56 307
771 1.2960516490604879 3.0847784689634716 6.4262403750783177 15 20 42 1.1361538180013322 58 279 56 231
772 1.3280812156062356 2.8610867201768353 6.5740402319892057 26 31 32 0.67699983601546632 58 219 57 280 56 221 59 132 60 213
773 1.1926803849315943 2.8608529243620717 6.5295990623373195 17 24 34 1.4497372976407401 58 217 57 282 56 158
774 1.35751817780955 2.3443663771747505 6.3409597426661986 16 19 28 0.87198355801749561 58 239 57 293 56 175
775 1.0927647728118561 2.110152921043452 6.4104539770925832 34 52 90 1.5064444651130804 58 146 57 297 56 180 59 102 60 86
776 1.4170266104514875 2.6388109173157166 6.4775308895270749 86 88 93 0.91236864109274307 58 306 57 303 60 298
777 1.9708072110015016 3.0363886076410278 6.433218223993558 109 109 109 0.4788930280161135 58 357 57 363 56 430 59 347 60 272
778 2.2276133215752432 3.2387142537008757 6.8067325204036537 135 140 139 0.15944578091586994 58 346 59 283
779 1.4943317473258997 4.2208647699811692 7.1736433501348875 118 119 115 0.83747002355054323 58 361 57 387
780 0.25704734327140538 1.6656661414509852 7.010884617600345 48 68 106 1.2063155453823859 58 421 57 413 56 361
781 2.1809127918972915 3.5194774923240097 6.863961401706101 141 139 139 0.26023696926107703 58 603 57 446 56 390
782 1.6074614082030587 4.2391443681808418 7.0807725476129662 122 122 122 0.16651136135870179 58 469 57 461 56 516
783 1.7056719000437179 4.2652376531614058 7.3000612809876246 50 52 47 0.26630341498716464 58 470 57 462 56 400
784 1.6290497940718405 4.4977396757753478 7.1029497935599393 123 125 122 0.5610383317994081 58 646 57 467
785 1.9216919195624054 2.8827843902806571 6.4168449312731752 103 107 110 0.37123598460715507 58 503 57 482 56 505 60 346
786 1.4824322918860797 3.5676840320214902 6.3103116754784958 80 84 87 0.64306039213653754 58 450 57 497 56 357
787 0.76639563495992269 2.1408193960835926 6.4619197597982225 149 151 155 1.499563346760822 58 383 57 534 60 264 59 175
788 1.6281284613463798 2.5226242178710181 6.4388813882538303 127 129 129 0.86142309213905666 58 634 57 608 60 508 59 676
789 1.5078621933852325 2.5524749596663012 6.380136948098782 102 103 105 0.65925589621805736 58 633 57 609 56 353 59 328 60 301
790 1.5540893532605013 2.5297117463497711 6.3866756817080086 89 90 94 0.47119360572814079 58 631 57 611 59 561
791 1.850470505655242 2.5889706600454074 6.4236546249730901 127 141 144 0.59777156365997086 58 485 57 631 56 568
792 1.8529221545185002 2.5554901534030496 6.4535017946630653 126 141 160 0.45914811405208239 58 645 57 635 56 491 59 549
793 1.8713878304050393 2.5477827503723174 6.4708034194200899 24 37 61 0.46086197388583922 58 835 57 636 56 696 59 550 60 523
794 1.6078501283896593 4.5759823572310276 7.1215594961294828 87 87 85 0.48870582670133716 58 866 57 642 56 644
795 1.7301027427185731 4.5698342801714755 7.2319149323113638 39 29 35 0.41444068575289644 58 464 57 643 56 523
796 0.94539107353152985 2.1640650588108015 6.4689546373283715 24 29 50 0.48912484034285814 58 370 57 693 60 363
797 1.0776361310777782 1.676982522645772 6.6206075251603052 104 106 111 1.2634655145860554 58 554 57 711 56 595
798 1.0683009888007964 1.7281212228607503 6.7007833881311454 86 92 88 0.2749468837501623 58 660 57 717 56 594
799 0.977697281916595 1.8082278617960177 6.5311444631477418 74 78 87 1.9309585191507388 37 1155 40 1030 58 677 57 719
800 1.6142025158933309 2.5795241368707296 6.3886578054393457 98 103 107 0.59589742863844297 58 886 57 738 56 572
801 1.3681332912691404 2.343268539560289 6.4141087749216759 80 82 94 1.5472316175783742 58 296 57 763 56 346 59 250
802 1.5047307822234808 3.6109271534532237 6.3486163308510291 69 74 78 0.58635330562276544 58 597 57 803 56 648
803 2.0079958838060041 2.7654410135884775 6.6859772075871584 129 136 129 1.2049976047777606 58 509 57 832 59 643
804 0.91381203201114758 4.5166684612646266 7.7682176051159422 49 30 34 0.94999895692065461 39 1465 57 873 40 713
805 1.5972735955125663 2.7490033358231978 6.371342526401313 81 84 91 1.2666463604088647 58 857 57 900 56 557
806 1.0696718754284893 3.8522494059321803 6.3472309849783128 67 68 63 0.86982594874107277 58 903 57 909 56 666
807 1.5204055808319779 2.4888009826313757 6.4111765930565987 94 95 99 0.67991490560352175 58 883 57 940 56 576 59 532
809 -1.6095096649717013 0.74422395395626262 20.165589769764054 26 26 28 0.87876609248919557 58 2 56 2
810 2.0983442581716076 4.9452718289390134 7.0847418791129106 127 126 124 1.3890495992270533 57 15 56 10
811 1.9412099161362155 3.3308286011472035 6.5521281361391992 39 46 63 2.8305626661954579 38 12 58 23 56 27
812 -30.418703631751903 -4.8335096375997724 45.231707069442848 117 118 120 0.78351760390713654 57 37 58 62 56 54
813 -9.975950324058104 -5.9498499509609619 52.304894486266598 99 97 96 0.65025911275103787 57 81 58 66 56 63
814 0.86688633466225773 1.9241961532425997 6.5586173350916832 31 48 83 1.6936569291205035 58 86 56 77 59 40 60 38
815 -7.7457395173940604 -5.2878292763752546 50.127096908409797 153 148 152 1.9494098573846712 38 109 57 158 56 90
816 1.6373227803338413 2.6294561898425037 6.4708631162114152 19 29 39 1.1503345975155697 58 101 56 114 59 51 60 116
817 1.8921074561219022 2.593655943371612 6.4081319063406532 125 125 131 0.4284258196957268 58 126 56 118 59 44 60 41
818 -6.9160775811449797 -7.4057649230596478 51.582745803260622 95 94 99 0.59786265673688754 38 185 57 119 56 125
819 1.5594329274303205 2.5743429434980123 6.384639297976249 119 120 125 0.3216368683063669 58 100 56 132 60 52 59 60
820 1.656712711192128 4.403361031468326 7.1611053684784913 113 116 121 0.79069644685766294 58 119 56 140
821 1.4887330681696518 2.4740367312241571 6.3863567684189899 30 30 38 0.49794233489133277 58 115 56 143 59 81 60 85
823 1.6501567883330657 4.2025728391951986 7.1419066356446246 114 115 119 1.1804543231698768 57 212 58 164 56 166
824 0.43443086752189847 1.6790606163736681 6.8106357793050156 33 49 96 1.6559697296419054 58 194 56 194 59 107 60 155
825 1.7546768107602801 4.5294557118750332 7.2770886794351552 127 127 127 0.077097289514745163 57 165 58 163 56 199
826 1.6050059087177215 3.8783209885152017 7.0109804923557153 96 99 103 1.4640854732471313 57 216 58 210 56 203
827 1.5646921354582575 3.1481538455441926 6.5597512367894764 31 34 39 0.034134688964902918 57 175 56 210
828 1.2564701918296795 3.0984915001660989 6.1555391928197958 41 41 49 1.2966898917260747 58 124 59 146 60 145
829 2.0606430086840652 2.902994024893498 6.7748025152327598 139 141 140 0.91000046329592355 58 278 56 212 59 223 60 307
831 1.9640107436524978 4.6190623880644957 7.7585175318066506 131 130 128 2.0340312370084397 57 468 56 218
832 1.5648859373416359 2.4623898272571481 6.4271834279463347 134 134 142 0.24390879934561827 58 225 56 226 60 156
833 2.1791575344537137 3.2927186090329381 6.6896614841403688 38 46 65 0.64152600205272448 58 329 56 235 59 436 60 357
834 0.86773272382440736 2.1684221476775165 6.4536388907787137 108 110 115 0.39386693435085102 58 249 56 260 59 161 60 168
835 1.1876286175688819 2.2703709419103162 6.3732630678712345 22 30 43 1.8411598960071156 57 288 56 271 60 525
836 0.82686510616697706 1.9460925662045874 6.5017013597517757 39 49 84 0.64595655959675891 57 680 56 279 60 394 59 396
837 0.73593562397758105 1.94918955680244 6.5346777744289657 128 143 166 0.60857197871497759 58 309 56 281 59 171 60 173
838 1.0949644831702605 1.6224601741420637 6.8167528886657349 142 142 141 1.2218459501122922 38 333 58 405 56 292 36 491
839 1.8710151916428945 2.7383693286497839 6.3959833368120123 23 35 55 0.37972157693776776 57 307 58 484 56 320 60 310 59 206
840 1.5782749246418202 2.4422620160659565 6.4981382255403792 38 36 44 0.35096186563047471 58 394 56 349 59 300 60 241
841 0.29991958045425676 1.688875794405065 7.0253115740689607 32 49 93 0.36599376735855088 58 312 56 362 59 200
842 1.5425077521014943 2.8137781203821186 6.4610188851864629 48 49 54 1.7409893991774985 57 279 58 482 56 416 59 367
843 1.9084357679225832 2.9994377320461507 6.4783360981273592 26 39 58 1.6253598296550589 57 844 58 794 56 428 59 612
844 1.3607670664100375 2.6174558421182668 6.5213306825608095 31 35 43 0.89227829832204386 57 402 56 447 59 512 60 556
846 1.8189659259682516 2.5861292580266553 6.4640491842863703 29 36 62 0.49841316659457274 58 308 56 492 59 548 60 546
847 0.96302350028552508 1.8919484620676923 6.5678545877941064 12 24 48 0.50773863935737451 38 508 58 681 56 545
848 1.8975693351162308 2.6632299467112106 6.3906331312755542 129 133 136 0.42147781283926067 57 487 58 481 56 558
849 2.0022438528953175 2.6636861999996087 6.5416872982171341 64 68 92 1.8780110610852068 58 845 56 564 59 646
850 1.0396867295987984 1.664791946992308 6.587467047825303 109 110 115 0.14754054698952118 58 715 56 596
851 0.99080611363709936 1.6664140291794889 6.5098150212401924 89 92 99 1.5936981438746458 57 706 56 598
852 1.2809305190635867 2.4012245707355877 6.0975657097448224 91 96 98 2.0542400435161201 58 745 56 609
853 1.0992628900939674 3.4588888694398245 6.3673161697384462 125 127 124 0.14163643053940048 58 824 56 674
855 0.99604318355212118 2.3677534442797077 6.3669997507629752 48 53 72 0.41638148109900869 36 15 38 13 56 25
858 1.8262036709696725 2.8237357811692618 6.3981482642885137 44 51 80 0.63998813404983734 58 54 59 32 60 18
859 1.9106628373888768 2.5315812789721677 6.6413287610090981 138 141 146 2.0753526279429648 43 135 59 82 60 117
860 1.5590512340671698 4.4009135291661243 7.0629475480453205 77 79 78 0.70941874336365529 56 167 59 115 60 106
861 1.7956005931356527 2.6915736442607177 6.4482010761799984 49 62 94 0.33801266237378264 58 174 59 121 60 113
862 1.8205340939657504 2.4153702647703854 6.5221080135137521 60 60 91 0.75485901007588863 58 116 59 123 60 71
863 1.7481919363060645 1.8366559617623708 6.1749437766733806 135 138 153 0.87738461866788298 43 202 59 203 60 206
864 1.0295527265755411 1.8116342092478048 6.6578166699543617 39 47 58 0.64559672198326035 43 499 59 234 60 431
865 1.1178758912018489 1.8972918527899525 6.7719149256353077 43 52 59 0.21550741765187556 43 388 59 239 60 391
866 1.5322360259789038 2.471309769215984 6.5482227318570443 113 114 116 0.36206739379167263 59 299 60 240
867 1.4744661362583324 3.1778359931644529 6.5451500986733464 40 52 76 0.63472859098147782 56 514 59 352 60 615
868 1.8242663058432365 2.4147928772889049 6.5884040163143469 62 61 76 0.89902244492809746 43 654 58 696 59 542
869 1.6160579904254628 2.5663263368637721 6.4106835612402602 29 33 45 0.87672078477241044 58 839 59 558 60 516
870 1.6060939204682765 2.5432009512056011 6.4094043132795058 129 131 137 0.76312646468187484 39 1308 37 912 43 717 59 559 58 888 56 451
871 1.7826701458882221 2.3860964107739853 6.5310372558606566 145 145 147 0.7371659578824622 43 265 34 564 59 302 36 608 58 754 60 242
872 1.4866626665202143 2.3886090764607175 6.3834965741744485 122 123 127 0.38498450674391238 36 241 38 219 43 161 59 167 58 179 57 182 56 174 60 216
873 1.1399421314669265 2.2189605736606133 6.6212468816073979 37 53 87 0.5434919407756722 59 3 60 3
874 2.0107771741367624 3.0289980595493979 6.5801138115975304 125 125 123 0.3914308195846305 58 53 59 21 60 17
875 2.0371790687974816 3.0767610002023789 6.3922524661272497 44 45 49 0.31560056962866917 58 273 59 118 60 109
876 1.1208503525375242 2.6875869687983647 6.0421562294900095 0 0 0 1.1733819340360259 43 404 59 287
877 1.6319477512591942 1.9590778519204575 6.2336658824821942 43 57 92 1.3023446525501374 43 257 59 245 60 226
878 0.91272265113224604 2.0904232520985602 6.4945812328408783 54 67 89 2.1683368012914541 56 339 59 384 60 263
879 1.4011271050375163 2.5927313785759063 6.4905061515496492 85 91 101 0.28825888921443799 58 304 59 228 60 294
880 2.0851456355833919 2.921288443179928 6.6076226650964411 67 73 109 0.32375852838757613 43 693 60 321
881 1.392544449812688 2.8388136009035199 6.6260129384542568 82 87 93 0.1609670850299034 43 515 59 325 60 385
882 1.0815908232083262 1.7634658128075484 6.723582471883141 134 143 152 0.51423869830168722 56 547 59 444 60 411
883 2.1776016795586339 3.1522000908085537 6.8545639834633345 84 92 111 0.42917315413085272 56 676 60 577
884 2.0560553996518616 3.4054508676844883 6.5265036976247757 43 48 72 0.37375211414438442 56 388 59 639 60 595
885 1.6206194342357609 3.0237513928178874 6.5023140981140948 80 83 90 0.26389408847061296 58 796 59 617 60 616
886 1.3449583679223815 2.1562668854757407 6.3123772006677914 26 34 67 0.80809049131495136 60 64 36 98 38 98 43 66 59 65
887 1.6082772748455132 2.6425642103310842 6.3954984594896054 25 30 39 1.500545348144172 38 912 58 644 60 410 58 216 56 217 59 317
889 0.82148528658237996 3.2517013194140478 6.8221187738722211 138 139 133 0.26440751519267508 35 11 33 5 29 15
890 2.003330100274757 3.3319237976838867 6.6096577238107335 59 78 133 0.83385020531424614 34 29 35 23 33 22
891 1.7694905370109311 2.5756116070885517 6.4914463805428486 59 67 88 0.5592424089283079 34 45 35 29 33 32 29 102
892 0.010000571859900692 2.8957983389542816 7.5998107572098332 78 82 107 1.214418591882916 34 57 35 32 33 41 29 70 27 29
893 1.8675856821163481 2.8569797277040343 6.4857823393367031 79 87 136 0.3835840671196355 35 44 33 34 34 72
894 1.9106450373371049 3.5285235246249593 6.6794754648746038 156 156 158 1.1812099648314327 34 104 35 50 33 64 29 107 32 118 30 114 31 117
895 0.6788001949326935 3.7443758566445977 7.3570801900958296 63 67 68 1.2194023735461361 34 49 35 54 33 30 29 49 30 15 32 20 31 21
896 0.46461164337054689 2.7439769917150696 7.0753954471228973 53 63 95 1.1408045472033528 34 70 35 59 33 58 29 144 32 130
897 -0.057169677315423474 2.4529289973577342 7.2403589000536019 122 123 125 0.93310247419169934 34 153 35 60 33 78 29 198 27 57
898 1.215445119939121 1.8715127337815471 6.6641849958969415 65 78 122 1.6725437104392087 34 163 35 68 33 87 29 205
899 2.0482132211374253 3.5680219205675061 6.6505162020684985 81 84 124 1.5661967843048614 34 76 35 71 33 75 29 180 30 260 32 188 31 185
900 -0.10184775026522787 2.3995686544908974 7.303763472113844 109 111 111 1.1488584083479552 34 195 35 79 33 119 29 224
901 0.64136106060431042 3.5313266591681085 7.2750255240756161 98 102 105 1.6178113427159218 35 95 33 73 30 161
902 0.66876132977069758 2.5443006313934071 7.1709038829548684 151 157 162 0.7986746073573231 34 115 35 99 33 108
903 0.55877627167335864 2.4018388377638762 7.1160751667631024 37 45 66 0.90289774004147672 34 87 35 102 33 81 29 149
904 1.8123466819879406 2.443817770834829 6.5325165533456593 63 71 94 0.79473408106614962 34 116 35 107 33 125 42 101
905 0.0014619381965840384 2.1575347597241419 6.968977833145459 39 44 55 0.6502401328945715 34 258 35 113 33 121 42 289
907 0.74595959722853811 1.6463927143405412 6.6936919919718685 130 131 138 0.73399245942412383 34 553 35 147 33 202
908 0.81619378831154055 1.9661932717506627 6.4777415048576321 144 154 179 0.5559496704139113 35 166 33 258 29 423 30 494 32 629
909 1.7437211226302154 2.6857467010762646 6.5111829211415824 151 156 159 1.0240851324315248 34 202 35 219 33 354
910 1.7915372278220967 2.7349361946171591 6.51185018240606 62 68 82 0.74502348018212405 34 327 35 220 33 179 29 330
911 0.044032631250995831 2.1982216564281174 6.9605757178891601 39 47 68 0.93056641943056961 34 600 35 374 33 269
912 1.5319646151139934 2.5721143908248765 6.4092243795089612 149 154 161 0.61961886616632977 34 200 35 375 33 259
913 0.60798803764938025 2.6989219597376999 7.1178689600096527 53 57 69 0.46526778823162379 34 721 35 402 33 452
914 0.4949610628046367 2.7709105066554369 7.0352729694305385 62 64 88 1.787987057513303 34 340 35 455 33 682
915 0.74826236665344315 1.6166221152610629 6.6204039464553279 158 162 165 0.62502168509294787 34 653 35 465 33 563
916 1.7404751857797434 1.796415825258977 6.2178675844796558 36 39 54 1.505283079327604 35 126 39 1178 38 431 36 391 27 251
917 0.062794132956596277 2.3960474805603074 7.2328538458915652 0 0 0 2.849053755812057 34 24 43 25
918 1.9330160466199182 4.1447137396396618 6.6811834110466828 143 142 138 2.6891287363252392 35 2 33 3
919 0.046183955268115744 2.4594273187299112 7.1569379873301813 56 70 96 0.18011876466727822 35 10 33 7
920 0.6702687516660234 2.5338467908431088 6.869285645985383 39 34 40 1.8002302424939705 34 43 35 25 33 20
921 0.9664792722795289 2.7462455602036493 6.5857720345144433 108 107 103 1.0131503589141726 35 33 33 27 29 66 32 62
922 1.7629591581379149 2.8116419801675869 6.5803492488796129 131 136 130 2.7871327911967492 35 30 33 33 29 129
923 1.3007716748763025 2.6946368271867414 6.6315188790267845 31 39 62 0.3467654438383953 35 31 33 36 29 64
924 0.66635567550767871 2.7504346132089683 6.8220566324190948 115 115 114 1.5150360519723518 35 34 33 40 29 67 30 53
925 0.72578767135428723 4.8962565322753138 7.7144626214632641 126 122 119 0.96567295439096001 35 27 33 43 29 109 30 112 32 114 31 88 42 52
926 1.2513863466016533 2.8018698744792205 6.5310428733338108 41 49 69 1.5691405362194899 35 69 33 47 29 194
927 1.2908812584481988 2.4574438483275451 6.5694579116716563 31 36 56 0.74099128946139381 35 63 33 49 29 150
928 0.86415905470635412 1.7700826991255147 6.5355712486169377 105 109 110 0.58466280487355482 35 66 33 56 27 50
929 0.88330736678068111 1.5827367273576742 6.6108269305566703 148 149 153 0.63413891043967519 34 69 33 57 42 54
930 0.59500701854513882 2.7124466068624189 6.9069689200351592 98 98 100 0.23474837869116216 35 72 33 61 29 103
931 0.75639496753516811 2.8370475969206921 6.6617640368932358 83 32 45 0.50785382493280007 35 49 33 63 29 105 30 74 32 121 31 128
932 1.2723192389771694 4.0836236129462007 7.1631606976611648 122 123 117 0.99749535432949243 33 72 29 108
933 1.207718265259351 3.6077502307201641 6.8524139419065841 79 80 84 1.1131689903996835 35 96 33 74 30 160 32 155 31 155
934 1.9444071602760047 3.2445587400970268 6.7395384704770729 141 143 137 0.46870146692955333 35 90 33 79 29 140
935 0.31365044142233617 2.2508366000446247 6.8441340668750916 101 104 109 0.15275444601718777 35 61 33 80 29 188
936 0.99028811434565889 2.1597946682193276 6.4907983304549175 34 48 74 0.42572111955788322 35 64 33 82 29 187
937 0.17660895088891226 1.7506772420191039 6.6739062989154183 29 40 68 1.1127002048776682 35 75 33 84 27 96
938 0.6191731988344501 1.7685875669341389 7.0586365056674278 55 68 124 0.30190606826005861 34 126 35 84 33 86 42 68
939 1.7433738124340568 2.6531148293635627 6.6599617615567981 142 145 146 1.5889850629548592 35 101 33 92 29 214
940 0.73665188429949691 1.8496683591430709 6.6542818432780892 27 30 49 0.49035833184090988 35 115 33 93 42 154
941 1.612283560320279 2.3441138742296244 6.5769900514648754 42 50 76 0.53948546793036267 33 95 27 123
942 0.7556324385553389 1.9987496173811243 6.503054909324046 113 112 117 0.79832365899838509 35 109 33 97 29 201 32 205 30 207 42 143
943 1.2594177760642991 2.2858411291526219 6.3251215237031975 104 109 113 0.70179034962320319 35 100 33 114 42 81
944 1.5783049374937106 4.8347160090552741 7.0142508702789428 131 126 120 0.90897697418599921 35 128 33 116 29 229 31 475
945 0.36963204305813641 2.7864368704860611 7.0319370263533933 137 138 140 1.5076701795503014 35 142 33 117 29 223 42 130
946 0.54856171459237879 2.0460074503769836 6.7748348331347126 69 83 122 0.14898368316220181 35 108 33 126 29 186
947 1.1338439620293048 2.2370089201236532 6.4923745607506795 34 46 76 0.35637350138769386 35 148 33 127 29 306
948 0.32994699984893811 2.0753793205825781 7.0094575346522161 71 77 89 0.34450509310925748 34 207 35 163 33 128 29 265
949 0.51995809770957691 2.1979297113796021 6.9178041333745011 139 139 140 0.97339352325024453 35 308 33 131 29 236
950 1.2392494105374956 2.0059608000274189 6.5275246232693567 29 36 51 1.0721413850534813 35 81 33 139 29 332
951 0.54466660584288884 1.7003220732224551 7.0922667410846012 135 139 144 1.6883948107954219 35 85 33 142 42 114
952 0.97157469198268875 1.628451898120423 6.5224143305421283 159 160 162 0.76418988768360852 35 173 33 147 42 160
953 -0.025283440256625482 2.1345324423607717 7.037703666666177 103 105 104 1.5486231045235925 35 112 33 151 29 349
954 1.5641611113570488 4.7203100655034822 7.1442124906318396 119 114 111 0.49483174002723224 35 179 33 152 29 282 30 250 32 235 31 232
955 0.60440656587868979 3.8517080530022163 7.4713909473793523 104 106 105 0.86336812618368164 35 134 33 157 29 270 32 296 31 286
956 0.56344725704956711 3.2754818046460432 7.136124520724195 29 30 33 1.0685954581356227 35 136 33 162 29 267
957 0.01223979374851383 2.9742673635640986 7.6009172060232313 67 73 88 0.37475853929913677 35 193 33 164 27 179
958 0.3227002771717013 2.6244332210821257 7.2532137668052057 44 48 51 0.48795451180248711 35 156 33 165 29 146 30 170
959 0.96185617984140914 2.703520066138041 6.6048421165841793 127 128 131 0.71219771156197831 35 143 33 166 29 226 27 183
960 0.29122632249831315 2.7580713924736502 7.3963185094673856 91 91 93 1.1283052220440448 35 145 33 169 29 227
961 0.87745888677858597 2.7511903802693958 6.6510516456519584 114 112 110 0.86417346525746941 35 125 33 170 29 295 30 227 32 232 31 229
962 0.36253825272194246 2.0927052991126178 6.9369923441531238 30 33 50 1.4817487939515788 35 161 33 177 29 257 31 253
963 0.13017349635958964 2.0251256882769577 7.2580238571569637 88 88 90 0.7512464191766165 35 106 33 191 27 104
964 1.1929038963556504 1.8680259440973841 6.5659410405621887 51 71 108 0.43762286062657424 35 202 33 198
965 1.0503918254843201 1.6295949964348968 6.6619965277769522 156 157 159 0.95561718625978165 35 247 33 204 29 535
966 -0.038678151539267035 3.0090143194516052 7.6321245528182002 132 134 134 0.76052108267077279 35 138 33 206 27 163
967 0.70609624127998027 4.6285246410800864 7.8321606912487587 104 106 103 0.79528157786242026 35 130 33 208 29 251
968 0.79954570884062781 4.6490311141987544 7.7788007827975498 113 103 105 0.78592685209496715 35 204 33 209 29 281 32 304 30 335
969 0.82829392581487138 4.5613478833645678 7.6778342807252287 81 56 60 1.2114879938457452 35 181 33 211 29 215 30 253
970 1.4190198198077475 4.6756351771347209 7.2476148211131282 74 66 64 1.6384697811580473 35 180 33 212 34 317 30 252 32 236 31 233 42 211
971 0.70815447285467337 4.3872052008783466 7.7353399368232054 70 74 71 1.0456774392261121 35 164 33 213 29 274 32 239 31 188
972 0.92136337078166775 3.0142111065338888 6.7773211983768729 139 139 134 1.3636724819982791 35 352 33 227 29 470 30 784
973 1.1786144750446113 2.8510415506080911 6.491029170980906 116 123 131 0.21459882032500832 35 283 33 228 29 460
974 0.22442264399624431 2.9508797129330766 7.5114744320108855 74 75 75 0.98581992391744566 35 295 33 230 29 290 27 349
975 0.19314748744543767 2.9518051165401458 7.5512492953516261 133 137 137 1.3882070084404059 35 187 33 231 27 200
976 0.16660432507403092 2.9206070762167773 7.5748701082104031 61 65 90 1.1800585436553324 35 159 33 232 27 199
977 0.55788531247436535 2.8150055247337082 6.96787243118772 48 49 47 1.2974050384647537 35 192 33 233 30 391 29 705 32 387 31 301
978 -0.11934993005062715 1.7063393810975362 6.6776685716173994 135 136 141 2.3151049896754667 35 165 33 249
979 0.017890064587302561 2.0997975978427537 6.8720921459573079 110 110 118 0.87229275455774491 35 205 33 264 42 321
980 1.3895648355984758 1.8611512409797666 6.5580070991347688 59 72 100 1.1613003881487185 35 528 33 280 29 301
981 0.54692027089148321 1.7683379590998438 7.0672232752459454 34 49 90 0.45064899785892631 34 619 33 287 29 398
982 0.93397191368454047 1.8035348678818812 6.4898832602874936 89 100 112 0.82310875991866539 34 283 35 340 33 292
983 0.12734126398483561 1.6771202041439492 7.0924068404350749 42 55 89 0.57658930641427431 35 236 33 294 42 157
984 1.3667805547223526 2.1822825942276927 6.3359382098112675 43 47 74 0.81118860629436718 35 484 33 298 29 377
985 -0.035982051225924364 2.7820856102112681 7.513314808208591 49 51 64 0.94281272820484963 34 493 35 525 33 301 29 465 27 348 30 417
986 2.0811181727184569 3.5884820002688937 6.59284588249474 146 144 150 0.48988250865841493 34 303 33 303 29 360
987 1.7363302903802427 3.6504486489698178 6.5935871832107775 137 139 136 0.83636200116238602 35 174 33 311 30 506
988 0.76966851350624887 4.6557414911901462 7.8353885978047728 51 51 49 0.20370326277100434 35 268 33 328 29 446
989 0.64538996959544048 2.622605710025967 7.089300205815384 51 55 58 0.34944507360868643 35 405 33 330 29 827
990 2.0217072987233342 3.1165639544854886 6.4478637915566797 93 94 89 1.5303336375898653 35 278 33 332 29 292
991 0.93717994990590725 2.7237101929061396 6.6721479488783588 31 35 38 0.70270400053176152 35 277 33 344 29 621 27 292
992 1.0777104604890355 2.8397236034440776 6.6091846197087722 108 108 108 1.694649127046191 35 282 33 348 29 247 32 530 31 328
993 0.63636489269863916 2.7541024311431395 6.8437818595657474 87 87 85 0.42212113339054275 35 281 33 353 29 315
994 1.5120248394090521 2.2977491196233699 6.3728178633180628 141 142 138 1.6823516060165755 35 491 33 364 42 294
995 0.897547005009671 2.7316151095026826 6.5982899353799835 80 82 81 1.2713141814462248 35 454 33 366 29 714 32 692 30 703 31 644
996 0.8583207610377882 2.0449581883982955 6.47961626067337 105 114 123 0.77676915256512646 34 609 35 306 33 369 27 409
997 0.89741035810134906 2.054137040712805 6.4455751353577488 33 47 74 1.7233165785455549 35 293 33 370 29 373
998 1.6221951746560126 2.0619910640335299 6.1761981219416366 142 148 149 0.70787651653907946 34 204 35 300 33 404 27 155
999 1.2937666070955778 1.9823591690294566 6.3253293022690631 60 79 122 0.89570273002444389 34 292 33 409 29 551
1000 1.0041624077260491 1.9226434041045737 6.5517220127098463 21 35 79 0.69408986976443243 35 321 33 411 29 555
1001 0.69528713839102319 2.9591939643545349 6.8323556055026033 78 76 79 0.30296174319796704 35 354 33 426 29 471
1002 0.65250956531835014 2.9515025182305936 6.849783007707348 109 109 107 0.74329062553152969 35 353 33 427 29 472 30 540
1003 0.65271161054789695 3.195072564310991 7.3026190740921884 96 96 96 1.2669477656328356 35 444 33 428 32 549
1004 0.64159211559692453 4.6491852776661986 7.7767135547787616 98 97 96 0.8072793357273772 35 271 33 444 29 1093
1005 0.72182441994745161 2.7104408308301911 6.8401104335863634 31 31 30 0.61905670991997619 34 433 35 390 33 470 29 619
1006 1.77003664162803 2.5651489730488288 6.5705648955904001 148 152 153 0.26395324501803635 35 466 33 495 29 764
1007 0.51575703920251359 2.7788208529517697 7.0332946779203915 87 91 101 0.4583511641036826 35 442 33 541 29 679
1008 0.75783397180653844 1.9304770568774241 6.6878193988561137 76 91 122 0.5917905018272579 35 476 33 569 29 1111
1009 0.79699030188865416 2.6648907646999849 5.8045528007865963 142 143 138 1.0426392383703369 35 564 33 702 29 1025
1010 1.294018633023047 2.6750411376016783 6.7342419765375805 38 43 47 1.2868445677053757 35 600 33 706 29 860
1011 0.50540715700202155 2.6805055896996359 6.9959830104969427 72 78 94 1.2525680981423288 35 554 33 737 29 736
1012 0.27003875433044078 1.8482089121030827 6.5572244406489224 49 62 107 0.27842391463876759 33 1 29 6
1013 1.4010630987788002 4.9450717023941735 7.2650748527061531 124 123 121 0.41859094594345475 29 139 42 90
1014 0.25983769203111062 2.2434027797878802 6.9432790071675221 40 43 50 1.8117824858955232 33 35 29 151 27 41
1015 0.90450309401098972 4.5107279841586756 8.451527663402123 137 138 133 0.55335028526935837 29 164 31 85
1016 0.52858968111310067 3.1181472453581671 7.1431890584510507 121 123 122 1.270328532591029 33 220 34 95 29 288
1017 0.29532221316146035 2.9788630479998739 7.4810686590267199 63 63 66 0.87241133820078365 33 229 34 436 29 291 30 265 31 240
1018 0.66975999640519812 4.5363051249334791 7.95016132584544 73 49 56 2.227432582174655 35 264 29 341 30 319
1019 1.9735629660633918 3.4885829896928509 6.6887536903954441 152 153 157 0.72218783595288161 33 235 29 347 31 239
1020 0.7475854632711012 2.9331341142296057 6.675536238475317 113 107 107 0.8398329374642427 33 667 29 354 32 317
1021 0.95975315648153825 2.9948556847755112 6.6601952748337352 117 117 117 0.11501308154034558 33 423 34 401 29 355
1022 0.82191581514794432 3.0787520484606006 6.7754888791717756 149 154 145 1.7045738116861164 33 738 29 358 30 786 31 385
1023 0.63170426691698056 1.7180525491964016 7.0952946492827058 159 160 156 0.96956225643151039 33 394 29 406 42 215
1024 0.76319196627570773 3.9738072971317804 7.5219414544363739 62 63 67 0.71813254461101783 33 523 29 439 30 510
1025 0.8220800164891009 4.4542397595097958 7.6389057596667289 134 136 133 0.72496998811405844 33 327 29 445 32 508
1026 0.90555401886134046 3.0218667357082376 6.6607308859763057 79 80 75 1.6812786780660005 33 429 29 450 32 392
1027 0.36120941073436902 2.7529656651495849 7.3422892164017526 101 103 102 0.6599272735163656 33 553 29 458 30 362
1028 0.99595554853013835 2.972103202894449 6.659853311025703 64 64 66 1.0990817228558882 33 418 29 467 30 729
1029 1.9209149922111912 2.9010185856885791 6.435219042268117 121 127 145 0.82962529695705978 34 333 29 474 42 194
1030 0.01453542777422962 2.9969586077825161 7.5583085595444333 156 159 165 1.2899959360193014 33 305 29 482 27 423 30 711
1031 0.35057917173634195 2.1630640972821964 6.9841683589896748 82 87 93 1.6825495059498408 34 589 29 490 31 742
1032 0.64633879788586923 2.079727748891377 6.6890326834391098 41 53 86 0.6772784301112873 33 245 29 498 27 314
1033 0.32793765188157686 2.2237436408575766 6.9073303650453131 138 140 145 1.8624050037951665 33 480 29 524 32 814
1034 1.2314296349237046 1.8246964093794926 6.6866001362077503 164 169 173 1.118982735891725 34 550 35 231 29 547
1035 1.3259975400053892 3.2613293543865072 6.8288516782829367 108 105 112 0.69104063487420031 35 289 29 585 32 702 31 590
1036 1.5398524986496718 2.8358135028492302 6.466651180735389 35 39 50 1.6715916668542574 35 399 29 622 32 757
1037 0.72383168598866998 2.8619575230624013 6.7194820119606753 79 48 58 1.3620191469743494 35 446 29 637 32 885
1038 0.26624285074985482 2.8676811748497362 7.4402529445989218 49 54 60 0.67162210508924869 33 545 29 638 31 610
1039 -0.027329924444614552 2.7470390972327339 7.507410237304498 117 118 123 0.68429720276136319 33 445 29 643 27 346
1040 0.30726786749339841 2.782737202146393 7.3712744376179913 103 104 106 0.61941460582926566 33 734 29 648 30 824
1041 0.68034467670710685 2.0276971309396825 6.585068861479404 125 130 149 2.0438305704451256 35 589 29 666 27 362 30 979
1042 0.50257221377188965 2.8299919355322443 7.0663346278313668 132 139 147 0.71779689176370121 33 546 29 689 32 863 31 708
1043 0.59445287434239913 2.6091250622270348 6.8699965381240151 31 34 39 0.26402193920539058 33 710 29 726
1044 1.3332850728421908 2.6249594913120826 6.7036402199474106 36 36 60 1.8923115933528176 33 382 29 796 30 582
1045 0.29167205138636482 3.0212075852937748 7.487545222019004 151 153 152 0.32060849791420792 33 550 29 821 27 420 30 544
1046 1.9941304942055971 3.6152700851242905 6.6379942414250994 150 156 156 0.82511714474213205 35 357 29 850 30 803 32 653 33 425
